trade_id,strategy,action,entry_price,exit_price,pnl,pnl_points,pnl_percent,duration_minutes,exit_reason,risk_pct,risk_reward,market_regime,volatility_regime,confidence,entry_data,exit_data
1,trend_following,BUY,12324.45,12334.45,750.0,10.0,0.08113952346757868,1200.0,STOP_LOSS,1.18125,2.5,TRENDING,LOW,0.8,"{'price': 12324.45, 'rsi': 43.310900840764404, 'macd': 4.136855675211336, 'atr_pct': 0.08673235490659476, 'bb_position': 0.07379462444543232, 'ema_distance': 0.01634662662902678, 'trend_strength': 0.428264318086477, 'hour': 13, 'day_of_week': 1}","{'price': 12301.0, 'rsi': 38.041455470570824, 'macd': -0.7940991241994197, 'atr_pct': 0.13079656706191028, 'bb_position': 0.006330596218815327, 'ema_distance': 0.035331118170588684, 'trend_strength': 0.34506237748282736, 'hour': 9, 'day_of_week': 2}"
2,trend_following,SELL,12312.8,12315.5,-202.50000000005457,-2.7000000000007276,-0.02192839971412455,45.0,STOP_LOSS,1.1166253101736971,2.5,TRENDING,LOW,0.8,"{'price': 12312.8, 'rsi': 59.67916656554653, 'macd': -7.400690140088045, 'atr_pct': 0.10253557273731612, 'bb_position': 1.017675868002596, 'ema_distance': 0.047164363345886015, 'trend_strength': 0.31080965339775896, 'hour': 14, 'day_of_week': 2}","{'price': 12348.8, 'rsi': 68.7672330109093, 'macd': -0.3355887744601205, 'atr_pct': 0.12048596971828338, 'bb_position': 1.3512712514144232, 'ema_distance': 0.025862619188453687, 'trend_strength': 0.23427065522888424, 'hour': 15, 'day_of_week': 2}"
3,trend_following,SELL,12308.9,12318.3,-704.9999999999727,-9.399999999999636,-0.07636750643842778,30.0,STOP_LOSS,1.1166253101736971,2.5,NEUTRAL,LOW,0.8,"{'price': 12308.9, 'rsi': 52.93689224375603, 'macd': -5.984624279130003, 'atr_pct': 0.10506335137293289, 'bb_position': 0.8696710440708534, 'ema_distance': 0.03247105472638547, 'trend_strength': 0.2892427532230818, 'hour': 14, 'day_of_week': 2}","{'price': 12348.8, 'rsi': 68.7672330109093, 'macd': -0.3355887744601205, 'atr_pct': 0.12048596971828338, 'bb_position': 1.3512712514144232, 'ema_distance': 0.025862619188453687, 'trend_strength': 0.23427065522888424, 'hour': 15, 'day_of_week': 2}"
4,trend_following,SELL,12038.7,12046.28608823594,-568.9566176954486,-7.5860882359393145,-0.06301418123168875,1125.0,STOP_LOSS,1.1267746701054162,2.5,TRENDING,LOW,0.8,"{'price': 12038.7, 'rsi': 63.07294061375302, 'macd': -12.105301276402315, 'atr_pct': 0.12973042889063485, 'bb_position': 1.085318703026616, 'ema_distance': 0.06609823788351375, 'trend_strength': 0.534373064103404, 'hour': 15, 'day_of_week': 0}","{'price': 12164.25, 'rsi': 83.87118086153392, 'macd': 17.729860132383692, 'atr_pct': 0.18734641029480373, 'bb_position': 1.1395637936823562, 'ema_distance': 0.23219293133829788, 'trend_strength': 0.4022562565528181, 'hour': 9, 'day_of_week': 1}"
5,trend_following,SELL,12031.5,12045.706241638452,-1065.4681228839308,-14.206241638452411,-0.11807539906455895,1110.0,STOP_LOSS,1.1267746701054162,2.5,TRENDING,LOW,0.8,"{'price': 12031.5, 'rsi': 52.42242878471324, 'macd': -10.133696139233507, 'atr_pct': 0.12416810633990298, 'bb_position': 0.8603023022000503, 'ema_distance': 0.04718483735559806, 'trend_strength': 0.5163144785554541, 'hour': 15, 'day_of_week': 0}","{'price': 12164.25, 'rsi': 83.87118086153392, 'macd': 17.729860132383692, 'atr_pct': 0.18734641029480373, 'bb_position': 1.1395637936823562, 'ema_distance': 0.23219293133829788, 'trend_strength': 0.4022562565528181, 'hour': 9, 'day_of_week': 1}"
6,trend_following,SELL,12162.3,12177.8,-1162.5,-15.5,-0.1274430000904434,1155.0,STOP_LOSS,1.183711214102516,2.5,TRENDING,LOW,0.8,"{'price': 12162.3, 'rsi': 49.88760441505192, 'macd': -6.667829009606066, 'atr_pct': 0.08480538807861744, 'bb_position': 0.8187723882706394, 'ema_distance': 0.04367152458987008, 'trend_strength': 0.48600130953389986, 'hour': 14, 'day_of_week': 3}","{'price': 12211.2, 'rsi': 68.61691829366944, 'macd': 10.748379395388838, 'atr_pct': 0.14992091569332092, 'bb_position': 0.9078168646659265, 'ema_distance': 0.12485799874229209, 'trend_strength': 0.33927435038114184, 'hour': 9, 'day_of_week': 4}"
7,trend_following,SELL,12174.75,12176.3,-116.24999999994543,-1.5499999999992724,-0.012731267582490583,1125.0,STOP_LOSS,1.1455269813895317,2.5,TRENDING,LOW,0.8,"{'price': 12174.75, 'rsi': 61.27682458272831, 'macd': -4.05278038621509, 'atr_pct': 0.09921001604608985, 'bb_position': 1.1728529217143124, 'ema_distance': 0.01625540864057523, 'trend_strength': 0.47663271144611985, 'hour': 15, 'day_of_week': 3}","{'price': 12211.2, 'rsi': 68.61691829366944, 'macd': 10.748379395388838, 'atr_pct': 0.14992091569332092, 'bb_position': 0.9078168646659265, 'ema_distance': 0.12485799874229209, 'trend_strength': 0.33927435038114184, 'hour': 9, 'day_of_week': 4}"
8,trend_following,SELL,12000.9,12002.413517762932,-113.51383221995093,-1.513517762932679,-0.012611702146777985,1125.0,STOP_LOSS,1.16063946281382,2.5,TRENDING,LOW,0.8,"{'price': 12000.9, 'rsi': 68.6713389138363, 'macd': -13.782026984736149, 'atr_pct': 0.1498697121525394, 'bb_position': 1.2823519738376257, 'ema_distance': 0.03184419972284822, 'trend_strength': 0.5274594611126759, 'hour': 15, 'day_of_week': 1}","{'price': 12074.3, 'rsi': 72.92519306433688, 'macd': 18.648961219096236, 'atr_pct': 0.25369704957755523, 'bb_position': 0.9569016131926747, 'ema_distance': 0.2603245864221739, 'trend_strength': 0.29597294537662494, 'hour': 9, 'day_of_week': 2}"
9,trend_following,BUY,12105.35,12101.914312194354,-257.6765854234509,-3.435687805646012,-0.02838156522236872,15.0,STOP_LOSS,1.1620002801359859,2.5,NEUTRAL,LOW,0.8,"{'price': 12105.35, 'rsi': 39.100815094253235, 'macd': 4.961712166277721, 'atr_pct': 0.11343862719494155, 'bb_position': -0.017181846609969964, 'ema_distance': 0.0014216013567107284, 'trend_strength': 0.2778286155322664, 'hour': 14, 'day_of_week': 3}","{'price': 12086.8, 'rsi': 30.79475715052493, 'macd': 1.5544009909554006, 'atr_pct': 0.12416142285090143, 'bb_position': -0.19779606354383505, 'ema_distance': 0.031731744310067915, 'trend_strength': 0.3076567302013538, 'hour': 14, 'day_of_week': 3}"
10,trend_following,BUY,11384.8,11375.65,-686.2499999999727,-9.149999999999636,-0.0803703183191592,15.0,STOP_LOSS,1.165101212697879,2.5,TRENDING,LOW,0.8,"{'price': 11384.8, 'rsi': 42.7143382086188, 'macd': 8.380823028770465, 'atr_pct': 0.12554333095756542, 'bb_position': 0.13936042188017586, 'ema_distance': 0.05396568857083267, 'trend_strength': 0.46141084597066645, 'hour': 14, 'day_of_week': 4}","{'price': 11369.05, 'rsi': 43.607394858389085, 'macd': 5.759941461978087, 'atr_pct': 0.12634552327842125, 'bb_position': -0.2132916405598414, 'ema_distance': 0.02437758740553686, 'trend_strength': 0.5100007206457662, 'hour': 15, 'day_of_week': 4}"
12,trend_following,BUY,14015.0,14025.0,750.0,10.0,0.07135212272565108,4080.0,STOP_LOSS,1.1734409956126872,2.5,TRENDING,LOW,0.8,"{'price': 14015.0, 'rsi': 47.952612382750296, 'macd': 8.710803311285417, 'atr_pct': 0.09869527547015655, 'bb_position': 0.09374637558652191, 'ema_distance': 0.04314757744792876, 'trend_strength': 0.6763891919605625, 'hour': 15, 'day_of_week': 4}","{'price': 14017.8, 'rsi': 44.400514469677645, 'macd': 11.500154882491188, 'atr_pct': 0.21154226361177228, 'bb_position': 0.23141242223814523, 'ema_distance': 0.05666352161454666, 'trend_strength': 0.388683453868808, 'hour': 11, 'day_of_week': 0}"
11,trend_following,BUY,13962.4,14311.46,26179.499999999964,349.0599999999995,2.4999999999999964,11535.0,TAKE_PROFIT,1.1734409956126872,2.5,TRENDING,LOW,0.8,"{'price': 13962.4, 'rsi': 43.98087263225514, 'macd': 8.381314486385236, 'atr_pct': 0.1475902628283308, 'bb_position': -0.014448123437316664, 'ema_distance': 0.03661309193479212, 'trend_strength': 0.5064275109664994, 'hour': 14, 'day_of_week': 3}","{'price': 14317.1, 'rsi': 65.82719067784805, 'macd': 22.775770368012672, 'atr_pct': 0.1453307084335747, 'bb_position': 1.0087064248289022, 'ema_distance': 0.1367006372904263, 'trend_strength': 0.3525090473674346, 'hour': 14, 'day_of_week': 4}"
13,trend_following,BUY,15139.55,15125.75,-1034.9999999999454,-13.799999999999272,-0.09115198272074977,15.0,STOP_LOSS,0.9161134472949959,2.5,TRENDING,NORMAL,0.8,"{'price': 15139.55, 'rsi': 37.27372430735036, 'macd': 7.8216185821802355, 'atr_pct': 0.17678389195376196, 'bb_position': -0.20535896696685454, 'ema_distance': 0.010374774239159357, 'trend_strength': 0.35920824145557545, 'hour': 13, 'day_of_week': 4}","{'price': 15116.6, 'rsi': 28.56178490612386, 'macd': 0.9534815400020307, 'atr_pct': 0.19602386024068166, 'bb_position': -0.21984472333745966, 'ema_distance': 0.0459537811130337, 'trend_strength': 0.42058930107292625, 'hour': 14, 'day_of_week': 4}"
15,trend_following,SELL,14781.8,14793.8,-900.0,-12.0,-0.08118091166163796,15.0,STOP_LOSS,0.9239003042274927,2.5,TRENDING,NORMAL,0.8,"{'price': 14781.8, 'rsi': 60.903034275526295, 'macd': -6.520799991179956, 'atr_pct': 0.2887237780823127, 'bb_position': 0.960669291698448, 'ema_distance': 0.004920458034168457, 'trend_strength': 0.48020092673298737, 'hour': 9, 'day_of_week': 2}","{'price': 14820.45, 'rsi': 58.02102335816594, 'macd': -0.011773471591368434, 'atr_pct': 0.2793437446231374, 'bb_position': 1.1624645930115836, 'ema_distance': 0.05001730780321913, 'trend_strength': 0.48183104450861597, 'hour': 10, 'day_of_week': 2}"
14,trend_following,SELL,14846.5,14836.5,750.0,10.0,0.06735594247802512,2835.0,STOP_LOSS,0.9239003042274927,2.5,TRENDING,NORMAL,0.8,"{'price': 14846.5, 'rsi': 64.26912141140173, 'macd': -28.533635509358646, 'atr_pct': 0.3782276727078539, 'bb_position': 1.0282705658955438, 'ema_distance': 0.06602803089106697, 'trend_strength': 0.6114213813718448, 'hour': 10, 'day_of_week': 1}","{'price': 15141.3, 'rsi': 97.85194036475292, 'macd': 69.4395056356152, 'atr_pct': 0.19006671440742476, 'bb_position': 1.0701283473859846, 'ema_distance': 0.5523555996773211, 'trend_strength': 0.25, 'hour': 9, 'day_of_week': 3}"
16,trend_following,BUY,14634.75,14625.65,-682.5000000000273,-9.100000000000364,-0.06218076837664028,15.0,STOP_LOSS,0.9250398303350514,2.5,TRENDING,NORMAL,0.8,"{'price': 14634.75, 'rsi': 33.116840168208356, 'macd': 9.834615103824035, 'atr_pct': 0.30516895939947236, 'bb_position': -0.005539143974547785, 'ema_distance': 0.024764997965460053, 'trend_strength': 0.3483732756711192, 'hour': 12, 'day_of_week': 0}","{'price': 14617.05, 'rsi': 31.399138582288685, 'macd': 3.983077678434711, 'atr_pct': 0.31215991892051753, 'bb_position': -0.04090535350836794, 'ema_distance': 0.02387478601150908, 'trend_strength': 0.39201584813038026, 'hour': 12, 'day_of_week': 0}"
17,trend_following,BUY,14841.9,14851.9,750.0,10.0,0.06737681833188473,1215.0,STOP_LOSS,0.930260366209093,2.5,TRENDING,NORMAL,0.8,"{'price': 14841.9, 'rsi': 33.66193330086776, 'macd': 10.786630923512348, 'atr_pct': 0.23013996090219518, 'bb_position': -0.2574926092137156, 'ema_distance': 0.0027927152443588863, 'trend_strength': 0.36524062257300294, 'hour': 14, 'day_of_week': 3}","{'price': 14846.35, 'rsi': 33.492984327399256, 'macd': -7.925033346955388, 'atr_pct': 0.291100891080011, 'bb_position': 0.18241135158784322, 'ema_distance': 0.08051316002372486, 'trend_strength': 0.8009844837275297, 'hour': 11, 'day_of_week': 4}"
18,trend_following,SELL,14302.8,14304.807531384244,-150.56485381833227,-2.0075313842444302,-0.014035932714184848,15.0,STOP_LOSS,0.9245266959242888,2.5,TRENDING,NORMAL,0.8,"{'price': 14302.8, 'rsi': 51.46286214903055, 'macd': -9.725002186572965, 'atr_pct': 0.2638594241287386, 'bb_position': 0.7600044719974204, 'ema_distance': 0.042057216073518026, 'trend_strength': 0.6575436505766872, 'hour': 11, 'day_of_week': 3}","{'price': 14317.15, 'rsi': 54.45150726406287, 'macd': -5.371882529592767, 'atr_pct': 0.26863387116649484, 'bb_position': 0.8764786063626406, 'ema_distance': 0.003172320660795231, 'trend_strength': 0.7105060112465438, 'hour': 11, 'day_of_week': 3}"
19,trend_following,SELL,14662.95,14652.95,750.0,10.0,0.06819910045386501,1215.0,STOP_LOSS,0.9256720709279239,2.5,TRENDING,NORMAL,0.8,"{'price': 14662.95, 'rsi': 70.29584518341646, 'macd': -18.358222369161012, 'atr_pct': 0.23406905548629922, 'bb_position': 1.3313279981957677, 'ema_distance': 0.023132836691295934, 'trend_strength': 0.5710323223983941, 'hour': 14, 'day_of_week': 0}","{'price': 14660.65, 'rsi': 66.47305196881854, 'macd': 10.254264563556717, 'atr_pct': 0.27162116667015834, 'bb_position': 0.7635693752400898, 'ema_distance': 0.11133720768383076, 'trend_strength': 0.14570463119550167, 'hour': 10, 'day_of_week': 1}"
21,trend_following,SELL,15557.75,15558.85,-82.50000000002728,-1.1000000000003638,-0.007070431135609994,15.0,STOP_LOSS,0.919994648583942,2.5,TRENDING,LOW,0.8,"{'price': 15557.75, 'rsi': 66.51927678715124, 'macd': -5.803858516021137, 'atr_pct': 0.1336036013286901, 'bb_position': 1.336343123016552, 'ema_distance': 0.0023107113820921075, 'trend_strength': 0.5757511314151641, 'hour': 14, 'day_of_week': 2}","{'price': 15572.95, 'rsi': 73.4833931536017, 'macd': -0.1027278306446533, 'atr_pct': 0.1385185759373052, 'bb_position': 1.2339582376846805, 'ema_distance': 0.04254556115858574, 'trend_strength': 0.5261639601195287, 'hour': 15, 'day_of_week': 2}"
20,trend_following,BUY,15293.35,15675.683749999998,28675.031249999847,382.33374999999796,2.4999999999999867,10125.0,TAKE_PROFIT,0.919994648583942,2.5,NEUTRAL,LOW,0.8,"{'price': 15293.35, 'rsi': 39.731229044199424, 'macd': 7.112849778650343, 'atr_pct': 0.12851057112124897, 'bb_position': 0.05634736034853741, 'ema_distance': 0.013653463251951383, 'trend_strength': 0.2530625781338873, 'hour': 14, 'day_of_week': 3}","{'price': 15695.35, 'rsi': 65.9534214163235, 'macd': 23.79943569223542, 'atr_pct': 0.11966692591845933, 'bb_position': 1.1815379262734098, 'ema_distance': 0.1302862113500138, 'trend_strength': 0.5216201692339796, 'hour': 15, 'day_of_week': 3}"
22,trend_following,BUY,15831.2,15841.2,750.0,10.0,0.06316640557885694,60.0,STOP_LOSS,0.7456461658835446,2.5,NEUTRAL,NORMAL,0.8,"{'price': 15831.2, 'rsi': 44.392729882441806, 'macd': 11.974568860499858, 'atr_pct': 0.1639845007688249, 'bb_position': 0.08873749538427533, 'ema_distance': 0.04785497599977518, 'trend_strength': 0.2995558665913371, 'hour': 10, 'day_of_week': 0}","{'price': 15840.95, 'rsi': 44.16106568121396, 'macd': 4.7829610615553975, 'atr_pct': 0.16861813392324373, 'bb_position': 0.28440874411305184, 'ema_distance': 0.0013799021386338983, 'trend_strength': 0.30432584417112307, 'hour': 11, 'day_of_week': 0}"
23,trend_following,BUY,15834.1,15844.1,750.0,10.0,0.06315483671316968,45.0,STOP_LOSS,0.7456461658835446,2.5,TRENDING,NORMAL,0.8,"{'price': 15834.1, 'rsi': 42.86641807532871, 'macd': 9.304014132987504, 'atr_pct': 0.16600699936033173, 'bb_position': 0.13759693087854738, 'ema_distance': 0.02771912147117436, 'trend_strength': 0.30992490987441296, 'hour': 10, 'day_of_week': 0}","{'price': 15840.95, 'rsi': 44.16106568121396, 'macd': 4.7829610615553975, 'atr_pct': 0.16861813392324373, 'bb_position': 0.28440874411305184, 'ema_distance': 0.0013799021386338983, 'trend_strength': 0.30432584417112307, 'hour': 11, 'day_of_week': 0}"
24,trend_following,SELL,15792.9,15812.55,-1473.7499999999727,-19.649999999999636,-0.12442300020895235,45.0,STOP_LOSS,0.9671808150876093,2.5,TRENDING,NORMAL,0.8,"{'price': 15792.9, 'rsi': 57.494315591773784, 'macd': -5.324009854646647, 'atr_pct': 0.15345955641911305, 'bb_position': 0.9013384627795111, 'ema_distance': 0.0065217893298581495, 'trend_strength': 0.4812230594075551, 'hour': 9, 'day_of_week': 2}","{'price': 15824.5, 'rsi': 59.78833203029536, 'macd': 4.198224800158641, 'atr_pct': 0.15626763201725863, 'bb_position': 1.0429089484743819, 'ema_distance': 0.06169805033303679, 'trend_strength': 0.3486846821533387, 'hour': 10, 'day_of_week': 2}"
26,trend_following,SELL,15705.25,15695.25,750.0,10.0,0.0636729755973321,45.0,STOP_LOSS,0.7455164578695813,2.5,TRENDING,LOW,0.8,"{'price': 15705.25, 'rsi': 64.45083428282544, 'macd': -5.567711022207732, 'atr_pct': 0.11079097753935885, 'bb_position': 1.0644171065252326, 'ema_distance': 0.006053186641489873, 'trend_strength': 0.68276728759257, 'hour': 12, 'day_of_week': 4}","{'price': 15704.0, 'rsi': 59.48736569471752, 'macd': -1.037241227897539, 'atr_pct': 0.09995178662397287, 'bb_position': 0.9266034791409703, 'ema_distance': 0.021001075764274495, 'trend_strength': 0.646448759726071, 'hour': 13, 'day_of_week': 4}"
25,trend_following,SELL,15689.05,15679.05,750.0,10.0,0.06373872222983547,90.0,STOP_LOSS,1.1008793027874875,2.5,TRENDING,LOW,0.8,"{'price': 15689.05, 'rsi': 54.6521695317493, 'macd': -8.379908901380986, 'atr_pct': 0.12340271900283635, 'bb_position': 0.7515715664618279, 'ema_distance': 0.02756467588587919, 'trend_strength': 0.7038071948183737, 'hour': 12, 'day_of_week': 4}","{'price': 15686.65, 'rsi': 63.97574782644745, 'macd': -1.801935270363174, 'atr_pct': 0.10734787678877161, 'bb_position': 0.6257612683966898, 'ema_distance': 0.0070448246920093134, 'trend_strength': 0.6450072032483359, 'hour': 14, 'day_of_week': 4}"
27,trend_following,BUY,15860.1,15839.788316485054,-1523.376263621003,-20.311683514946708,-0.12806781492516886,45.0,STOP_LOSS,0.9995769423430861,2.5,TRENDING,LOW,0.8,"{'price': 15860.1, 'rsi': 45.46571850446174, 'macd': 15.523958177971508, 'atr_pct': 0.11761320186235442, 'bb_position': 0.13470007005687784, 'ema_distance': 0.06493782705585234, 'trend_strength': 0.44702070967174257, 'hour': 14, 'day_of_week': 1}","{'price': 15806.5, 'rsi': 23.51013029980895, 'macd': 2.7124726446909335, 'atr_pct': 0.15086469851914464, 'bb_position': -0.2514005111922615, 'ema_distance': 0.03238425530812417, 'trend_strength': 0.46127553547330197, 'hour': 15, 'day_of_week': 1}"
28,trend_following,BUY,15847.9,15857.9,750.0,10.0,0.06309984288139123,30.0,STOP_LOSS,1.1983102497704692,2.5,TRENDING,LOW,0.8,"{'price': 15847.9, 'rsi': 35.53430125247711, 'macd': 11.368074654619704, 'atr_pct': 0.12752928959492557, 'bb_position': -0.007872898574630194, 'ema_distance': 0.03228607279350517, 'trend_strength': 0.4382457414336774, 'hour': 14, 'day_of_week': 1}","{'price': 15806.5, 'rsi': 23.51013029980895, 'macd': 2.7124726446909335, 'atr_pct': 0.15086469851914464, 'bb_position': -0.2514005111922615, 'ema_distance': 0.03238425530812417, 'trend_strength': 0.46127553547330197, 'hour': 15, 'day_of_week': 1}"
30,trend_following,BUY,15830.35,15840.35,750.0,10.0,0.06316979725653571,60.0,STOP_LOSS,0.8507622814993523,2.5,NEUTRAL,LOW,0.8,"{'price': 15830.35, 'rsi': 50.97920664178276, 'macd': 2.194925551140841, 'atr_pct': 0.12717433826253047, 'bb_position': 0.26920723384626266, 'ema_distance': 0.004214305489599464, 'trend_strength': 0.29053530479540024, 'hour': 10, 'day_of_week': 3}","{'price': 15819.95, 'rsi': 42.16173674644004, 'macd': -2.6911324380216683, 'atr_pct': 0.11955970603121711, 'bb_position': 0.14260666376583067, 'ema_distance': 0.03032627005761146, 'trend_strength': 0.3766836534730127, 'hour': 11, 'day_of_week': 3}"
29,trend_following,BUY,15831.9,15813.15,-1406.25,-18.75,-0.11843177382373563,90.0,STOP_LOSS,0.9274298126809408,2.5,NEUTRAL,LOW,0.8,"{'price': 15831.9, 'rsi': 52.44655727052958, 'macd': 4.406705444271211, 'atr_pct': 0.1255602386862671, 'bb_position': 0.28737548271165625, 'ema_distance': 0.02292718936897146, 'trend_strength': 0.29707913961537946, 'hour': 10, 'day_of_week': 3}","{'price': 15806.75, 'rsi': 38.39779988846492, 'macd': -5.239427949743913, 'atr_pct': 0.11993068060887091, 'bb_position': 0.023996069961885108, 'ema_distance': 0.04970492738707642, 'trend_strength': 0.4099553489641609, 'hour': 11, 'day_of_week': 3}"
31,trend_following,BUY,15923.45,15904.163045400019,-1446.5215949986487,-19.286954599981982,-0.12112296393044208,45.0,STOP_LOSS,0.9581359749481007,2.5,TRENDING,LOW,0.8,"{'price': 15923.45, 'rsi': 44.970022061470694, 'macd': 6.515552380516965, 'atr_pct': 0.1253990632862662, 'bb_position': 0.2543655049613127, 'ema_distance': 0.01712212556612088, 'trend_strength': 0.5427238763320567, 'hour': 11, 'day_of_week': 4}","{'price': 15899.55, 'rsi': 42.22605413764824, 'macd': -0.09822984922357136, 'atr_pct': 0.12772149436394536, 'bb_position': 0.005887981176270572, 'ema_distance': 0.029483105306098774, 'trend_strength': 0.4238388408871079, 'hour': 12, 'day_of_week': 4}"
32,trend_following,BUY,15913.25,15904.519396560801,-654.7952579398952,-8.730603439198603,-0.054863735812600206,30.0,STOP_LOSS,0.7451689456579597,2.5,TRENDING,LOW,0.8,"{'price': 15913.25, 'rsi': 48.100817180918774, 'macd': 4.391001549920475, 'atr_pct': 0.12137235143220623, 'bb_position': 0.08902235738864586, 'ema_distance': 0.0016687005459485344, 'trend_strength': 0.5000581281125982, 'hour': 11, 'day_of_week': 4}","{'price': 15899.55, 'rsi': 42.22605413764824, 'macd': -0.09822984922357136, 'atr_pct': 0.12772149436394536, 'bb_position': 0.005887981176270572, 'ema_distance': 0.029483105306098774, 'trend_strength': 0.4238388408871079, 'hour': 12, 'day_of_week': 4}"
33,trend_following,BUY,15778.45,15788.45,750.0,10.0,0.06337758144811437,1410.0,STOP_LOSS,1.0529238972681785,2.5,TRENDING,LOW,0.8,"{'price': 15778.45, 'rsi': 47.966547117941964, 'macd': 14.89514262209741, 'atr_pct': 0.12236400189589558, 'bb_position': 0.17750889524679694, 'ema_distance': 0.0596056799418787, 'trend_strength': 0.579947883575196, 'hour': 15, 'day_of_week': 3}","{'price': 15787.1, 'rsi': 47.717947815339336, 'macd': 10.207764473640054, 'atr_pct': 0.12112058941432323, 'bb_position': 0.0959419538230489, 'ema_distance': 0.04608345371058764, 'trend_strength': 0.727877656383284, 'hour': 14, 'day_of_week': 4}"
34,trend_following,BUY,15778.45,15788.45,750.0,10.0,0.06337758144811437,1395.0,STOP_LOSS,0.9696765831390336,2.5,TRENDING,LOW,0.8,"{'price': 15778.45, 'rsi': 46.886837602007894, 'macd': 13.004636914194634, 'atr_pct': 0.12111908511745045, 'bb_position': 0.2027805948876336, 'ema_distance': 0.047039757742249985, 'trend_strength': 0.6274871762162815, 'hour': 15, 'day_of_week': 3}","{'price': 15787.1, 'rsi': 47.717947815339336, 'macd': 10.207764473640054, 'atr_pct': 0.12112058941432323, 'bb_position': 0.0959419538230489, 'ema_distance': 0.04608345371058764, 'trend_strength': 0.727877656383284, 'hour': 14, 'day_of_week': 4}"
35,trend_following,BUY,15787.1,15779.15,-596.2500000000546,-7.950000000000728,-0.05035757042142463,15.0,STOP_LOSS,0.7481487900038337,2.5,TRENDING,LOW,0.8,"{'price': 15787.1, 'rsi': 47.717947815339336, 'macd': 10.207764473640054, 'atr_pct': 0.12112058941432323, 'bb_position': 0.0959419538230489, 'ema_distance': 0.04608345371058764, 'trend_strength': 0.727877656383284, 'hour': 14, 'day_of_week': 4}","{'price': 15748.95, 'rsi': 32.736312413541185, 'macd': 3.6186629881049157, 'atr_pct': 0.1322310376247302, 'bb_position': -0.17637350308126662, 'ema_distance': 0.009446691036500306, 'trend_strength': 0.7110376769413149, 'hour': 15, 'day_of_week': 4}"
36,trend_following,BUY,15846.85,16243.02125,29712.843749999956,396.1712499999994,2.4999999999999964,2595.0,TAKE_PROFIT,0.7511271508096256,2.5,TRENDING,LOW,0.8,"{'price': 15846.85, 'rsi': 39.102670332140676, 'macd': 11.050574647972098, 'atr_pct': 0.08895413644622495, 'bb_position': -0.07248129338657212, 'ema_distance': 0.04589733352446362, 'trend_strength': 0.41256257206435487, 'hour': 14, 'day_of_week': 0}","{'price': 16258.7, 'rsi': 95.03535757416894, 'macd': 72.7764967163348, 'atr_pct': 0.1805407039220324, 'bb_position': 1.0263007291540664, 'ema_distance': 0.45906248998331073, 'trend_strength': 0.28754272680273, 'hour': 9, 'day_of_week': 2}"
37,trend_following,BUY,16538.45,16548.45,750.0,10.0,0.06046515846406405,120.0,STOP_LOSS,0.9130149455403003,2.5,TRENDING,LOW,0.8,"{'price': 16538.45, 'rsi': 43.3462582226646, 'macd': 10.173231658001896, 'atr_pct': 0.14051670933059862, 'bb_position': -0.12183920225185967, 'ema_distance': 0.03128713873815001, 'trend_strength': 0.5926591559142678, 'hour': 9, 'day_of_week': 1}","{'price': 16541.7, 'rsi': 39.96102995211121, 'macd': 6.052255155675084, 'atr_pct': 0.15126273944896096, 'bb_position': -0.02975460942415019, 'ema_distance': 0.014243860177697272, 'trend_strength': 0.5462337583195898, 'hour': 11, 'day_of_week': 1}"
38,trend_following,SELL,16486.05,16476.05,750.0,10.0,0.06065734363295028,4050.0,STOP_LOSS,0.9778750465427221,2.5,TRENDING,NORMAL,0.8,"{'price': 16486.05, 'rsi': 69.75724063486895, 'macd': -18.113020179727755, 'atr_pct': 0.19193716592426568, 'bb_position': 0.8471455854915714, 'ema_distance': 0.07201983914182576, 'trend_strength': 0.44303737727917053, 'hour': 14, 'day_of_week': 4}","{'price': 16501.75, 'rsi': 61.062952122302406, 'macd': 1.288922416701098, 'atr_pct': 0.2601022835240393, 'bb_position': 0.7709765315676472, 'ema_distance': 0.05234534211683459, 'trend_strength': 0.1876760582078535, 'hour': 9, 'day_of_week': 0}"
39,trend_following,BUY,16638.2,16648.2,750.0,10.0,0.06010265533531271,1320.0,STOP_LOSS,0.7398073994234649,2.5,TRENDING,NORMAL,0.8,"{'price': 16638.2, 'rsi': 38.03584133968684, 'macd': 11.765414373545354, 'atr_pct': 0.16034529834099498, 'bb_position': -0.02693275754048214, 'ema_distance': 0.02852738062453043, 'trend_strength': 0.36482701705292675, 'hour': 14, 'day_of_week': 2}","{'price': 16640.0, 'rsi': 54.02444493268673, 'macd': 1.8342597087139438, 'atr_pct': 0.1112637362637397, 'bb_position': 0.28593201924181044, 'ema_distance': 0.0032941299317730435, 'trend_strength': 0.5858552803900116, 'hour': 12, 'day_of_week': 3}"
40,trend_following,BUY,16630.2,16640.2,750.0,10.0,0.060131567870500655,1305.0,STOP_LOSS,0.6215890237696134,2.5,TRENDING,NORMAL,0.8,"{'price': 16630.2, 'rsi': 38.10728645127535, 'macd': 8.268878027676692, 'atr_pct': 0.16639263852165742, 'bb_position': -0.03680011606031644, 'ema_distance': 0.004990348515617764, 'trend_strength': 0.39327475232533987, 'hour': 14, 'day_of_week': 2}","{'price': 16640.0, 'rsi': 54.02444493268673, 'macd': 1.8342597087139438, 'atr_pct': 0.1112637362637397, 'bb_position': 0.28593201924181044, 'ema_distance': 0.0032941299317730435, 'trend_strength': 0.5858552803900116, 'hour': 12, 'day_of_week': 3}"
41,trend_following,SELL,16651.7,16662.4,-802.5000000000546,-10.700000000000728,-0.06425770341767344,45.0,STOP_LOSS,0.6164797299891109,2.5,TRENDING,NORMAL,0.8,"{'price': 16651.7, 'rsi': 50.81199613839372, 'macd': -5.53956886017113, 'atr_pct': 0.16090163252315115, 'bb_position': 0.7937326518882261, 'ema_distance': 0.025744347150698958, 'trend_strength': 0.7055265584654079, 'hour': 10, 'day_of_week': 4}","{'price': 16667.25, 'rsi': 56.543308940715484, 'macd': 1.1868456857882848, 'atr_pct': 0.16385855066501495, 'bb_position': 0.92334398229971, 'ema_distance': 0.024608448615720764, 'trend_strength': 0.6681349189817972, 'hour': 11, 'day_of_week': 4}"
42,trend_following,SELL,17353.5,17343.5,750.0,10.0,0.05762526291526205,1155.0,STOP_LOSS,0.9267400532828339,2.5,TRENDING,NORMAL,0.8,"{'price': 17353.5, 'rsi': 48.47918471964719, 'macd': -7.836339742691052, 'atr_pct': 0.1759011150488383, 'bb_position': 0.6850801625663628, 'ema_distance': 0.01960373575279868, 'trend_strength': 0.6214425149778016, 'hour': 15, 'day_of_week': 2}","{'price': 17367.3, 'rsi': 70.1023767360562, 'macd': -0.3923653375786671, 'atr_pct': 0.15673955405519988, 'bb_position': 0.9394351858746931, 'ema_distance': 0.01826162970200116, 'trend_strength': 0.3376587909340703, 'hour': 10, 'day_of_week': 3}"
43,trend_following,SELL,17353.5,17343.5,750.0,10.0,0.05762526291526205,1140.0,STOP_LOSS,0.9122919900912524,2.5,TRENDING,NORMAL,0.8,"{'price': 17353.5, 'rsi': 47.99542364177312, 'macd': -5.026566971282591, 'atr_pct': 0.1770330398561024, 'bb_position': 0.6987599841165377, 'ema_distance': 0.0009733329385328547, 'trend_strength': 0.5849399349840972, 'hour': 15, 'day_of_week': 2}","{'price': 17367.3, 'rsi': 70.1023767360562, 'macd': -0.3923653375786671, 'atr_pct': 0.15673955405519988, 'bb_position': 0.9394351858746931, 'ema_distance': 0.01826162970200116, 'trend_strength': 0.3376587909340703, 'hour': 10, 'day_of_week': 3}"
44,trend_following,SELL,17349.15,17339.15,750.0,10.0,0.05763971145560445,75.0,STOP_LOSS,1.0153655826538455,2.5,TRENDING,LOW,0.8,"{'price': 17349.15, 'rsi': 56.714751987625704, 'macd': -0.7335482026210229, 'atr_pct': 0.12275199978920093, 'bb_position': 0.6433125485570834, 'ema_distance': 0.0027171963728579787, 'trend_strength': 0.3416155640941959, 'hour': 13, 'day_of_week': 3}","{'price': 17339.15, 'rsi': 48.57636529927194, 'macd': -0.26801097179122735, 'atr_pct': 0.11178254330312047, 'bb_position': 0.48493115156051164, 'ema_distance': 0.00040039971002181783, 'trend_strength': 0.4627222411460282, 'hour': 14, 'day_of_week': 3}"
46,trend_following,SELL,17359.8,17349.8,750.0,10.0,0.05760435028053318,60.0,STOP_LOSS,0.6401709232025411,2.5,TRENDING,LOW,0.8,"{'price': 17359.8, 'rsi': 67.64958317365048, 'macd': -3.851069567237573, 'atr_pct': 0.11913814016948968, 'bb_position': 0.75086803111148, 'ema_distance': 0.0037329821959306854, 'trend_strength': 0.8024331139951922, 'hour': 12, 'day_of_week': 0}","{'price': 17362.9, 'rsi': 83.18369348170738, 'macd': 2.1869922565347224, 'atr_pct': 0.09262359892150909, 'bb_position': 0.8415723644922118, 'ema_distance': 0.030861893286533697, 'trend_strength': 0.5980612509977977, 'hour': 13, 'day_of_week': 0}"
45,trend_following,SELL,17348.0,17375.5,-2062.5,-27.5,-0.1585197140880793,1275.0,STOP_LOSS,1.1213184960553544,2.5,TRENDING,LOW,0.8,"{'price': 17348.0, 'rsi': 44.20473473341373, 'macd': -6.744250763946184, 'atr_pct': 0.13698573734312905, 'bb_position': 0.6335339848656112, 'ema_distance': 0.024852028530447743, 'trend_strength': 0.8553775558086701, 'hour': 12, 'day_of_week': 0}","{'price': 17417.05, 'rsi': 68.81303754023844, 'macd': 15.587348964025296, 'atr_pct': 0.12735878267067502, 'bb_position': 1.0046255177019405, 'ema_distance': 0.11051014959466059, 'trend_strength': 0.19530098131854667, 'hour': 9, 'day_of_week': 1}"
47,trend_following,BUY,17611.5,17621.5,750.0,10.0,0.05678108054396275,105.0,STOP_LOSS,0.9733179364484392,2.5,TRENDING,NORMAL,0.8,"{'price': 17611.5, 'rsi': 47.89851258949891, 'macd': 15.719538589590229, 'atr_pct': 0.2860549721975492, 'bb_position': 0.19902631075717223, 'ema_distance': 0.00874591742480532, 'trend_strength': 0.3194278992463367, 'hour': 12, 'day_of_week': 4}","{'price': 17573.15, 'rsi': 24.545918546516504, 'macd': -4.988824264390132, 'atr_pct': 0.28426076957501256, 'bb_position': 0.06789641652451249, 'ema_distance': 0.0842273696645943, 'trend_strength': 0.4563524502692097, 'hour': 14, 'day_of_week': 4}"
48,trend_following,SELL,17473.65,17481.1,-558.7499999997817,-7.44999999999709,-0.0426356256420215,15.0,STOP_LOSS,0.6135044539163444,2.5,TRENDING,NORMAL,0.8,"{'price': 17473.65, 'rsi': 57.517477372016494, 'macd': -16.03344172537254, 'atr_pct': 0.23046947015322372, 'bb_position': 0.9615442495901345, 'ema_distance': 0.02123967568149786, 'trend_strength': 0.48663889427368645, 'hour': 13, 'day_of_week': 1}","{'price': 17489.3, 'rsi': 67.75096593780664, 'macd': -9.292745577517053, 'atr_pct': 0.22366736886471872, 'bb_position': 0.9844727815757194, 'ema_distance': 0.021856890013881896, 'trend_strength': 0.48016738168775774, 'hour': 13, 'day_of_week': 1}"
49,trend_following,BUY,17535.6,17545.6,750.0,10.0,0.057026848240151466,12645.0,STOP_LOSS,0.6153795598169677,2.5,TRENDING,NORMAL,0.8,"{'price': 17535.6, 'rsi': 43.949544490343655, 'macd': 11.32446511298258, 'atr_pct': 0.15342258849752385, 'bb_position': -0.09577159238136249, 'ema_distance': 0.02900394231746621, 'trend_strength': 0.6136136437910222, 'hour': 15, 'day_of_week': 2}","{'price': 17482.95, 'rsi': 25.174735550846563, 'macd': -43.15013805367926, 'atr_pct': 0.28202987972363247, 'bb_position': -0.05024552714361264, 'ema_distance': 0.27644843847045286, 'trend_strength': 0.7676335853021495, 'hour': 9, 'day_of_week': 4}"
50,trend_following,BUY,17546.65,17556.65,750.0,10.0,0.05699093559169414,12630.0,STOP_LOSS,0.929223135323681,2.5,TRENDING,NORMAL,0.8,"{'price': 17546.65, 'rsi': 43.37006607344358, 'macd': 8.469691347996559, 'atr_pct': 0.15300030815813265, 'bb_position': 0.11144211140422577, 'ema_distance': 0.011185872150062769, 'trend_strength': 0.6116170901544511, 'hour': 15, 'day_of_week': 2}","{'price': 17482.95, 'rsi': 25.174735550846563, 'macd': -43.15013805367926, 'atr_pct': 0.28202987972363247, 'bb_position': -0.05024552714361264, 'ema_distance': 0.27644843847045286, 'trend_strength': 0.7676335853021495, 'hour': 9, 'day_of_week': 4}"
52,trend_following,BUY,17775.9,17773.15,-206.25,-2.75,-0.015470384059316266,30.0,STOP_LOSS,0.6103714251644007,2.5,TRENDING,NORMAL,0.8,"{'price': 17775.9, 'rsi': 36.3001129250848, 'macd': 17.663127346630063, 'atr_pct': 0.18865831989218293, 'bb_position': -0.18876626378681924, 'ema_distance': 0.051457151968627254, 'trend_strength': 0.35487950522473466, 'hour': 13, 'day_of_week': 2}","{'price': 17750.25, 'rsi': 33.73738675013331, 'macd': 5.812204513058532, 'atr_pct': 0.2142826962195718, 'bb_position': -0.14455893450852045, 'ema_distance': 0.027003785610276648, 'trend_strength': 0.458566698598571, 'hour': 13, 'day_of_week': 2}"
51,trend_following,BUY,17659.6,17669.6,750.0,10.0,0.056626424154567485,1740.0,STOP_LOSS,0.7609297100381678,2.5,TRENDING,LOW,0.8,"{'price': 17659.6, 'rsi': 44.432514432941225, 'macd': 11.37658353894949, 'atr_pct': 0.13477088948786503, 'bb_position': -0.013851714475497446, 'ema_distance': 0.024709663008796165, 'trend_strength': 0.7449578384337285, 'hour': 9, 'day_of_week': 1}","{'price': 17648.25, 'rsi': 18.134800294545443, 'macd': -25.428169227241597, 'atr_pct': 0.23134628888740721, 'bb_position': -0.09142887319950853, 'ema_distance': 0.21605571013840053, 'trend_strength': 0.636390317221905, 'hour': 14, 'day_of_week': 2}"
53,trend_following,BUY,17806.7,18251.8675,33387.56249999997,445.16749999999956,2.499999999999998,9795.0,TAKE_PROFIT,0.7100053888533017,2.5,TRENDING,LOW,0.8,"{'price': 17806.7, 'rsi': 51.40475838783167, 'macd': 14.002243909500976, 'atr_pct': 0.12780101229954463, 'bb_position': 0.23598043477601877, 'ema_distance': 0.06415910222876953, 'trend_strength': 0.4638770315340007, 'hour': 14, 'day_of_week': 3}","{'price': 18285.95, 'rsi': 72.80328064075664, 'macd': 46.34023550956408, 'atr_pct': 0.17146263348948904, 'bb_position': 1.109449637301733, 'ema_distance': 0.2361453659545793, 'trend_strength': 0.49429922948552496, 'hour': 9, 'day_of_week': 3}"
54,trend_following,BUY,17808.6,18253.815,33391.125000000015,445.21500000000015,2.5000000000000013,9780.0,TAKE_PROFIT,0.7870916882144287,2.5,TRENDING,LOW,0.8,"{'price': 17808.6, 'rsi': 53.8971197325684, 'macd': 11.387568242327688, 'atr_pct': 0.12646377913720774, 'bb_position': 0.26614024270161435, 'ema_distance': 0.044956543526872346, 'trend_strength': 0.5108521481693034, 'hour': 14, 'day_of_week': 3}","{'price': 18285.95, 'rsi': 72.80328064075664, 'macd': 46.34023550956408, 'atr_pct': 0.17146263348948904, 'bb_position': 1.109449637301733, 'ema_distance': 0.2361453659545793, 'trend_strength': 0.49429922948552496, 'hour': 9, 'day_of_week': 3}"
55,trend_following,BUY,18259.65,18240.8,-1413.7500000001637,-18.850000000002183,-0.10323308497152017,15.0,STOP_LOSS,0.5618224465152121,2.5,TRENDING,LOW,0.8,"{'price': 18259.65, 'rsi': 40.94831225410004, 'macd': 14.748382948102517, 'atr_pct': 0.1439160741228435, 'bb_position': -0.17729986922000332, 'ema_distance': 0.04059365625574072, 'trend_strength': 0.3243046273004039, 'hour': 14, 'day_of_week': 2}","{'price': 18221.0, 'rsi': 30.194761751588658, 'macd': 7.526882039037446, 'atr_pct': 0.16045065740472395, 'bb_position': -0.30370853021407807, 'ema_distance': 0.00877345279902091, 'trend_strength': 0.33914149883692607, 'hour': 14, 'day_of_week': 2}"
56,trend_following,BUY,17897.1,17907.1,750.0,10.0,0.055874974157824456,60.0,STOP_LOSS,0.7448365312841693,2.5,TRENDING,NORMAL,0.8,"{'price': 17897.1, 'rsi': 35.77519492274871, 'macd': 18.29364651272408, 'atr_pct': 0.21535811468258426, 'bb_position': 0.11407780261804028, 'ema_distance': 0.0602883029797, 'trend_strength': 0.40402855010603034, 'hour': 12, 'day_of_week': 1}","{'price': 17870.35, 'rsi': 39.92470315289233, 'macd': 8.962652968002658, 'atr_pct': 0.21799876811110275, 'bb_position': -0.04173377007004336, 'ema_distance': 0.0076725075480521595, 'trend_strength': 0.5915622277238138, 'hour': 13, 'day_of_week': 1}"
57,trend_following,BUY,17870.35,17880.35,750.0,10.0,0.055958613009817935,1350.0,STOP_LOSS,0.44825594482720044,2.5,TRENDING,NORMAL,0.8,"{'price': 17870.35, 'rsi': 39.92470315289233, 'macd': 8.962652968002658, 'atr_pct': 0.21799876811110275, 'bb_position': -0.04173377007004336, 'ema_distance': 0.0076725075480521595, 'trend_strength': 0.5915622277238138, 'hour': 13, 'day_of_week': 1}","{'price': 17873.5, 'rsi': 46.40416585602873, 'macd': 2.9204502848333505, 'atr_pct': 0.165748174671999, 'bb_position': 0.12667876772006204, 'ema_distance': 0.017775366827610117, 'trend_strength': 0.18326800525482706, 'hour': 12, 'day_of_week': 2}"
58,trend_following,BUY,18106.3,18071.3,-2625.0,-35.0,-0.19330288352672828,1125.0,STOP_LOSS,1.0428142201067132,2.5,TRENDING,LOW,0.8,"{'price': 18106.3, 'rsi': 51.07957705258349, 'macd': 12.152042411420553, 'atr_pct': 0.14223541766441314, 'bb_position': 0.30906348796431293, 'ema_distance': 0.03398091061632132, 'trend_strength': 0.6045804338006875, 'hour': 15, 'day_of_week': 0}","{'price': 18062.3, 'rsi': 36.07483547372668, 'macd': -2.593141670960904, 'atr_pct': 0.18629964068805951, 'bb_position': 0.011016550152933657, 'ema_distance': 0.05572602138927562, 'trend_strength': 0.7532009848437194, 'hour': 9, 'day_of_week': 1}"
59,trend_following,BUY,18109.45,18071.3,-2861.250000000109,-38.150000000001455,-0.21066349336949192,1110.0,STOP_LOSS,1.1366674999163608,2.5,TRENDING,LOW,0.8,"{'price': 18109.45, 'rsi': 49.17782017099767, 'macd': 10.517323905947705, 'atr_pct': 0.1402779843041701, 'bb_position': 0.36861345848388444, 'ema_distance': 0.025166437693470406, 'trend_strength': 0.6394616144049873, 'hour': 15, 'day_of_week': 0}","{'price': 18062.3, 'rsi': 36.07483547372668, 'macd': -2.593141670960904, 'atr_pct': 0.18629964068805951, 'bb_position': 0.011016550152933657, 'ema_distance': 0.05572602138927562, 'trend_strength': 0.7532009848437194, 'hour': 9, 'day_of_week': 1}"
60,trend_following,SELL,17992.6,17542.785,33736.1249999999,449.8149999999987,2.4999999999999925,7095.0,TAKE_PROFIT,0.9152788294671862,2.5,TRENDING,LOW,0.8,"{'price': 17992.6, 'rsi': 54.18683621125605, 'macd': -16.763759971690888, 'atr_pct': 0.1498830471574805, 'bb_position': 0.6556171113539125, 'ema_distance': 0.0639020927440613, 'trend_strength': 0.7502242172888074, 'hour': 13, 'day_of_week': 2}","{'price': 17519.15, 'rsi': 15.081674159648657, 'macd': -59.384571076680004, 'atr_pct': 0.2914769592947434, 'bb_position': 0.09203134093811172, 'ema_distance': 0.35354547370466727, 'trend_strength': 0.699942515109042, 'hour': 11, 'day_of_week': 0}"
61,trend_following,BUY,17510.0,17490.85,-1436.2500000001091,-19.150000000001455,-0.10936607652770676,15.0,STOP_LOSS,0.5129966942385272,2.5,TRENDING,NORMAL,0.8,"{'price': 17510.0, 'rsi': 35.96235748117695, 'macd': 10.560322131703288, 'atr_pct': 0.16513012972179134, 'bb_position': -0.12480643392672401, 'ema_distance': 0.020183244298099968, 'trend_strength': 0.4314681239940036, 'hour': 14, 'day_of_week': 2}","{'price': 17474.8, 'rsi': 23.900638282327918, 'macd': 3.425025991509756, 'atr_pct': 0.17190059808573147, 'bb_position': -0.22709733704704077, 'ema_distance': 0.03008785377876751, 'trend_strength': 0.4698675790339389, 'hour': 14, 'day_of_week': 2}"
62,trend_following,SELL,17088.7,17115.75395004707,-2029.046253530214,-27.05395004706952,-0.15831485160994996,45.0,STOP_LOSS,0.7284674022162493,2.5,TRENDING,NORMAL,0.8,"{'price': 17088.7, 'rsi': 51.378154402940325, 'macd': -40.745823498458776, 'atr_pct': 0.26661310857885595, 'bb_position': 0.7759013232902343, 'ema_distance': 0.14783333554510394, 'trend_strength': 0.6309407089124552, 'hour': 9, 'day_of_week': 1}","{'price': 17133.8, 'rsi': 61.09327646437656, 'macd': -13.669460022148996, 'atr_pct': 0.2643063084996619, 'bb_position': 0.8928925746168257, 'ema_distance': 0.03159139344480897, 'trend_strength': 0.5123904043813273, 'hour': 10, 'day_of_week': 1}"
63,trend_following,SELL,17091.2,17114.791050045227,-1769.328753391983,-23.59105004522644,-0.13803039017287516,30.0,STOP_LOSS,0.6352237256334087,2.5,TRENDING,NORMAL,0.8,"{'price': 17091.2, 'rsi': 54.443922481216475, 'macd': -31.360227351658978, 'atr_pct': 0.2660099098617212, 'bb_position': 0.7767406879680013, 'ema_distance': 0.08261707103185197, 'trend_strength': 0.5929562692403283, 'hour': 10, 'day_of_week': 1}","{'price': 17133.8, 'rsi': 61.09327646437656, 'macd': -13.669460022148996, 'atr_pct': 0.2643063084996619, 'bb_position': 0.8928925746168257, 'ema_distance': 0.03159139344480897, 'trend_strength': 0.5123904043813273, 'hour': 10, 'day_of_week': 1}"
65,trend_following,BUY,17443.3,17453.3,750.0,10.0,0.05732860181273039,120.0,STOP_LOSS,0.6688191679134313,2.5,TRENDING,NORMAL,0.8,"{'price': 17443.3, 'rsi': 33.27594742057097, 'macd': 10.775199753490597, 'atr_pct': 0.2428685266794978, 'bb_position': 0.06060856236322605, 'ema_distance': 0.023287553329302258, 'trend_strength': 0.38681568430843827, 'hour': 10, 'day_of_week': 4}","{'price': 17442.85, 'rsi': 29.525692620074395, 'macd': -1.801997607373778, 'atr_pct': 0.20036863241958566, 'bb_position': 0.14547843937150734, 'ema_distance': 0.0374906553507189, 'trend_strength': 0.6079963255989527, 'hour': 12, 'day_of_week': 4}"
64,trend_following,BUY,17385.3,17395.3,750.0,10.0,0.057519858731226954,5910.0,STOP_LOSS,0.8418737074727527,2.5,TRENDING,NORMAL,0.8,"{'price': 17385.3, 'rsi': 36.93942333057374, 'macd': 22.491916019942437, 'atr_pct': 0.20637303600496318, 'bb_position': -0.08111019382340635, 'ema_distance': 0.05012480097729884, 'trend_strength': 0.3921302924491051, 'hour': 10, 'day_of_week': 3}","{'price': 17391.65, 'rsi': 8.869966294127693, 'macd': -6.399656143988977, 'atr_pct': 0.20249865391068028, 'bb_position': -0.06960507118750225, 'ema_distance': 0.11412239370005872, 'trend_strength': 0.2257858238011077, 'hour': 12, 'day_of_week': 0}"
67,trend_following,SELL,17283.05,17297.21812328198,-2125.218492296881,-14.168123281979206,-0.0819769848607694,15.0,STOP_LOSS,0.8145151984468298,2.5,TRENDING,NORMAL,0.8,"{'price': 17283.05, 'rsi': 71.66759655399025, 'macd': -7.445097649444506, 'atr_pct': 0.1667199117880602, 'bb_position': 0.9385831586313085, 'ema_distance': 0.0024554898469692477, 'trend_strength': 0.5167743182058794, 'hour': 14, 'day_of_week': 2}","{'price': 17301.05, 'rsi': 72.76738205831603, 'macd': -3.5603655813501973, 'atr_pct': 0.16844559805825463, 'bb_position': 1.0454797631744248, 'ema_distance': 0.022658911914696316, 'trend_strength': 0.46912467528776747, 'hour': 14, 'day_of_week': 2}"
66,trend_following,SELL,17354.5,16920.6375,32539.687499999945,433.8624999999993,2.499999999999996,8415.0,TAKE_PROFIT,0.8565984836998963,2.5,TRENDING,NORMAL,0.8,"{'price': 17354.5, 'rsi': 63.37135614702195, 'macd': -18.205948916791385, 'atr_pct': 0.20836505970044972, 'bb_position': 0.7897466064722667, 'ema_distance': 0.038806643926728446, 'trend_strength': 0.5973371585208357, 'hour': 13, 'day_of_week': 1}","{'price': 16664.65, 'rsi': 13.994690201753329, 'macd': -98.53549820587432, 'atr_pct': 0.35517869090731313, 'bb_position': -0.06553194446625435, 'ema_distance': 0.6560450688861054, 'trend_strength': 0.5679516600088629, 'hour': 9, 'day_of_week': 0}"
68,trend_following,BUY,16750.4,17169.16,31406.99999999988,418.7599999999984,2.4999999999999902,9810.0,TAKE_PROFIT,0.5111650706808266,2.5,TRENDING,NORMAL,0.8,"{'price': 16750.4, 'rsi': 28.134721522966913, 'macd': 27.93713526321517, 'atr_pct': 0.22961072144972416, 'bb_position': -0.08497382219196967, 'ema_distance': 0.0902836340635182, 'trend_strength': 0.3461621603935622, 'hour': 14, 'day_of_week': 1}","{'price': 17194.65, 'rsi': 77.05767602604395, 'macd': 40.48579244522625, 'atr_pct': 0.21364618812080788, 'bb_position': 1.046489251508446, 'ema_distance': 0.2527591890808245, 'trend_strength': 0.1851734186456673, 'hour': 9, 'day_of_week': 1}"
69,trend_following,BUY,17209.95,17219.95,750.0,10.0,0.058105921283908436,180.0,STOP_LOSS,1.0826499453523695,2.5,TRENDING,LOW,0.8,"{'price': 17209.95, 'rsi': 39.46842304837948, 'macd': 8.642959771797905, 'atr_pct': 0.14615714414377912, 'bb_position': 0.21420260690906, 'ema_distance': 0.008867322815772944, 'trend_strength': 0.9028400905599105, 'hour': 12, 'day_of_week': 2}","{'price': 17218.6, 'rsi': 51.044273348308, 'macd': 5.9607105550094275, 'atr_pct': 0.10503591630977466, 'bb_position': 0.2774874972033306, 'ema_distance': 0.020151803417525913, 'trend_strength': 0.7570687261981891, 'hour': 15, 'day_of_week': 2}"
70,trend_following,BUY,17218.6,17228.6,1500.0,10.0,0.058076730976966764,1230.0,STOP_LOSS,0.9385807835968821,2.5,TRENDING,LOW,0.8,"{'price': 17218.6, 'rsi': 51.044273348308, 'macd': 5.9607105550094275, 'atr_pct': 0.10503591630977466, 'bb_position': 0.2774874972033306, 'ema_distance': 0.020151803417525913, 'trend_strength': 0.7570687261981891, 'hour': 15, 'day_of_week': 2}","{'price': 17206.9, 'rsi': 35.62554675571006, 'macd': 0.8274546611210098, 'atr_pct': 0.15367589247835142, 'bb_position': 0.06428702230752488, 'ema_distance': 0.006183192679975013, 'trend_strength': 0.8130404758112161, 'hour': 11, 'day_of_week': 3}"
71,trend_following,BUY,17213.6,17223.6,750.0,10.0,0.05809360040897895,1215.0,STOP_LOSS,0.8179377347619535,2.5,TRENDING,LOW,0.8,"{'price': 17213.6, 'rsi': 46.16705841432618, 'macd': 3.873487276112428, 'atr_pct': 0.11863543112090985, 'bb_position': 0.21280920899822717, 'ema_distance': 0.004881826922241534, 'trend_strength': 0.7370179466289598, 'hour': 15, 'day_of_week': 2}","{'price': 17206.9, 'rsi': 35.62554675571006, 'macd': 0.8274546611210098, 'atr_pct': 0.15367589247835142, 'bb_position': 0.06428702230752488, 'ema_distance': 0.006183192679975013, 'trend_strength': 0.8130404758112161, 'hour': 11, 'day_of_week': 3}"
73,breakout,SELL,17204.05,17264.05,-4500.0,-60.0,-0.34875508964458946,1140.0,STOP_LOSS,1.3194182273046682,3.0,TRENDING,LOW,0.75,"{'price': 17204.05, 'rsi': 40.812947435537886, 'macd': -2.3528426670018234, 'atr_pct': 0.12173213367118321, 'bb_position': -0.03389411819799271, 'ema_distance': 0.02668018560858723, 'trend_strength': 0.7837502648355641, 'hour': 14, 'day_of_week': 3}","{'price': 17346.85, 'rsi': 70.99446403179667, 'macd': 18.569160516537522, 'atr_pct': 0.19536276450356285, 'bb_position': 1.0700765080988082, 'ema_distance': 0.14106167945056183, 'trend_strength': 0.6965084777892173, 'hour': 9, 'day_of_week': 4}"
72,trend_following,BUY,17224.8,17655.42,64592.99999999985,430.619999999999,2.4999999999999942,6930.0,TAKE_PROFIT,1.046738460328338,2.5,TRENDING,LOW,0.8,"{'price': 17224.8, 'rsi': 45.031546120475454, 'macd': 1.4227466679112695, 'atr_pct': 0.11723130104765918, 'bb_position': 0.2751622126610657, 'ema_distance': 0.000677000193860555, 'trend_strength': 0.7960836316906821, 'hour': 14, 'day_of_week': 3}","{'price': 17696.15, 'rsi': 72.78455554130147, 'macd': 54.90801302456384, 'atr_pct': 0.1898919902270931, 'bb_position': 0.9843563263361852, 'ema_distance': 0.2749157816925286, 'trend_strength': 0.13866744753061697, 'hour': 9, 'day_of_week': 1}"
74,trend_following,SELL,17773.9,17777.45,-798.7499999998363,-3.5499999999992724,-0.019973106633880418,15.0,STOP_LOSS,0.8413261218336642,2.5,TRENDING,NORMAL,0.8,"{'price': 17773.9, 'rsi': 65.28748988758709, 'macd': -18.48746047507666, 'atr_pct': 0.17565885130122813, 'bb_position': 1.173051732155421, 'ema_distance': 0.05870523952940767, 'trend_strength': 0.7012813216366609, 'hour': 14, 'day_of_week': 3}","{'price': 17780.9, 'rsi': 69.56059557137974, 'macd': -12.606366865595191, 'atr_pct': 0.17938590606453572, 'bb_position': 1.1014807411216363, 'ema_distance': 0.01925615567596922, 'trend_strength': 0.6468235984029994, 'hour': 14, 'day_of_week': 3}"
75,trend_following,SELL,17780.9,17770.9,750.0,10.0,0.05624012282842825,1155.0,STOP_LOSS,0.28100155361991713,2.5,TRENDING,NORMAL,0.8,"{'price': 17780.9, 'rsi': 69.56059557137974, 'macd': -12.606366865595191, 'atr_pct': 0.17938590606453572, 'bb_position': 1.1014807411216363, 'ema_distance': 0.01925615567596922, 'trend_strength': 0.6468235984029994, 'hour': 14, 'day_of_week': 3}","{'price': 17882.15, 'rsi': 74.13296108961177, 'macd': 21.4729253751575, 'atr_pct': 0.20978621538397363, 'bb_position': 1.023080338913871, 'ema_distance': 0.18681166977068603, 'trend_strength': 0.2955192575969421, 'hour': 9, 'day_of_week': 4}"
77,trend_following,BUY,18190.7,18200.7,750.0,10.0,0.05497314561836542,165.0,STOP_LOSS,0.8984314816331598,2.5,TRENDING,NORMAL,0.8,"{'price': 18190.7, 'rsi': 49.39755268720183, 'macd': 19.986297158124216, 'atr_pct': 0.17086831654165138, 'bb_position': 0.39782715969232957, 'ema_distance': 0.07202560723347966, 'trend_strength': 0.32768249764300883, 'hour': 10, 'day_of_week': 3}","{'price': 18195.65, 'rsi': 37.28738519266188, 'macd': 10.17827452032725, 'atr_pct': 0.15052655834930603, 'bb_position': 0.15311064273214262, 'ema_distance': 0.02320640870817127, 'trend_strength': 0.5049408834306491, 'hour': 13, 'day_of_week': 3}"
78,trend_following,BUY,18195.65,18205.65,750.0,10.0,0.05495819055653412,1230.0,STOP_LOSS,0.5944328116052153,2.5,TRENDING,NORMAL,0.8,"{'price': 18195.65, 'rsi': 37.28738519266188, 'macd': 10.17827452032725, 'atr_pct': 0.15052655834930603, 'bb_position': 0.15311064273214262, 'ema_distance': 0.02320640870817127, 'trend_strength': 0.5049408834306491, 'hour': 13, 'day_of_week': 3}","{'price': 18202.85, 'rsi': 47.85982239832529, 'macd': 4.249872363383474, 'atr_pct': 0.18845165140937079, 'bb_position': 0.2154030190004579, 'ema_distance': 0.001912340351782345, 'trend_strength': 0.4978610412583446, 'hour': 9, 'day_of_week': 4}"
76,trend_following,BUY,18023.45,18033.45,750.0,10.0,0.05548327318021799,11265.0,STOP_LOSS,1.104141013815077,2.5,TRENDING,LOW,0.8,"{'price': 18023.45, 'rsi': 47.092401356582215, 'macd': 20.499091767189384, 'atr_pct': 0.14063028205714626, 'bb_position': 0.326043001453137, 'ema_distance': 0.07839404045480397, 'trend_strength': 0.34007431220694073, 'hour': 14, 'day_of_week': 1}","{'price': 18003.55, 'rsi': 22.117765733586808, 'macd': -66.00552825149498, 'atr_pct': 0.33237492446926287, 'bb_position': 0.11074065542268344, 'ema_distance': 0.39992020710778203, 'trend_strength': 0.5612290876259205, 'hour': 10, 'day_of_week': 2}"
79,trend_following,SELL,17060.15,17108.249401730973,-3607.455129822847,-48.099401730971294,-0.2819400868748006,15.0,STOP_LOSS,0.8943652933213766,2.5,TRENDING,NORMAL,0.8,"{'price': 17060.15, 'rsi': 59.32133171176367, 'macd': -36.85055389072659, 'atr_pct': 0.2561106270628186, 'bb_position': 0.8859559443468593, 'ema_distance': 0.10787021429930634, 'trend_strength': 0.6215375909599111, 'hour': 14, 'day_of_week': 3}","{'price': 17144.3, 'rsi': 72.96112288026521, 'macd': -23.236258244323835, 'atr_pct': 0.2718521191133095, 'bb_position': 1.1194435333699853, 'ema_distance': 0.012447240280783818, 'trend_strength': 0.5643378190051274, 'hour': 14, 'day_of_week': 3}"
80,trend_following,SELL,17144.3,17145.0,-52.50000000005457,-0.7000000000007276,-0.004082989681706034,1170.0,STOP_LOSS,0.28142856414271905,2.5,TRENDING,NORMAL,0.8,"{'price': 17144.3, 'rsi': 72.96112288026521, 'macd': -23.236258244323835, 'atr_pct': 0.2718521191133095, 'bb_position': 1.1194435333699853, 'ema_distance': 0.012447240280783818, 'trend_strength': 0.5643378190051274, 'hour': 14, 'day_of_week': 3}","{'price': 17344.5, 'rsi': 83.04162482034015, 'macd': 50.53515590076495, 'atr_pct': 0.42868673890034853, 'bb_position': 0.9982682074513728, 'ema_distance': 0.4163395763496328, 'trend_strength': 0.1544920638080826, 'hour': 9, 'day_of_week': 4}"
81,trend_following,BUY,17166.0,17148.2,-1334.9999999999454,-17.799999999999272,-0.10369334731445458,15.0,STOP_LOSS,0.3340057622049803,2.5,TRENDING,NORMAL,0.8,"{'price': 17166.0, 'rsi': 28.715116007790044, 'macd': 27.08840030772626, 'atr_pct': 0.2270476523360061, 'bb_position': -0.30970142514218096, 'ema_distance': 0.05578827221726125, 'trend_strength': 0.6197631576312812, 'hour': 14, 'day_of_week': 4}","{'price': 17147.95, 'rsi': 17.685132266352994, 'macd': 14.121139427472372, 'atr_pct': 0.2521959101316926, 'bb_position': -0.18743228359323985, 'ema_distance': 0.03338150693468435, 'trend_strength': 0.6563208246841605, 'hour': 14, 'day_of_week': 4}"
82,trend_following,BUY,17710.2,17659.19886188593,-3825.085358555407,-51.00113811407209,-0.2879760709312831,105.0,STOP_LOSS,0.960211318949964,2.5,TRENDING,NORMAL,0.8,"{'price': 17710.2, 'rsi': 36.77908894961337, 'macd': 18.33567268000479, 'atr_pct': 0.17141050274498942, 'bb_position': 0.005013079162025781, 'ema_distance': 0.030990911396048478, 'trend_strength': 0.45668996467414613, 'hour': 10, 'day_of_week': 3}","{'price': 17654.35, 'rsi': 20.721499947938497, 'macd': -6.216344925345766, 'atr_pct': 0.1686148577707882, 'bb_position': 0.00879698848034612, 'ema_distance': 0.093552824239638, 'trend_strength': 0.604687539946243, 'hour': 11, 'day_of_week': 3}"
83,trend_following,SELL,17258.1,17248.1,750.0,10.0,0.05794380609684728,135.0,STOP_LOSS,0.9191231965100052,2.5,TRENDING,NORMAL,0.8,"{'price': 17258.1, 'rsi': 55.68597505656782, 'macd': -27.278337802890746, 'atr_pct': 0.3391989020476481, 'bb_position': 0.8500812863255836, 'ema_distance': 0.05721176925470842, 'trend_strength': 0.32608781708131945, 'hour': 12, 'day_of_week': 1}","{'price': 17252.9, 'rsi': 65.68166265035381, 'macd': -9.444523765396298, 'atr_pct': 0.3295926233519313, 'bb_position': 0.8951715888110484, 'ema_distance': 0.008096221639630164, 'trend_strength': 0.35359745255263175, 'hour': 14, 'day_of_week': 1}"
84,trend_following,SELL,17077.55,17097.575088194546,-3003.7632291820046,-20.025088194546697,-0.11725972516284068,15.0,STOP_LOSS,0.7599007632198407,2.5,TRENDING,NORMAL,0.8,"{'price': 17077.55, 'rsi': 69.8193357034276, 'macd': -43.31656520161414, 'atr_pct': 0.26632709526333026, 'bb_position': 1.1826386092820314, 'ema_distance': 0.1568860361466775, 'trend_strength': 0.7975499874769584, 'hour': 14, 'day_of_week': 1}","{'price': 17112.65, 'rsi': 68.35964414076781, 'macd': -29.757215523466584, 'atr_pct': 0.2774472184528491, 'bb_position': 1.1614175321828513, 'ema_distance': 0.05879401223604219, 'trend_strength': 0.7493333388251513, 'hour': 14, 'day_of_week': 1}"
85,trend_following,SELL,17112.65,17129.95,-1297.4999999999454,-17.299999999999272,-0.10109480413611728,1170.0,STOP_LOSS,0.33075876433734336,2.5,TRENDING,NORMAL,0.8,"{'price': 17112.65, 'rsi': 68.35964414076781, 'macd': -29.757215523466584, 'atr_pct': 0.2774472184528491, 'bb_position': 1.1614175321828513, 'ema_distance': 0.05879401223604219, 'trend_strength': 0.7493333388251513, 'hour': 14, 'day_of_week': 1}","{'price': 17186.95, 'rsi': 79.82089245970249, 'macd': 26.731273953872005, 'atr_pct': 0.32281552490199616, 'bb_position': 0.8846728761789981, 'ema_distance': 0.24909958839675017, 'trend_strength': 0.3474359627986241, 'hour': 9, 'day_of_week': 2}"
86,trend_following,BUY,17124.15,17134.15,750.0,10.0,0.05839705912410251,45.0,STOP_LOSS,0.29349150577751293,2.5,TRENDING,NORMAL,0.8,"{'price': 17124.15, 'rsi': 44.57921777657148, 'macd': 11.589927235309005, 'atr_pct': 0.15147780014941517, 'bb_position': 0.09020125864367987, 'ema_distance': 0.034853465465765766, 'trend_strength': 0.3982772550239664, 'hour': 14, 'day_of_week': 2}","{'price': 17047.75, 'rsi': 24.96921339793684, 'macd': -0.29862666281405836, 'atr_pct': 0.19801523870976093, 'bb_position': -0.28738793789227324, 'ema_distance': 0.046474523701200955, 'trend_strength': 0.5268187452251745, 'hour': 15, 'day_of_week': 2}"
87,trend_following,BUY,17116.2,17126.2,750.0,10.0,0.05842418293780161,30.0,STOP_LOSS,0.2954097509132854,2.5,TRENDING,NORMAL,0.8,"{'price': 17116.2, 'rsi': 36.55014236172292, 'macd': 8.278207839655806, 'atr_pct': 0.1502544790482561, 'bb_position': 0.06371079943126472, 'ema_distance': 0.012713756475780151, 'trend_strength': 0.44926721627107236, 'hour': 14, 'day_of_week': 2}","{'price': 17047.75, 'rsi': 24.96921339793684, 'macd': -0.29862666281405836, 'atr_pct': 0.19801523870976093, 'bb_position': -0.28738793789227324, 'ema_distance': 0.046474523701200955, 'trend_strength': 0.5268187452251745, 'hour': 15, 'day_of_week': 2}"
88,trend_following,SELL,16607.75,16628.182401457092,-3064.8602185638083,-20.432401457092055,-0.12302931737948883,1125.0,STOP_LOSS,0.7808912126153685,2.5,TRENDING,NORMAL,0.8,"{'price': 16607.75, 'rsi': 57.674383829756664, 'macd': -34.858216772423475, 'atr_pct': 0.25947438480744, 'bb_position': 1.0219950627881582, 'ema_distance': 0.14105337002068172, 'trend_strength': 0.6721777452492549, 'hour': 15, 'day_of_week': 2}","{'price': 16658.3, 'rsi': 68.29206061531785, 'macd': 1.4709085436697933, 'atr_pct': 0.3067539905032364, 'bb_position': 0.9319297906291703, 'ema_distance': 0.10056952211056899, 'trend_strength': 0.38859202491292527, 'hour': 9, 'day_of_week': 3}"
89,trend_following,SELL,16605.95,16639.15,-2490.0000000000546,-33.20000000000073,-0.19992833893875828,1110.0,STOP_LOSS,0.6344234257846395,2.5,TRENDING,NORMAL,0.8,"{'price': 16605.95, 'rsi': 63.742684734738766, 'macd': -27.772595485759666, 'atr_pct': 0.2518890604185373, 'bb_position': 0.9688172424859732, 'ema_distance': 0.08978900522702535, 'trend_strength': 0.6292288820423929, 'hour': 15, 'day_of_week': 2}","{'price': 16658.3, 'rsi': 68.29206061531785, 'macd': 1.4709085436697933, 'atr_pct': 0.3067539905032364, 'bb_position': 0.9319297906291703, 'ema_distance': 0.10056952211056899, 'trend_strength': 0.38859202491292527, 'hour': 9, 'day_of_week': 3}"
90,trend_following,BUY,16778.35,16753.9,-3667.4999999995634,-24.44999999999709,-0.14572350678104276,30.0,STOP_LOSS,0.9478520014053079,2.5,NEUTRAL,NORMAL,0.8,"{'price': 16778.35, 'rsi': 38.508953115256794, 'macd': 19.973432872182457, 'atr_pct': 0.2940438975567582, 'bb_position': -0.248108479779859, 'ema_distance': 0.054382146234690676, 'trend_strength': 0.2645216145327294, 'hour': 12, 'day_of_week': 1}","{'price': 16736.55, 'rsi': 34.60438292051953, 'macd': 3.2993202070210828, 'atr_pct': 0.26001689202886585, 'bb_position': -0.14620328049317194, 'ema_distance': 0.06333404130376973, 'trend_strength': 0.36670074229815447, 'hour': 13, 'day_of_week': 1}"
91,trend_following,SELL,17139.6,17175.15,-2666.2500000002183,-35.55000000000291,-0.2074144087376771,30.0,STOP_LOSS,0.695676574311766,2.5,TRENDING,NORMAL,0.8,"{'price': 17139.6, 'rsi': 52.96795964613195, 'macd': -28.924205118702957, 'atr_pct': 0.2772401756333704, 'bb_position': 0.8874279018797574, 'ema_distance': 0.10908142432504346, 'trend_strength': 0.6709216818560902, 'hour': 12, 'day_of_week': 1}","{'price': 17231.5, 'rsi': 69.97049997878554, 'macd': -6.24592672639119, 'atr_pct': 0.26519124029497326, 'bb_position': 1.1877655281574633, 'ema_distance': 0.055350843729606435, 'trend_strength': 0.640468067627457, 'hour': 13, 'day_of_week': 1}"
92,trend_following,SELL,17164.4,17167.75,-502.4999999997817,-3.349999999998545,-0.019517140127231623,15.0,STOP_LOSS,0.5870688390816109,2.5,TRENDING,NORMAL,0.8,"{'price': 17164.4, 'rsi': 64.22631832434084, 'macd': -19.33324226464174, 'atr_pct': 0.2559491905172497, 'bb_position': 1.013056316491244, 'ema_distance': 0.038790508577058395, 'trend_strength': 0.6600363775359874, 'hour': 12, 'day_of_week': 1}","{'price': 17231.5, 'rsi': 69.97049997878554, 'macd': -6.24592672639119, 'atr_pct': 0.26519124029497326, 'bb_position': 1.1877655281574633, 'ema_distance': 0.055350843729606435, 'trend_strength': 0.640468067627457, 'hour': 13, 'day_of_week': 1}"
93,trend_following,SELL,17153.0,17143.0,750.0,10.0,0.05829883985308692,4170.0,STOP_LOSS,0.9422079704344484,2.5,TRENDING,NORMAL,0.8,"{'price': 17153.0, 'rsi': 43.890858304544906, 'macd': -19.589863766897906, 'atr_pct': 0.22638688775807556, 'bb_position': 0.5465474820815953, 'ema_distance': 0.09180988583292156, 'trend_strength': 0.47757826215342597, 'hour': 15, 'day_of_week': 4}","{'price': 17196.75, 'rsi': 69.04173344984308, 'macd': -8.391306144472765, 'atr_pct': 0.2450006126572914, 'bb_position': 1.0576558952760102, 'ema_distance': 0.018522162241247864, 'trend_strength': 0.38032367721786536, 'hour': 12, 'day_of_week': 0}"
94,trend_following,SELL,17153.0,17143.0,750.0,10.0,0.05829883985308692,4155.0,STOP_LOSS,0.9422079704344484,2.5,TRENDING,NORMAL,0.8,"{'price': 17153.0, 'rsi': 56.179414578397555, 'macd': -16.71165830625978, 'atr_pct': 0.21091687418277522, 'bb_position': 0.5671901795095292, 'ema_distance': 0.07016676165876234, 'trend_strength': 0.4662011651212042, 'hour': 15, 'day_of_week': 4}","{'price': 17196.75, 'rsi': 69.04173344984308, 'macd': -8.391306144472765, 'atr_pct': 0.2450006126572914, 'bb_position': 1.0576558952760102, 'ema_distance': 0.018522162241247864, 'trend_strength': 0.38032367721786536, 'hour': 12, 'day_of_week': 0}"
95,trend_following,BUY,17481.8,17450.52332947999,-2345.7502890006253,-31.276670520008338,-0.1789098978366549,75.0,STOP_LOSS,0.6147285408676897,2.5,TRENDING,LOW,0.8,"{'price': 17481.8, 'rsi': 32.185287083653876, 'macd': 8.62159701085693, 'atr_pct': 0.13581471669311507, 'bb_position': 0.19851271006819238, 'ema_distance': 0.01499521139405545, 'trend_strength': 0.47396926414167617, 'hour': 13, 'day_of_week': 3}","{'price': 17443.2, 'rsi': 34.714699120268634, 'macd': -2.3185210360825295, 'atr_pct': 0.15441956914851887, 'bb_position': -0.022887227163693017, 'ema_distance': 0.04786969189149784, 'trend_strength': 0.49085159065966294, 'hour': 14, 'day_of_week': 3}"
96,trend_following,BUY,17484.2,17451.843983225874,-2426.701258059529,-32.356016774127056,-0.1850586059077742,60.0,STOP_LOSS,0.6359425939255734,2.5,TRENDING,LOW,0.8,"{'price': 17484.2, 'rsi': 33.63739176976658, 'macd': 6.759205655172991, 'atr_pct': 0.13414151879165948, 'bb_position': 0.24253563275533732, 'ema_distance': 0.004515688343500018, 'trend_strength': 0.4721652028752868, 'hour': 13, 'day_of_week': 3}","{'price': 17443.2, 'rsi': 34.714699120268634, 'macd': -2.3185210360825295, 'atr_pct': 0.15441956914851887, 'bb_position': -0.022887227163693017, 'ema_distance': 0.04786969189149784, 'trend_strength': 0.49085159065966294, 'hour': 14, 'day_of_week': 3}"
97,trend_following,SELL,17682.0,17729.85,-3588.749999999891,-47.849999999998545,-0.27061418391583836,30.0,STOP_LOSS,0.9523808439822359,2.5,TRENDING,NORMAL,0.8,"{'price': 17682.0, 'rsi': 57.98621395660191, 'macd': -20.443482939303067, 'atr_pct': 0.24633606411685788, 'bb_position': 0.8828758688084167, 'ema_distance': 0.07534519814486801, 'trend_strength': 0.5830213916724302, 'hour': 11, 'day_of_week': 4}","{'price': 17734.15, 'rsi': 68.01868485272907, 'macd': -8.024351391337404, 'atr_pct': 0.24959913902998318, 'bb_position': 1.2111140913806666, 'ema_distance': 0.010803367025086805, 'trend_strength': 0.4886459346968177, 'hour': 12, 'day_of_week': 4}"
98,trend_following,SELL,17709.75,17723.6,-2077.4999999997817,-13.849999999998545,-0.07820550826521291,15.0,STOP_LOSS,0.5971039774183479,2.5,TRENDING,NORMAL,0.8,"{'price': 17709.75, 'rsi': 65.2089047141879, 'macd': -14.665120814577676, 'atr_pct': 0.24498208210570108, 'bb_position': 1.1727895631341518, 'ema_distance': 0.03447600989170297, 'trend_strength': 0.5476334391776673, 'hour': 12, 'day_of_week': 4}","{'price': 17734.15, 'rsi': 68.01868485272907, 'macd': -8.024351391337404, 'atr_pct': 0.24959913902998318, 'bb_position': 1.2111140913806666, 'ema_distance': 0.010803367025086805, 'trend_strength': 0.4886459346968177, 'hour': 12, 'day_of_week': 4}"
99,trend_following,SELL,17553.75,17543.75,750.0,10.0,0.05696788435519476,1185.0,STOP_LOSS,0.9910271070156506,2.5,TRENDING,NORMAL,0.8,"{'price': 17553.75, 'rsi': 57.46251090403089, 'macd': -39.93483453023509, 'atr_pct': 0.17961160110273752, 'bb_position': 0.8649638797220207, 'ema_distance': 0.17290763567116538, 'trend_strength': 0.6449887914944215, 'hour': 14, 'day_of_week': 1}","{'price': 17605.2, 'rsi': 60.97261589615197, 'macd': 4.1879410686087795, 'atr_pct': 0.24252169002015786, 'bb_position': 0.8207255629265484, 'ema_distance': 0.09217900675189232, 'trend_strength': 0.3690979285590136, 'hour': 9, 'day_of_week': 2}"
100,trend_following,SELL,17573.9,17563.9,750.0,10.0,0.056902565736689066,1170.0,STOP_LOSS,0.5609534521815892,2.5,TRENDING,NORMAL,0.8,"{'price': 17573.9, 'rsi': 63.709643644800046, 'macd': -31.84043641426979, 'atr_pct': 0.18265723601477396, 'bb_position': 1.0210888961956073, 'ema_distance': 0.11391692058881633, 'trend_strength': 0.6094342399862451, 'hour': 14, 'day_of_week': 1}","{'price': 17605.2, 'rsi': 60.97261589615197, 'macd': 4.1879410686087795, 'atr_pct': 0.24252169002015786, 'bb_position': 0.8207255629265484, 'ema_distance': 0.09217900675189232, 'trend_strength': 0.3690979285590136, 'hour': 9, 'day_of_week': 2}"
101,trend_following,SELL,17061.85,17051.85,750.0,10.0,0.0586102913810636,30.0,STOP_LOSS,0.9831544343148366,2.5,TRENDING,NORMAL,0.8,"{'price': 17061.85, 'rsi': 51.09098600245872, 'macd': -17.994037578700954, 'atr_pct': 0.17616579009393943, 'bb_position': 0.6478662062820474, 'ema_distance': 0.08566995924065883, 'trend_strength': 0.6694488015134858, 'hour': 14, 'day_of_week': 2}","{'price': 17080.15, 'rsi': 52.293324526036585, 'macd': -12.320909381196543, 'atr_pct': 0.20060881031071603, 'bb_position': 0.8293102955505635, 'ema_distance': 0.04326918706487025, 'trend_strength': 0.6275037351922043, 'hour': 14, 'day_of_week': 2}"
102,trend_following,SELL,17080.15,17070.15,1500.0,10.0,0.05854749519178696,1155.0,STOP_LOSS,0.6025668659329063,2.5,TRENDING,NORMAL,0.8,"{'price': 17080.15, 'rsi': 52.293324526036585, 'macd': -12.320909381196543, 'atr_pct': 0.20060881031071603, 'bb_position': 0.8293102955505635, 'ema_distance': 0.04326918706487025, 'trend_strength': 0.6275037351922043, 'hour': 14, 'day_of_week': 2}","{'price': 17106.15, 'rsi': 72.64667098004568, 'macd': 4.61121135970825, 'atr_pct': 0.24859480362325617, 'bb_position': 0.8859972634195777, 'ema_distance': 0.0640493552326547, 'trend_strength': 0.34845820626339974, 'hour': 9, 'day_of_week': 3}"
103,trend_following,SELL,17079.5,17069.5,1500.0,10.0,0.05854972335255716,1140.0,STOP_LOSS,0.6025668659329063,2.5,TRENDING,NORMAL,0.8,"{'price': 17079.5, 'rsi': 55.8820635039255, 'macd': -8.762645244754822, 'atr_pct': 0.20201745618180647, 'bb_position': 0.8305947958871921, 'ema_distance': 0.01835377041619306, 'trend_strength': 0.6040824803467091, 'hour': 14, 'day_of_week': 2}","{'price': 17106.15, 'rsi': 72.64667098004568, 'macd': 4.61121135970825, 'atr_pct': 0.24859480362325617, 'bb_position': 0.8859972634195777, 'ema_distance': 0.0640493552326547, 'trend_strength': 0.34845820626339974, 'hour': 9, 'day_of_week': 3}"
104,trend_following,SELL,17059.6,16633.109999999997,31986.75000000012,426.4900000000016,2.5000000000000093,5460.0,TAKE_PROFIT,0.7652108031113655,2.5,TRENDING,NORMAL,0.8,"{'price': 17059.6, 'rsi': 68.39260123767401, 'macd': -32.37571949508492, 'atr_pct': 0.21900111541720926, 'bb_position': 1.0412071902284648, 'ema_distance': 0.11612280087237453, 'trend_strength': 0.6413528092305201, 'hour': 14, 'day_of_week': 0}","{'price': 16437.7, 'rsi': 13.938243016537086, 'macd': -92.15095941873005, 'atr_pct': 0.44812056605068845, 'bb_position': -0.02413562022467688, 'ema_distance': 0.6203558602381865, 'trend_strength': 0.75333589620406, 'hour': 9, 'day_of_week': 4}"
105,trend_following,SELL,17069.35,16642.61625,32005.031249999956,426.7337499999994,2.4999999999999964,5445.0,TAKE_PROFIT,0.5485477055611545,2.5,TRENDING,NORMAL,0.8,"{'price': 17069.35, 'rsi': 68.1139739429652, 'macd': -25.87568199614543, 'atr_pct': 0.22086371185780332, 'bb_position': 1.0269867115674918, 'ema_distance': 0.07188960070523849, 'trend_strength': 0.6079026573137929, 'hour': 15, 'day_of_week': 0}","{'price': 16437.7, 'rsi': 13.938243016537086, 'macd': -92.15095941873005, 'atr_pct': 0.44812056605068845, 'bb_position': -0.02413562022467688, 'ema_distance': 0.6203558602381865, 'trend_strength': 0.75333589620406, 'hour': 9, 'day_of_week': 4}"
106,trend_following,SELL,16216.3,15810.892499999998,91216.68750000026,405.40750000000116,2.500000000000007,1410.0,TAKE_PROFIT,0.8634307463963119,2.5,TRENDING,NORMAL,0.8,"{'price': 16216.3, 'rsi': 67.28531467523757, 'macd': -24.216675408080846, 'atr_pct': 0.3292982986254573, 'bb_position': 0.9935011266321848, 'ema_distance': 0.05311585365136913, 'trend_strength': 0.6052731813487456, 'hour': 14, 'day_of_week': 2}","{'price': 15788.95, 'rsi': 34.06057438857434, 'macd': -65.57876398842745, 'atr_pct': 0.29446452831161657, 'bb_position': -0.07899127432002828, 'ema_distance': 0.34352038074053587, 'trend_strength': 0.6977920521864556, 'hour': 14, 'day_of_week': 3}"
107,trend_following,SELL,16193.45,15788.61375,30362.718750000022,404.8362500000003,2.5000000000000018,1410.0,TAKE_PROFIT,0.5160148247693367,2.5,TRENDING,NORMAL,0.8,"{'price': 16193.45, 'rsi': 60.29284370866252, 'macd': -17.876103628883357, 'atr_pct': 0.32539611474304236, 'bb_position': 0.8682526486566603, 'ema_distance': 0.012675614236923122, 'trend_strength': 0.6358436366946, 'hour': 14, 'day_of_week': 2}","{'price': 15777.7, 'rsi': 37.02280118010765, 'macd': -66.68499663185503, 'atr_pct': 0.2820436438771169, 'bb_position': -0.06125673435727595, 'ema_distance': 0.35579896777032965, 'trend_strength': 0.6599410214181102, 'hour': 14, 'day_of_week': 3}"
108,trend_following,BUY,16248.4,16258.4,750.0,10.0,0.06154452130671328,165.0,STOP_LOSS,0.9607318990050304,2.5,NEUTRAL,NORMAL,0.8,"{'price': 16248.4, 'rsi': 48.565232978873, 'macd': 52.86922763738039, 'atr_pct': 0.3022055798021451, 'bb_position': 0.24328288084701213, 'ema_distance': 0.21504116367414694, 'trend_strength': 0.26488158338925627, 'hour': 12, 'day_of_week': 2}","{'price': 16237.1, 'rsi': 34.60792473844677, 'macd': 9.07922386246355, 'atr_pct': 0.3202542325907968, 'bb_position': 0.15943060247241547, 'ema_distance': 0.022173566292072476, 'trend_strength': 0.5563804926229943, 'hour': 15, 'day_of_week': 2}"
109,trend_following,BUY,16232.6,16242.6,750.0,10.0,0.06160442566193955,150.0,STOP_LOSS,0.7204613637715157,2.5,NEUTRAL,NORMAL,0.8,"{'price': 16232.6, 'rsi': 46.62606702933086, 'macd': 42.26514217662225, 'atr_pct': 0.3131484965879963, 'bb_position': 0.16526218929979763, 'ema_distance': 0.13688924844564085, 'trend_strength': 0.28155824014378417, 'hour': 12, 'day_of_week': 2}","{'price': 16237.1, 'rsi': 34.60792473844677, 'macd': 9.07922386246355, 'atr_pct': 0.3202542325907968, 'bb_position': 0.15943060247241547, 'ema_distance': 0.022173566292072476, 'trend_strength': 0.5563804926229943, 'hour': 15, 'day_of_week': 2}"
110,trend_following,BUY,16262.75,16207.25,-4162.5,-55.5,-0.3412706953006103,1185.0,STOP_LOSS,0.7387212172475904,2.5,TRENDING,NORMAL,0.8,"{'price': 16262.75, 'rsi': 37.552782112051084, 'macd': 31.703009648150328, 'atr_pct': 0.21905889225376932, 'bb_position': -0.03835487807740272, 'ema_distance': 0.10480795479733684, 'trend_strength': 0.30322223213318567, 'hour': 14, 'day_of_week': 0}","{'price': 16142.55, 'rsi': 16.50342469372319, 'macd': -27.895359475491205, 'atr_pct': 0.2894745342499867, 'bb_position': 0.044957945607317876, 'ema_distance': 0.2610421573904703, 'trend_strength': 0.3926746764426378, 'hour': 9, 'day_of_week': 1}"
111,trend_following,BUY,16268.4,16207.25,-4586.249999999973,-61.149999999999636,-0.3758820781392125,1170.0,STOP_LOSS,0.8139243681926105,2.5,TRENDING,NORMAL,0.8,"{'price': 16268.4, 'rsi': 35.484295914660905, 'macd': 23.769813535525827, 'atr_pct': 0.21667773106144347, 'bb_position': 0.010708216859554382, 'ema_distance': 0.048506091566233124, 'trend_strength': 0.30623281148702525, 'hour': 14, 'day_of_week': 0}","{'price': 16142.55, 'rsi': 16.50342469372319, 'macd': -27.895359475491205, 'atr_pct': 0.2894745342499867, 'bb_position': 0.044957945607317876, 'ema_distance': 0.2610421573904703, 'trend_strength': 0.3926746764426378, 'hour': 9, 'day_of_week': 1}"
112,trend_following,SELL,16094.15,16129.9,-5362.5,-35.75,-0.2221304014191492,30.0,STOP_LOSS,0.9666952435132072,2.5,TRENDING,NORMAL,0.8,"{'price': 16094.15, 'rsi': 58.414428334221654, 'macd': -20.997646605041155, 'atr_pct': 0.268242986249219, 'bb_position': 0.9651000675461718, 'ema_distance': 0.05656673806878277, 'trend_strength': 0.3298244418092598, 'hour': 13, 'day_of_week': 3}","{'price': 16142.35, 'rsi': 67.03625322821787, 'macd': 3.5269651151047583, 'atr_pct': 0.28615943244234693, 'bb_position': 0.9960941999515475, 'ema_distance': 0.12703350027243265, 'trend_strength': 0.36180342970207613, 'hour': 13, 'day_of_week': 3}"
113,trend_following,BUY,16637.25,16566.3,-5321.250000000055,-70.95000000000073,-0.42645268899608246,15.0,STOP_LOSS,0.9686227563688272,2.5,TRENDING,NORMAL,0.8,"{'price': 16637.25, 'rsi': 49.31753387620335, 'macd': 13.32782222285823, 'atr_pct': 0.1858780748020243, 'bb_position': 0.43301180414308205, 'ema_distance': 0.054626213744127856, 'trend_strength': 0.638461803945193, 'hour': 14, 'day_of_week': 1}","{'price': 16556.8, 'rsi': 36.20540178547801, 'macd': 4.9209233071924245, 'atr_pct': 0.21301131343530846, 'bb_position': -0.26273469478110967, 'ema_distance': 0.0126580980426101, 'trend_strength': 0.658458907618868, 'hour': 15, 'day_of_week': 1}"
114,trend_following,SELL,16546.1,16536.1,750.0,10.0,0.0604372027245091,75.0,STOP_LOSS,0.6706752716868914,2.5,TRENDING,NORMAL,0.8,"{'price': 16546.1, 'rsi': 56.195585385117404, 'macd': -14.888554930697865, 'atr_pct': 0.2679958246526832, 'bb_position': 0.6626871157940525, 'ema_distance': 0.04825665326406031, 'trend_strength': 0.724384973807645, 'hour': 10, 'day_of_week': 3}","{'price': 16546.7, 'rsi': 69.86702364872212, 'macd': -6.594082134695782, 'atr_pct': 0.24864690326685768, 'bb_position': 0.7944846411518605, 'ema_distance': 0.004541591842559107, 'trend_strength': 0.5326312946755534, 'hour': 11, 'day_of_week': 3}"
115,trend_following,SELL,16551.2,16541.2,1500.0,10.0,0.06041857992169752,60.0,STOP_LOSS,0.9953289746308359,2.5,TRENDING,NORMAL,0.8,"{'price': 16551.2, 'rsi': 63.4496661012084, 'macd': -11.309579630724329, 'atr_pct': 0.26381341361524197, 'bb_position': 0.7145569606166363, 'ema_distance': 0.023809548745200953, 'trend_strength': 0.6838875895874207, 'hour': 10, 'day_of_week': 3}","{'price': 16546.7, 'rsi': 69.86702364872212, 'macd': -6.594082134695782, 'atr_pct': 0.24864690326685768, 'bb_position': 0.7944846411518605, 'ema_distance': 0.004541591842559107, 'trend_strength': 0.5326312946755534, 'hour': 11, 'day_of_week': 3}"
116,trend_following,SELL,16546.7,16586.05,-2951.249999999891,-39.349999999998545,-0.2378117691140744,75.0,STOP_LOSS,0.5402338232481602,2.5,TRENDING,NORMAL,0.8,"{'price': 16546.7, 'rsi': 69.86702364872212, 'macd': -6.594082134695782, 'atr_pct': 0.24864690326685768, 'bb_position': 0.7944846411518605, 'ema_distance': 0.004541591842559107, 'trend_strength': 0.5326312946755534, 'hour': 11, 'day_of_week': 3}","{'price': 16586.75, 'rsi': 65.86388422349654, 'macd': 6.7603531515123905, 'atr_pct': 0.2140908513464912, 'bb_position': 0.9002454468802692, 'ema_distance': 0.07774612443638397, 'trend_strength': 0.4557793328978288, 'hour': 12, 'day_of_week': 3}"
117,trend_following,BUY,16676.05,16686.05,750.0,10.0,0.05996623900743881,45.0,STOP_LOSS,0.6632587569609532,2.5,TRENDING,NORMAL,0.8,"{'price': 16676.05, 'rsi': 29.213861342123963, 'macd': 20.961839991996385, 'atr_pct': 0.16670614444067866, 'bb_position': 0.2024188110839527, 'ema_distance': 0.06001142417055782, 'trend_strength': 0.3209832192063596, 'hour': 13, 'day_of_week': 4}","{'price': 16644.9, 'rsi': 29.897163812993853, 'macd': 9.86156518556163, 'atr_pct': 0.20074789103140095, 'bb_position': -0.13428955536019982, 'ema_distance': 0.006782049839851196, 'trend_strength': 0.46579182672216995, 'hour': 14, 'day_of_week': 4}"
118,trend_following,BUY,16690.05,16700.05,750.0,10.0,0.05991593793907148,30.0,STOP_LOSS,0.8565079265229404,2.5,TRENDING,NORMAL,0.8,"{'price': 16690.05, 'rsi': 37.8242527797007, 'macd': 17.480973632838868, 'atr_pct': 0.17456936489533664, 'bb_position': 0.23046761698335244, 'ema_distance': 0.03965342059155485, 'trend_strength': 0.36319108517835874, 'hour': 13, 'day_of_week': 4}","{'price': 16644.9, 'rsi': 29.897163812993853, 'macd': 9.86156518556163, 'atr_pct': 0.20074789103140095, 'bb_position': -0.13428955536019982, 'ema_distance': 0.006782049839851196, 'trend_strength': 0.46579182672216995, 'hour': 14, 'day_of_week': 4}"
119,trend_following,SELL,16579.8,16165.304999999998,62174.25000000012,414.4950000000008,2.5000000000000044,9870.0,TAKE_PROFIT,0.7667388867127077,2.5,TRENDING,NORMAL,0.8,"{'price': 16579.8, 'rsi': 66.18013480589062, 'macd': -17.109876008704305, 'atr_pct': 0.18466964102617503, 'bb_position': 0.8188699641337843, 'ema_distance': 0.04693590797183263, 'trend_strength': 0.47626798936014786, 'hour': 13, 'day_of_week': 0}","{'price': 15795.95, 'rsi': 12.39756534390807, 'macd': -105.55525149603818, 'atr_pct': 0.35239593512441814, 'bb_position': -0.06417514000129343, 'ema_distance': 0.7579497827295415, 'trend_strength': 0.8419005104339361, 'hour': 9, 'day_of_week': 0}"
120,trend_following,SELL,16590.7,16175.9325,124430.24999999997,414.7674999999999,2.4999999999999996,9855.0,TAKE_PROFIT,0.933301553305561,2.5,TRENDING,NORMAL,0.8,"{'price': 16590.7, 'rsi': 74.42237096673172, 'macd': -12.730458256726706, 'atr_pct': 0.1795541219736731, 'bb_position': 0.8781105860633025, 'ema_distance': 0.01822698857180318, 'trend_strength': 0.4472867912464424, 'hour': 13, 'day_of_week': 0}","{'price': 15795.95, 'rsi': 12.39756534390807, 'macd': -105.55525149603818, 'atr_pct': 0.35239593512441814, 'bb_position': -0.06417514000129343, 'ema_distance': 0.7579497827295415, 'trend_strength': 0.8419005104339361, 'hour': 9, 'day_of_week': 0}"
121,trend_following,SELL,15810.9,15415.627499999999,29645.437500000073,395.27250000000095,2.500000000000006,3045.0,TAKE_PROFIT,0.997340168421189,2.5,TRENDING,NORMAL,0.8,"{'price': 15810.9, 'rsi': 59.87697856975445, 'macd': -36.92901366931255, 'atr_pct': 0.28244529316574585, 'bb_position': 0.9357536147305074, 'ema_distance': 0.10151237990664555, 'trend_strength': 0.47160097790137834, 'hour': 10, 'day_of_week': 1}","{'price': 15406.45, 'rsi': 4.116514849599028, 'macd': -69.06623114691502, 'atr_pct': 0.34605172323465533, 'bb_position': -0.05104656981819217, 'ema_distance': 0.508071740817576, 'trend_strength': 0.3247658285314304, 'hour': 13, 'day_of_week': 3}"
122,trend_following,SELL,15813.5,15418.1625,29650.31249999997,395.33749999999964,2.499999999999998,3030.0,TAKE_PROFIT,0.932614686461322,2.5,TRENDING,NORMAL,0.8,"{'price': 15813.5, 'rsi': 66.7252068363783, 'macd': -30.256156437395475, 'atr_pct': 0.2669283478402273, 'bb_position': 0.9079978283445251, 'ema_distance': 0.059458055864700904, 'trend_strength': 0.4606107798969515, 'hour': 10, 'day_of_week': 1}","{'price': 15406.45, 'rsi': 4.116514849599028, 'macd': -69.06623114691502, 'atr_pct': 0.34605172323465533, 'bb_position': -0.05104656981819217, 'ema_distance': 0.508071740817576, 'trend_strength': 0.3247658285314304, 'hour': 13, 'day_of_week': 3}"
123,trend_following,SELL,15328.7,15318.7,750.0,10.0,0.06523710425541632,4155.0,STOP_LOSS,0.875337819592247,2.5,TRENDING,NORMAL,0.8,"{'price': 15328.7, 'rsi': 53.37677514432966, 'macd': -32.82787640421702, 'atr_pct': 0.329191087865993, 'bb_position': 0.7983986044765835, 'ema_distance': 0.10929999453881833, 'trend_strength': 0.4587432941599914, 'hour': 14, 'day_of_week': 4}","{'price': 15331.85, 'rsi': 45.06558920962895, 'macd': -7.9666631830259576, 'atr_pct': 0.42239334643708526, 'bb_position': 0.7591463930682746, 'ema_distance': 0.00853962382751302, 'trend_strength': 0.41011594287973124, 'hour': 11, 'day_of_week': 0}"
124,trend_following,SELL,15379.15,15369.15,1500.0,10.0,0.06502309945608177,5460.0,STOP_LOSS,0.7625370103880249,2.5,TRENDING,NORMAL,0.8,"{'price': 15379.15, 'rsi': 71.78000812567173, 'macd': -24.198820385940053, 'atr_pct': 0.32290935640600776, 'bb_position': 1.1386907157607289, 'ema_distance': 0.04398130071523973, 'trend_strength': 0.4172170536065946, 'hour': 14, 'day_of_week': 4}","{'price': 15541.7, 'rsi': 79.36250573884803, 'macd': 36.07706266811874, 'atr_pct': 0.33741022998954784, 'bb_position': 1.2204944598690712, 'ema_distance': 0.3066059478390828, 'trend_strength': 0.43864346775159, 'hour': 9, 'day_of_week': 1}"
125,trend_following,SELL,15352.15,15382.5,-6828.750000000082,-30.350000000000364,-0.19769217992268423,1125.0,STOP_LOSS,0.8627712304981869,2.5,TRENDING,NORMAL,0.8,"{'price': 15352.15, 'rsi': 57.19338190268218, 'macd': -2.500666857971737, 'atr_pct': 0.28641870077760095, 'bb_position': 0.8689447100822841, 'ema_distance': 0.002685593713037596, 'trend_strength': 0.5729023699707436, 'hour': 15, 'day_of_week': 0}","{'price': 15541.7, 'rsi': 79.36250573884803, 'macd': 36.07706266811874, 'atr_pct': 0.33741022998954784, 'bb_position': 1.2204944598690712, 'ema_distance': 0.3066059478390828, 'trend_strength': 0.43864346775159, 'hour': 9, 'day_of_week': 1}"
126,trend_following,BUY,15459.4,15398.0,-4604.999999999973,-61.399999999999636,-0.3971693597422904,45.0,STOP_LOSS,0.5857575211801773,2.5,NEUTRAL,NORMAL,0.8,"{'price': 15459.4, 'rsi': 55.42079588637296, 'macd': 15.33460898888734, 'atr_pct': 0.27572221431620975, 'bb_position': 0.3105751642279728, 'ema_distance': 0.0789635428855132, 'trend_strength': 0.26339105802982393, 'hour': 12, 'day_of_week': 3}","{'price': 15386.25, 'rsi': 29.05024609876179, 'macd': -9.936946259702381, 'atr_pct': 0.27306384410942086, 'bb_position': 0.0944318489108585, 'ema_distance': 0.1290132613476798, 'trend_strength': 0.3825729353737019, 'hour': 13, 'day_of_week': 3}"
127,trend_following,BUY,15468.65,15398.0,-5298.749999999973,-70.64999999999964,-0.4567302253267068,30.0,STOP_LOSS,0.6740027503482013,2.5,NEUTRAL,NORMAL,0.8,"{'price': 15468.65, 'rsi': 56.36994149403137, 'macd': 8.744443090821733, 'atr_pct': 0.2810984982990952, 'bb_position': 0.33587932880890625, 'ema_distance': 0.022635121869834005, 'trend_strength': 0.2673448440679047, 'hour': 12, 'day_of_week': 3}","{'price': 15386.25, 'rsi': 29.05024609876179, 'macd': -9.936946259702381, 'atr_pct': 0.27306384410942086, 'bb_position': 0.0944318489108585, 'ema_distance': 0.1290132613476798, 'trend_strength': 0.3825729353737019, 'hour': 13, 'day_of_week': 3}"
128,trend_following,BUY,15841.35,15851.35,750.0,10.0,0.06312593308019834,30.0,STOP_LOSS,0.6885779764423016,2.5,TRENDING,NORMAL,0.8,"{'price': 15841.35, 'rsi': 41.022210940779836, 'macd': 33.38514510197092, 'atr_pct': 0.17233379730894424, 'bb_position': 0.08092599828648601, 'ema_distance': 0.13677058287522983, 'trend_strength': 0.38873278659161575, 'hour': 14, 'day_of_week': 0}","{'price': 15835.6, 'rsi': 47.65863749882281, 'macd': 25.634016031874125, 'atr_pct': 0.1862214612284102, 'bb_position': 0.07442838921236439, 'ema_distance': 0.08475094735273658, 'trend_strength': 0.43123707581522625, 'hour': 15, 'day_of_week': 0}"
129,trend_following,BUY,15835.6,15776.193236743271,-4455.507244254704,-59.40676325672939,-0.375146904801393,1125.0,STOP_LOSS,0.573418650805974,2.5,TRENDING,NORMAL,0.8,"{'price': 15835.6, 'rsi': 47.65863749882281, 'macd': 25.634016031874125, 'atr_pct': 0.1862214612284102, 'bb_position': 0.07442838921236439, 'ema_distance': 0.08475094735273658, 'trend_strength': 0.43123707581522625, 'hour': 15, 'day_of_week': 0}","{'price': 15716.85, 'rsi': 19.941904064600394, 'macd': -9.80445973721362, 'atr_pct': 0.2365068609258777, 'bb_position': -0.08035082569395616, 'ema_distance': 0.1636324492712169, 'trend_strength': 0.5973901386635003, 'hour': 9, 'day_of_week': 1}"
130,trend_following,BUY,15832.05,15778.383698047457,-4024.972646440665,-53.6663019525422,-0.33897253957979034,1110.0,STOP_LOSS,0.5180093439257839,2.5,TRENDING,NORMAL,0.8,"{'price': 15832.05, 'rsi': 47.13562103924254, 'macd': 21.239448441578133, 'atr_pct': 0.18887997087282943, 'bb_position': 0.08985195308349714, 'ema_distance': 0.05565220801560347, 'trend_strength': 0.45371826574796775, 'hour': 15, 'day_of_week': 0}","{'price': 15716.85, 'rsi': 19.941904064600394, 'macd': -9.80445973721362, 'atr_pct': 0.2365068609258777, 'bb_position': -0.08035082569395616, 'ema_distance': 0.1636324492712169, 'trend_strength': 0.5973901386635003, 'hour': 9, 'day_of_week': 1}"
132,trend_following,BUY,15799.1,15809.1,750.0,10.0,0.06329474463735275,1170.0,STOP_LOSS,0.5440600833983363,2.5,TRENDING,NORMAL,0.8,"{'price': 15799.1, 'rsi': 48.73444090276871, 'macd': 7.665317666702322, 'atr_pct': 0.18977120758234708, 'bb_position': 0.42296449585062446, 'ema_distance': 0.038512205568890165, 'trend_strength': 0.4014797729252166, 'hour': 15, 'day_of_week': 2}","{'price': 15805.0, 'rsi': 45.518249798531144, 'macd': 6.955313105318055, 'atr_pct': 0.2645636552627993, 'bb_position': 0.2559056438297407, 'ema_distance': 0.02749878360245452, 'trend_strength': 0.38212343997208903, 'hour': 10, 'day_of_week': 3}"
131,trend_following,BUY,15789.75,15799.75,1500.0,10.0,0.06333222501939549,1200.0,STOP_LOSS,0.9056282643832326,2.5,TRENDING,NORMAL,0.8,"{'price': 15789.75, 'rsi': 49.72271388522295, 'macd': 10.150545683400196, 'atr_pct': 0.18719196223589782, 'bb_position': 0.3630955534687872, 'ema_distance': 0.06065143305417468, 'trend_strength': 0.3950222080467669, 'hour': 15, 'day_of_week': 2}","{'price': 15775.25, 'rsi': 38.44127323153222, 'macd': 2.2284580809828185, 'atr_pct': 0.27031493727742434, 'bb_position': 0.0038242175338884816, 'ema_distance': 0.01151358310351054, 'trend_strength': 0.4110654702254506, 'hour': 11, 'day_of_week': 3}"
133,trend_following,BUY,15805.0,15769.95,-5257.499999999891,-35.04999999999927,-0.22176526415690775,75.0,STOP_LOSS,0.6834337030757548,2.5,TRENDING,NORMAL,0.8,"{'price': 15805.0, 'rsi': 45.518249798531144, 'macd': 6.955313105318055, 'atr_pct': 0.2645636552627993, 'bb_position': 0.2559056438297407, 'ema_distance': 0.02749878360245452, 'trend_strength': 0.38212343997208903, 'hour': 10, 'day_of_week': 3}","{'price': 15754.2, 'rsi': 44.471894695529336, 'macd': -7.127115192604833, 'atr_pct': 0.26958797381922495, 'bb_position': 0.0035118948088811554, 'ema_distance': 0.07542889065275037, 'trend_strength': 0.45781592872500887, 'hour': 12, 'day_of_week': 3}"
134,trend_following,SELL,15681.15,15671.15,750.0,10.0,0.06377083313404948,60.0,STOP_LOSS,0.9709089798352,2.5,TRENDING,NORMAL,0.8,"{'price': 15681.15, 'rsi': 80.82986990642497, 'macd': -23.378801262655543, 'atr_pct': 0.23362900224610053, 'bb_position': 0.6363302321135432, 'ema_distance': 0.0850555668130449, 'trend_strength': 0.9011541002299904, 'hour': 13, 'day_of_week': 4}","{'price': 15692.45, 'rsi': 65.77534231388624, 'macd': -14.911141386974123, 'atr_pct': 0.22026060758062516, 'bb_position': 0.8847195928742781, 'ema_distance': 0.03935062278355995, 'trend_strength': 0.7732663248834781, 'hour': 14, 'day_of_week': 4}"
135,trend_following,SELL,15692.45,15712.191895911932,-7403.210966974257,-19.74189591193135,-0.1258050585595707,30.0,STOP_LOSS,0.9661363980713038,2.5,TRENDING,NORMAL,0.8,"{'price': 15692.45, 'rsi': 65.77534231388624, 'macd': -14.911141386974123, 'atr_pct': 0.22026060758062516, 'bb_position': 0.8847195928742781, 'ema_distance': 0.03935062278355995, 'trend_strength': 0.7732663248834781, 'hour': 14, 'day_of_week': 4}","{'price': 15749.55, 'rsi': 77.94295496541532, 'macd': -3.7579358196944668, 'atr_pct': 0.24275069990661952, 'bb_position': 1.1434986157144942, 'ema_distance': 0.04273063976269349, 'trend_strength': 0.6825842349565377, 'hour': 15, 'day_of_week': 4}"
136,trend_following,SELL,15703.4,15728.2,-7440.000000000327,-24.80000000000109,-0.1579275825617452,15.0,STOP_LOSS,0.970937453183051,2.5,TRENDING,NORMAL,0.8,"{'price': 15703.4, 'rsi': 65.55371469389462, 'macd': -10.790674202782611, 'atr_pct': 0.22822628038695977, 'bb_position': 0.9066399119275179, 'ema_distance': 0.010416464972679378, 'trend_strength': 0.7343340005084111, 'hour': 14, 'day_of_week': 4}","{'price': 15749.55, 'rsi': 77.94295496541532, 'macd': -3.7579358196944668, 'atr_pct': 0.24275069990661952, 'bb_position': 1.1434986157144942, 'ema_distance': 0.04273063976269349, 'trend_strength': 0.6825842349565377, 'hour': 15, 'day_of_week': 4}"
138,trend_following,BUY,15857.35,15867.35,3750.0,10.0,0.06306223927705448,30.0,STOP_LOSS,0.748576168670909,2.5,TRENDING,NORMAL,0.8,"{'price': 15857.35, 'rsi': 20.4219629471407, 'macd': 20.98290894945785, 'atr_pct': 0.1812814156932179, 'bb_position': -0.15550806619968657, 'ema_distance': 0.02065085620892695, 'trend_strength': 0.43022995053311275, 'hour': 14, 'day_of_week': 1}","{'price': 15865.55, 'rsi': 24.21606961082142, 'macd': 7.2963771259401256, 'atr_pct': 0.20205503658645815, 'bb_position': 0.034596455989648625, 'ema_distance': 0.06475050871709781, 'trend_strength': 0.523169816940871, 'hour': 14, 'day_of_week': 1}"
137,trend_following,BUY,15879.65,15827.95,-3877.499999999918,-51.69999999999891,-0.3255739263774637,60.0,STOP_LOSS,0.5160185056038024,2.5,TRENDING,NORMAL,0.8,"{'price': 15879.65, 'rsi': 27.598948728950404, 'macd': 31.43118211846013, 'atr_pct': 0.16930923720431032, 'bb_position': 0.012479038526098572, 'ema_distance': 0.09824558250333693, 'trend_strength': 0.38153872087761065, 'hour': 13, 'day_of_week': 1}","{'price': 15818.9, 'rsi': 11.628768298383719, 'macd': -1.4709700506209629, 'atr_pct': 0.21100437722326695, 'bb_position': -0.052898531489585614, 'ema_distance': 0.12347430981447954, 'trend_strength': 0.5665582425865096, 'hour': 14, 'day_of_week': 1}"
139,trend_following,BUY,16166.15,16176.15,1500.0,10.0,0.06185764699696588,4050.0,STOP_LOSS,0.7657389963150251,2.5,TRENDING,LOW,0.8,"{'price': 16166.15, 'rsi': 35.05538937162676, 'macd': 16.27785251991918, 'atr_pct': 0.13511477465480168, 'bb_position': -0.06858445753770558, 'ema_distance': 0.053433489674573856, 'trend_strength': 0.3564163042367251, 'hour': 14, 'day_of_week': 4}","{'price': 16144.65, 'rsi': 40.01567247390642, 'macd': 3.140820656388314, 'atr_pct': 0.1920361942102879, 'bb_position': 0.04675335747558864, 'ema_distance': 0.025528830136424152, 'trend_strength': 0.40247108942169163, 'hour': 9, 'day_of_week': 0}"
140,trend_following,BUY,16174.0,16184.0,1500.0,10.0,0.06182762458266354,4035.0,STOP_LOSS,0.8862923368058091,2.5,TRENDING,LOW,0.8,"{'price': 16174.0, 'rsi': 40.629562951885994, 'macd': 13.82061520312709, 'atr_pct': 0.13412178275539258, 'bb_position': 0.09865359351099642, 'ema_distance': 0.037894012575583794, 'trend_strength': 0.38964089650926054, 'hour': 14, 'day_of_week': 4}","{'price': 16144.65, 'rsi': 40.01567247390642, 'macd': 3.140820656388314, 'atr_pct': 0.1920361942102879, 'bb_position': 0.04675335747558864, 'ema_distance': 0.025528830136424152, 'trend_strength': 0.40247108942169163, 'hour': 9, 'day_of_week': 0}"
142,trend_following,SELL,16129.9,16119.9,2250.0,10.0,0.06199666457944562,1170.0,STOP_LOSS,0.8605671835447819,2.5,TRENDING,LOW,0.8,"{'price': 16129.9, 'rsi': 43.61257407311678, 'macd': -14.869724989512179, 'atr_pct': 0.14513862011366643, 'bb_position': 0.5896251237159497, 'ema_distance': 0.07395493061259374, 'trend_strength': 0.8477958561112431, 'hour': 14, 'day_of_week': 1}","{'price': 16121.45, 'rsi': 59.56842233478016, 'macd': -11.643968654841956, 'atr_pct': 0.18278664228625274, 'bb_position': 0.7058869322044189, 'ema_distance': 0.04498452920044808, 'trend_strength': 0.44332057816705783, 'hour': 9, 'day_of_week': 2}"
141,trend_following,SELL,16134.95,16124.95,3000.0,10.0,0.06197726054310673,1200.0,STOP_LOSS,0.9465741868683963,2.5,TRENDING,LOW,0.8,"{'price': 16134.95, 'rsi': 47.6818034317655, 'macd': -17.498576012530975, 'atr_pct': 0.1445398254808882, 'bb_position': 0.634639966227166, 'ema_distance': 0.09629706716348276, 'trend_strength': 0.8759776095192464, 'hour': 14, 'day_of_week': 1}","{'price': 16129.25, 'rsi': 60.54193163251953, 'macd': -8.619850385513928, 'atr_pct': 0.18918601741733582, 'bb_position': 0.7696874141787328, 'ema_distance': 0.022371173431161746, 'trend_strength': 0.37853118180071527, 'hour': 10, 'day_of_week': 2}"
143,trend_following,SELL,16121.45,16111.45,3000.0,10.0,0.062029159908072784,7200.0,STOP_LOSS,0.9160014272561386,2.5,TRENDING,NORMAL,0.8,"{'price': 16121.45, 'rsi': 59.56842233478016, 'macd': -11.643968654841956, 'atr_pct': 0.18278664228625274, 'bb_position': 0.7058869322044189, 'ema_distance': 0.04498452920044808, 'trend_strength': 0.44332057816705783, 'hour': 9, 'day_of_week': 2}","{'price': 16173.95, 'rsi': 86.30021030456874, 'macd': 46.46065981223728, 'atr_pct': 0.20696861310935, 'bb_position': 1.0248229072219501, 'ema_distance': 0.3394150457391587, 'trend_strength': 0.4271746300708636, 'hour': 9, 'day_of_week': 0}"
144,trend_following,SELL,16129.25,16119.25,3750.0,10.0,0.061999163011299346,7185.0,STOP_LOSS,0.7553824310725218,2.5,TRENDING,NORMAL,0.8,"{'price': 16129.25, 'rsi': 60.54193163251953, 'macd': -8.619850385513928, 'atr_pct': 0.18918601741733582, 'bb_position': 0.7696874141787328, 'ema_distance': 0.022371173431161746, 'trend_strength': 0.37853118180071527, 'hour': 10, 'day_of_week': 2}","{'price': 16173.95, 'rsi': 86.30021030456874, 'macd': 46.46065981223728, 'atr_pct': 0.20696861310935, 'bb_position': 1.0248229072219501, 'ema_distance': 0.3394150457391587, 'trend_strength': 0.4271746300708636, 'hour': 9, 'day_of_week': 0}"
145,trend_following,BUY,16272.55,16679.363749999997,30511.031249999814,406.8137499999975,2.499999999999985,4260.0,TAKE_PROFIT,0.8368143073651668,2.5,TRENDING,NORMAL,0.8,"{'price': 16272.55, 'rsi': 51.787784966924654, 'macd': 25.205455862325834, 'atr_pct': 0.16138044919643524, 'bb_position': 0.31500255766063584, 'ema_distance': 0.10508042383686894, 'trend_strength': 0.6482707222599329, 'hour': 13, 'day_of_week': 1}","{'price': 16680.5, 'rsi': 62.757525142036535, 'macd': 27.035651181282446, 'atr_pct': 0.167004243620652, 'bb_position': 0.8385753162741957, 'ema_distance': 0.14986003047558658, 'trend_strength': 0.18993505169703556, 'hour': 12, 'day_of_week': 4}"
146,trend_following,BUY,16517.0,16527.0,750.0,10.0,0.06054368226675546,8325.0,STOP_LOSS,0.8231180442559756,2.5,TRENDING,NORMAL,0.8,"{'price': 16517.0, 'rsi': 37.19026503804825, 'macd': 29.144268870815722, 'atr_pct': 0.15224573815722453, 'bb_position': 0.054659669879271816, 'ema_distance': 0.08951457951482335, 'trend_strength': 0.5235642628461534, 'hour': 15, 'day_of_week': 2}","{'price': 16523.3, 'rsi': 36.447715881341, 'macd': -17.13253228796384, 'atr_pct': 0.19647579910965557, 'bb_position': -0.03033183616780138, 'ema_distance': 0.12852660122429457, 'trend_strength': 0.42851840866709445, 'hour': 9, 'day_of_week': 1}"
147,trend_following,BUY,16631.0,16564.25,-5006.25,-66.75,-0.4013589080632553,1110.0,STOP_LOSS,0.6282864867773358,2.5,TRENDING,NORMAL,0.8,"{'price': 16631.0, 'rsi': 56.27060367807014, 'macd': 2.1497126229187415, 'atr_pct': 0.15276978448164816, 'bb_position': 0.6268852700178739, 'ema_distance': 0.03154452624358844, 'trend_strength': 0.5181134540249508, 'hour': 15, 'day_of_week': 0}","{'price': 16523.3, 'rsi': 36.447715881341, 'macd': -17.13253228796384, 'atr_pct': 0.19647579910965557, 'bb_position': -0.03033183616780138, 'ema_distance': 0.12852660122429457, 'trend_strength': 0.42851840866709445, 'hour': 9, 'day_of_week': 1}"
148,trend_following,SELL,16523.2,16572.95,-7462.5,-49.75,-0.30109179819889614,165.0,STOP_LOSS,0.9415764335907448,2.5,TRENDING,NORMAL,0.8,"{'price': 16523.2, 'rsi': 44.975356017102534, 'macd': -21.727424180920934, 'atr_pct': 0.19933011938192627, 'bb_position': 0.5688159623949431, 'ema_distance': 0.10830419366240046, 'trend_strength': 0.5450779853915959, 'hour': 10, 'day_of_week': 2}","{'price': 16595.9, 'rsi': 85.4932588292388, 'macd': 10.253001144770678, 'atr_pct': 0.15569680291087384, 'bb_position': 0.9418624149422955, 'ema_distance': 0.09438716746165061, 'trend_strength': 0.28673486159632605, 'hour': 12, 'day_of_week': 2}"
149,trend_following,SELL,16530.1,16572.95,-6427.500000000327,-42.85000000000218,-0.2592240821289779,150.0,STOP_LOSS,0.8109859332535774,2.5,TRENDING,NORMAL,0.8,"{'price': 16530.1, 'rsi': 43.36483853196616, 'macd': -17.427840167070826, 'atr_pct': 0.20220688320094893, 'bb_position': 0.6208598624114818, 'ema_distance': 0.07358661256066962, 'trend_strength': 0.5466712267900522, 'hour': 10, 'day_of_week': 2}","{'price': 16595.9, 'rsi': 85.4932588292388, 'macd': 10.253001144770678, 'atr_pct': 0.15569680291087384, 'bb_position': 0.9418624149422955, 'ema_distance': 0.09438716746165061, 'trend_strength': 0.28673486159632605, 'hour': 12, 'day_of_week': 2}"
150,trend_following,BUY,17240.65,17250.65,1500.0,10.0,0.05800245350378321,165.0,STOP_LOSS,0.7950433950953156,2.5,TRENDING,NORMAL,0.8,"{'price': 17240.65, 'rsi': 33.1264556737662, 'macd': 27.340817255688307, 'atr_pct': 0.1605010749097565, 'bb_position': -0.04034734536573153, 'ema_distance': 0.087964261084614, 'trend_strength': 0.4783357063739496, 'hour': 9, 'day_of_week': 1}","{'price': 17240.85, 'rsi': 31.970029959861606, 'macd': 4.651454502738488, 'atr_pct': 0.20822639255025072, 'bb_position': 0.17638217583773355, 'ema_distance': 0.007134337794905525, 'trend_strength': 0.6569821148512941, 'hour': 12, 'day_of_week': 1}"
151,trend_following,BUY,17226.3,17236.3,3000.0,10.0,0.058050771204495456,1515.0,STOP_LOSS,0.9965414573412157,2.5,TRENDING,NORMAL,0.8,"{'price': 17226.3, 'rsi': 31.967435679366616, 'macd': 19.19587520516143, 'atr_pct': 0.16660571335690466, 'bb_position': -0.07371223860060629, 'ema_distance': 0.031176651357858125, 'trend_strength': 0.5012670530406319, 'hour': 10, 'day_of_week': 1}","{'price': 17234.65, 'rsi': 33.188026841154525, 'macd': -9.779676201884286, 'atr_pct': 0.27142165015577363, 'bb_position': 0.11342134528476061, 'ema_distance': 0.10133782899981994, 'trend_strength': 0.5253052707270889, 'hour': 11, 'day_of_week': 2}"
152,trend_following,BUY,17300.1,17310.1,750.0,10.0,0.057803134085930144,1515.0,STOP_LOSS,0.6296754436882473,2.5,TRENDING,NORMAL,0.8,"{'price': 17300.1, 'rsi': 55.72784655685235, 'macd': 11.973826743709651, 'atr_pct': 0.27375977182625977, 'bb_position': 0.4229904825467303, 'ema_distance': 0.04198254040609134, 'trend_strength': 0.4460889360569994, 'hour': 10, 'day_of_week': 2}","{'price': 17298.65, 'rsi': 47.76613918186982, 'macd': 24.591243314422172, 'atr_pct': 0.2279492495492007, 'bb_position': 0.23327198388902298, 'ema_distance': 0.10355234825570835, 'trend_strength': 0.14086037747035937, 'hour': 11, 'day_of_week': 3}"
153,trend_following,BUY,17380.45,17380.2,-93.75,-0.25,-0.0014383977399894709,15.0,STOP_LOSS,0.7175533650361676,2.5,NEUTRAL,NORMAL,0.8,"{'price': 17380.45, 'rsi': 36.489291941533516, 'macd': 9.247118655654049, 'atr_pct': 0.15310716515230602, 'bb_position': -0.13806777676518336, 'ema_distance': 0.014224223903173776, 'trend_strength': 0.27232110631026235, 'hour': 14, 'day_of_week': 4}","{'price': 17365.55, 'rsi': 30.47316241406662, 'macd': 4.478456819189887, 'atr_pct': 0.16062178936374963, 'bb_position': -0.1294488630430185, 'ema_distance': 0.017976844399405865, 'trend_strength': 0.2945741953241045, 'hour': 14, 'day_of_week': 4}"
154,trend_following,BUY,17644.35,17654.35,1500.0,10.0,0.05667536633539916,60.0,STOP_LOSS,0.882720232524418,2.5,TRENDING,LOW,0.8,"{'price': 17644.35, 'rsi': 34.964444012523174, 'macd': 22.471083271688258, 'atr_pct': 0.1219532436324214, 'bb_position': 0.011966013930763504, 'ema_distance': 0.08253610886456997, 'trend_strength': 0.5388493853075028, 'hour': 14, 'day_of_week': 3}","{'price': 17652.25, 'rsi': 47.946512159715525, 'macd': 16.36607575306698, 'atr_pct': 0.12493348682786438, 'bb_position': 0.22068317222028286, 'ema_distance': 0.05276639423079933, 'trend_strength': 0.6097668076107293, 'hour': 15, 'day_of_week': 3}"
155,trend_following,BUY,17647.6,17657.6,1500.0,10.0,0.0566649289421791,14355.0,STOP_LOSS,0.9502494941426175,2.5,TRENDING,NORMAL,0.8,"{'price': 17647.6, 'rsi': 47.552462155984244, 'macd': 8.371153502659581, 'atr_pct': 0.15570712974326256, 'bb_position': 0.34902106294856283, 'ema_distance': 0.024092441456616716, 'trend_strength': 0.6832060397632529, 'hour': 10, 'day_of_week': 4}","{'price': 17618.1, 'rsi': 27.987309370402926, 'macd': -58.56618210357192, 'atr_pct': 0.28025155947576347, 'bb_position': -0.03952324083594817, 'ema_distance': 0.34708567133630414, 'trend_strength': 0.8847886469297045, 'hour': 9, 'day_of_week': 0}"
156,trend_following,BUY,17675.2,17685.2,1500.0,10.0,0.05657644609396216,14115.0,STOP_LOSS,0.7563794968452207,2.5,TRENDING,LOW,0.8,"{'price': 17675.2, 'rsi': 46.96682928801742, 'macd': 11.847538468755374, 'atr_pct': 0.11095045196498196, 'bb_position': 0.3290886944253427, 'ema_distance': 0.047952677721166216, 'trend_strength': 0.4772855425051709, 'hour': 14, 'day_of_week': 4}","{'price': 17618.1, 'rsi': 27.987309370402926, 'macd': -58.56618210357192, 'atr_pct': 0.28025155947576347, 'bb_position': -0.03952324083594817, 'ema_distance': 0.34708567133630414, 'trend_strength': 0.8847886469297045, 'hour': 9, 'day_of_week': 0}"
157,trend_following,SELL,17575.8,17565.8,750.0,10.0,0.05689641438796527,240.0,STOP_LOSS,0.5797211809554016,2.5,TRENDING,NORMAL,0.8,"{'price': 17575.8, 'rsi': 58.26257385957374, 'macd': -37.10064455203974, 'atr_pct': 0.21734430296203147, 'bb_position': 0.8188545377017574, 'ema_distance': 0.13881827962746177, 'trend_strength': 0.5174110410055984, 'hour': 9, 'day_of_week': 1}","{'price': 17568.5, 'rsi': 60.71338137336088, 'macd': -1.6250427162303822, 'atr_pct': 0.23855601949918337, 'bb_position': 0.8716072981652148, 'ema_distance': 0.06442615408122708, 'trend_strength': 0.573075709674763, 'hour': 13, 'day_of_week': 1}"
158,trend_following,SELL,17530.2,17588.55,-4376.249999999891,-58.349999999998545,-0.3328541602491617,1335.0,STOP_LOSS,0.5551361892463889,2.5,TRENDING,NORMAL,0.8,"{'price': 17530.2, 'rsi': 55.19738048308155, 'macd': -25.576445178947324, 'atr_pct': 0.29225076072801565, 'bb_position': 0.7997715061365239, 'ema_distance': 0.08518767152188848, 'trend_strength': 0.7006411813734519, 'hour': 12, 'day_of_week': 1}","{'price': 17614.35, 'rsi': 61.59757185218108, 'macd': 14.602442656920175, 'atr_pct': 0.2379147845770189, 'bb_position': 1.0793884634409074, 'ema_distance': 0.09673796015050735, 'trend_strength': 0.30369739640000587, 'hour': 11, 'day_of_week': 2}"
159,trend_following,BUY,17672.2,17637.7,-7762.5,-34.5,-0.1952218739036453,30.0,STOP_LOSS,0.9892393433493348,2.5,TRENDING,LOW,0.8,"{'price': 17672.2, 'rsi': 42.929889532880374, 'macd': 21.117138404217258, 'atr_pct': 0.13380579990849342, 'bb_position': 0.20797604917895665, 'ema_distance': 0.0844380207697642, 'trend_strength': 0.37034327255468746, 'hour': 14, 'day_of_week': 3}","{'price': 17560.75, 'rsi': 33.22102687203177, 'macd': 5.371390113414236, 'atr_pct': 0.16666632770728698, 'bb_position': -0.3877497393171618, 'ema_distance': 0.029581570449438536, 'trend_strength': 0.44561117020972474, 'hour': 14, 'day_of_week': 3}"
160,trend_following,BUY,17652.9,17613.95,-5842.500000000109,-38.95000000000073,-0.22064363362394127,15.0,STOP_LOSS,0.7445579212262281,2.5,TRENDING,LOW,0.8,"{'price': 17652.9, 'rsi': 45.58748942446273, 'macd': 16.515708988696133, 'atr_pct': 0.1437845501710371, 'bb_position': 0.023240499659278956, 'ema_distance': 0.05207216429030152, 'trend_strength': 0.40293679462442933, 'hour': 14, 'day_of_week': 3}","{'price': 17560.75, 'rsi': 33.22102687203177, 'macd': 5.371390113414236, 'atr_pct': 0.16666632770728698, 'bb_position': -0.3877497393171618, 'ema_distance': 0.029581570449438536, 'trend_strength': 0.44561117020972474, 'hour': 14, 'day_of_week': 3}"
161,trend_following,SELL,17624.25,17614.25,750.0,10.0,0.056740003120700176,5805.0,STOP_LOSS,0.7931965598726345,2.5,TRENDING,NORMAL,0.8,"{'price': 17624.25, 'rsi': 69.47680003666272, 'macd': -9.84764360322879, 'atr_pct': 0.222542397954117, 'bb_position': 0.5525933969569216, 'ema_distance': 0.05143667765274638, 'trend_strength': 0.30309269884920303, 'hour': 12, 'day_of_week': 4}","{'price': 17620.15, 'rsi': 99.99915254955467, 'macd': 56.922134415606706, 'atr_pct': 0.12660018704235243, 'bb_position': 0.8273779366078755, 'ema_distance': 0.35349282849305047, 'trend_strength': 0.13005921661501474, 'hour': 12, 'day_of_week': 1}"
162,trend_following,SELL,17624.4,17614.4,750.0,10.0,0.0567395202106171,5790.0,STOP_LOSS,0.7328922230092262,2.5,NEUTRAL,NORMAL,0.8,"{'price': 17624.4, 'rsi': 66.45651964769198, 'macd': -8.072894682994956, 'atr_pct': 0.22399952014577218, 'bb_position': 0.5748846351728208, 'ema_distance': 0.03755182858252789, 'trend_strength': 0.25589979738140584, 'hour': 12, 'day_of_week': 4}","{'price': 17620.15, 'rsi': 99.99915254955467, 'macd': 56.922134415606706, 'atr_pct': 0.12660018704235243, 'bb_position': 0.8273779366078755, 'ema_distance': 0.35349282849305047, 'trend_strength': 0.13005921661501474, 'hour': 12, 'day_of_week': 1}"
163,trend_following,SELL,17555.25,17545.25,750.0,10.0,0.05696301676136768,4185.0,STOP_LOSS,0.8600952824142265,2.5,TRENDING,NORMAL,0.8,"{'price': 17555.25, 'rsi': 50.05809730621067, 'macd': -17.965947399068682, 'atr_pct': 0.24587679306352883, 'bb_position': 0.7414012420825209, 'ema_distance': 0.05948694975047928, 'trend_strength': 0.5489168292559355, 'hour': 12, 'day_of_week': 4}","{'price': 17634.5, 'rsi': 62.24170543123748, 'macd': 9.083165898555308, 'atr_pct': 0.1903735777676065, 'bb_position': 0.9760839959193762, 'ema_distance': 0.07530889495351432, 'trend_strength': 0.44761839638492273, 'hour': 9, 'day_of_week': 0}"
164,trend_following,SELL,17571.65,17561.65,750.0,10.0,0.05690985194902016,4170.0,STOP_LOSS,0.7008902865722987,2.5,TRENDING,NORMAL,0.8,"{'price': 17571.65, 'rsi': 56.612059331272334, 'macd': -14.063443498856941, 'atr_pct': 0.24022055006623633, 'bb_position': 0.9416347158736699, 'ema_distance': 0.0337552162975793, 'trend_strength': 0.5011263175097461, 'hour': 12, 'day_of_week': 4}","{'price': 17634.5, 'rsi': 62.24170543123748, 'macd': 9.083165898555308, 'atr_pct': 0.1903735777676065, 'bb_position': 0.9760839959193762, 'ema_distance': 0.07530889495351432, 'trend_strength': 0.44761839638492273, 'hour': 9, 'day_of_week': 0}"
165,trend_following,BUY,17641.15,17629.7,-4293.750000000273,-11.450000000000728,-0.0649050657128403,15.0,STOP_LOSS,0.7266607977005026,2.5,TRENDING,NORMAL,0.8,"{'price': 17641.15, 'rsi': 48.176206091417654, 'macd': 14.341487038269406, 'atr_pct': 0.18570622825447686, 'bb_position': 0.19425822088697392, 'ema_distance': 0.05962202756682014, 'trend_strength': 0.45142141839648525, 'hour': 10, 'day_of_week': 1}","{'price': 17600.6, 'rsi': 40.713844835623455, 'macd': 7.96355649355246, 'atr_pct': 0.20054105298358543, 'bb_position': -0.16569652544333363, 'ema_distance': 0.012010542087926, 'trend_strength': 0.405687967288735, 'hour': 10, 'day_of_week': 1}"
166,trend_following,BUY,17600.6,17588.5,-2722.4999999996726,-12.099999999998545,-0.06874765632988958,1410.0,STOP_LOSS,0.43842837244650634,2.5,TRENDING,NORMAL,0.8,"{'price': 17600.6, 'rsi': 40.713844835623455, 'macd': 7.96355649355246, 'atr_pct': 0.20054105298358543, 'bb_position': -0.16569652544333363, 'ema_distance': 0.012010542087926, 'trend_strength': 0.405687967288735, 'hour': 10, 'day_of_week': 1}","{'price': 17568.35, 'rsi': 18.150171513340496, 'macd': -17.90717710691024, 'atr_pct': 0.219042441988823, 'bb_position': -0.040575514073158736, 'ema_distance': 0.14531122107414218, 'trend_strength': 0.3797780487560777, 'hour': 9, 'day_of_week': 2}"
167,trend_following,BUY,17829.45,17839.45,1500.0,10.0,0.05608697968810031,120.0,STOP_LOSS,1.0236971440657707,2.5,NEUTRAL,LOW,0.8,"{'price': 17829.45, 'rsi': 30.895971377594392, 'macd': 20.82182699504847, 'atr_pct': 0.13382753974864336, 'bb_position': 0.324675074773641, 'ema_distance': 0.06248403086513145, 'trend_strength': 0.2688387414878755, 'hour': 13, 'day_of_week': 4}","{'price': 17838.85, 'rsi': 44.6874151804199, 'macd': 10.8303991366447, 'atr_pct': 0.1589628415348698, 'bb_position': 0.3443454282951877, 'ema_distance': 0.02993228852530259, 'trend_strength': 0.5116095723957133, 'hour': 15, 'day_of_week': 4}"
168,trend_following,BUY,17812.2,17822.2,3000.0,10.0,0.05614129641481681,9870.0,STOP_LOSS,1.0246748872788087,2.5,TRENDING,LOW,0.8,"{'price': 17812.2, 'rsi': 27.32411754721872, 'macd': 16.285690622193215, 'atr_pct': 0.14811277022009078, 'bb_position': 0.2005937101376027, 'ema_distance': 0.03403620282193319, 'trend_strength': 0.31016371844565443, 'hour': 13, 'day_of_week': 4}","{'price': 17662.15, 'rsi': 18.90019366225802, 'macd': -52.20018884132878, 'atr_pct': 0.2733448160533829, 'bb_position': -0.2796687626390912, 'ema_distance': 0.3296614570474457, 'trend_strength': 0.7105144621486614, 'hour': 9, 'day_of_week': 4}"
169,trend_following,BUY,17838.85,17848.85,750.0,10.0,0.056057425226401926,9765.0,STOP_LOSS,0.5157287874546922,2.5,TRENDING,NORMAL,0.8,"{'price': 17838.85, 'rsi': 44.6874151804199, 'macd': 10.8303991366447, 'atr_pct': 0.1589628415348698, 'bb_position': 0.3443454282951877, 'ema_distance': 0.02993228852530259, 'trend_strength': 0.5116095723957133, 'hour': 15, 'day_of_week': 4}","{'price': 17662.15, 'rsi': 18.90019366225802, 'macd': -52.20018884132878, 'atr_pct': 0.2733448160533829, 'bb_position': -0.2796687626390912, 'ema_distance': 0.3296614570474457, 'trend_strength': 0.7105144621486614, 'hour': 9, 'day_of_week': 4}"
170,trend_following,SELL,17625.4,17615.4,750.0,10.0,0.05673630102011869,120.0,STOP_LOSS,0.8232030620967432,2.5,TRENDING,NORMAL,0.8,"{'price': 17625.4, 'rsi': 52.790636510624864, 'macd': -49.537861229488044, 'atr_pct': 0.3484216771574818, 'bb_position': 0.6542974017136561, 'ema_distance': 0.1920774025113611, 'trend_strength': 0.9279358863249901, 'hour': 10, 'day_of_week': 0}","{'price': 17633.45, 'rsi': 62.448517551450024, 'macd': -12.955641054148145, 'atr_pct': 0.2989448219961862, 'bb_position': 0.714366351619841, 'ema_distance': 0.0029694897353467154, 'trend_strength': 0.9561189940724791, 'hour': 12, 'day_of_week': 0}"
171,trend_following,SELL,17644.75,17634.75,750.0,10.0,0.056674081525666276,120.0,STOP_LOSS,0.6103822637615075,2.5,TRENDING,NORMAL,0.8,"{'price': 17644.75, 'rsi': 53.826672437293475, 'macd': -40.38709162036321, 'atr_pct': 0.3515412314063492, 'bb_position': 0.7566409935625703, 'ema_distance': 0.12932928883714845, 'trend_strength': 0.9425671315291433, 'hour': 10, 'day_of_week': 0}","{'price': 17644.25, 'rsi': 65.52548812792097, 'macd': -9.70237899089625, 'atr_pct': 0.29226437588935605, 'bb_position': 0.7413481513970186, 'ema_distance': 0.013009590827027677, 'trend_strength': 0.9538592422430647, 'hour': 12, 'day_of_week': 0}"
172,trend_following,SELL,17633.45,17623.45,750.0,10.0,0.05671039983667405,90.0,STOP_LOSS,0.5388323008336725,2.5,TRENDING,NORMAL,0.8,"{'price': 17633.45, 'rsi': 62.448517551450024, 'macd': -12.955641054148145, 'atr_pct': 0.2989448219961862, 'bb_position': 0.714366351619841, 'ema_distance': 0.0029694897353467154, 'trend_strength': 0.9561189940724791, 'hour': 12, 'day_of_week': 0}","{'price': 17627.6, 'rsi': 50.48792417623618, 'macd': -7.512175596846646, 'atr_pct': 0.20862170686877635, 'bb_position': 0.6096659207186852, 'ema_distance': 0.005230419476834541, 'trend_strength': 0.9165790543232478, 'hour': 13, 'day_of_week': 0}"
173,trend_following,SELL,17627.6,17617.6,1500.0,10.0,0.05672922008668225,60.0,STOP_LOSS,0.9097999039305057,2.5,TRENDING,NORMAL,0.8,"{'price': 17627.6, 'rsi': 50.48792417623618, 'macd': -7.512175596846646, 'atr_pct': 0.20862170686877635, 'bb_position': 0.6096659207186852, 'ema_distance': 0.005230419476834541, 'trend_strength': 0.9165790543232478, 'hour': 13, 'day_of_week': 0}","{'price': 17637.75, 'rsi': 47.839224680052524, 'macd': -1.1749132290060516, 'atr_pct': 0.21321961620469526, 'bb_position': 0.5974603918298264, 'ema_distance': 0.023916721285462236, 'trend_strength': 0.9078275568753555, 'hour': 14, 'day_of_week': 0}"
174,trend_following,BUY,17804.55,17814.55,3750.0,10.0,0.05616541839024294,1125.0,STOP_LOSS,0.7248033511011631,2.5,TRENDING,NORMAL,0.8,"{'price': 17804.55, 'rsi': 36.049593753849976, 'macd': 30.767344207753922, 'atr_pct': 0.16616940212313042, 'bb_position': -0.22136266123983364, 'ema_distance': 0.09593263855161031, 'trend_strength': 0.363784818668511, 'hour': 15, 'day_of_week': 1}","{'price': 17770.05, 'rsi': 24.38681544104358, 'macd': 4.663127634845296, 'atr_pct': 0.21311942606480067, 'bb_position': -0.03956547280837807, 'ema_distance': 0.053041317884005984, 'trend_strength': 0.5825005608338882, 'hour': 9, 'day_of_week': 2}"
175,trend_following,BUY,17816.25,17780.5,-5362.5,-35.75,-0.20065951027853787,1110.0,STOP_LOSS,0.6909791947164421,2.5,TRENDING,NORMAL,0.8,"{'price': 17816.25, 'rsi': 40.14465713820562, 'macd': 24.754607087681507, 'atr_pct': 0.17161299375569733, 'bb_position': -0.014365832030319143, 'ema_distance': 0.058777830265280086, 'trend_strength': 0.4047641949017067, 'hour': 15, 'day_of_week': 1}","{'price': 17770.05, 'rsi': 24.38681544104358, 'macd': 4.663127634845296, 'atr_pct': 0.21311942606480067, 'bb_position': -0.03956547280837807, 'ema_distance': 0.053041317884005984, 'trend_strength': 0.5825005608338882, 'hour': 9, 'day_of_week': 2}"
176,trend_following,SELL,17661.5,17219.962499999998,33115.31250000016,441.5375000000022,2.500000000000012,5535.0,TAKE_PROFIT,0.6207550500505168,2.5,TRENDING,NORMAL,0.8,"{'price': 17661.5, 'rsi': 49.28791132428948, 'macd': -30.87984506012799, 'atr_pct': 0.21865559065117635, 'bb_position': 0.6719765354931845, 'ema_distance': 0.11926189819161201, 'trend_strength': 0.7857072107806047, 'hour': 13, 'day_of_week': 3}","{'price': 17046.65, 'rsi': 8.142995616622343, 'macd': -98.20718315519116, 'atr_pct': 0.34091323347569963, 'bb_position': -0.11936364369013726, 'ema_distance': 0.5993938295938078, 'trend_strength': 0.831448220675441, 'hour': 9, 'day_of_week': 0}"
177,trend_following,SELL,17681.75,17239.70625,66306.56250000012,442.0437500000007,2.5000000000000044,5520.0,TAKE_PROFIT,0.7137230450658708,2.5,TRENDING,NORMAL,0.8,"{'price': 17681.75, 'rsi': 61.749905801894954, 'macd': -23.16470689180278, 'atr_pct': 0.2123254606747497, 'bb_position': 0.790496396577854, 'ema_distance': 0.06509905685926493, 'trend_strength': 0.7447255867816784, 'hour': 13, 'day_of_week': 3}","{'price': 17046.65, 'rsi': 8.142995616622343, 'macd': -98.20718315519116, 'atr_pct': 0.34091323347569963, 'bb_position': -0.11936364369013726, 'ema_distance': 0.5993938295938078, 'trend_strength': 0.831448220675441, 'hour': 9, 'day_of_week': 0}"
178,trend_following,SELL,17087.65,17077.65,750.0,10.0,0.05852179790667529,4305.0,STOP_LOSS,0.7621166717256441,2.5,TRENDING,NORMAL,0.8,"{'price': 17087.65, 'rsi': 43.391609387782935, 'macd': -21.499897754063568, 'atr_pct': 0.3399907451956763, 'bb_position': 0.7923246843566875, 'ema_distance': 0.06102621930130892, 'trend_strength': 0.305671620335475, 'hour': 12, 'day_of_week': 1}","{'price': 17087.35, 'rsi': 84.25978377987673, 'macd': 40.02052961361551, 'atr_pct': 0.32586763223755044, 'bb_position': 1.0579954859440424, 'ema_distance': 0.3052456013052222, 'trend_strength': 0.6476799166922491, 'hour': 12, 'day_of_week': 4}"
179,trend_following,SELL,17083.35,17073.35,750.0,10.0,0.0585365282570456,4290.0,STOP_LOSS,0.7990209700186904,2.5,TRENDING,NORMAL,0.8,"{'price': 17083.35, 'rsi': 49.88284420072276, 'macd': -16.34368920608904, 'atr_pct': 0.31994393873065397, 'bb_position': 0.7686186298154942, 'ema_distance': 0.027094439611186537, 'trend_strength': 0.3266511862208482, 'hour': 13, 'day_of_week': 1}","{'price': 17087.35, 'rsi': 84.25978377987673, 'macd': 40.02052961361551, 'atr_pct': 0.32586763223755044, 'bb_position': 1.0579954859440424, 'ema_distance': 0.3052456013052222, 'trend_strength': 0.6476799166922491, 'hour': 12, 'day_of_week': 4}"
180,trend_following,BUY,16980.75,16990.75,1500.0,10.0,0.05889021391870206,240.0,STOP_LOSS,0.8387767231647121,2.5,TRENDING,NORMAL,0.8,"{'price': 16980.75, 'rsi': 34.93929263488489, 'macd': 24.910233677765063, 'atr_pct': 0.2717152405770403, 'bb_position': 0.13816807823163313, 'ema_distance': 0.05514381340495268, 'trend_strength': 0.30865355504122705, 'hour': 9, 'day_of_week': 0}","{'price': 16954.1, 'rsi': 47.63904075113635, 'macd': -6.0960350079622, 'atr_pct': 0.20913609603071212, 'bb_position': 0.13263910848976515, 'ema_distance': 0.062279623578555744, 'trend_strength': 0.5231539307928018, 'hour': 13, 'day_of_week': 0}"
181,trend_following,BUY,16979.35,16989.35,2250.0,10.0,0.058895069599248506,225.0,STOP_LOSS,0.8803300133316945,2.5,TRENDING,NORMAL,0.8,"{'price': 16979.35, 'rsi': 36.633801133597785, 'macd': 16.979367501862725, 'atr_pct': 0.2760075368861934, 'bb_position': 0.12577412478950714, 'ema_distance': 0.003865976817042525, 'trend_strength': 0.3343622187919596, 'hour': 10, 'day_of_week': 0}","{'price': 16954.1, 'rsi': 47.63904075113635, 'macd': -6.0960350079622, 'atr_pct': 0.20913609603071212, 'bb_position': 0.13263910848976515, 'ema_distance': 0.062279623578555744, 'trend_strength': 0.5231539307928018, 'hour': 13, 'day_of_week': 0}"
182,trend_following,BUY,17356.35,17315.906885614215,-6066.467157867555,-40.4431143857837,-0.23301624123611073,1200.0,STOP_LOSS,0.6900519526083192,2.5,TRENDING,NORMAL,0.8,"{'price': 17356.35, 'rsi': 38.71881899364034, 'macd': 20.1131916749182, 'atr_pct': 0.1569413253033393, 'bb_position': 0.09261036373502259, 'ema_distance': 0.0766540541789862, 'trend_strength': 0.3764307054190326, 'hour': 14, 'day_of_week': 3}","{'price': 17292.1, 'rsi': 31.989554767146913, 'macd': -12.991972407104186, 'atr_pct': 0.20263175504586445, 'bb_position': 0.1521573655153941, 'ema_distance': 0.11557180569548092, 'trend_strength': 0.7814208802165384, 'hour': 10, 'day_of_week': 4}"
183,trend_following,BUY,17353.7,17317.388968531304,-8169.9820804567025,-36.311031468696456,-0.20924086199886166,1185.0,STOP_LOSS,0.9293237630212207,2.5,TRENDING,NORMAL,0.8,"{'price': 17353.7, 'rsi': 37.88808297358534, 'macd': 16.55117938588228, 'atr_pct': 0.15731515469323726, 'bb_position': 0.11117229637664128, 'ema_distance': 0.052439639083535564, 'trend_strength': 0.41414375609259146, 'hour': 14, 'day_of_week': 3}","{'price': 17292.1, 'rsi': 31.989554767146913, 'macd': -12.991972407104186, 'atr_pct': 0.20263175504586445, 'bb_position': 0.1521573655153941, 'ema_distance': 0.11557180569548092, 'trend_strength': 0.7814208802165384, 'hour': 10, 'day_of_week': 4}"
184,trend_following,SELL,17266.2,17256.2,750.0,10.0,0.05791662322919925,5595.0,STOP_LOSS,0.616982054054957,2.5,TRENDING,NORMAL,0.8,"{'price': 17266.2, 'rsi': 44.69260035131882, 'macd': -16.26555049882154, 'atr_pct': 0.28743192728320005, 'bb_position': 0.6978004434971377, 'ema_distance': 0.025626910910354066, 'trend_strength': 0.6104941522784731, 'hour': 12, 'day_of_week': 0}","{'price': 17295.95, 'rsi': 77.3801130318241, 'macd': 44.88172269246934, 'atr_pct': 0.2942059515997396, 'bb_position': 1.0810596612003691, 'ema_distance': 0.35256348310312247, 'trend_strength': 0.6524405274063008, 'hour': 9, 'day_of_week': 4}"
185,trend_following,SELL,17191.95,17181.95,750.0,10.0,0.058166758279310955,4200.0,STOP_LOSS,0.6057090158220544,2.5,TRENDING,NORMAL,0.8,"{'price': 17191.95, 'rsi': 42.626302641670414, 'macd': -10.280087495069893, 'atr_pct': 0.21378361051870706, 'bb_position': 0.5230939583796809, 'ema_distance': 0.049532638234306786, 'trend_strength': 0.6031428538477691, 'hour': 11, 'day_of_week': 1}","{'price': 17295.95, 'rsi': 77.3801130318241, 'macd': 44.88172269246934, 'atr_pct': 0.2942059515997396, 'bb_position': 1.0810596612003691, 'ema_distance': 0.35256348310312247, 'trend_strength': 0.6524405274063008, 'hour': 9, 'day_of_week': 4}"
186,trend_following,BUY,17230.3,17185.68035487165,-6692.946769252558,-44.619645128350385,-0.25896034966512704,45.0,STOP_LOSS,0.7725047967075116,2.5,TRENDING,NORMAL,0.8,"{'price': 17230.3, 'rsi': 39.49495049181736, 'macd': 35.488898487492406, 'atr_pct': 0.1813665461425542, 'bb_position': -0.04666309651814158, 'ema_distance': 0.12235044389198325, 'trend_strength': 0.43745735485882087, 'hour': 14, 'day_of_week': 4}","{'price': 17180.5, 'rsi': 29.407534582080316, 'macd': 14.436687988265476, 'atr_pct': 0.2039064221480366, 'bb_position': -0.061005547623754826, 'ema_distance': 0.011717049007779777, 'trend_strength': 0.5133185744025321, 'hour': 15, 'day_of_week': 4}"
187,trend_following,BUY,17226.3,17187.273282131588,-5854.007680261748,-39.02671786841165,-0.2265531069841559,30.0,STOP_LOSS,0.6756738352888231,2.5,TRENDING,NORMAL,0.8,"{'price': 17226.3, 'rsi': 36.38290466783553, 'macd': 29.29306990011537, 'atr_pct': 0.18599052445554867, 'bb_position': 0.004456342010596142, 'ema_distance': 0.08280300549442025, 'trend_strength': 0.46192510103226847, 'hour': 14, 'day_of_week': 4}","{'price': 17180.5, 'rsi': 29.407534582080316, 'macd': 14.436687988265476, 'atr_pct': 0.2039064221480366, 'bb_position': -0.061005547623754826, 'ema_distance': 0.011717049007779777, 'trend_strength': 0.5133185744025321, 'hour': 15, 'day_of_week': 4}"
189,trend_following,BUY,17511.7,17521.7,3000.0,10.0,0.05710467858631657,60.0,STOP_LOSS,1.0807848091735583,2.5,NEUTRAL,LOW,0.8,"{'price': 17511.7, 'rsi': 22.0808777179154, 'macd': 9.501738819250022, 'atr_pct': 0.146820207551035, 'bb_position': 0.1614369895127862, 'ema_distance': 0.0027897308545599994, 'trend_strength': 0.26844068090303247, 'hour': 13, 'day_of_week': 2}","{'price': 17503.15, 'rsi': 32.744440312895435, 'macd': 4.443093417066848, 'atr_pct': 0.17329533745150716, 'bb_position': 0.10081249292648388, 'ema_distance': 0.014558589305098334, 'trend_strength': 0.4296479904872607, 'hour': 14, 'day_of_week': 2}"
190,trend_following,BUY,17661.1,17671.1,750.0,10.0,0.05662161473520902,120.0,STOP_LOSS,0.7422548662405292,2.5,TRENDING,LOW,0.8,"{'price': 17661.1, 'rsi': 20.71386941513542, 'macd': 16.953207196031144, 'atr_pct': 0.12681219500160387, 'bb_position': 0.43759578120648684, 'ema_distance': 0.06079336075640936, 'trend_strength': 0.4269143688440459, 'hour': 13, 'day_of_week': 1}","{'price': 17651.7, 'rsi': 45.98953165284169, 'macd': 12.148414085095283, 'atr_pct': 0.12578715607318877, 'bb_position': -0.022083244523254823, 'ema_distance': 0.040231019630480015, 'trend_strength': 0.5748527592449879, 'hour': 15, 'day_of_week': 1}"
191,trend_following,BUY,17651.7,17661.7,3750.0,10.0,0.056651767251879426,2850.0,STOP_LOSS,0.6559013015890609,2.5,TRENDING,LOW,0.8,"{'price': 17651.7, 'rsi': 45.98953165284169, 'macd': 12.148414085095283, 'atr_pct': 0.12578715607318877, 'bb_position': -0.022083244523254823, 'ema_distance': 0.040231019630480015, 'trend_strength': 0.5748527592449879, 'hour': 15, 'day_of_week': 1}","{'price': 17657.75, 'rsi': 22.08281377280632, 'macd': -2.3501491601055022, 'atr_pct': 0.11864478769945473, 'bb_position': -0.04647895483587107, 'ema_distance': 0.035394633223593944, 'trend_strength': 0.4527652259018503, 'hour': 14, 'day_of_week': 3}"
192,trend_following,BUY,17743.35,17753.35,750.0,10.0,0.0563591430028715,60.0,STOP_LOSS,0.7736415253927053,2.5,TRENDING,NORMAL,0.8,"{'price': 17743.35, 'rsi': 36.09076022991, 'macd': 12.640402927903779, 'atr_pct': 0.15110288804376953, 'bb_position': 0.37183096526547255, 'ema_distance': 0.03964062422596853, 'trend_strength': 0.3013448042244899, 'hour': 12, 'day_of_week': 4}","{'price': 17728.55, 'rsi': 21.619658605343204, 'macd': 4.355598200116219, 'atr_pct': 0.13182932936663386, 'bb_position': 0.06677791341541846, 'ema_distance': 0.00811091722824433, 'trend_strength': 0.46253392678484473, 'hour': 13, 'day_of_week': 4}"
188,trend_following,BUY,17456.2,17892.605,32730.374999999913,436.40499999999884,2.4999999999999933,18435.0,TAKE_PROFIT,0.6228583112840044,2.5,TRENDING,LOW,0.8,"{'price': 17456.2, 'rsi': 41.19726651719227, 'macd': 27.784530889319285, 'atr_pct': 0.11561590069512427, 'bb_position': 0.05405820136931659, 'ema_distance': 0.0914720472568193, 'trend_strength': 0.4452839530534171, 'hour': 14, 'day_of_week': 1}","{'price': 17940.4, 'rsi': 82.12908860027989, 'macd': 40.03839164596866, 'atr_pct': 0.18334517147252793, 'bb_position': 1.0345630251997557, 'ema_distance': 0.2658536306170762, 'trend_strength': 0.5298458004939787, 'hour': 9, 'day_of_week': 0}"
193,trend_following,BUY,18110.2,18060.15,-7507.499999999891,-50.04999999999927,-0.27636359620544926,195.0,STOP_LOSS,0.8389871914717678,2.5,TRENDING,NORMAL,0.8,"{'price': 18110.2, 'rsi': 53.00283941084169, 'macd': 11.4688023587114, 'atr_pct': 0.16103789971554783, 'bb_position': 0.38858998638343833, 'ema_distance': 0.02652699205695258, 'trend_strength': 0.4505854557525793, 'hour': 10, 'day_of_week': 2}","{'price': 18051.25, 'rsi': 25.331108515817164, 'macd': -11.2183728242926, 'atr_pct': 0.11247737097747341, 'bb_position': 0.04115511637532083, 'ema_distance': 0.08463472959428257, 'trend_strength': 0.5761841119024518, 'hour': 14, 'day_of_week': 2}"
194,trend_following,BUY,18116.65,18060.15,-8475.0,-56.5,-0.311867812205899,180.0,STOP_LOSS,0.9471084179451663,2.5,TRENDING,NORMAL,0.8,"{'price': 18116.65, 'rsi': 53.21493417895696, 'macd': 10.166440334145591, 'atr_pct': 0.16407558792602153, 'bb_position': 0.47853484462189144, 'ema_distance': 0.02089215834669791, 'trend_strength': 0.387812248000806, 'hour': 11, 'day_of_week': 2}","{'price': 18051.25, 'rsi': 25.331108515817164, 'macd': -11.2183728242926, 'atr_pct': 0.11247737097747341, 'bb_position': 0.04115511637532083, 'ema_distance': 0.08463472959428257, 'trend_strength': 0.5761841119024518, 'hour': 14, 'day_of_week': 2}"
195,trend_following,SELL,18061.05,18051.05,1500.0,10.0,0.05536776654734914,30.0,STOP_LOSS,0.7723192434973507,2.5,TRENDING,LOW,0.8,"{'price': 18061.05, 'rsi': 46.51665846323621, 'macd': -11.253590072523366, 'atr_pct': 0.13721319002573157, 'bb_position': 0.5975382486321567, 'ema_distance': 0.0490872627744074, 'trend_strength': 0.8221227492293482, 'hour': 14, 'day_of_week': 3}","{'price': 18052.7, 'rsi': 51.18600266730708, 'macd': -8.155286758516013, 'atr_pct': 0.1283147989734799, 'bb_position': 0.5747495565877943, 'ema_distance': 0.027979814648872375, 'trend_strength': 0.7322475511621482, 'hour': 15, 'day_of_week': 3}"
196,trend_following,SELL,18052.7,18042.7,1500.0,10.0,0.05539337606009074,1200.0,STOP_LOSS,0.8221195496989698,2.5,TRENDING,LOW,0.8,"{'price': 18052.7, 'rsi': 51.18600266730708, 'macd': -8.155286758516013, 'atr_pct': 0.1283147989734799, 'bb_position': 0.5747495565877943, 'ema_distance': 0.027979814648872375, 'trend_strength': 0.7322475511621482, 'hour': 15, 'day_of_week': 3}","{'price': 18044.25, 'rsi': 56.460230088077964, 'macd': -6.076296985440422, 'atr_pct': 0.13910248417085833, 'bb_position': 0.5632690218526974, 'ema_distance': 0.026642008584878897, 'trend_strength': 0.2236942216037847, 'hour': 11, 'day_of_week': 4}"
197,trend_following,SELL,18052.7,18042.7,1500.0,10.0,0.05539337606009074,1185.0,STOP_LOSS,0.7471490622652566,2.5,TRENDING,LOW,0.8,"{'price': 18052.7, 'rsi': 54.044490280342295, 'macd': -6.7399444796283206, 'atr_pct': 0.12572318030781307, 'bb_position': 0.598411358846856, 'ema_distance': 0.01919814317635672, 'trend_strength': 0.678993166635983, 'hour': 15, 'day_of_week': 3}","{'price': 18044.25, 'rsi': 56.460230088077964, 'macd': -6.076296985440422, 'atr_pct': 0.13910248417085833, 'bb_position': 0.5632690218526974, 'ema_distance': 0.026642008584878897, 'trend_strength': 0.2236942216037847, 'hour': 11, 'day_of_week': 4}"
198,trend_following,BUY,18191.15,18183.123847885174,-3009.807043060391,-8.02615211482771,-0.04412119143005092,45.0,STOP_LOSS,0.6367830209249247,2.5,TRENDING,LOW,0.8,"{'price': 18191.15, 'rsi': 42.73163038948906, 'macd': 6.796949225536082, 'atr_pct': 0.11506772720330262, 'bb_position': 0.1144479320686097, 'ema_distance': 0.02013853334701784, 'trend_strength': 0.3336270049673914, 'hour': 10, 'day_of_week': 2}","{'price': 18181.3, 'rsi': 38.42783854710406, 'macd': 0.9742775239465118, 'atr_pct': 0.12760363670364863, 'bb_position': 0.04680242312291978, 'ema_distance': 0.016307577901673018, 'trend_strength': 0.3932041493319929, 'hour': 11, 'day_of_week': 2}"
199,trend_following,BUY,18189.4,18182.6,-2550.0000000010914,-6.80000000000291,-0.03738441070075379,30.0,STOP_LOSS,0.6367830209249247,2.5,TRENDING,LOW,0.8,"{'price': 18189.4, 'rsi': 41.81857697182333, 'macd': 4.653736685471813, 'atr_pct': 0.11900573175272026, 'bb_position': 0.11518689320990368, 'ema_distance': 0.005914664671901536, 'trend_strength': 0.35747080908619416, 'hour': 11, 'day_of_week': 2}","{'price': 18181.3, 'rsi': 38.42783854710406, 'macd': 0.9742775239465118, 'atr_pct': 0.12760363670364863, 'bb_position': 0.04680242312291978, 'ema_distance': 0.016307577901673018, 'trend_strength': 0.3932041493319929, 'hour': 11, 'day_of_week': 2}"
200,trend_following,SELL,18027.4,18076.333069912198,-7339.960486829477,-48.933069912196515,-0.2714372006623058,1125.0,STOP_LOSS,0.8361896163360037,2.5,TRENDING,LOW,0.8,"{'price': 18027.4, 'rsi': 42.25315888290049, 'macd': -28.22517424532998, 'atr_pct': 0.12235343342436138, 'bb_position': 0.6534797709258147, 'ema_distance': 0.1110262566475727, 'trend_strength': 0.5925179753634828, 'hour': 15, 'day_of_week': 3}","{'price': 18293.75, 'rsi': 94.06743069073866, 'macd': 35.84903856613164, 'atr_pct': 0.23159744253014297, 'bb_position': 1.0673861100461928, 'ema_distance': 0.31722485241673465, 'trend_strength': 0.565490202101305, 'hour': 9, 'day_of_week': 4}"
201,trend_following,SELL,18028.2,18074.445498543093,-6936.824781463838,-46.24549854309225,-0.25651755884166055,1110.0,STOP_LOSS,0.7902632259411355,2.5,TRENDING,LOW,0.8,"{'price': 18028.2, 'rsi': 44.31706638798214, 'macd': -24.528502297995146, 'atr_pct': 0.1243290273809168, 'bb_position': 0.6684693528703567, 'ema_distance': 0.08705827205502706, 'trend_strength': 0.6141402624418525, 'hour': 15, 'day_of_week': 3}","{'price': 18293.75, 'rsi': 94.06743069073866, 'macd': 35.84903856613164, 'atr_pct': 0.23159744253014297, 'bb_position': 1.0673861100461928, 'ema_distance': 0.31722485241673465, 'trend_strength': 0.565490202101305, 'hour': 9, 'day_of_week': 4}"
203,trend_following,BUY,18332.7,18342.7,1500.0,10.0,0.05454733890807137,105.0,STOP_LOSS,0.7736698125758698,2.5,NEUTRAL,LOW,0.8,"{'price': 18332.7, 'rsi': 30.93204164637467, 'macd': 9.742905675910151, 'atr_pct': 0.10634782967826803, 'bb_position': 0.2904901963401777, 'ema_distance': 0.008913419550657048, 'trend_strength': 0.27835958000090083, 'hour': 13, 'day_of_week': 0}","{'price': 18339.6, 'rsi': 49.38228928885797, 'macd': 9.462532705892954, 'atr_pct': 0.1131626176610769, 'bb_position': 0.41139293026204127, 'ema_distance': 0.028244355958341568, 'trend_strength': 0.3059437584325705, 'hour': 14, 'day_of_week': 0}"
202,trend_following,BUY,18319.6,18329.6,2250.0,10.0,0.05458634468001486,150.0,STOP_LOSS,0.8665327721163157,2.5,NEUTRAL,LOW,0.8,"{'price': 18319.6, 'rsi': 23.46297430161313, 'macd': 10.966257254036464, 'atr_pct': 0.10847086492842554, 'bb_position': 0.08302745434883813, 'ema_distance': 0.01193854389853117, 'trend_strength': 0.26698378320474003, 'hour': 12, 'day_of_week': 0}","{'price': 18329.15, 'rsi': 47.32692938317684, 'macd': 5.607495230920904, 'atr_pct': 0.12371004656516964, 'bb_position': 0.2357543678396503, 'ema_distance': 0.004588489607615679, 'trend_strength': 0.34855596228279573, 'hour': 15, 'day_of_week': 0}"
205,trend_following,BUY,18329.15,18306.0221433132,-8672.946257550848,-23.12785668680226,-0.12618073771452717,1110.0,STOP_LOSS,1.0000401275049955,2.5,TRENDING,LOW,0.8,"{'price': 18329.15, 'rsi': 47.32692938317684, 'macd': 5.607495230920904, 'atr_pct': 0.12371004656516964, 'bb_position': 0.2357543678396503, 'ema_distance': 0.004588489607615679, 'trend_strength': 0.34855596228279573, 'hour': 15, 'day_of_week': 0}","{'price': 18304.05, 'rsi': 45.54787422259423, 'macd': -0.5362980603968026, 'atr_pct': 0.15078630139231539, 'bb_position': -0.04924462711976269, 'ema_distance': 0.028316059802199103, 'trend_strength': 0.2879439867446373, 'hour': 9, 'day_of_week': 1}"
206,trend_following,BUY,18385.85,18395.85,3000.0,10.0,0.054389652912429934,1200.0,STOP_LOSS,1.0884163540977974,2.5,TRENDING,LOW,0.8,"{'price': 18385.85, 'rsi': 41.15338914811341, 'macd': 14.057542466242012, 'atr_pct': 0.10924550284982669, 'bb_position': 0.23051698910380491, 'ema_distance': 0.053215671444658795, 'trend_strength': 0.3840441661243286, 'hour': 14, 'day_of_week': 2}","{'price': 18382.1, 'rsi': 44.45746371960479, 'macd': 2.006431222809624, 'atr_pct': 0.172236655690668, 'bb_position': 0.2160264495505242, 'ema_distance': 0.006885797670719923, 'trend_strength': 0.5161733811003008, 'hour': 10, 'day_of_week': 3}"
207,trend_following,BUY,18383.85,18393.85,2250.0,10.0,0.05439557002477719,30.0,STOP_LOSS,0.8761449585823117,2.5,TRENDING,LOW,0.8,"{'price': 18383.85, 'rsi': 54.95924910976189, 'macd': 1.8371852187774493, 'atr_pct': 0.09221991818129134, 'bb_position': 0.5243811812158666, 'ema_distance': 0.015265108734298661, 'trend_strength': 0.321864320764514, 'hour': 14, 'day_of_week': 3}","{'price': 18374.05, 'rsi': 56.13595794959188, 'macd': 0.7383132219110848, 'atr_pct': 0.10043279205494339, 'bb_position': 0.3737445486065758, 'ema_distance': 0.004739055622268835, 'trend_strength': 0.26942147608153993, 'hour': 14, 'day_of_week': 3}"
204,trend_following,BUY,18339.6,18349.6,2250.0,10.0,0.05452681628825057,4335.0,STOP_LOSS,0.9248939147953809,2.5,TRENDING,LOW,0.8,"{'price': 18339.6, 'rsi': 49.38228928885797, 'macd': 9.462532705892954, 'atr_pct': 0.1131626176610769, 'bb_position': 0.41139293026204127, 'ema_distance': 0.028244355958341568, 'trend_strength': 0.3059437584325705, 'hour': 14, 'day_of_week': 0}","{'price': 18323.15, 'rsi': 36.74310065165734, 'macd': -4.490778040551959, 'atr_pct': 0.11944296851640897, 'bb_position': -0.20821283906240468, 'ema_distance': 0.03451823824073148, 'trend_strength': 0.2843236945500531, 'hour': 15, 'day_of_week': 3}"
208,trend_following,BUY,18374.05,18350.3,-8906.25,-23.75,-0.12925838342662616,15.0,STOP_LOSS,1.0310106249702733,2.5,NEUTRAL,LOW,0.8,"{'price': 18374.05, 'rsi': 56.13595794959188, 'macd': 0.7383132219110848, 'atr_pct': 0.10043279205494339, 'bb_position': 0.3737445486065758, 'ema_distance': 0.004739055622268835, 'trend_strength': 0.26942147608153993, 'hour': 14, 'day_of_week': 3}","{'price': 18323.15, 'rsi': 36.74310065165734, 'macd': -4.490778040551959, 'atr_pct': 0.11944296851640897, 'bb_position': -0.20821283906240468, 'ema_distance': 0.03451823824073148, 'trend_strength': 0.2843236945500531, 'hour': 15, 'day_of_week': 3}"
209,trend_following,SELL,18266.55,18304.35,-8504.999999999836,-37.79999999999927,-0.20693562823849754,15.0,STOP_LOSS,0.9922062768309429,2.5,TRENDING,LOW,0.8,"{'price': 18266.55, 'rsi': 55.791163517875255, 'macd': -21.309016711689765, 'atr_pct': 0.13776156808092488, 'bb_position': 0.6797792180021748, 'ema_distance': 0.07997039740684536, 'trend_strength': 0.4504440377883675, 'hour': 14, 'day_of_week': 4}","{'price': 18322.55, 'rsi': 65.00764335083718, 'macd': -14.144561873774364, 'atr_pct': 0.15073151467922044, 'bb_position': 1.1880660434838837, 'ema_distance': 0.0297984945402893, 'trend_strength': 0.42256101388212075, 'hour': 15, 'day_of_week': 4}"
211,trend_following,SELL,18171.3,18161.3,1500.0,10.0,0.05503183591707803,1125.0,STOP_LOSS,0.7799788388881527,2.5,TRENDING,LOW,0.8,"{'price': 18171.3, 'rsi': 49.81726735128027, 'macd': -18.786384769558936, 'atr_pct': 0.09960762300991752, 'bb_position': 0.7580254699557009, 'ema_distance': 0.06985452967781022, 'trend_strength': 0.5398747112998289, 'hour': 15, 'day_of_week': 0}","{'price': 18190.45, 'rsi': 63.0355754966535, 'macd': -9.425799491982616, 'atr_pct': 0.12645960615912424, 'bb_position': 1.157952996295266, 'ema_distance': 0.0157227530341053, 'trend_strength': 0.36230591511903865, 'hour': 9, 'day_of_week': 1}"
212,trend_following,SELL,18190.45,18207.022124684634,-6214.546756737491,-16.57212468463331,-0.09110343440999705,15.0,STOP_LOSS,0.7309721130823733,2.5,TRENDING,LOW,0.8,"{'price': 18190.45, 'rsi': 63.0355754966535, 'macd': -9.425799491982616, 'atr_pct': 0.12645960615912424, 'bb_position': 1.157952996295266, 'ema_distance': 0.0157227530341053, 'trend_strength': 0.36230591511903865, 'hour': 9, 'day_of_week': 1}","{'price': 18207.2, 'rsi': 72.01313630930927, 'macd': -5.450984581595549, 'atr_pct': 0.1281675067320338, 'bb_position': 1.2314114623538182, 'ema_distance': 0.009537952046625027, 'trend_strength': 0.3427804565927673, 'hour': 10, 'day_of_week': 1}"
210,trend_following,SELL,18322.55,18312.55,2250.0,10.0,0.05457755607161667,8325.0,STOP_LOSS,0.3976784399791728,2.5,TRENDING,NORMAL,0.8,"{'price': 18322.55, 'rsi': 65.00764335083718, 'macd': -14.144561873774364, 'atr_pct': 0.15073151467922044, 'bb_position': 1.1880660434838837, 'ema_distance': 0.0297984945402893, 'trend_strength': 0.42256101388212075, 'hour': 15, 'day_of_week': 4}","{'price': 18344.1, 'rsi': 69.33676462969501, 'macd': 17.474087015845726, 'atr_pct': 0.12029948126568203, 'bb_position': 1.1174839611858167, 'ema_distance': 0.09434661662063334, 'trend_strength': 0.37173512571573303, 'hour': 9, 'day_of_week': 3}"
213,trend_following,BUY,18271.5,18728.2875,171295.31249999945,456.78749999999854,2.499999999999992,10080.0,TAKE_PROFIT,0.8775582381697185,2.5,TRENDING,LOW,0.8,"{'price': 18271.5, 'rsi': 49.37087889700485, 'macd': 13.410713728637347, 'atr_pct': 0.07904582077474599, 'bb_position': 0.37424634308319166, 'ema_distance': 0.05972331154279767, 'trend_strength': 0.34640339899448847, 'hour': 15, 'day_of_week': 2}","{'price': 18765.95, 'rsi': 82.16165743435452, 'macd': 18.810912514018128, 'atr_pct': 0.11365569783875362, 'bb_position': 1.351101342636952, 'ema_distance': 0.11348625374320762, 'trend_strength': 0.43634019648208083, 'hour': 15, 'day_of_week': 2}"
215,trend_following,BUY,18808.15,18760.880071740496,-10635.733858388812,-47.26992825950583,-0.25132683575740217,1125.0,STOP_LOSS,1.0452744000731164,2.5,TRENDING,LOW,0.8,"{'price': 18808.15, 'rsi': 44.66799588472335, 'macd': 17.560887957548402, 'atr_pct': 0.13658592532644528, 'bb_position': 0.13716591602557113, 'ema_distance': 0.050002475572853144, 'trend_strength': 0.3711598058574335, 'hour': 15, 'day_of_week': 3}","{'price': 18712.9, 'rsi': 23.603105083614963, 'macd': -8.290473859276972, 'atr_pct': 0.17463125132166413, 'bb_position': -0.07577877184376403, 'ema_distance': 0.1062188490603344, 'trend_strength': 0.5415268805128349, 'hour': 9, 'day_of_week': 4}"
216,trend_following,SELL,18667.65,18657.65,1500.0,10.0,0.05356860665375663,135.0,STOP_LOSS,0.9080113622817909,2.5,TRENDING,LOW,0.8,"{'price': 18667.65, 'rsi': 42.764079687792695, 'macd': -15.465229743153031, 'atr_pct': 0.129023815454624, 'bb_position': 0.5686496194939986, 'ema_distance': 0.05527500842356505, 'trend_strength': 0.592465300024584, 'hour': 12, 'day_of_week': 0}","{'price': 18680.7, 'rsi': 63.24889381721875, 'macd': -3.9846501378997345, 'atr_pct': 0.1337897249185348, 'bb_position': 0.7515935224994839, 'ema_distance': 0.005234060517935079, 'trend_strength': 0.2784348804341598, 'hour': 14, 'day_of_week': 0}"
217,trend_following,SELL,18680.7,18670.7,2250.0,10.0,0.053531184591583826,30.0,STOP_LOSS,0.8545964632192532,2.5,NEUTRAL,LOW,0.8,"{'price': 18680.7, 'rsi': 63.24889381721875, 'macd': -3.9846501378997345, 'atr_pct': 0.1337897249185348, 'bb_position': 0.7515935224994839, 'ema_distance': 0.005234060517935079, 'trend_strength': 0.2784348804341598, 'hour': 14, 'day_of_week': 0}","{'price': 18673.5, 'rsi': 57.92813428328092, 'macd': -2.3903138585519628, 'atr_pct': 0.14277298998963112, 'bb_position': 0.667322558492786, 'ema_distance': 0.002692306846597454, 'trend_strength': 0.1920539035163846, 'hour': 14, 'day_of_week': 0}"
218,trend_following,SELL,18627.55,18617.55,750.0,10.0,0.053683925153871555,90.0,STOP_LOSS,0.6768118115880206,2.5,TRENDING,LOW,0.8,"{'price': 18627.55, 'rsi': 46.536611898169966, 'macd': -12.88007088085942, 'atr_pct': 0.09902766907848093, 'bb_position': 0.5400957926415716, 'ema_distance': 0.05519250815083929, 'trend_strength': 0.42950039839929555, 'hour': 13, 'day_of_week': 1}","{'price': 18651.9, 'rsi': 63.598686946221484, 'macd': -6.352889359342953, 'atr_pct': 0.11689732106955296, 'bb_position': 1.1354629272638515, 'ema_distance': 0.013558537684345232, 'trend_strength': 0.3233010166868975, 'hour': 15, 'day_of_week': 1}"
219,trend_following,SELL,18651.9,18654.9,-1125.0,-3.0,-0.01608415228475383,1140.0,STOP_LOSS,0.5561759125702446,2.5,TRENDING,LOW,0.8,"{'price': 18651.9, 'rsi': 63.598686946221484, 'macd': -6.352889359342953, 'atr_pct': 0.11689732106955296, 'bb_position': 1.1354629272638515, 'ema_distance': 0.013558537684345232, 'trend_strength': 0.3233010166868975, 'hour': 15, 'day_of_week': 1}","{'price': 18661.7, 'rsi': 63.220173199417744, 'macd': 3.496790732817317, 'atr_pct': 0.13427041939985812, 'bb_position': 0.9997993197898934, 'ema_distance': 0.039979793977598634, 'trend_strength': 0.18358391132584792, 'hour': 10, 'day_of_week': 2}"
214,trend_following,BUY,18564.7,18574.7,2250.0,10.0,0.05386566979267103,12810.0,STOP_LOSS,1.0351361537183543,2.5,TRENDING,LOW,0.8,"{'price': 18564.7, 'rsi': 45.52113300184874, 'macd': 19.36620416812366, 'atr_pct': 0.111444223253196, 'bb_position': 0.27697037177755285, 'ema_distance': 0.06918124653378935, 'trend_strength': 0.4374271354148279, 'hour': 15, 'day_of_week': 0}","{'price': 18572.3, 'rsi': 31.790930435241663, 'macd': -13.12973546295325, 'atr_pct': 0.14164719963140304, 'bb_position': 0.15530796732795304, 'ema_distance': 0.07675690578170041, 'trend_strength': 0.5250865158069502, 'hour': 12, 'day_of_week': 2}"
220,trend_following,SELL,18612.25,18602.25,1500.0,10.0,0.05372805544735322,1140.0,STOP_LOSS,0.8303739293657689,2.5,TRENDING,LOW,0.8,"{'price': 18612.25, 'rsi': 59.6619223911886, 'macd': -6.3932551175312256, 'atr_pct': 0.10546049740666162, 'bb_position': 0.6455842809778004, 'ema_distance': 0.021402954743685216, 'trend_strength': 0.8182441214656532, 'hour': 14, 'day_of_week': 2}","{'price': 18608.5, 'rsi': 53.32308054206707, 'macd': -8.578144363294996, 'atr_pct': 0.14734050107669494, 'bb_position': 0.8541199688163174, 'ema_distance': 0.0346641942119751, 'trend_strength': 0.7582899641580125, 'hour': 9, 'day_of_week': 3}"
222,trend_following,SELL,18601.8,18591.8,3750.0,10.0,0.05375823845004247,255.0,STOP_LOSS,0.8579918376067976,2.5,TRENDING,NORMAL,0.8,"{'price': 18601.8, 'rsi': 51.13491986044555, 'macd': -6.441770654186257, 'atr_pct': 0.1528077927942446, 'bb_position': 0.7326260952214728, 'ema_distance': 0.01985537000403257, 'trend_strength': 0.7272326225750971, 'hour': 10, 'day_of_week': 3}","{'price': 18595.8, 'rsi': 62.49891171049148, 'macd': -1.1289267765205295, 'atr_pct': 0.09468343850300788, 'bb_position': 0.806106190969853, 'ema_distance': 0.0053138702634447366, 'trend_strength': 0.4232875788432549, 'hour': 14, 'day_of_week': 3}"
221,trend_following,SELL,18608.5,18598.5,3750.0,10.0,0.05373888276862723,285.0,STOP_LOSS,0.5547361019009293,2.5,TRENDING,LOW,0.8,"{'price': 18608.5, 'rsi': 53.32308054206707, 'macd': -8.578144363294996, 'atr_pct': 0.14734050107669494, 'bb_position': 0.8541199688163174, 'ema_distance': 0.0346641942119751, 'trend_strength': 0.7582899641580125, 'hour': 9, 'day_of_week': 3}","{'price': 18601.3, 'rsi': 64.48656912606748, 'macd': 0.4051384081139986, 'atr_pct': 0.09571143645105938, 'bb_position': 0.881964804907153, 'ema_distance': 0.014894892746176877, 'trend_strength': 0.39860720329417193, 'hour': 14, 'day_of_week': 3}"
223,trend_following,SELL,18502.6,18492.6,1500.0,10.0,0.05404645833558527,120.0,STOP_LOSS,0.9684328953521745,2.5,TRENDING,NORMAL,0.8,"{'price': 18502.6, 'rsi': 51.16631566740214, 'macd': -21.91727687654202, 'atr_pct': 0.2478609183883021, 'bb_position': 0.6356128751782548, 'ema_distance': 0.08544680954619764, 'trend_strength': 0.7602753601852874, 'hour': 10, 'day_of_week': 0}","{'price': 18502.55, 'rsi': 50.85652642437163, 'macd': -6.025282567981776, 'atr_pct': 0.21786572275558874, 'bb_position': 0.6670377609184748, 'ema_distance': 0.004304809991740131, 'trend_strength': 0.6549724833241002, 'hour': 12, 'day_of_week': 0}"
224,trend_following,SELL,18506.2,18496.2,1500.0,10.0,0.05403594471042137,105.0,STOP_LOSS,0.9155692346505839,2.5,TRENDING,NORMAL,0.8,"{'price': 18506.2, 'rsi': 54.74042543447687, 'macd': -17.78656092557867, 'atr_pct': 0.24466703822811278, 'bb_position': 0.6930156509051757, 'ema_distance': 0.057923668170828856, 'trend_strength': 0.7422636641670772, 'hour': 10, 'day_of_week': 0}","{'price': 18502.55, 'rsi': 50.85652642437163, 'macd': -6.025282567981776, 'atr_pct': 0.21786572275558874, 'bb_position': 0.6670377609184748, 'ema_distance': 0.004304809991740131, 'trend_strength': 0.6549724833241002, 'hour': 12, 'day_of_week': 0}"
225,trend_following,SELL,18502.55,18492.55,3750.0,10.0,0.05404660438696288,165.0,STOP_LOSS,0.6954641464418094,2.5,TRENDING,NORMAL,0.8,"{'price': 18502.55, 'rsi': 50.85652642437163, 'macd': -6.025282567981776, 'atr_pct': 0.21786572275558874, 'bb_position': 0.6670377609184748, 'ema_distance': 0.004304809991740131, 'trend_strength': 0.6549724833241002, 'hour': 12, 'day_of_week': 0}","{'price': 18497.2, 'rsi': 53.21741584853266, 'macd': -11.089314044522325, 'atr_pct': 0.1349625117006098, 'bb_position': 0.6745840036984284, 'ema_distance': 0.04757613725839989, 'trend_strength': 0.6929497999393063, 'hour': 15, 'day_of_week': 0}"
226,trend_following,SELL,18494.9,18484.9,3750.0,10.0,0.054068959551011354,150.0,STOP_LOSS,0.9754799738248792,2.5,TRENDING,NORMAL,0.8,"{'price': 18494.9, 'rsi': 49.76029962124731, 'macd': -5.293100269926072, 'atr_pct': 0.22282204437825745, 'bb_position': 0.6006239860079226, 'ema_distance': 0.0026380687381856185, 'trend_strength': 0.653058447152563, 'hour': 12, 'day_of_week': 0}","{'price': 18497.2, 'rsi': 53.21741584853266, 'macd': -11.089314044522325, 'atr_pct': 0.1349625117006098, 'bb_position': 0.6745840036984284, 'ema_distance': 0.04757613725839989, 'trend_strength': 0.6929497999393063, 'hour': 15, 'day_of_week': 0}"
227,trend_following,SELL,18497.2,18521.55,-9131.249999999454,-24.349999999998545,-0.1316415457474566,1140.0,STOP_LOSS,0.8848147671838591,2.5,TRENDING,LOW,0.8,"{'price': 18497.2, 'rsi': 53.21741584853266, 'macd': -11.089314044522325, 'atr_pct': 0.1349625117006098, 'bb_position': 0.6745840036984284, 'ema_distance': 0.04757613725839989, 'trend_strength': 0.6929497999393063, 'hour': 15, 'day_of_week': 0}","{'price': 18525.35, 'rsi': 61.4284959881208, 'macd': 6.69928112105481, 'atr_pct': 0.15166476515384567, 'bb_position': 0.8551138958048374, 'ema_distance': 0.06314261907252261, 'trend_strength': 0.5031254305194093, 'hour': 10, 'day_of_week': 1}"
228,trend_following,BUY,18645.95,18655.95,1500.0,10.0,0.05363094934824989,1200.0,STOP_LOSS,0.7838282296664008,2.5,TRENDING,LOW,0.8,"{'price': 18645.95, 'rsi': 36.526333690213576, 'macd': 18.17161145889986, 'atr_pct': 0.06972023415272624, 'bb_position': 0.15541590571864403, 'ema_distance': 0.05807313560460145, 'trend_strength': 0.3824253461676724, 'hour': 13, 'day_of_week': 2}","{'price': 18576.15, 'rsi': 24.06341315667727, 'macd': -6.7868053238416906, 'atr_pct': 0.12652552562598202, 'bb_position': -0.12510852484817017, 'ema_distance': 0.0794303026751388, 'trend_strength': 0.7124606785786578, 'hour': 9, 'day_of_week': 3}"
229,trend_following,BUY,18634.4,18644.4,3750.0,10.0,0.0536641909586571,1185.0,STOP_LOSS,0.6537746219228875,2.5,TRENDING,LOW,0.8,"{'price': 18634.4, 'rsi': 32.63728526271511, 'macd': 14.220932785632613, 'atr_pct': 0.0743440702602256, 'bb_position': -0.18494405248289786, 'ema_distance': 0.03341336883519362, 'trend_strength': 0.42271520740693097, 'hour': 14, 'day_of_week': 2}","{'price': 18576.15, 'rsi': 24.06341315667727, 'macd': -6.7868053238416906, 'atr_pct': 0.12652552562598202, 'bb_position': -0.12510852484817017, 'ema_distance': 0.0794303026751388, 'trend_strength': 0.7124606785786578, 'hour': 9, 'day_of_week': 3}"
231,trend_following,SELL,18345.65,18335.65,1500.0,10.0,0.054508834519354725,45.0,STOP_LOSS,0.9505265076585865,2.5,TRENDING,NORMAL,0.8,"{'price': 18345.65, 'rsi': 46.277645592515704, 'macd': -22.472193625941145, 'atr_pct': 0.20376570389788579, 'bb_position': 0.635395327431774, 'ema_distance': 0.06632554297032917, 'trend_strength': 0.378845551491082, 'hour': 10, 'day_of_week': 0}","{'price': 18339.45, 'rsi': 52.662794011940974, 'macd': -12.951961482594925, 'atr_pct': 0.18802168471323882, 'bb_position': 0.6440011959445968, 'ema_distance': 0.01613770039251543, 'trend_strength': 0.4527783551178553, 'hour': 11, 'day_of_week': 0}"
230,trend_following,SELL,18333.55,18410.8,-5793.75,-77.25,-0.42135865667042116,300.0,STOP_LOSS,0.563531640189012,2.5,TRENDING,NORMAL,0.8,"{'price': 18333.55, 'rsi': 40.227533856275755, 'macd': -27.696617958470597, 'atr_pct': 0.20372486506977563, 'bb_position': 0.575463282394872, 'ema_distance': 0.10061135160958098, 'trend_strength': 0.35478715166188624, 'hour': 10, 'day_of_week': 0}","{'price': 18418.7, 'rsi': 65.43115980634599, 'macd': 13.928733146953164, 'atr_pct': 0.11610870629151021, 'bb_position': 1.0855541001205207, 'ema_distance': 0.09841654298232358, 'trend_strength': 0.6223004738447007, 'hour': 15, 'day_of_week': 0}"
232,trend_following,SELL,18339.45,18410.1,-5298.749999999836,-70.64999999999782,-0.385235107923072,240.0,STOP_LOSS,0.5146344055045454,2.5,TRENDING,NORMAL,0.8,"{'price': 18339.45, 'rsi': 52.662794011940974, 'macd': -12.951961482594925, 'atr_pct': 0.18802168471323882, 'bb_position': 0.6440011959445968, 'ema_distance': 0.01613770039251543, 'trend_strength': 0.4527783551178553, 'hour': 11, 'day_of_week': 0}","{'price': 18418.7, 'rsi': 65.43115980634599, 'macd': 13.928733146953164, 'atr_pct': 0.11610870629151021, 'bb_position': 1.0855541001205207, 'ema_distance': 0.09841654298232358, 'trend_strength': 0.6223004738447007, 'hour': 15, 'day_of_week': 0}"
233,trend_following,SELL,18298.85,18355.2,-8452.500000000327,-56.35000000000218,-0.30794284886756373,60.0,STOP_LOSS,0.8298790545018647,2.5,TRENDING,LOW,0.8,"{'price': 18298.85, 'rsi': 72.25825853420031, 'macd': -11.586761895112431, 'atr_pct': 0.13502019447748337, 'bb_position': 0.9574486980097136, 'ema_distance': 0.024245841303520067, 'trend_strength': 0.7225896157582917, 'hour': 14, 'day_of_week': 1}","{'price': 18399.6, 'rsi': 93.18847169084083, 'macd': 10.989889147589565, 'atr_pct': 0.16551213846263824, 'bb_position': 1.1636544154078763, 'ema_distance': 0.1156373834567784, 'trend_strength': 0.5349632905739036, 'hour': 15, 'day_of_week': 1}"
235,trend_following,SELL,17933.75,17982.917192700526,-7375.0789050789535,-49.16719270052636,-0.2741601321559984,105.0,STOP_LOSS,0.7301556535693212,2.5,TRENDING,NORMAL,0.8,"{'price': 17933.75, 'rsi': 55.45880592383314, 'macd': -30.50832985782108, 'atr_pct': 0.2530543966384191, 'bb_position': 0.84164068233327, 'ema_distance': 0.0823078348976482, 'trend_strength': 0.7488669084260386, 'hour': 9, 'day_of_week': 0}","{'price': 17997.2, 'rsi': 75.53495450058455, 'macd': 5.751478383463109, 'atr_pct': 0.2234276125492511, 'bb_position': 0.9271739507185863, 'ema_distance': 0.10904270850307639, 'trend_strength': 0.6085564953449613, 'hour': 11, 'day_of_week': 0}"
234,trend_following,SELL,18142.9,18132.9,1500.0,10.0,0.055117980036267625,7200.0,STOP_LOSS,0.7485843063274343,2.5,NEUTRAL,NORMAL,0.8,"{'price': 18142.9, 'rsi': 55.616153926518585, 'macd': -22.121059747543768, 'atr_pct': 0.22218451452476967, 'bb_position': 0.7384435708718007, 'ema_distance': 0.07277760347938105, 'trend_strength': 0.2588538952710025, 'hour': 15, 'day_of_week': 3}","{'price': 18132.95, 'rsi': 70.35924288214915, 'macd': 29.932358571481018, 'atr_pct': 0.16956109497587454, 'bb_position': 0.9657020593369635, 'ema_distance': 0.16423665050087433, 'trend_strength': 0.33875599180689603, 'hour': 15, 'day_of_week': 1}"
236,trend_following,BUY,18117.5,18089.5,-10500.0,-28.0,-0.15454670898302744,1140.0,STOP_LOSS,1.0456143468037722,2.5,TRENDING,LOW,0.8,"{'price': 18117.5, 'rsi': 45.509690204237515, 'macd': 13.808599421274266, 'atr_pct': 0.12996510871493536, 'bb_position': 0.22082649800685392, 'ema_distance': 0.0538803281841935, 'trend_strength': 0.5567256608859582, 'hour': 14, 'day_of_week': 2}","{'price': 18021.05, 'rsi': 25.33655104725821, 'macd': -14.065159527952346, 'atr_pct': 0.1829804589632671, 'bb_position': -0.08594534278648477, 'ema_distance': 0.13118719904282142, 'trend_strength': 0.4905008279784597, 'hour': 9, 'day_of_week': 3}"
237,trend_following,BUY,18125.7,18089.5,-10860.000000000218,-36.20000000000073,-0.1997164247449794,1125.0,STOP_LOSS,1.0814639815513518,2.5,TRENDING,LOW,0.8,"{'price': 18125.7, 'rsi': 49.95427402003311, 'macd': 11.598381726002117, 'atr_pct': 0.1374922269011868, 'bb_position': 0.35830354643382994, 'ema_distance': 0.03899547442130029, 'trend_strength': 0.52429574567491, 'hour': 15, 'day_of_week': 2}","{'price': 18021.05, 'rsi': 25.33655104725821, 'macd': -14.065159527952346, 'atr_pct': 0.1829804589632671, 'bb_position': -0.08594534278648477, 'ema_distance': 0.13118719904282142, 'trend_strength': 0.4905008279784597, 'hour': 9, 'day_of_week': 3}"
238,trend_following,BUY,18170.35,18180.35,3750.0,10.0,0.05503471314531642,30.0,STOP_LOSS,0.5924460855949406,2.5,NEUTRAL,LOW,0.8,"{'price': 18170.35, 'rsi': 35.41924815187353, 'macd': 16.917691511451267, 'atr_pct': 0.139807826643799, 'bb_position': -0.04372403174204545, 'ema_distance': 0.04759903162730914, 'trend_strength': 0.255092453691165, 'hour': 13, 'day_of_week': 4}","{'price': 18168.15, 'rsi': 38.73679541196178, 'macd': 11.605143776963814, 'atr_pct': 0.15106892320587717, 'bb_position': -0.00923051424048993, 'ema_distance': 0.01837883675304099, 'trend_strength': 0.34956413301444733, 'hour': 14, 'day_of_week': 4}"
239,trend_following,BUY,18168.15,18178.15,3750.0,10.0,0.05504137735542694,45.0,STOP_LOSS,0.5701489290249331,2.5,TRENDING,NORMAL,0.8,"{'price': 18168.15, 'rsi': 38.73679541196178, 'macd': 11.605143776963814, 'atr_pct': 0.15106892320587717, 'bb_position': -0.00923051424048993, 'ema_distance': 0.01837883675304099, 'trend_strength': 0.34956413301444733, 'hour': 14, 'day_of_week': 4}","{'price': 18098.3, 'rsi': 33.79266596131066, 'macd': -0.02653582962739165, 'atr_pct': 0.19244112114713163, 'bb_position': -0.2917686472611983, 'ema_distance': 0.05153669670406157, 'trend_strength': 0.463183386668314, 'hour': 15, 'day_of_week': 4}"
240,trend_following,BUY,18173.2,18183.2,3750.0,10.0,0.055026082363040074,30.0,STOP_LOSS,0.5906370380129391,2.5,TRENDING,NORMAL,0.8,"{'price': 18173.2, 'rsi': 38.06908019964117, 'macd': 8.873124657075095, 'atr_pct': 0.15100729174200028, 'bb_position': 0.0997221236874942, 'ema_distance': 0.0038913923203886362, 'trend_strength': 0.40053711392599894, 'hour': 14, 'day_of_week': 4}","{'price': 18098.3, 'rsi': 33.79266596131066, 'macd': -0.02653582962739165, 'atr_pct': 0.19244112114713163, 'bb_position': -0.2917686472611983, 'ema_distance': 0.05153669670406157, 'trend_strength': 0.463183386668314, 'hour': 15, 'day_of_week': 4}"
241,trend_following,BUY,18171.4,18181.4,750.0,10.0,0.05503153306844822,1365.0,STOP_LOSS,0.681657459558332,2.5,TRENDING,LOW,0.8,"{'price': 18171.4, 'rsi': 52.76824836776733, 'macd': 2.073070707883744, 'atr_pct': 0.11515348294572818, 'bb_position': 0.5751561854809869, 'ema_distance': 0.011009491006987117, 'trend_strength': 0.3905526647676718, 'hour': 13, 'day_of_week': 0}","{'price': 18175.0, 'rsi': 44.265328370576064, 'macd': 8.794504188495921, 'atr_pct': 0.13493810178817428, 'bb_position': 0.27371912308664287, 'ema_distance': 0.0335307190398653, 'trend_strength': 0.5784351980924509, 'hour': 12, 'day_of_week': 1}"
242,trend_following,BUY,18163.1,18173.1,750.0,10.0,0.0550566808529381,2640.0,STOP_LOSS,0.5779187758955836,2.5,TRENDING,LOW,0.8,"{'price': 18163.1, 'rsi': 52.039364888461805, 'macd': 1.0875313264186843, 'atr_pct': 0.11465553787624332, 'bb_position': 0.47111109721959704, 'ema_distance': 0.0033112819982973113, 'trend_strength': 0.37203146635981454, 'hour': 13, 'day_of_week': 0}","{'price': 18128.3, 'rsi': 38.275302986203464, 'macd': -1.8804169865361473, 'atr_pct': 0.1427917360464791, 'bb_position': -0.14481120621585256, 'ema_distance': 0.03711230888860296, 'trend_strength': 0.44828080595070285, 'hour': 9, 'day_of_week': 2}"
243,trend_following,BUY,18175.0,18185.0,1500.0,10.0,0.055020632737276476,1290.0,STOP_LOSS,0.7810345656497587,2.5,TRENDING,LOW,0.8,"{'price': 18175.0, 'rsi': 44.265328370576064, 'macd': 8.794504188495921, 'atr_pct': 0.13493810178817428, 'bb_position': 0.27371912308664287, 'ema_distance': 0.0335307190398653, 'trend_strength': 0.5784351980924509, 'hour': 12, 'day_of_week': 1}","{'price': 18128.3, 'rsi': 38.275302986203464, 'macd': -1.8804169865361473, 'atr_pct': 0.1427917360464791, 'bb_position': -0.14481120621585256, 'ema_distance': 0.03711230888860296, 'trend_strength': 0.44828080595070285, 'hour': 9, 'day_of_week': 2}"
244,trend_following,SELL,17989.45,17979.45,750.0,10.0,0.05558813637993379,5445.0,STOP_LOSS,0.7142073919921782,2.5,TRENDING,NORMAL,0.8,"{'price': 17989.45, 'rsi': 45.50047723855698, 'macd': -29.858240714755084, 'atr_pct': 0.18024453221193415, 'bb_position': 0.5796509112925544, 'ema_distance': 0.12072739575956264, 'trend_strength': 0.5812123515743548, 'hour': 15, 'day_of_week': 3}","{'price': 18050.35, 'rsi': 77.8558778881162, 'macd': 9.897856760118884, 'atr_pct': 0.23290011392735135, 'bb_position': 1.0834094353930965, 'ema_distance': 0.14500380957296188, 'trend_strength': 0.7391560657818474, 'hour': 9, 'day_of_week': 0}"
245,trend_following,SELL,17992.15,17982.15,750.0,10.0,0.05557979452149966,5430.0,STOP_LOSS,0.5754277565813714,2.5,TRENDING,NORMAL,0.8,"{'price': 17992.15, 'rsi': 51.9989306213138, 'macd': -24.90458394765301, 'atr_pct': 0.170034471382559, 'bb_position': 0.6228496677635673, 'ema_distance': 0.08695455535743869, 'trend_strength': 0.572837206189292, 'hour': 15, 'day_of_week': 3}","{'price': 18050.35, 'rsi': 77.8558778881162, 'macd': 9.897856760118884, 'atr_pct': 0.23290011392735135, 'bb_position': 1.0834094353930965, 'ema_distance': 0.14500380957296188, 'trend_strength': 0.7391560657818474, 'hour': 9, 'day_of_week': 0}"
246,trend_following,SELL,17957.05,17947.05,3750.0,10.0,0.05568843434751254,3060.0,STOP_LOSS,0.6628133239412374,2.5,TRENDING,NORMAL,0.8,"{'price': 17957.05, 'rsi': 58.793885435914746, 'macd': -20.359448813225754, 'atr_pct': 0.26344607191684083, 'bb_position': 0.9049507169853052, 'ema_distance': 0.07387301360803912, 'trend_strength': 0.7814473879118232, 'hour': 10, 'day_of_week': 2}","{'price': 17965.05, 'rsi': 87.49689513747305, 'macd': 21.61995721747371, 'atr_pct': 0.17631456633852982, 'bb_position': 1.1342907877800834, 'ema_distance': 0.16902935474230332, 'trend_strength': 0.5065655138565185, 'hour': 13, 'day_of_week': 4}"
247,trend_following,SELL,17967.95,17957.95,3750.0,10.0,0.05565465175493031,3045.0,STOP_LOSS,0.5632974424429316,2.5,TRENDING,NORMAL,0.8,"{'price': 17967.95, 'rsi': 58.299809166712485, 'macd': -13.679724216490285, 'atr_pct': 0.2695474044459347, 'bb_position': 0.9475104344631237, 'ema_distance': 0.027218810641218713, 'trend_strength': 0.7684566474194113, 'hour': 10, 'day_of_week': 2}","{'price': 17965.05, 'rsi': 87.49689513747305, 'macd': 21.61995721747371, 'atr_pct': 0.17631456633852982, 'bb_position': 1.1342907877800834, 'ema_distance': 0.16902935474230332, 'trend_strength': 0.5065655138565185, 'hour': 13, 'day_of_week': 4}"
248,trend_following,BUY,17947.1,17916.434847355078,-9199.545793476136,-30.665152644920454,-0.17086410977216626,45.0,STOP_LOSS,0.914391120644951,2.5,TRENDING,NORMAL,0.8,"{'price': 17947.1, 'rsi': 41.68978272789412, 'macd': 21.67003507161644, 'atr_pct': 0.17151597114376646, 'bb_position': 0.09128454614178097, 'ema_distance': 0.08305226361170737, 'trend_strength': 0.3000566278480213, 'hour': 11, 'day_of_week': 0}","{'price': 17914.6, 'rsi': 34.04691531993055, 'macd': 10.027226284677454, 'atr_pct': 0.15763280070046706, 'bb_position': -0.08068765794139617, 'ema_distance': 0.008418297418781829, 'trend_strength': 0.2761560355318554, 'hour': 12, 'day_of_week': 0}"
249,trend_following,BUY,17939.6,17917.343284713705,-8346.268232360217,-22.25671528629391,-0.12406472433216968,30.0,STOP_LOSS,0.8295793872348868,2.5,NEUTRAL,NORMAL,0.8,"{'price': 17939.6, 'rsi': 43.593564219958274, 'macd': 18.16058329344014, 'atr_pct': 0.16796440755168876, 'bb_position': 0.030165251593793758, 'ema_distance': 0.06005105699356996, 'trend_strength': 0.29053449920381075, 'hour': 11, 'day_of_week': 0}","{'price': 17914.6, 'rsi': 34.04691531993055, 'macd': 10.027226284677454, 'atr_pct': 0.15763280070046706, 'bb_position': -0.08068765794139617, 'ema_distance': 0.008418297418781829, 'trend_strength': 0.2761560355318554, 'hour': 12, 'day_of_week': 0}"
251,trend_following,BUY,17938.1,17948.1,1500.0,10.0,0.05574726420300923,11325.0,STOP_LOSS,0.9529218976745014,2.5,NEUTRAL,LOW,0.8,"{'price': 17938.1, 'rsi': 24.755194452427403, 'macd': 8.680525329345983, 'atr_pct': 0.13423144830595954, 'bb_position': 0.2960529614576887, 'ema_distance': 0.01982931747052786, 'trend_strength': 0.2655961002453375, 'hour': 13, 'day_of_week': 1}","{'price': 17943.6, 'rsi': 13.885617798752719, 'macd': -31.6766462224914, 'atr_pct': 0.17714234760980946, 'bb_position': -0.22266149619614334, 'ema_distance': 0.2172724926094374, 'trend_strength': 0.6936758070518679, 'hour': 10, 'day_of_week': 2}"
250,trend_following,BUY,17914.6,17924.6,3000.0,10.0,0.05582039230571712,12870.0,STOP_LOSS,0.45521746704196453,2.5,NEUTRAL,NORMAL,0.8,"{'price': 17914.6, 'rsi': 34.04691531993055, 'macd': 10.027226284677454, 'atr_pct': 0.15763280070046706, 'bb_position': -0.08068765794139617, 'ema_distance': 0.008418297418781829, 'trend_strength': 0.2761560355318554, 'hour': 12, 'day_of_week': 0}","{'price': 17917.7, 'rsi': 14.820542055444278, 'macd': -45.283552973698534, 'atr_pct': 0.1801092136347187, 'bb_position': -0.054676361527059424, 'ema_distance': 0.2986528867219272, 'trend_strength': 0.7484756667183432, 'hour': 10, 'day_of_week': 2}"
252,trend_following,SELL,17626.65,17616.65,750.0,10.0,0.05673227754564821,315.0,STOP_LOSS,0.6382527823285279,2.5,TRENDING,NORMAL,0.8,"{'price': 17626.65, 'rsi': 59.76044618164843, 'macd': -30.675297616879106, 'atr_pct': 0.35287476633393594, 'bb_position': 0.6834912966295165, 'ema_distance': 0.07161734779586343, 'trend_strength': 0.7432452165435314, 'hour': 9, 'day_of_week': 0}","{'price': 17656.0, 'rsi': 59.833640319304806, 'macd': -11.653728743538522, 'atr_pct': 0.3258706065117469, 'bb_position': 1.0373196845097605, 'ema_distance': 0.0036774472387577552, 'trend_strength': 0.5061399257604102, 'hour': 15, 'day_of_week': 0}"
253,trend_following,SELL,17609.75,17599.75,750.0,10.0,0.056786723264100857,195.0,STOP_LOSS,0.7507261670906146,2.5,TRENDING,NORMAL,0.8,"{'price': 17609.75, 'rsi': 60.4524664548645, 'macd': -26.12127023717403, 'atr_pct': 0.35363931912719043, 'bb_position': 0.6774780758997329, 'ema_distance': 0.09613418978836284, 'trend_strength': 0.6662118049856411, 'hour': 11, 'day_of_week': 0}","{'price': 17656.0, 'rsi': 59.833640319304806, 'macd': -11.653728743538522, 'atr_pct': 0.3258706065117469, 'bb_position': 1.0373196845097605, 'ema_distance': 0.0036774472387577552, 'trend_strength': 0.5061399257604102, 'hour': 15, 'day_of_week': 0}"
254,trend_following,BUY,17730.3,17662.15,-5111.249999999836,-68.14999999999782,-0.38437025882245546,45.0,STOP_LOSS,0.51393182970514,2.5,NEUTRAL,NORMAL,0.8,"{'price': 17730.3, 'rsi': 45.06624176124795, 'macd': 44.86802406582865, 'atr_pct': 0.3726066999108056, 'bb_position': 0.2691772738394572, 'ema_distance': 0.1995808710504777, 'trend_strength': 0.2848533322080819, 'hour': 13, 'day_of_week': 2}","{'price': 17603.55, 'rsi': 35.75097776522483, 'macd': 3.104593979256606, 'atr_pct': 0.4662208961909875, 'bb_position': -0.05955342651347415, 'ema_distance': 0.09548882209535203, 'trend_strength': 0.44032027183820593, 'hour': 14, 'day_of_week': 2}"
255,trend_following,BUY,17665.95,17675.95,3750.0,10.0,0.056606069868872046,30.0,STOP_LOSS,0.5655889541876262,2.5,TRENDING,HIGH,0.8,"{'price': 17665.95, 'rsi': 38.822978906523744, 'macd': 29.274385155269556, 'atr_pct': 0.40376300979325386, 'bb_position': 0.049291328846538425, 'ema_distance': 0.08320532403497344, 'trend_strength': 0.3337167751019033, 'hour': 13, 'day_of_week': 2}","{'price': 17603.55, 'rsi': 35.75097776522483, 'macd': 3.104593979256606, 'atr_pct': 0.4662208961909875, 'bb_position': -0.05955342651347415, 'ema_distance': 0.09548882209535203, 'trend_strength': 0.44032027183820593, 'hour': 14, 'day_of_week': 2}"
257,trend_following,SELL,17602.05,17592.05,1500.0,10.0,0.05681156456208225,30.0,STOP_LOSS,0.783092832938645,2.5,TRENDING,NORMAL,0.8,"{'price': 17602.05, 'rsi': 50.95401031467599, 'macd': -21.851683178414532, 'atr_pct': 0.2633216017452489, 'bb_position': 0.7638805576024775, 'ema_distance': 0.0836295015391937, 'trend_strength': 0.5988942712218834, 'hour': 14, 'day_of_week': 3}","{'price': 17610.85, 'rsi': 54.44129448376668, 'macd': -14.49255889262713, 'atr_pct': 0.27057183497673104, 'bb_position': 0.7969466948415287, 'ema_distance': 0.0352361684364414, 'trend_strength': 0.5928233277593319, 'hour': 15, 'day_of_week': 3}"
256,trend_following,SELL,17591.95,17653.9,-9292.50000000011,-61.95000000000073,-0.35214970483659136,1170.0,STOP_LOSS,0.9356335776383333,2.5,TRENDING,NORMAL,0.8,"{'price': 17591.95, 'rsi': 53.29192521023572, 'macd': -26.774858391523594, 'atr_pct': 0.2702128773996858, 'bb_position': 0.6605281093896069, 'ema_distance': 0.11990098057015411, 'trend_strength': 0.6055591527907733, 'hour': 14, 'day_of_week': 3}","{'price': 17683.7, 'rsi': 68.9920478224835, 'macd': 10.225188046184485, 'atr_pct': 0.28335214269153286, 'bb_position': 0.9852410364259016, 'ema_distance': 0.11683296630432395, 'trend_strength': 0.46176027381119594, 'hour': 9, 'day_of_week': 4}"
258,trend_following,SELL,17610.85,17648.9,-8561.250000000655,-38.05000000000291,-0.21605998574743931,1125.0,STOP_LOSS,0.8607063094648794,2.5,TRENDING,NORMAL,0.8,"{'price': 17610.85, 'rsi': 54.44129448376668, 'macd': -14.49255889262713, 'atr_pct': 0.27057183497673104, 'bb_position': 0.7969466948415287, 'ema_distance': 0.0352361684364414, 'trend_strength': 0.5928233277593319, 'hour': 15, 'day_of_week': 3}","{'price': 17683.7, 'rsi': 68.9920478224835, 'macd': 10.225188046184485, 'atr_pct': 0.28335214269153286, 'bb_position': 0.9852410364259016, 'ema_distance': 0.11683296630432395, 'trend_strength': 0.46176027381119594, 'hour': 9, 'day_of_week': 4}"
259,trend_following,BUY,17719.9,17729.9,1500.0,10.0,0.05643372705263573,45.0,STOP_LOSS,0.7447609388826807,2.5,NEUTRAL,NORMAL,0.8,"{'price': 17719.9, 'rsi': 46.10399954163591, 'macd': 19.664486065925303, 'atr_pct': 0.26550053088013437, 'bb_position': 0.3087418470005731, 'ema_distance': 0.0464303833542373, 'trend_strength': 0.2635312264534878, 'hour': 10, 'day_of_week': 0}","{'price': 17727.95, 'rsi': 30.1084057705784, 'macd': 10.318015450677194, 'atr_pct': 0.24464999377496488, 'bb_position': 0.30518307662429534, 'ema_distance': 0.0005342324943271174, 'trend_strength': 0.3970601187178846, 'hour': 11, 'day_of_week': 0}"
260,trend_following,BUY,17718.8,17728.8,2250.0,10.0,0.05643723051222431,30.0,STOP_LOSS,0.922505430997448,2.5,NEUTRAL,NORMAL,0.8,"{'price': 17718.8, 'rsi': 45.405375261326554, 'macd': 15.205725199204608, 'atr_pct': 0.26257421495812594, 'bb_position': 0.2949170054444118, 'ema_distance': 0.02058196986915391, 'trend_strength': 0.2999161460724227, 'hour': 11, 'day_of_week': 0}","{'price': 17727.95, 'rsi': 30.1084057705784, 'macd': 10.318015450677194, 'atr_pct': 0.24464999377496488, 'bb_position': 0.30518307662429534, 'ema_distance': 0.0005342324943271174, 'trend_strength': 0.3970601187178846, 'hour': 11, 'day_of_week': 0}"
261,trend_following,BUY,17727.95,17737.95,1500.0,10.0,0.056408101331513236,30.0,STOP_LOSS,0.6776646402899943,2.5,TRENDING,NORMAL,0.8,"{'price': 17727.95, 'rsi': 30.1084057705784, 'macd': 10.318015450677194, 'atr_pct': 0.24464999377496488, 'bb_position': 0.30518307662429534, 'ema_distance': 0.0005342324943271174, 'trend_strength': 0.3970601187178846, 'hour': 11, 'day_of_week': 0}","{'price': 17728.4, 'rsi': 27.233135166766587, 'macd': 7.756755535076081, 'atr_pct': 0.24266955039049645, 'bb_position': 0.2863787204186113, 'ema_distance': 0.004040355014953376, 'trend_strength': 0.500326014275519, 'hour': 12, 'day_of_week': 0}"
262,trend_following,BUY,17751.8,17761.8,2250.0,10.0,0.056332315596164896,60.0,STOP_LOSS,0.8282221091637618,2.5,NEUTRAL,NORMAL,0.8,"{'price': 17751.8, 'rsi': 53.221939420784814, 'macd': 7.444805397750315, 'atr_pct': 0.16684424758535465, 'bb_position': 0.5134142891868578, 'ema_distance': 0.03070522397025805, 'trend_strength': 0.28915640211695176, 'hour': 9, 'day_of_week': 1}","{'price': 17758.35, 'rsi': 46.1386498921259, 'macd': 5.998985229449318, 'atr_pct': 0.16072921832747142, 'bb_position': 0.5286046234680599, 'ema_distance': 0.023146255137598767, 'trend_strength': 0.1654528593575684, 'hour': 10, 'day_of_week': 1}"
263,breakout,SELL,17723.95,17713.95,750.0,10.0,0.05642083169948008,90.0,STOP_LOSS,0.6644157011256859,3.0,RANGING,NORMAL,0.75,"{'price': 17723.95, 'rsi': 37.66284120119095, 'macd': -1.8500235909959883, 'atr_pct': 0.15249744796487957, 'bb_position': -0.05224282183994381, 'ema_distance': 0.029760376208239597, 'trend_strength': 0.11779500028577233, 'hour': 12, 'day_of_week': 1}","{'price': 17718.25, 'rsi': 42.47023151365235, 'macd': -15.331266004297504, 'atr_pct': 0.15363497281858235, 'bb_position': 0.37420550654782886, 'ema_distance': 0.10161353630443459, 'trend_strength': 0.18042942852343313, 'hour': 13, 'day_of_week': 1}"
264,trend_following,SELL,17729.0,17719.0,750.0,10.0,0.05640476056179142,30.0,STOP_LOSS,0.6254609316643551,2.5,NEUTRAL,NORMAL,0.8,"{'price': 17729.0, 'rsi': 41.27907125501139, 'macd': -12.327796642541216, 'atr_pct': 0.15670451157506293, 'bb_position': 0.4845724452698153, 'ema_distance': 0.07100692514909228, 'trend_strength': 0.26286675739747234, 'hour': 14, 'day_of_week': 1}","{'price': 17753.85, 'rsi': 47.40927096007824, 'macd': -7.229004170705593, 'atr_pct': 0.16559788440253892, 'bb_position': 0.7076510832287773, 'ema_distance': 0.029489533741117027, 'trend_strength': 0.3477163480055095, 'hour': 14, 'day_of_week': 1}"
265,trend_following,SELL,17753.85,17743.85,2250.0,10.0,0.056325811021271446,1155.0,STOP_LOSS,0.757742117890059,2.5,TRENDING,NORMAL,0.8,"{'price': 17753.85, 'rsi': 47.40927096007824, 'macd': -7.229004170705593, 'atr_pct': 0.16559788440253892, 'bb_position': 0.7076510832287773, 'ema_distance': 0.029489533741117027, 'trend_strength': 0.3477163480055095, 'hour': 14, 'day_of_week': 1}","{'price': 17850.55, 'rsi': 74.23300958909553, 'macd': 18.050908180783154, 'atr_pct': 0.20567593555540706, 'bb_position': 1.0881018435037424, 'ema_distance': 0.14288002186115936, 'trend_strength': 0.5418257705307595, 'hour': 9, 'day_of_week': 2}"
266,trend_following,BUY,17833.6,17843.6,1500.0,10.0,0.05607392786649919,1305.0,STOP_LOSS,0.8167408454174225,2.5,TRENDING,NORMAL,0.8,"{'price': 17833.6, 'rsi': 41.89629890164422, 'macd': 6.012857433015597, 'atr_pct': 0.17308819948219356, 'bb_position': 0.2117111643334353, 'ema_distance': 0.01112776211223511, 'trend_strength': 0.4939850801056878, 'hour': 12, 'day_of_week': 3}","{'price': 17824.7, 'rsi': 46.80514224838917, 'macd': 0.32906688627190306, 'atr_pct': 0.1583877588803338, 'bb_position': 0.18611055712124044, 'ema_distance': 0.02249359634522446, 'trend_strength': 0.3187622903057375, 'hour': 9, 'day_of_week': 4}"
267,trend_following,SELL,17797.35,17787.35,3000.0,10.0,0.05618814036921227,1155.0,STOP_LOSS,1.0171048256876118,2.5,TRENDING,LOW,0.8,"{'price': 17797.35, 'rsi': 52.478832848718014, 'macd': -11.087069395864091, 'atr_pct': 0.12776781776099325, 'bb_position': 0.9733151031979949, 'ema_distance': 0.03396859360245183, 'trend_strength': 0.5277007352162632, 'hour': 14, 'day_of_week': 0}","{'price': 17832.6, 'rsi': 73.49547867672021, 'macd': 2.7969096989982063, 'atr_pct': 0.1517485632253021, 'bb_position': 1.0585773211703688, 'ema_distance': 0.04799399492082062, 'trend_strength': 0.4578124393605703, 'hour': 9, 'day_of_week': 1}"
268,trend_following,SELL,17800.8,17790.8,3750.0,10.0,0.05617725046065345,1140.0,STOP_LOSS,0.568426690958005,2.5,TRENDING,LOW,0.8,"{'price': 17800.8, 'rsi': 61.433968318119454, 'macd': -8.087954517402977, 'atr_pct': 0.12611792728416962, 'bb_position': 0.9582690045694456, 'ema_distance': 0.014320685850114064, 'trend_strength': 0.5375004330596866, 'hour': 14, 'day_of_week': 0}","{'price': 17832.6, 'rsi': 73.49547867672021, 'macd': 2.7969096989982063, 'atr_pct': 0.1517485632253021, 'bb_position': 1.0585773211703688, 'ema_distance': 0.04799399492082062, 'trend_strength': 0.4578124393605703, 'hour': 9, 'day_of_week': 1}"
270,trend_following,BUY,18046.2,18056.2,3000.0,10.0,0.05541332801365385,45.0,STOP_LOSS,0.9201956541046986,2.5,TRENDING,LOW,0.8,"{'price': 18046.2, 'rsi': 26.44065765600294, 'macd': 18.265779838358867, 'atr_pct': 0.12483831182504644, 'bb_position': -0.06110381380212164, 'ema_distance': 0.04866005397166028, 'trend_strength': 0.448272149055574, 'hour': 14, 'day_of_week': 3}","{'price': 18034.1, 'rsi': 32.86466464235417, 'macd': 10.386543671560503, 'atr_pct': 0.14209192585158262, 'bb_position': -0.07139397172420701, 'ema_distance': 0.006944581516798253, 'trend_strength': 0.6101446908852847, 'hour': 15, 'day_of_week': 3}"
271,trend_following,BUY,18034.1,18020.51320730091,-5095.04726215755,-13.5867926990868,-0.07533945524914913,1125.0,STOP_LOSS,0.5628807790086653,2.5,TRENDING,LOW,0.8,"{'price': 18034.1, 'rsi': 32.86466464235417, 'macd': 10.386543671560503, 'atr_pct': 0.14209192585158262, 'bb_position': -0.07139397172420701, 'ema_distance': 0.006944581516798253, 'trend_strength': 0.6101446908852847, 'hour': 15, 'day_of_week': 3}","{'price': 18016.1, 'rsi': 40.27055523573923, 'macd': -6.868674339792051, 'atr_pct': 0.19571779844535647, 'bb_position': 0.15002177909065517, 'ema_distance': 0.08497218297677595, 'trend_strength': 0.7902807965088643, 'hour': 9, 'day_of_week': 4}"
269,trend_following,BUY,17891.45,17901.45,2250.0,10.0,0.05589261910018472,7365.0,STOP_LOSS,0.9507453988412475,2.5,TRENDING,LOW,0.8,"{'price': 17891.45, 'rsi': 46.83825651594784, 'macd': 14.76917088088885, 'atr_pct': 0.1253192366824833, 'bb_position': 0.31901897157233533, 'ema_distance': 0.03863888120122083, 'trend_strength': 0.37041594250541043, 'hour': 9, 'day_of_week': 2}","{'price': 17892.2, 'rsi': 37.457537672200694, 'macd': -13.481933939092414, 'atr_pct': 0.1920429812192671, 'bb_position': 0.01191768737731224, 'ema_distance': 0.07479479025102875, 'trend_strength': 0.3833008710513353, 'hour': 12, 'day_of_week': 0}"
272,trend_following,SELL,17994.0,17544.149999999998,168693.75000000081,449.8500000000022,2.500000000000012,3135.0,TAKE_PROFIT,0.5657653314610659,2.5,TRENDING,NORMAL,0.8,"{'price': 17994.0, 'rsi': 64.33109755003534, 'macd': -9.590062681509153, 'atr_pct': 0.18649073500690533, 'bb_position': 0.9299043436118166, 'ema_distance': 0.00900498687348733, 'trend_strength': 0.6041575136303365, 'hour': 9, 'day_of_week': 0}","{'price': 17537.25, 'rsi': 12.064490878484634, 'macd': -63.621747746616165, 'atr_pct': 0.13316552725524197, 'bb_position': 0.008363872355729137, 'ema_distance': 0.3366244506064207, 'trend_strength': 0.8643354416688714, 'hour': 14, 'day_of_week': 2}"
273,trend_following,SELL,17904.05,17456.44875,67140.18749999996,447.6012499999997,2.4999999999999982,4485.0,TAKE_PROFIT,0.7255550637667201,2.5,TRENDING,NORMAL,0.8,"{'price': 17904.05, 'rsi': 50.12448298490486, 'macd': -16.56659674159164, 'atr_pct': 0.1890434207423933, 'bb_position': 0.7582530123659698, 'ema_distance': 0.057688397808604686, 'trend_strength': 0.6074748254083558, 'hour': 10, 'day_of_week': 1}","{'price': 17431.3, 'rsi': 9.048717305718782, 'macd': -27.654931751178083, 'atr_pct': 0.16429804842029008, 'bb_position': -0.09462155057680675, 'ema_distance': 0.16399593267227747, 'trend_strength': 0.3949490042988827, 'hour': 12, 'day_of_week': 4}"
275,trend_following,SELL,17374.4,17364.4,2250.0,10.0,0.05755594437793535,1200.0,STOP_LOSS,0.7900531564337834,2.5,TRENDING,NORMAL,0.8,"{'price': 17374.4, 'rsi': 55.621799747528044, 'macd': -19.193523728445143, 'atr_pct': 0.17564840882480628, 'bb_position': 0.8549530221819676, 'ema_distance': 0.060590822059661285, 'trend_strength': 0.48369823433051684, 'hour': 14, 'day_of_week': 0}","{'price': 17371.55, 'rsi': 54.222278427068986, 'macd': 0.318639520839497, 'atr_pct': 0.204686069217442, 'bb_position': 0.5253467646230612, 'ema_distance': 0.022265807118365868, 'trend_strength': 0.36915363980465704, 'hour': 10, 'day_of_week': 1}"
276,trend_following,SELL,17376.9,17366.9,1500.0,10.0,0.057547663852585904,1320.0,STOP_LOSS,0.7721359358116627,2.5,TRENDING,NORMAL,0.8,"{'price': 17376.9, 'rsi': 50.47737612408646, 'macd': -3.7637018076602544, 'atr_pct': 0.20160179811785986, 'bb_position': 0.5072121998829531, 'ema_distance': 0.015404875065891778, 'trend_strength': 0.4016205318999194, 'hour': 11, 'day_of_week': 1}","{'price': 17389.4, 'rsi': 55.30889432644081, 'macd': -2.495563815213245, 'atr_pct': 0.2458804953428093, 'bb_position': 0.8152501083756423, 'ema_distance': 0.024776376660912765, 'trend_strength': 0.5491268090115787, 'hour': 9, 'day_of_week': 2}"
274,trend_following,SELL,17609.9,17599.9,1500.0,10.0,0.0567862395584302,11715.0,STOP_LOSS,0.8542502310194975,2.5,TRENDING,NORMAL,0.8,"{'price': 17609.9, 'rsi': 53.83113797753522, 'macd': -39.220871648900356, 'atr_pct': 0.22740860863166534, 'bb_position': 0.7092525305317446, 'ema_distance': 0.15004423784686327, 'trend_strength': 0.6814352240765382, 'hour': 10, 'day_of_week': 3}","{'price': 17603.2, 'rsi': 76.89273745273223, 'macd': 48.30751945923839, 'atr_pct': 0.11617205962552084, 'bb_position': 0.7741464726132197, 'ema_distance': 0.2543684410724756, 'trend_strength': 0.2743010441779494, 'hour': 13, 'day_of_week': 4}"
277,trend_following,BUY,17723.25,17733.25,1500.0,10.0,0.056423060104664774,30.0,STOP_LOSS,0.956511506759037,2.5,TRENDING,LOW,0.8,"{'price': 17723.25, 'rsi': 28.212207486786127, 'macd': 32.112621380831115, 'atr_pct': 0.1407553838682397, 'bb_position': -0.08141011690003637, 'ema_distance': 0.09917751725190421, 'trend_strength': 0.32206066456303295, 'hour': 14, 'day_of_week': 0}","{'price': 17722.05, 'rsi': 31.9354053621213, 'macd': 25.119085965136037, 'atr_pct': 0.13663366097198087, 'bb_position': 0.01934485572983842, 'ema_distance': 0.06354311934065608, 'trend_strength': 0.39668871435523606, 'hour': 14, 'day_of_week': 0}"
279,trend_following,BUY,17717.9,17653.535874739424,-9654.618789086635,-64.36412526057757,-0.3632717492511955,2700.0,STOP_LOSS,0.7791874508468294,2.5,TRENDING,LOW,0.8,"{'price': 17717.9, 'rsi': 34.667703389563414, 'macd': 21.39193159565184, 'atr_pct': 0.13505308997437984, 'bb_position': 0.0454986406600959, 'ema_distance': 0.04415687687148631, 'trend_strength': 0.4410638291594158, 'hour': 14, 'day_of_week': 0}","{'price': 17652.55, 'rsi': 34.77224053186765, 'macd': -10.317349117583944, 'atr_pct': 0.18131738959607963, 'bb_position': 0.0594979795954794, 'ema_distance': 0.06412416537880483, 'trend_strength': 0.6264545625688409, 'hour': 11, 'day_of_week': 2}"
280,trend_following,BUY,17694.0,17704.0,2250.0,10.0,0.05651633322030067,120.0,STOP_LOSS,0.8803018898589133,2.5,NEUTRAL,LOW,0.8,"{'price': 17694.0, 'rsi': 54.783144767561396, 'macd': 10.086941757992463, 'atr_pct': 0.13850538519917766, 'bb_position': 0.47816605556487174, 'ema_distance': 0.06186561494712226, 'trend_strength': 0.2861600843167071, 'hour': 9, 'day_of_week': 3}","{'price': 17696.4, 'rsi': 47.75430379074333, 'macd': 1.8892928740788193, 'atr_pct': 0.153865031467253, 'bb_position': 0.3521338702040204, 'ema_distance': 0.004779751212549976, 'trend_strength': 0.23464837986549916, 'hour': 11, 'day_of_week': 3}"
278,trend_following,BUY,17722.05,17650.908767585934,-10671.18486210984,-71.1412324140656,-0.40142778298258724,4260.0,STOP_LOSS,0.8612306204799681,2.5,TRENDING,LOW,0.8,"{'price': 17722.05, 'rsi': 31.9354053621213, 'macd': 25.119085965136037, 'atr_pct': 0.13663366097198087, 'bb_position': 0.01934485572983842, 'ema_distance': 0.06354311934065608, 'trend_strength': 0.39668871435523606, 'hour': 14, 'day_of_week': 0}","{'price': 17625.9, 'rsi': 38.56456485930177, 'macd': -12.838463210238842, 'atr_pct': 0.13310363888206753, 'bb_position': -0.012653231169159004, 'ema_distance': 0.09033130636572835, 'trend_strength': 0.5214696421163916, 'hour': 13, 'day_of_week': 3}"
281,trend_following,SELL,17014.25,17004.25,750.0,10.0,0.05877426275034162,195.0,STOP_LOSS,0.5718735960535652,2.5,TRENDING,NORMAL,0.8,"{'price': 17014.25, 'rsi': 47.844419951602, 'macd': -37.48097531723761, 'atr_pct': 0.29152034324168896, 'bb_position': 0.5720351844763344, 'ema_distance': 0.18243605283683526, 'trend_strength': 0.7174154187637306, 'hour': 10, 'day_of_week': 3}","{'price': 17035.95, 'rsi': 57.479477397858496, 'macd': -10.803249668384524, 'atr_pct': 0.2517784869224032, 'bb_position': 0.9009969816148373, 'ema_distance': 0.01456883066940454, 'trend_strength': 0.5541640684570625, 'hour': 14, 'day_of_week': 3}"
282,trend_following,SELL,17027.85,17017.85,1500.0,10.0,0.05872732024301365,180.0,STOP_LOSS,0.9766691919711955,2.5,TRENDING,NORMAL,0.8,"{'price': 17027.85, 'rsi': 47.33288656175923, 'macd': -29.827177235831186, 'atr_pct': 0.29168601522127724, 'bb_position': 0.6431787490892391, 'ema_distance': 0.12259674411528282, 'trend_strength': 0.7225003439305522, 'hour': 11, 'day_of_week': 3}","{'price': 17035.95, 'rsi': 57.479477397858496, 'macd': -10.803249668384524, 'atr_pct': 0.2517784869224032, 'bb_position': 0.9009969816148373, 'ema_distance': 0.01456883066940454, 'trend_strength': 0.5541640684570625, 'hour': 14, 'day_of_week': 3}"
283,trend_following,SELL,17035.95,17046.7,-4031.25,-10.75,-0.06310185225948656,15.0,STOP_LOSS,0.4598456244120243,2.5,TRENDING,NORMAL,0.8,"{'price': 17035.95, 'rsi': 57.479477397858496, 'macd': -10.803249668384524, 'atr_pct': 0.2517784869224032, 'bb_position': 0.9009969816148373, 'ema_distance': 0.01456883066940454, 'trend_strength': 0.5541640684570625, 'hour': 14, 'day_of_week': 3}","{'price': 17054.95, 'rsi': 57.208359575970896, 'macd': -3.419415745185688, 'atr_pct': 0.24163491705173332, 'bb_position': 0.9299131884474322, 'ema_distance': 0.038125766578926516, 'trend_strength': 0.5337784223533844, 'hour': 14, 'day_of_week': 3}"
284,trend_following,SELL,16927.1,16967.35,-12075.0,-40.25,-0.23778438125845536,45.0,STOP_LOSS,0.9903991940109533,2.5,TRENDING,NORMAL,0.8,"{'price': 16927.1, 'rsi': 45.306406476062726, 'macd': -29.458992599658814, 'atr_pct': 0.23172900260529034, 'bb_position': 0.7281846299029375, 'ema_distance': 0.13710340692782944, 'trend_strength': 0.5635976354555176, 'hour': 14, 'day_of_week': 0}","{'price': 16987.3, 'rsi': 62.44541455536113, 'macd': -10.805425807036954, 'atr_pct': 0.2405368380243741, 'bb_position': 1.0507997880831583, 'ema_distance': 0.0003746155518333778, 'trend_strength': 0.4640746097485586, 'hour': 15, 'day_of_week': 0}"
285,trend_following,SELL,16928.7,16964.75,-10814.999999999782,-36.04999999999927,-0.21295196914115833,30.0,STOP_LOSS,0.8870531911576185,2.5,TRENDING,NORMAL,0.8,"{'price': 16928.7, 'rsi': 46.97028827236489, 'macd': -24.297537011163513, 'atr_pct': 0.22833159916929116, 'bb_position': 0.7601749888050934, 'ema_distance': 0.09805075517305187, 'trend_strength': 0.5360332378057074, 'hour': 14, 'day_of_week': 0}","{'price': 16987.3, 'rsi': 62.44541455536113, 'macd': -10.805425807036954, 'atr_pct': 0.2405368380243741, 'bb_position': 1.0507997880831583, 'ema_distance': 0.0003746155518333778, 'trend_strength': 0.4640746097485586, 'hour': 15, 'day_of_week': 0}"
286,trend_following,SELL,16987.3,16996.35,-3393.749999999727,-9.049999999999272,-0.05327509374650046,1125.0,STOP_LOSS,0.470193747901483,2.5,TRENDING,NORMAL,0.8,"{'price': 16987.3, 'rsi': 62.44541455536113, 'macd': -10.805425807036954, 'atr_pct': 0.2405368380243741, 'bb_position': 1.0507997880831583, 'ema_distance': 0.0003746155518333778, 'trend_strength': 0.4640746097485586, 'hour': 15, 'day_of_week': 0}","{'price': 17039.5, 'rsi': 82.37522089023571, 'macd': 21.606722186847037, 'atr_pct': 0.24535428185769856, 'bb_position': 0.9009818031813278, 'ema_distance': 0.19793048870806038, 'trend_strength': 0.2583198186109279, 'hour': 9, 'day_of_week': 1}"
287,trend_following,BUY,17129.0,17139.0,3750.0,10.0,0.05838052425710783,1170.0,STOP_LOSS,1.0196999295771847,2.5,TRENDING,LOW,0.8,"{'price': 17129.0, 'rsi': 48.90263687147022, 'macd': 11.286159353407129, 'atr_pct': 0.1299175166592993, 'bb_position': 0.19464737595202133, 'ema_distance': 0.03446632907707028, 'trend_strength': 0.3984029754863171, 'hour': 14, 'day_of_week': 2}","{'price': 17125.1, 'rsi': 46.95005372712624, 'macd': -0.6301479742724041, 'atr_pct': 0.18733988623215456, 'bb_position': 0.4176751951367475, 'ema_distance': 0.03408814553622832, 'trend_strength': 0.551064312495714, 'hour': 9, 'day_of_week': 3}"
288,trend_following,BUY,17118.5,17128.5,3750.0,10.0,0.05841633320676461,1155.0,STOP_LOSS,0.6625837129087554,2.5,TRENDING,LOW,0.8,"{'price': 17118.5, 'rsi': 45.46130631084541, 'macd': 9.002486831373972, 'atr_pct': 0.13116553102533124, 'bb_position': -0.0657452997632115, 'ema_distance': 0.01968728886362254, 'trend_strength': 0.4262164952048675, 'hour': 14, 'day_of_week': 2}","{'price': 17125.1, 'rsi': 46.95005372712624, 'macd': -0.6301479742724041, 'atr_pct': 0.18733988623215456, 'bb_position': 0.4176751951367475, 'ema_distance': 0.03408814553622832, 'trend_strength': 0.551064312495714, 'hour': 9, 'day_of_week': 3}"
289,trend_following,BUY,17129.5,17045.3,-12630.00000000011,-84.20000000000073,-0.49154966578125886,1215.0,STOP_LOSS,1.0521303479734987,2.5,TRENDING,LOW,0.8,"{'price': 17129.5, 'rsi': 42.70521787618617, 'macd': 8.766122348453791, 'atr_pct': 0.13168593862718003, 'bb_position': 0.3441624280436938, 'ema_distance': 0.03459951762565078, 'trend_strength': 0.3469875077089777, 'hour': 14, 'day_of_week': 3}","{'price': 17033.25, 'rsi': 22.125069231815928, 'macd': -26.6402043931339, 'atr_pct': 0.2423411353004948, 'bb_position': 0.14915972616684783, 'ema_distance': 0.1751940132415166, 'trend_strength': 0.6258344626356167, 'hour': 10, 'day_of_week': 4}"
290,trend_following,SELL,17027.1,17017.1,1500.0,10.0,0.05872990703055717,105.0,STOP_LOSS,0.8947276579181038,2.5,TRENDING,NORMAL,0.8,"{'price': 17027.1, 'rsi': 46.667645299604075, 'macd': -24.61278919207689, 'atr_pct': 0.23462597858707715, 'bb_position': 0.5118533804066611, 'ema_distance': 0.11990811857134974, 'trend_strength': 0.5692565240998081, 'hour': 9, 'day_of_week': 0}","{'price': 17024.2, 'rsi': 57.60924042654746, 'macd': -13.182705201976205, 'atr_pct': 0.22121870211648137, 'bb_position': 0.6575925177421555, 'ema_distance': 0.04687694756623418, 'trend_strength': 0.592557754618616, 'hour': 11, 'day_of_week': 0}"
291,trend_following,SELL,17034.2,17024.2,1500.0,10.0,0.05870542790386399,90.0,STOP_LOSS,0.8050654649580432,2.5,TRENDING,NORMAL,0.8,"{'price': 17034.2, 'rsi': 40.56945352091615, 'macd': -20.181830535460904, 'atr_pct': 0.232871852760077, 'bb_position': 0.5617707298485117, 'ema_distance': 0.08529416566447412, 'trend_strength': 0.58919645702469, 'hour': 10, 'day_of_week': 0}","{'price': 17024.2, 'rsi': 57.60924042654746, 'macd': -13.182705201976205, 'atr_pct': 0.22121870211648137, 'bb_position': 0.6575925177421555, 'ema_distance': 0.04687694756623418, 'trend_strength': 0.592557754618616, 'hour': 11, 'day_of_week': 0}"
293,trend_following,SELL,17020.15,17010.15,1500.0,10.0,0.058753888773013165,105.0,STOP_LOSS,0.7280870952063977,2.5,TRENDING,NORMAL,0.8,"{'price': 17020.15, 'rsi': 55.87263994528219, 'macd': -11.018159730341722, 'atr_pct': 0.21799791087958376, 'bb_position': 0.6651792258840877, 'ema_distance': 0.032741514198899466, 'trend_strength': 0.5684990804692462, 'hour': 11, 'day_of_week': 0}","{'price': 17013.45, 'rsi': 45.44428706036494, 'macd': -4.086425883560878, 'atr_pct': 0.18306944547654377, 'bb_position': 0.5385665976075158, 'ema_distance': 0.008534172206238134, 'trend_strength': 0.42874529381672694, 'hour': 13, 'day_of_week': 0}"
292,trend_following,SELL,17024.2,17014.2,1500.0,10.0,0.05873991142021358,135.0,STOP_LOSS,0.8490150556558865,2.5,TRENDING,NORMAL,0.8,"{'price': 17024.2, 'rsi': 57.60924042654746, 'macd': -13.182705201976205, 'atr_pct': 0.22121870211648137, 'bb_position': 0.6575925177421555, 'ema_distance': 0.04687694756623418, 'trend_strength': 0.592557754618616, 'hour': 11, 'day_of_week': 0}","{'price': 17047.15, 'rsi': 52.74865879230235, 'macd': -1.3405036144649785, 'atr_pct': 0.1856615328662, 'bb_position': 0.8099831102948131, 'ema_distance': 0.011839491718863714, 'trend_strength': 0.4144717529201786, 'hour': 13, 'day_of_week': 0}"
294,trend_following,SELL,16979.85,16969.85,750.0,10.0,0.05889333533570674,1245.0,STOP_LOSS,0.5984084638955054,2.5,NEUTRAL,LOW,0.8,"{'price': 16979.85, 'rsi': 48.397336582027116, 'macd': -13.519725733782252, 'atr_pct': 0.14672853832210794, 'bb_position': 0.5775124781386294, 'ema_distance': 0.06285448348166327, 'trend_strength': 0.28129631738760685, 'hour': 13, 'day_of_week': 1}","{'price': 17024.7, 'rsi': 63.311341308996695, 'macd': 2.8091361499464256, 'atr_pct': 0.18148001768858188, 'bb_position': 1.0920572121982386, 'ema_distance': 0.05464776314973105, 'trend_strength': 0.43975502530211924, 'hour': 9, 'day_of_week': 2}"
295,trend_following,SELL,16979.95,17048.8,-10327.499999999782,-68.84999999999854,-0.40547822578982,120.0,STOP_LOSS,0.8645575813227347,2.5,NEUTRAL,LOW,0.8,"{'price': 16979.95, 'rsi': 41.13624545766329, 'macd': -2.3310480733416625, 'atr_pct': 0.14807379964521641, 'bb_position': 0.469771313534849, 'ema_distance': 0.020133582989576255, 'trend_strength': 0.26069416440301835, 'hour': 13, 'day_of_week': 2}","{'price': 17094.85, 'rsi': 72.69097460523008, 'macd': 16.546676316247613, 'atr_pct': 0.18409888692459572, 'bb_position': 1.1323594262260432, 'ema_distance': 0.11525895186422203, 'trend_strength': 0.3493677934919612, 'hour': 15, 'day_of_week': 2}"
296,trend_following,BUY,17574.2,17584.2,1500.0,10.0,0.0569015943826746,15615.0,STOP_LOSS,0.9037639362055079,2.5,TRENDING,LOW,0.8,"{'price': 17574.2, 'rsi': 45.577836679212474, 'macd': 23.46631095844714, 'atr_pct': 0.14119724206100884, 'bb_position': 0.3782401417035612, 'ema_distance': 0.09844867655310942, 'trend_strength': 0.3475752400438114, 'hour': 13, 'day_of_week': 3}","{'price': 17583.25, 'rsi': 0.8632756129850634, 'macd': -36.32294065105452, 'atr_pct': 0.15824719548433996, 'bb_position': -0.18779104099814872, 'ema_distance': 0.2815907304039091, 'trend_strength': 0.2142853819851343, 'hour': 9, 'day_of_week': 0}"
298,trend_following,SELL,17694.3,17684.3,3750.0,10.0,0.05651537500777086,1215.0,STOP_LOSS,0.982473999879071,2.5,TRENDING,LOW,0.8,"{'price': 17694.3, 'rsi': 68.3386897357829, 'macd': -17.50120543515004, 'atr_pct': 0.11793547720371819, 'bb_position': 0.8261408055952878, 'ema_distance': 0.05257210248153271, 'trend_strength': 0.3781628542331957, 'hour': 14, 'day_of_week': 0}","{'price': 17693.45, 'rsi': 53.51400213047877, 'macd': -5.302030859882507, 'atr_pct': 0.15090330037386834, 'bb_position': 0.5429043661860506, 'ema_distance': 0.014229341270670125, 'trend_strength': 0.1869725947223169, 'hour': 10, 'day_of_week': 1}"
299,trend_following,SELL,17653.25,17643.25,3750.0,10.0,0.056646793083426565,1320.0,STOP_LOSS,0.6415704327619819,2.5,TRENDING,LOW,0.8,"{'price': 17653.25, 'rsi': 52.03138139554469, 'macd': -7.810852633741888, 'atr_pct': 0.11201903332247545, 'bb_position': 0.7734701040465916, 'ema_distance': 0.02781247497518199, 'trend_strength': 0.5625370669562613, 'hour': 11, 'day_of_week': 2}","{'price': 17644.8, 'rsi': 47.61765155880792, 'macd': -0.8144218503693992, 'atr_pct': 0.15081335172806853, 'bb_position': 0.6263197712705891, 'ema_distance': 0.02005982898943889, 'trend_strength': 0.5060312494981958, 'hour': 9, 'day_of_week': 3}"
300,trend_following,SELL,17626.4,17616.4,2250.0,10.0,0.056733082194889484,195.0,STOP_LOSS,1.0946275237194376,2.5,TRENDING,LOW,0.8,"{'price': 17626.4, 'rsi': 56.82089351980742, 'macd': -5.130894358862861, 'atr_pct': 0.14724261011080722, 'bb_position': 0.5852234260411932, 'ema_distance': 0.021433943977508193, 'trend_strength': 0.31041437688336454, 'hour': 11, 'day_of_week': 3}","{'price': 17634.2, 'rsi': 57.94124757495868, 'macd': -4.055686760086246, 'atr_pct': 0.09105682626454438, 'bb_position': 1.0038842852597583, 'ema_distance': 0.01067240493623396, 'trend_strength': 0.5676764858901721, 'hour': 15, 'day_of_week': 3}"
297,trend_following,BUY,17568.25,17578.25,1500.0,10.0,0.0569208657663683,21540.0,STOP_LOSS,0.8283974972367165,2.5,TRENDING,LOW,0.8,"{'price': 17568.25, 'rsi': 45.62015556658691, 'macd': 19.04792856471977, 'atr_pct': 0.14193624456456494, 'bb_position': 0.32567631699498995, 'ema_distance': 0.06684371844662813, 'trend_strength': 0.3769718808537414, 'hour': 13, 'day_of_week': 3}","{'price': 17575.05, 'rsi': 20.488783166002435, 'macd': -8.422807759245188, 'atr_pct': 0.1113998049995411, 'bb_position': 0.05411033068551099, 'ema_distance': 0.05308863438737506, 'trend_strength': 0.2302096823402103, 'hour': 12, 'day_of_week': 4}"
302,breakout,SELL,17575.05,17565.05,750.0,10.0,0.05689884239305151,30.0,STOP_LOSS,0.5523348592949999,3.0,NEUTRAL,LOW,0.75,"{'price': 17575.05, 'rsi': 20.488783166002435, 'macd': -8.422807759245188, 'atr_pct': 0.1113998049995411, 'bb_position': 0.05411033068551099, 'ema_distance': 0.05308863438737506, 'trend_strength': 0.2302096823402103, 'hour': 12, 'day_of_week': 4}","{'price': 17586.5, 'rsi': 41.865312010338776, 'macd': -10.286408112762729, 'atr_pct': 0.10058445804615097, 'bb_position': 0.2882302581708112, 'ema_distance': 0.06280051668420493, 'trend_strength': 0.35258811426481473, 'hour': 13, 'day_of_week': 4}"
301,trend_following,SELL,17634.2,17624.2,3750.0,10.0,0.05670798788717378,1395.0,STOP_LOSS,0.47052855714129194,2.5,TRENDING,LOW,0.8,"{'price': 17634.2, 'rsi': 57.94124757495868, 'macd': -4.055686760086246, 'atr_pct': 0.09105682626454438, 'bb_position': 1.0038842852597583, 'ema_distance': 0.01067240493623396, 'trend_strength': 0.5676764858901721, 'hour': 15, 'day_of_week': 3}","{'price': 17629.3, 'rsi': 58.9443184170053, 'macd': -3.262276470031793, 'atr_pct': 0.10297386412717643, 'bb_position': 0.969346076953327, 'ema_distance': 0.005046063725960466, 'trend_strength': 0.5123483746764818, 'hour': 14, 'day_of_week': 4}"
304,trend_following,SELL,17629.3,17619.3,3750.0,10.0,0.056723749666747966,30.0,STOP_LOSS,1.0580840457061884,2.5,TRENDING,LOW,0.8,"{'price': 17629.3, 'rsi': 58.9443184170053, 'macd': -3.262276470031793, 'atr_pct': 0.10297386412717643, 'bb_position': 0.969346076953327, 'ema_distance': 0.005046063725960466, 'trend_strength': 0.5123483746764818, 'hour': 14, 'day_of_week': 4}","{'price': 17627.9, 'rsi': 57.21282307057795, 'macd': 0.47965813845803495, 'atr_pct': 0.10705432054543729, 'bb_position': 0.9154405041834781, 'ema_distance': 0.019764599229568143, 'trend_strength': 0.5463522969798535, 'hour': 14, 'day_of_week': 4}"
303,trend_following,SELL,17604.0,17663.2,-8880.00000000011,-59.20000000000073,-0.3362872074528558,4260.0,STOP_LOSS,0.7414123261853817,2.5,TRENDING,LOW,0.8,"{'price': 17604.0, 'rsi': 52.67496868765815, 'macd': -7.675864589866251, 'atr_pct': 0.09829340734249152, 'bb_position': 0.5217129919937686, 'ema_distance': 0.03914897068080315, 'trend_strength': 0.45191178710258995, 'hour': 13, 'day_of_week': 4}","{'price': 17671.05, 'rsi': 55.64753725258696, 'macd': 10.409573251945403, 'atr_pct': 0.10812681112408926, 'bb_position': 1.1710580855456973, 'ema_distance': 0.06314514274683283, 'trend_strength': 0.13591909959607917, 'hour': 12, 'day_of_week': 0}"
305,trend_following,BUY,18142.95,18104.06146421321,-11666.560736037354,-38.88853578679118,-0.21434516319998226,1125.0,STOP_LOSS,0.9751925232586741,2.5,TRENDING,LOW,0.8,"{'price': 18142.95, 'rsi': 43.429917252017525, 'macd': 14.657560530886258, 'atr_pct': 0.08870033342348864, 'bb_position': 0.1301349947829981, 'ema_distance': 0.04695403780722978, 'trend_strength': 0.3583345828605372, 'hour': 15, 'day_of_week': 1}","{'price': 18089.65, 'rsi': 22.580428190807567, 'macd': -4.840800265472353, 'atr_pct': 0.13273177914285045, 'bb_position': 0.03372362417197088, 'ema_distance': 0.07386939134707954, 'trend_strength': 0.5628949594597299, 'hour': 9, 'day_of_week': 2}"
306,trend_following,BUY,18147.65,18105.77081855779,-12563.754432663336,-41.87918144221112,-0.23076917089656854,1110.0,STOP_LOSS,1.0501877686150745,2.5,TRENDING,LOW,0.8,"{'price': 18147.65, 'rsi': 45.3576556907417, 'macd': 12.83950933223241, 'atr_pct': 0.09174741633214159, 'bb_position': 0.25351380430155634, 'ema_distance': 0.036883546109093716, 'trend_strength': 0.39339857032754433, 'hour': 15, 'day_of_week': 1}","{'price': 18089.65, 'rsi': 22.580428190807567, 'macd': -4.840800265472353, 'atr_pct': 0.13273177914285045, 'bb_position': 0.03372362417197088, 'ema_distance': 0.07386939134707954, 'trend_strength': 0.5628949594597299, 'hour': 9, 'day_of_week': 2}"
307,trend_following,BUY,18160.7,18104.9,-8369.99999999989,-55.79999999999927,-0.30725687886479747,45.0,STOP_LOSS,0.7141005838638305,2.5,TRENDING,NORMAL,0.8,"{'price': 18160.7, 'rsi': 46.31554998422899, 'macd': 11.414310421845585, 'atr_pct': 0.1882990665086083, 'bb_position': 0.17185509198227916, 'ema_distance': 0.030436512446063126, 'trend_strength': 0.33445137971203437, 'hour': 11, 'day_of_week': 4}","{'price': 18099.35, 'rsi': 28.394929086084005, 'macd': -5.201509361755598, 'atr_pct': 0.20338141582827252, 'bb_position': -0.06275270125243734, 'ema_distance': 0.0779282852283415, 'trend_strength': 0.45939183280185375, 'hour': 11, 'day_of_week': 4}"
308,trend_following,BUY,18304.75,18246.85,-8685.000000000218,-57.900000000001455,-0.31631133995275246,1260.0,STOP_LOSS,0.7463047032634318,2.5,TRENDING,LOW,0.8,"{'price': 18304.75, 'rsi': 53.06040502408093, 'macd': 19.896000980581448, 'atr_pct': 0.09462805321803812, 'bb_position': 0.4524412846555496, 'ema_distance': 0.07657448274667422, 'trend_strength': 0.4219710154798789, 'hour': 12, 'day_of_week': 1}","{'price': 18226.2, 'rsi': 31.47821707378378, 'macd': -9.621580502644065, 'atr_pct': 0.15846497271588567, 'bb_position': 0.047820947273754764, 'ema_distance': 0.07369444506720106, 'trend_strength': 0.8584577476553826, 'hour': 9, 'day_of_week': 2}"
309,trend_following,BUY,18292.85,18246.85,-10350.0,-46.0,-0.25146436995875443,1245.0,STOP_LOSS,0.8893786619201295,2.5,TRENDING,LOW,0.8,"{'price': 18292.85, 'rsi': 37.91273571459489, 'macd': 16.330337126772065, 'atr_pct': 0.08547445742852892, 'bb_position': 0.3264555426887048, 'ema_distance': 0.052806805038140336, 'trend_strength': 0.4781535285759023, 'hour': 13, 'day_of_week': 1}","{'price': 18226.2, 'rsi': 31.47821707378378, 'macd': -9.621580502644065, 'atr_pct': 0.15846497271588567, 'bb_position': 0.047820947273754764, 'ema_distance': 0.07369444506720106, 'trend_strength': 0.8584577476553826, 'hour': 9, 'day_of_week': 2}"
310,trend_following,BUY,18289.4,18270.4,-7125.0,-19.0,-0.10388531061707874,1140.0,STOP_LOSS,0.6224344839980698,2.5,TRENDING,LOW,0.8,"{'price': 18289.4, 'rsi': 29.806423836307317, 'macd': 3.1035289065621328, 'atr_pct': 0.11858937807848163, 'bb_position': -0.2186315072117501, 'ema_distance': 0.0017161685350054218, 'trend_strength': 0.3469590723615883, 'hour': 14, 'day_of_week': 3}","{'price': 18234.2, 'rsi': 27.421380017029804, 'macd': -16.35928310010786, 'atr_pct': 0.16082416557896814, 'bb_position': 0.030087639274290232, 'ema_distance': 0.12206490073813817, 'trend_strength': 0.5238574676087396, 'hour': 9, 'day_of_week': 4}"
311,trend_following,BUY,18390.0,18400.0,3750.0,10.0,0.0543773790103317,1155.0,STOP_LOSS,0.7318206591306936,2.5,TRENDING,LOW,0.8,"{'price': 18390.0, 'rsi': 39.935137607144874, 'macd': 21.3241828204591, 'atr_pct': 0.09172298609492793, 'bb_position': 0.1683239856451357, 'ema_distance': 0.08117148457038924, 'trend_strength': 0.5654528728186459, 'hour': 15, 'day_of_week': 0}","{'price': 18385.75, 'rsi': 33.90195808071553, 'macd': 4.1070146490346815, 'atr_pct': 0.1349647727957022, 'bb_position': 0.11953803669171138, 'ema_distance': 0.012725660243165796, 'trend_strength': 0.5573834371173876, 'hour': 10, 'day_of_week': 1}"
312,trend_following,BUY,18398.85,18367.8,-11643.749999999727,-31.049999999999272,-0.16876054753421696,1200.0,STOP_LOSS,1.0235599759462504,2.5,TRENDING,LOW,0.8,"{'price': 18398.85, 'rsi': 44.279833395705744, 'macd': 17.72013613672243, 'atr_pct': 0.09342587017278557, 'bb_position': 0.23653632449426237, 'ema_distance': 0.057625773274166375, 'trend_strength': 0.5853185891399305, 'hour': 15, 'day_of_week': 0}","{'price': 18362.35, 'rsi': 25.72515205086468, 'macd': -3.1553363082639407, 'atr_pct': 0.1406799394257418, 'bb_position': 0.06394454668632309, 'ema_distance': 0.047248509601216175, 'trend_strength': 0.5479283381583184, 'hour': 11, 'day_of_week': 1}"
313,trend_following,SELL,18141.75,18131.75,1500.0,10.0,0.05512147394821338,135.0,STOP_LOSS,0.9520394828349795,2.5,TRENDING,NORMAL,0.8,"{'price': 18141.75, 'rsi': 45.5419671894638, 'macd': -22.76926592057498, 'atr_pct': 0.1768021276888941, 'bb_position': 0.5327271244666868, 'ema_distance': 0.10043213791279271, 'trend_strength': 0.5616575046197417, 'hour': 11, 'day_of_week': 4}","{'price': 18141.65, 'rsi': 64.39126129202964, 'macd': -9.524125368821842, 'atr_pct': 0.14095426034251884, 'bb_position': 0.747215723572692, 'ema_distance': 0.026128846704149628, 'trend_strength': 0.26341337980120105, 'hour': 13, 'day_of_week': 4}"
314,trend_following,SELL,18153.05,18143.05,1500.0,10.0,0.05508716166153897,135.0,STOP_LOSS,0.8019969980925183,2.5,TRENDING,NORMAL,0.8,"{'price': 18153.05, 'rsi': 50.70280771506362, 'macd': -18.5932817761568, 'atr_pct': 0.17612152542646262, 'bb_position': 0.6312805811497026, 'ema_distance': 0.07049579355527064, 'trend_strength': 0.5271127894730493, 'hour': 11, 'day_of_week': 4}","{'price': 18164.7, 'rsi': 75.42290701433129, 'macd': -5.854244814461708, 'atr_pct': 0.13519156857609982, 'bb_position': 0.9400543932893354, 'ema_distance': 0.001544870821934955, 'trend_strength': 0.2273231777541317, 'hour': 14, 'day_of_week': 4}"
315,trend_following,SELL,18141.65,18186.15,-10012.5,-44.5,-0.24529191115471852,75.0,STOP_LOSS,0.8851376134401744,2.5,NEUTRAL,LOW,0.8,"{'price': 18141.65, 'rsi': 64.39126129202964, 'macd': -9.524125368821842, 'atr_pct': 0.14095426034251884, 'bb_position': 0.747215723572692, 'ema_distance': 0.026128846704149628, 'trend_strength': 0.26341337980120105, 'hour': 13, 'day_of_week': 4}","{'price': 18204.25, 'rsi': 70.69470879078042, 'macd': 8.024740908327658, 'atr_pct': 0.13244552390631031, 'bb_position': 1.0083019938258486, 'ema_distance': 0.08137379917195306, 'trend_strength': 0.21057667635467503, 'hour': 15, 'day_of_week': 4}"
317,trend_following,BUY,18379.45,18337.977344421724,-9331.347505112171,-41.47265557827632,-0.22564688050119192,1305.0,STOP_LOSS,0.8311763885401293,2.5,NEUTRAL,LOW,0.8,"{'price': 18379.45, 'rsi': 32.71029034785096, 'macd': 18.382929433446407, 'atr_pct': 0.0934661887519577, 'bb_position': -0.18471333819863253, 'ema_distance': 0.059192681987816645, 'trend_strength': 0.28835239684916436, 'hour': 14, 'day_of_week': 1}","{'price': 18331.9, 'rsi': 46.17000647950043, 'macd': -3.923687662831071, 'atr_pct': 0.13993951215406908, 'bb_position': 0.2127852027817664, 'ema_distance': 0.03467574881145639, 'trend_strength': 0.8750461417658367, 'hour': 12, 'day_of_week': 2}"
316,trend_following,BUY,18261.85,18271.85,750.0,10.0,0.05475896472701287,4110.0,STOP_LOSS,0.5544829421289577,2.5,TRENDING,LOW,0.8,"{'price': 18261.85, 'rsi': 47.00399996165739, 'macd': 25.870485357445432, 'atr_pct': 0.12054794949189293, 'bb_position': 0.36023947086436875, 'ema_distance': 0.10374250180876256, 'trend_strength': 0.4661905226780376, 'hour': 13, 'day_of_week': 0}","{'price': 18261.85, 'rsi': 37.989008394948506, 'macd': -22.049606186777964, 'atr_pct': 0.13550888092623894, 'bb_position': 0.15214077133505183, 'ema_distance': 0.11584683543614921, 'trend_strength': 0.6316298742757478, 'hour': 10, 'day_of_week': 3}"
318,breakout,SELL,18211.0,18303.8,-6959.999999999945,-92.79999999999927,-0.5095821206962785,90.0,STOP_LOSS,0.6247272476564536,3.0,TRENDING,LOW,0.75,"{'price': 18211.0, 'rsi': 29.43759633938599, 'macd': -23.255995939889544, 'atr_pct': 0.10911772319712747, 'bb_position': 0.09929097400957362, 'ema_distance': 0.1111179547587293, 'trend_strength': 0.8344130464328557, 'hour': 13, 'day_of_week': 3}","{'price': 18328.7, 'rsi': 79.69593614173502, 'macd': -1.8593715782189975, 'atr_pct': 0.1267917840015132, 'bb_position': 1.2503918005809946, 'ema_distance': 0.03752857716590787, 'trend_strength': 0.7286749947098687, 'hour': 15, 'day_of_week': 3}"
319,trend_following,SELL,18248.2,18303.8,-8339.999999999782,-55.599999999998545,-0.3046875856248756,45.0,STOP_LOSS,0.7485955812434955,2.5,TRENDING,LOW,0.8,"{'price': 18248.2, 'rsi': 46.65909507652455, 'macd': -17.928516766129178, 'atr_pct': 0.11163527674745105, 'bb_position': 0.5941018141105783, 'ema_distance': 0.07184777796134192, 'trend_strength': 0.8142967832973895, 'hour': 14, 'day_of_week': 3}","{'price': 18328.7, 'rsi': 79.69593614173502, 'macd': -1.8593715782189975, 'atr_pct': 0.1267917840015132, 'bb_position': 1.2503918005809946, 'ema_distance': 0.03752857716590787, 'trend_strength': 0.7286749947098687, 'hour': 15, 'day_of_week': 3}"
320,trend_following,BUY,18588.45,18598.45,750.0,10.0,0.053796846966799275,1215.0,STOP_LOSS,0.47457053029191876,2.5,TRENDING,LOW,0.8,"{'price': 18588.45, 'rsi': 30.173962954418982, 'macd': 25.761723201441782, 'atr_pct': 0.0924537241443716, 'bb_position': 0.09902253611206376, 'ema_distance': 0.07929527871101083, 'trend_strength': 0.5131637987256622, 'hour': 14, 'day_of_week': 0}","{'price': 18595.25, 'rsi': 44.5342946536115, 'macd': 17.14033314216067, 'atr_pct': 0.1384570176331516, 'bb_position': 0.27371329148089274, 'ema_distance': 0.05807663028003996, 'trend_strength': 0.5724369834986741, 'hour': 10, 'day_of_week': 1}"
321,trend_following,BUY,18595.25,18605.25,1500.0,10.0,0.05377717427837754,60.0,STOP_LOSS,0.5425106830942825,2.5,TRENDING,LOW,0.8,"{'price': 18595.25, 'rsi': 44.5342946536115, 'macd': 17.14033314216067, 'atr_pct': 0.1384570176331516, 'bb_position': 0.27371329148089274, 'ema_distance': 0.05807663028003996, 'trend_strength': 0.5724369834986741, 'hour': 10, 'day_of_week': 1}","{'price': 18600.05, 'rsi': 49.188751260720316, 'macd': 9.634014332554216, 'atr_pct': 0.13365939492481996, 'bb_position': 0.3107298526100856, 'ema_distance': 0.017291172913506507, 'trend_strength': 0.4637135557622239, 'hour': 11, 'day_of_week': 1}"
322,trend_following,BUY,18606.9,18616.9,750.0,10.0,0.05374350375398374,75.0,STOP_LOSS,0.33696691422039693,2.5,TRENDING,LOW,0.8,"{'price': 18606.9, 'rsi': 45.79553615150437, 'macd': 14.831885117877391, 'atr_pct': 0.1456257010648118, 'bb_position': 0.4244604348576119, 'ema_distance': 0.04421843870569968, 'trend_strength': 0.5581333894279252, 'hour': 11, 'day_of_week': 1}","{'price': 18609.0, 'rsi': 52.78410601157662, 'macd': 8.3377416856747, 'atr_pct': 0.13848905675441334, 'bb_position': 0.4270221791918981, 'ema_distance': 0.01540596603762065, 'trend_strength': 0.3814175408135646, 'hour': 12, 'day_of_week': 1}"
323,trend_following,BUY,18600.05,18610.05,1500.0,10.0,0.0537632963352249,30.0,STOP_LOSS,0.502744846824166,2.5,TRENDING,LOW,0.8,"{'price': 18600.05, 'rsi': 49.188751260720316, 'macd': 9.634014332554216, 'atr_pct': 0.13365939492481996, 'bb_position': 0.3107298526100856, 'ema_distance': 0.017291172913506507, 'trend_strength': 0.4637135557622239, 'hour': 11, 'day_of_week': 1}","{'price': 18609.0, 'rsi': 52.78410601157662, 'macd': 8.3377416856747, 'atr_pct': 0.13848905675441334, 'bb_position': 0.4270221791918981, 'ema_distance': 0.01540596603762065, 'trend_strength': 0.3814175408135646, 'hour': 12, 'day_of_week': 1}"
324,trend_following,BUY,18609.0,18567.117687002316,-6282.346949652674,-41.882312997684494,-0.22506482346007034,1290.0,STOP_LOSS,0.5694213340719771,2.5,TRENDING,LOW,0.8,"{'price': 18609.0, 'rsi': 52.78410601157662, 'macd': 8.3377416856747, 'atr_pct': 0.13848905675441334, 'bb_position': 0.4270221791918981, 'ema_distance': 0.01540596603762065, 'trend_strength': 0.3814175408135646, 'hour': 12, 'day_of_week': 1}","{'price': 18557.8, 'rsi': 31.19596221814473, 'macd': -5.664832488651882, 'atr_pct': 0.11063888422734866, 'bb_position': -0.0205654731218991, 'ema_distance': 0.05926929105688556, 'trend_strength': 0.659521481874948, 'hour': 9, 'day_of_week': 2}"
325,trend_following,BUY,18590.2,18568.022875747323,-4989.852956852428,-22.17712425267746,-0.11929470502026585,1275.0,STOP_LOSS,0.452271857999023,2.5,TRENDING,LOW,0.8,"{'price': 18590.2, 'rsi': 47.93517171150532, 'macd': 5.835807679537538, 'atr_pct': 0.14076156869133896, 'bb_position': 0.20856152646384712, 'ema_distance': 0.00046160676902697707, 'trend_strength': 0.34111624994367434, 'hour': 12, 'day_of_week': 1}","{'price': 18557.8, 'rsi': 31.19596221814473, 'macd': -5.664832488651882, 'atr_pct': 0.11063888422734866, 'bb_position': -0.0205654731218991, 'ema_distance': 0.05926929105688556, 'trend_strength': 0.659521481874948, 'hour': 9, 'day_of_week': 2}"
327,trend_following,SELL,18533.0,18523.0,1500.0,10.0,0.05395780499649275,45.0,STOP_LOSS,0.559058771005197,2.5,TRENDING,LOW,0.8,"{'price': 18533.0, 'rsi': 52.127812453375455, 'macd': -5.888283246888022, 'atr_pct': 0.1437397383817272, 'bb_position': 0.7038406274578971, 'ema_distance': 0.018620339353854824, 'trend_strength': 0.3201209667838618, 'hour': 11, 'day_of_week': 4}","{'price': 18528.8, 'rsi': 60.18315923382345, 'macd': -2.868155909323832, 'atr_pct': 0.13423118912950707, 'bb_position': 0.6801592904848358, 'ema_distance': 0.0015818576289781455, 'trend_strength': 0.1803521297268195, 'hour': 12, 'day_of_week': 4}"
326,trend_following,SELL,18521.75,18573.7,-3896.2500000000546,-51.95000000000073,-0.2804810560557222,4215.0,STOP_LOSS,0.3567948790383277,2.5,TRENDING,LOW,0.8,"{'price': 18521.75, 'rsi': 52.138764610979095, 'macd': -8.028387459824444, 'atr_pct': 0.14646872692143764, 'bb_position': 0.5501878353390282, 'ema_distance': 0.03373173320552892, 'trend_strength': 0.35342415932990856, 'hour': 11, 'day_of_week': 4}","{'price': 18619.35, 'rsi': 71.4425315466111, 'macd': 16.42349062091307, 'atr_pct': 0.15275966745808772, 'bb_position': 1.0919368174622648, 'ema_distance': 0.10991366274968575, 'trend_strength': 0.33257952116963074, 'hour': 9, 'day_of_week': 0}"
329,breakout,SELL,18566.1,18556.1,750.0,10.0,0.05386160798444477,60.0,STOP_LOSS,0.45187865547144085,3.0,TRENDING,LOW,0.75,"{'price': 18566.1, 'rsi': 28.73165265905017, 'macd': -1.9284505734613049, 'atr_pct': 0.09904764982568103, 'bb_position': -0.13257984262849187, 'ema_distance': 0.03499188052321773, 'trend_strength': 0.47493238318023073, 'hour': 10, 'day_of_week': 1}","{'price': 18558.45, 'rsi': 22.104006039608393, 'macd': -9.60909481017734, 'atr_pct': 0.10178266888821806, 'bb_position': 0.11746021794502297, 'ema_distance': 0.07344631943782472, 'trend_strength': 0.6017114920334485, 'hour': 11, 'day_of_week': 1}"
328,breakout,SELL,18580.6,18570.6,750.0,10.0,0.05381957525591208,300.0,STOP_LOSS,0.38924201015857923,3.0,TRENDING,LOW,0.75,"{'price': 18580.6, 'rsi': 37.469314755765126, 'macd': 0.8093839498906163, 'atr_pct': 0.09829760994954828, 'bb_position': -0.04061248081591621, 'ema_distance': 0.01832394297915086, 'trend_strength': 0.4598071545074691, 'hour': 10, 'day_of_week': 1}","{'price': 18608.6, 'rsi': 76.97190374587926, 'macd': -3.2687665869598277, 'atr_pct': 0.0869989451881701, 'bb_position': 1.4232616891624972, 'ema_distance': 0.0006903058701132195, 'trend_strength': 0.5818587221753994, 'hour': 15, 'day_of_week': 1}"
330,trend_following,SELL,18604.05,18594.05,1500.0,10.0,0.053751736852997056,30.0,STOP_LOSS,0.5780769352550533,2.5,TRENDING,LOW,0.8,"{'price': 18604.05, 'rsi': 55.649978364537894, 'macd': -14.311179008571344, 'atr_pct': 0.13424496279035794, 'bb_position': 0.6679919978969745, 'ema_distance': 0.05006952641676256, 'trend_strength': 0.40667518224148486, 'hour': 10, 'day_of_week': 0}","{'price': 18602.35, 'rsi': 57.44617474669237, 'macd': -10.331425870026578, 'atr_pct': 0.12882396962902642, 'bb_position': 0.7461124678263911, 'ema_distance': 0.02662127346385463, 'trend_strength': 0.3377656056318207, 'hour': 10, 'day_of_week': 0}"
331,trend_following,SELL,18593.85,18583.85,750.0,10.0,0.0537812233614878,120.0,STOP_LOSS,0.3591500578724977,2.5,TRENDING,LOW,0.8,"{'price': 18593.85, 'rsi': 47.96970459898337, 'macd': -12.540039723047812, 'atr_pct': 0.13404969922850585, 'bb_position': 0.5859897089681332, 'ema_distance': 0.03981918436338033, 'trend_strength': 0.36995569509040843, 'hour': 10, 'day_of_week': 0}","{'price': 18591.75, 'rsi': 58.7038244681958, 'macd': -3.4644999283991638, 'atr_pct': 0.12632331160710936, 'bb_position': 0.5577145049028666, 'ema_distance': 0.002244132706649456, 'trend_strength': 0.17588317990622254, 'hour': 12, 'day_of_week': 0}"
332,trend_following,SELL,18602.35,18592.35,750.0,10.0,0.05375664902552634,135.0,STOP_LOSS,0.3003108841652868,2.5,TRENDING,LOW,0.8,"{'price': 18602.35, 'rsi': 57.44617474669237, 'macd': -10.331425870026578, 'atr_pct': 0.12882396962902642, 'bb_position': 0.7461124678263911, 'ema_distance': 0.02662127346385463, 'trend_strength': 0.3377656056318207, 'hour': 10, 'day_of_week': 0}","{'price': 18600.75, 'rsi': 57.136810113938715, 'macd': -3.0304558524549066, 'atr_pct': 0.09377502059248931, 'bb_position': 0.6582324208002915, 'ema_distance': 0.002666686181731746, 'trend_strength': 0.22349959477631665, 'hour': 13, 'day_of_week': 0}"
333,trend_following,BUY,18738.9,18721.75,-6431.250000000546,-17.150000000001455,-0.0915208470081032,15.0,STOP_LOSS,0.58780236862556,2.5,TRENDING,LOW,0.8,"{'price': 18738.9, 'rsi': 43.73338002805179, 'macd': 9.175752566556184, 'atr_pct': 0.1141247046823181, 'bb_position': 0.04187883088112623, 'ema_distance': 0.03155706114107839, 'trend_strength': 0.43234881053836594, 'hour': 11, 'day_of_week': 3}","{'price': 18721.75, 'rsi': 36.08925405752968, 'macd': 5.261168884506333, 'atr_pct': 0.11978046924032515, 'bb_position': -0.12265549767124594, 'ema_distance': 0.004720957018599783, 'trend_strength': 0.4398717306550067, 'hour': 11, 'day_of_week': 3}"
334,trend_following,BUY,18721.75,18731.75,1500.0,10.0,0.05341381014061185,7095.0,STOP_LOSS,0.2068610778578654,2.5,TRENDING,LOW,0.8,"{'price': 18721.75, 'rsi': 36.08925405752968, 'macd': 5.261168884506333, 'atr_pct': 0.11978046924032515, 'bb_position': -0.12265549767124594, 'ema_distance': 0.004720957018599783, 'trend_strength': 0.4398717306550067, 'hour': 11, 'day_of_week': 3}","{'price': 18696.9, 'rsi': 29.72420465607088, 'macd': -20.080553116506053, 'atr_pct': 0.15310024656493718, 'bb_position': 0.09317603820538566, 'ema_distance': 0.11944964804444572, 'trend_strength': 0.7401470871214643, 'hour': 9, 'day_of_week': 1}"
335,trend_following,SELL,18768.35,18758.35,750.0,10.0,0.05328118880988473,1425.0,STOP_LOSS,0.5261166746851911,2.5,TRENDING,LOW,0.8,"{'price': 18768.35, 'rsi': 45.43497814933438, 'macd': -12.41847065811453, 'atr_pct': 0.10785634934800592, 'bb_position': 0.4488111378867365, 'ema_distance': 0.07680636182020338, 'trend_strength': 0.5989183913142415, 'hour': 14, 'day_of_week': 0}","{'price': 18763.25, 'rsi': 81.24382839298406, 'macd': 3.5355112661782186, 'atr_pct': 0.10249899594762972, 'bb_position': 0.9049773557330297, 'ema_distance': 0.04416109958517177, 'trend_strength': 0.3711443713351854, 'hour': 14, 'day_of_week': 1}"
336,trend_following,SELL,18727.0,18786.0,-4425.0,-59.0,-0.31505313184172584,150.0,STOP_LOSS,0.40626651492596766,2.5,TRENDING,LOW,0.8,"{'price': 18727.0, 'rsi': 42.875536795434705, 'macd': -11.320507348576939, 'atr_pct': 0.12493420500575916, 'bb_position': 0.576660538973341, 'ema_distance': 0.03592809860051437, 'trend_strength': 0.6278779933477238, 'hour': 12, 'day_of_week': 1}","{'price': 18820.4, 'rsi': 81.88775608856815, 'macd': 11.623324824671727, 'atr_pct': 0.1193613616835255, 'bb_position': 1.133373233559084, 'ema_distance': 0.08994911838269877, 'trend_strength': 0.29421827123275707, 'hour': 15, 'day_of_week': 1}"
337,trend_following,BUY,18848.25,18820.75,-6187.5,-27.5,-0.14590213945591765,75.0,STOP_LOSS,0.5700077842138851,2.5,TRENDING,LOW,0.8,"{'price': 18848.25, 'rsi': 47.14710337913334, 'macd': 11.302759937087103, 'atr_pct': 0.12068191249282496, 'bb_position': 0.30578987791485107, 'ema_distance': 0.04138998915606508, 'trend_strength': 0.4300172975760047, 'hour': 10, 'day_of_week': 3}","{'price': 18811.85, 'rsi': 32.48013168312329, 'macd': 0.5815242394819506, 'atr_pct': 0.11351127841531801, 'bb_position': -0.14686318748324048, 'ema_distance': 0.023457677893716285, 'trend_strength': 0.5210987839735896, 'hour': 12, 'day_of_week': 3}"
338,trend_following,BUY,18830.45,18826.50963733325,-1477.6360000319073,-3.940362666751753,-0.020925483282405642,45.0,STOP_LOSS,0.5181888947398956,2.5,TRENDING,LOW,0.8,"{'price': 18830.45, 'rsi': 44.51541360378925, 'macd': 7.149629533436382, 'atr_pct': 0.11770449306461706, 'bb_position': -0.07412500860524172, 'ema_distance': 0.014795838772919281, 'trend_strength': 0.45639360065732526, 'hour': 11, 'day_of_week': 3}","{'price': 18811.85, 'rsi': 32.48013168312329, 'macd': 0.5815242394819506, 'atr_pct': 0.11351127841531801, 'bb_position': -0.14686318748324048, 'ema_distance': 0.023457677893716285, 'trend_strength': 0.5210987839735896, 'hour': 12, 'day_of_week': 3}"
339,breakout,SELL,18666.85,18656.85,750.0,10.0,0.05357090242863686,4260.0,STOP_LOSS,0.564319763113559,3.0,TRENDING,LOW,0.75,"{'price': 18666.85, 'rsi': 35.4767587035135, 'macd': -20.08452852937262, 'atr_pct': 0.12462887800719331, 'bb_position': -0.10445927845800014, 'ema_distance': 0.09113424768799175, 'trend_strength': 0.597339736013284, 'hour': 15, 'day_of_week': 4}","{'price': 18666.15, 'rsi': 53.24226002745402, 'macd': -10.817333369846892, 'atr_pct': 0.0878021751367314, 'bb_position': 0.35878391477626154, 'ema_distance': 0.04469222414954193, 'trend_strength': 0.6078905826855628, 'hour': 14, 'day_of_week': 0}"
340,trend_following,SELL,18691.1,18681.1,1500.0,10.0,0.053501399061585464,165.0,STOP_LOSS,0.4265450244002698,2.5,TRENDING,LOW,0.8,"{'price': 18691.1, 'rsi': 57.82658134527001, 'macd': -10.25238286567037, 'atr_pct': 0.11619357417625018, 'bb_position': 0.6860806255309586, 'ema_distance': 0.030310526073028976, 'trend_strength': 0.5208456986850812, 'hour': 12, 'day_of_week': 0}","{'price': 18696.35, 'rsi': 56.69257767848211, 'macd': -5.9936637329665245, 'atr_pct': 0.09533946465486412, 'bb_position': 1.066669316361882, 'ema_distance': 0.013049915075668328, 'trend_strength': 0.5589033768134188, 'hour': 15, 'day_of_week': 0}"
341,trend_following,SELL,18696.35,18706.15,-3675.0000000010914,-9.80000000000291,-0.052416648169310645,1125.0,STOP_LOSS,0.520786869748767,2.5,TRENDING,LOW,0.8,"{'price': 18696.35, 'rsi': 56.69257767848211, 'macd': -5.9936637329665245, 'atr_pct': 0.09533946465486412, 'bb_position': 1.066669316361882, 'ema_distance': 0.013049915075668328, 'trend_strength': 0.5589033768134188, 'hour': 15, 'day_of_week': 0}","{'price': 18731.3, 'rsi': 76.07577102628287, 'macd': 8.835189753415762, 'atr_pct': 0.1183275358052333, 'bb_position': 0.9613446270490096, 'ema_distance': 0.07627194407228266, 'trend_strength': 0.4011985716270944, 'hour': 9, 'day_of_week': 1}"
343,trend_following,BUY,19364.1,19374.1,750.0,10.0,0.0516419559907251,1200.0,STOP_LOSS,0.4448769039743704,2.5,NEUTRAL,LOW,0.8,"{'price': 19364.1, 'rsi': 57.91897855093767, 'macd': 23.69534408655818, 'atr_pct': 0.11394428718239195, 'bb_position': 0.4817120137445205, 'ema_distance': 0.09463687562954358, 'trend_strength': 0.29510535120970416, 'hour': 14, 'day_of_week': 1}","{'price': 19371.35, 'rsi': 33.51282330572862, 'macd': 10.273841945119784, 'atr_pct': 0.14939219886216407, 'bb_position': 0.21892930916332726, 'ema_distance': 0.024376618559583296, 'trend_strength': 0.45902388371587466, 'hour': 10, 'day_of_week': 2}"
344,trend_following,BUY,19371.35,19381.35,1500.0,10.0,0.05162262826287274,150.0,STOP_LOSS,0.5078265727648515,2.5,TRENDING,LOW,0.8,"{'price': 19371.35, 'rsi': 33.51282330572862, 'macd': 10.273841945119784, 'atr_pct': 0.14939219886216407, 'bb_position': 0.21892930916332726, 'ema_distance': 0.024376618559583296, 'trend_strength': 0.45902388371587466, 'hour': 10, 'day_of_week': 2}","{'price': 19377.7, 'rsi': 38.89315361348949, 'macd': 5.205106592147786, 'atr_pct': 0.10304554793839242, 'bb_position': 0.2828834543155346, 'ema_distance': 0.011593266293134615, 'trend_strength': 0.6907170159433528, 'hour': 12, 'day_of_week': 2}"
345,trend_following,BUY,19377.7,19387.7,2250.0,10.0,0.05160571172017319,30.0,STOP_LOSS,0.5871806985319883,2.5,TRENDING,LOW,0.8,"{'price': 19377.7, 'rsi': 38.89315361348949, 'macd': 5.205106592147786, 'atr_pct': 0.10304554793839242, 'bb_position': 0.2828834543155346, 'ema_distance': 0.011593266293134615, 'trend_strength': 0.6907170159433528, 'hour': 12, 'day_of_week': 2}","{'price': 19370.05, 'rsi': 48.22970130846989, 'macd': 3.543487276587257, 'atr_pct': 0.08529368056060277, 'bb_position': 0.11011801024386966, 'ema_distance': 0.002957414896261671, 'trend_strength': 0.6634986134716339, 'hour': 13, 'day_of_week': 2}"
346,trend_following,BUY,19370.05,19380.05,3000.0,10.0,0.05162609285985323,75.0,STOP_LOSS,0.5689590615259406,2.5,TRENDING,LOW,0.8,"{'price': 19370.05, 'rsi': 48.22970130846989, 'macd': 3.543487276587257, 'atr_pct': 0.08529368056060277, 'bb_position': 0.11011801024386966, 'ema_distance': 0.002957414896261671, 'trend_strength': 0.6634986134716339, 'hour': 13, 'day_of_week': 2}","{'price': 19345.9, 'rsi': 39.18356538112761, 'macd': -0.7541542564940755, 'atr_pct': 0.09861816420312233, 'bb_position': -0.2821152452788452, 'ema_distance': 0.01950610091761667, 'trend_strength': 0.5623484496251401, 'hour': 14, 'day_of_week': 2}"
347,breakout,SELL,19345.9,19421.25,-5651.249999999891,-75.34999999999854,-0.3894882119725551,1155.0,STOP_LOSS,0.5213708514371042,3.0,TRENDING,LOW,0.75,"{'price': 19345.9, 'rsi': 39.18356538112761, 'macd': -0.7541542564940755, 'atr_pct': 0.09861816420312233, 'bb_position': -0.2821152452788452, 'ema_distance': 0.01950610091761667, 'trend_strength': 0.5623484496251401, 'hour': 14, 'day_of_week': 2}","{'price': 19425.6, 'rsi': 62.60480185935439, 'macd': 9.627511193742976, 'atr_pct': 0.13542512384246977, 'bb_position': 0.9338716061104799, 'ema_distance': 0.054453784216112064, 'trend_strength': 0.5119538044337342, 'hour': 9, 'day_of_week': 3}"
348,trend_following,BUY,19471.15,19422.8,-3626.2500000001637,-48.35000000000218,-0.2483160984328208,60.0,STOP_LOSS,0.3363025629250518,2.5,NEUTRAL,LOW,0.8,"{'price': 19471.15, 'rsi': 54.417753369176836, 'macd': 17.134218774303008, 'atr_pct': 0.1422800986514502, 'bb_position': 0.4860017360582899, 'ema_distance': 0.07254380264728702, 'trend_strength': 0.2995913113988599, 'hour': 10, 'day_of_week': 4}","{'price': 19394.3, 'rsi': 33.73365720017722, 'macd': -2.2063419547521335, 'atr_pct': 0.15671025581153816, 'bb_position': -0.09188794759718713, 'ema_distance': 0.05108034324862743, 'trend_strength': 0.4189380282912293, 'hour': 11, 'day_of_week': 4}"
349,trend_following,SELL,19397.15,19418.9,-4893.75,-21.75,-0.11212987474964106,30.0,STOP_LOSS,0.4553834254039574,2.5,TRENDING,NORMAL,0.8,"{'price': 19397.15, 'rsi': 54.60790217207547, 'macd': -14.005760436968558, 'atr_pct': 0.17252166279214198, 'bb_position': 0.76034923596051, 'ema_distance': 0.0490821643207458, 'trend_strength': 0.6030865264858722, 'hour': 9, 'day_of_week': 0}","{'price': 19428.3, 'rsi': 58.7524352537953, 'macd': -5.436392905201501, 'atr_pct': 0.1778333667896847, 'bb_position': 0.9619131852582345, 'ema_distance': 0.005078733646461143, 'trend_strength': 0.5254309323426476, 'hour': 10, 'day_of_week': 0}"
350,trend_following,BUY,19437.0,19447.0,3750.0,10.0,0.05144826876575603,30.0,STOP_LOSS,0.5258237387553812,2.5,NEUTRAL,LOW,0.8,"{'price': 19437.0, 'rsi': 24.549184070021695, 'macd': 8.408172910709254, 'atr_pct': 0.10061811420045688, 'bb_position': -0.08762469319295196, 'ema_distance': 0.008756587240476312, 'trend_strength': 0.26579656899049536, 'hour': 14, 'day_of_week': 1}","{'price': 19428.15, 'rsi': 25.894420984541583, 'macd': 3.344251903341501, 'atr_pct': 0.1136054054113647, 'bb_position': -0.0359112922556585, 'ema_distance': 0.017228645774288166, 'trend_strength': 0.3197198414429595, 'hour': 15, 'day_of_week': 1}"
351,breakout,SELL,19428.15,19418.15,750.0,10.0,0.05147170471712438,1260.0,STOP_LOSS,0.599441021674948,3.0,TRENDING,LOW,0.75,"{'price': 19428.15, 'rsi': 25.894420984541583, 'macd': 3.344251903341501, 'atr_pct': 0.1136054054113647, 'bb_position': -0.0359112922556585, 'ema_distance': 0.017228645774288166, 'trend_strength': 0.3197198414429595, 'hour': 15, 'day_of_week': 1}","{'price': 19419.75, 'rsi': 47.83582189515338, 'macd': -6.2191964874728, 'atr_pct': 0.13338776981460654, 'bb_position': 0.10004816967816323, 'ema_distance': 0.050693070219699106, 'trend_strength': 0.5180309353758838, 'hour': 12, 'day_of_week': 2}"
352,trend_following,SELL,19492.85,19482.85,750.0,10.0,0.051300861597970544,45.0,STOP_LOSS,0.3996974240986575,2.5,TRENDING,NORMAL,0.8,"{'price': 19492.85, 'rsi': 54.22297337206987, 'macd': -5.78193710431151, 'atr_pct': 0.1616343575061753, 'bb_position': 0.6853400415973644, 'ema_distance': 0.018118122551482308, 'trend_strength': 0.6085190529604211, 'hour': 11, 'day_of_week': 4}","{'price': 19485.3, 'rsi': 67.48577305737771, 'macd': -3.012340482287982, 'atr_pct': 0.13928082048665152, 'bb_position': 0.7751535716788758, 'ema_distance': 0.003028636903480771, 'trend_strength': 0.5111465541515201, 'hour': 12, 'day_of_week': 4}"
353,trend_following,SELL,19485.3,19475.3,1500.0,10.0,0.05132073922392778,30.0,STOP_LOSS,0.5644185492673607,2.5,TRENDING,LOW,0.8,"{'price': 19485.3, 'rsi': 67.48577305737771, 'macd': -3.012340482287982, 'atr_pct': 0.13928082048665152, 'bb_position': 0.7751535716788758, 'ema_distance': 0.003028636903480771, 'trend_strength': 0.5111465541515201, 'hour': 12, 'day_of_week': 4}","{'price': 19492.1, 'rsi': 62.169800708208136, 'macd': -0.7241424749481666, 'atr_pct': 0.14036822243736813, 'bb_position': 0.8271737319624257, 'ema_distance': 0.00940567543207235, 'trend_strength': 0.40228600263230546, 'hour': 12, 'day_of_week': 4}"
342,trend_following,BUY,19308.65,19791.36625,36203.718749999825,482.7162499999977,2.499999999999988,20220.0,TAKE_PROFIT,0.4733185091305752,2.5,TRENDING,LOW,0.8,"{'price': 19308.65, 'rsi': 47.41329849280439, 'macd': 26.444069099678018, 'atr_pct': 0.14756524740391724, 'bb_position': 0.372475551523756, 'ema_distance': 0.09851345089107279, 'trend_strength': 0.36661998356103637, 'hour': 9, 'day_of_week': 1}","{'price': 19792.75, 'rsi': 73.75913341982262, 'macd': 48.68648404459964, 'atr_pct': 0.16113403717450656, 'bb_position': 0.8798618333392051, 'ema_distance': 0.22860188656926272, 'trend_strength': 0.28585085320919407, 'hour': 10, 'day_of_week': 1}"
355,trend_following,BUY,19722.85,19732.85,750.0,10.0,0.050702611438002115,90.0,STOP_LOSS,0.350863360373844,2.5,NEUTRAL,NORMAL,0.8,"{'price': 19722.85, 'rsi': 42.230932542247, 'macd': 16.832609877586947, 'atr_pct': 0.1715196912645539, 'bb_position': 0.3095908323057087, 'ema_distance': 0.03560167843184268, 'trend_strength': 0.28873970455886744, 'hour': 13, 'day_of_week': 1}","{'price': 19732.75, 'rsi': 39.260617277321614, 'macd': 13.785680988101376, 'atr_pct': 0.1892068479340923, 'bb_position': 0.3684356147155149, 'ema_distance': 0.03826231890612256, 'trend_strength': 0.4411033195552012, 'hour': 14, 'day_of_week': 1}"
356,trend_following,BUY,19732.75,19742.75,750.0,10.0,0.05067717373402086,1260.0,STOP_LOSS,0.30626679995431694,2.5,TRENDING,NORMAL,0.8,"{'price': 19732.75, 'rsi': 39.260617277321614, 'macd': 13.785680988101376, 'atr_pct': 0.1892068479340923, 'bb_position': 0.3684356147155149, 'ema_distance': 0.03826231890612256, 'trend_strength': 0.4411033195552012, 'hour': 14, 'day_of_week': 1}","{'price': 19732.6, 'rsi': 49.97170637118673, 'macd': 7.144722109067516, 'atr_pct': 0.15224986642843732, 'bb_position': 0.22851935667431938, 'ema_distance': 0.0010102423117355189, 'trend_strength': 0.22080091798081392, 'hour': 11, 'day_of_week': 2}"
357,trend_following,BUY,19760.1,19770.1,1500.0,10.0,0.05060703134093451,1560.0,STOP_LOSS,0.43820528109862494,2.5,TRENDING,LOW,0.8,"{'price': 19760.1, 'rsi': 45.929675754678975, 'macd': 10.500012324206182, 'atr_pct': 0.14620009875600715, 'bb_position': 0.315313614597426, 'ema_distance': 0.038152555050491185, 'trend_strength': 0.5026432571878469, 'hour': 9, 'day_of_week': 3}","{'price': 19768.15, 'rsi': 25.906842021333702, 'macd': -23.35014795040479, 'atr_pct': 0.23199294969794065, 'bb_position': 0.1524613176704493, 'ema_distance': 0.16501197939635912, 'trend_strength': 0.4807489529883197, 'hour': 11, 'day_of_week': 4}"
354,trend_following,BUY,19717.9,19727.9,750.0,10.0,0.050715339868850136,4425.0,STOP_LOSS,0.4243042844978698,2.5,NEUTRAL,NORMAL,0.8,"{'price': 19717.9, 'rsi': 44.47152593844764, 'macd': 19.208786279490596, 'atr_pct': 0.16933489729781318, 'bb_position': 0.3122402862678422, 'ema_distance': 0.045909593744043575, 'trend_strength': 0.26141109698311005, 'hour': 13, 'day_of_week': 1}","{'price': 19708.05, 'rsi': 37.59633590178771, 'macd': -27.395175957655738, 'atr_pct': 0.16623011554016826, 'bb_position': -0.08107543315563122, 'ema_distance': 0.14092353647893724, 'trend_strength': 0.5719444628095338, 'hour': 14, 'day_of_week': 4}"
358,trend_following,SELL,19772.0,19762.0,750.0,10.0,0.050576572931418165,2850.0,STOP_LOSS,0.3355490320047545,2.5,TRENDING,NORMAL,0.8,"{'price': 19772.0, 'rsi': 43.225715837735656, 'macd': -21.581390244988143, 'atr_pct': 0.1798900320800019, 'bb_position': 0.5829337150885502, 'ema_distance': 0.08915659125798235, 'trend_strength': 0.5607362760801238, 'hour': 10, 'day_of_week': 0}","{'price': 19796.15, 'rsi': 70.11283713972901, 'macd': 14.428598907183186, 'atr_pct': 0.1679619521977745, 'bb_position': 1.1836850697821213, 'ema_distance': 0.11441811765171164, 'trend_strength': 0.5209672938772392, 'hour': 9, 'day_of_week': 2}"
359,trend_following,SELL,19775.7,19765.7,750.0,10.0,0.050567110140222596,2835.0,STOP_LOSS,0.3106935481525459,2.5,TRENDING,NORMAL,0.8,"{'price': 19775.7, 'rsi': 45.36500651487372, 'macd': -18.186601182889717, 'atr_pct': 0.175016380131754, 'bb_position': 0.6084833202048291, 'ema_distance': 0.06670516069912674, 'trend_strength': 0.5972438392191147, 'hour': 10, 'day_of_week': 0}","{'price': 19796.15, 'rsi': 70.11283713972901, 'macd': 14.428598907183186, 'atr_pct': 0.1679619521977745, 'bb_position': 1.1836850697821213, 'ema_distance': 0.11441811765171164, 'trend_strength': 0.5209672938772392, 'hour': 9, 'day_of_week': 2}"
360,trend_following,BUY,19763.65,19773.65,3750.0,10.0,0.0505979411697738,30.0,STOP_LOSS,0.5450806525189681,2.5,TRENDING,LOW,0.8,"{'price': 19763.65, 'rsi': 39.50621293755023, 'macd': 15.073557677671488, 'atr_pct': 0.1069965748807951, 'bb_position': -0.22990733987390952, 'ema_distance': 0.0464897495340089, 'trend_strength': 0.3329239230174795, 'hour': 14, 'day_of_week': 2}","{'price': 19773.1, 'rsi': 40.86108666194617, 'macd': 10.847297915974195, 'atr_pct': 0.1093657544846255, 'bb_position': 0.04577938686726826, 'ema_distance': 0.024079318012702376, 'trend_strength': 0.3988704389702622, 'hour': 15, 'day_of_week': 2}"
361,trend_following,BUY,19773.1,19783.1,2250.0,10.0,0.050573759299249996,1185.0,STOP_LOSS,0.5155104114888658,2.5,TRENDING,LOW,0.8,"{'price': 19773.1, 'rsi': 40.86108666194617, 'macd': 10.847297915974195, 'atr_pct': 0.1093657544846255, 'bb_position': 0.04577938686726826, 'ema_distance': 0.024079318012702376, 'trend_strength': 0.3988704389702622, 'hour': 15, 'day_of_week': 2}","{'price': 19780.6, 'rsi': 47.962736875987396, 'macd': 8.47075806995781, 'atr_pct': 0.15760391494696985, 'bb_position': 0.2820592218171297, 'ema_distance': 0.020528447766890327, 'trend_strength': 0.24782234653492402, 'hour': 11, 'day_of_week': 3}"
362,trend_following,BUY,19773.1,19783.1,2250.0,10.0,0.050573759299249996,1170.0,STOP_LOSS,0.5155104114888658,2.5,TRENDING,LOW,0.8,"{'price': 19773.1, 'rsi': 38.76469828143004, 'macd': 8.795965483139298, 'atr_pct': 0.10602427395949778, 'bb_position': 0.10197094897203374, 'ema_distance': 0.013803205038563844, 'trend_strength': 0.43257701906028045, 'hour': 15, 'day_of_week': 2}","{'price': 19780.6, 'rsi': 47.962736875987396, 'macd': 8.47075806995781, 'atr_pct': 0.15760391494696985, 'bb_position': 0.2820592218171297, 'ema_distance': 0.020528447766890327, 'trend_strength': 0.24782234653492402, 'hour': 11, 'day_of_week': 3}"
363,trend_following,SELL,19618.35,19608.35,750.0,10.0,0.05097268628605362,30.0,STOP_LOSS,0.31799305977611725,2.5,TRENDING,LOW,0.8,"{'price': 19618.35, 'rsi': 50.58421394829318, 'macd': -23.14955611665573, 'atr_pct': 0.1317279849878168, 'bb_position': 0.6725374628053838, 'ema_distance': 0.08204226332260871, 'trend_strength': 0.772438256789767, 'hour': 14, 'day_of_week': 4}","{'price': 19626.05, 'rsi': 53.3354567086103, 'macd': -18.416627566632087, 'atr_pct': 0.14334082944425022, 'bb_position': 0.8663996678389456, 'ema_distance': 0.05536708582389563, 'trend_strength': 0.6964733501898089, 'hour': 14, 'day_of_week': 4}"
364,trend_following,SELL,19626.05,19655.607727674615,-6650.488726788444,-29.557727674615307,-0.1506045672695999,4020.0,STOP_LOSS,0.5901296560490316,2.5,TRENDING,LOW,0.8,"{'price': 19626.05, 'rsi': 53.3354567086103, 'macd': -18.416627566632087, 'atr_pct': 0.14334082944425022, 'bb_position': 0.8663996678389456, 'ema_distance': 0.05536708582389563, 'trend_strength': 0.6964733501898089, 'hour': 14, 'day_of_week': 4}","{'price': 19657.05, 'rsi': 63.86686897173896, 'macd': -0.4853837822447531, 'atr_pct': 0.16101093500805133, 'bb_position': 0.9439723064356654, 'ema_distance': 0.035828539137662326, 'trend_strength': 0.38516679972268264, 'hour': 9, 'day_of_week': 0}"
365,trend_following,SELL,19651.8,19641.8,3750.0,10.0,0.0508859239357209,4005.0,STOP_LOSS,0.49913313917890006,2.5,TRENDING,LOW,0.8,"{'price': 19651.8, 'rsi': 62.004312045364, 'macd': -13.14364279503934, 'atr_pct': 0.14713301435128684, 'bb_position': 1.107847599465272, 'ema_distance': 0.022781247098106125, 'trend_strength': 0.6366312675974354, 'hour': 15, 'day_of_week': 4}","{'price': 19657.05, 'rsi': 63.86686897173896, 'macd': -0.4853837822447531, 'atr_pct': 0.16101093500805133, 'bb_position': 0.9439723064356654, 'ema_distance': 0.035828539137662326, 'trend_strength': 0.38516679972268264, 'hour': 9, 'day_of_week': 0}"
366,trend_following,BUY,19734.95,19704.85,-4515.000000000327,-30.100000000002183,-0.15252128837418985,1140.0,STOP_LOSS,0.4016713315440363,2.5,TRENDING,LOW,0.8,"{'price': 19734.95, 'rsi': 48.15396264444468, 'macd': 6.558241791513865, 'atr_pct': 0.10925142595098372, 'bb_position': 0.4115335796833204, 'ema_distance': 0.02301857280429901, 'trend_strength': 0.45607800997978565, 'hour': 14, 'day_of_week': 1}","{'price': 19635.6, 'rsi': 32.06253588520862, 'macd': -17.446511938054755, 'atr_pct': 0.13723251935987854, 'bb_position': -0.011383804495755583, 'ema_distance': 0.12707074151417608, 'trend_strength': 0.5379098626728197, 'hour': 9, 'day_of_week': 2}"
367,trend_following,BUY,19736.15,19704.85,-4695.000000000437,-31.30000000000291,-0.15859222796747546,1125.0,STOP_LOSS,0.4176848065557672,2.5,TRENDING,LOW,0.8,"{'price': 19736.15, 'rsi': 45.80485573948345, 'macd': 5.641168434991414, 'atr_pct': 0.11038482320875026, 'bb_position': 0.4573515292981989, 'ema_distance': 0.01741185556481398, 'trend_strength': 0.4806120424794289, 'hour': 15, 'day_of_week': 1}","{'price': 19635.6, 'rsi': 32.06253588520862, 'macd': -17.446511938054755, 'atr_pct': 0.13723251935987854, 'bb_position': -0.011383804495755583, 'ema_distance': 0.12707074151417608, 'trend_strength': 0.5379098626728197, 'hour': 9, 'day_of_week': 2}"
369,trend_following,BUY,19567.9,19533.45,-5167.500000000109,-34.45000000000073,-0.1760536388677412,1155.0,STOP_LOSS,0.4635180419897493,2.5,TRENDING,LOW,0.8,"{'price': 19567.9, 'rsi': 52.484501386663425, 'macd': 1.2423722415842349, 'atr_pct': 0.09514489108620365, 'bb_position': 0.38349629827762655, 'ema_distance': 0.002048164632312185, 'trend_strength': 0.54637685805978, 'hour': 14, 'day_of_week': 1}","{'price': 19509.5, 'rsi': 34.462989900768136, 'macd': -11.936580993937241, 'atr_pct': 0.11071529254978664, 'bb_position': -0.06364776663986303, 'ema_distance': 0.08027056429894747, 'trend_strength': 0.680996972766335, 'hour': 9, 'day_of_week': 2}"
368,breakout,SELL,19543.55,19533.55,750.0,10.0,0.051167776581020334,2790.0,STOP_LOSS,0.5920114324397253,3.0,NEUTRAL,LOW,0.75,"{'price': 19543.55, 'rsi': 25.238858000900038, 'macd': 4.941109973155108, 'atr_pct': 0.10823812167478167, 'bb_position': -0.2667769903033983, 'ema_distance': 0.005265132188658349, 'trend_strength': 0.23206194825135817, 'hour': 11, 'day_of_week': 1}","{'price': 19582.45, 'rsi': 68.92204778420114, 'macd': 20.795119735365006, 'atr_pct': 0.1324436640242409, 'bb_position': 0.6790880969108771, 'ema_distance': 0.12309703105857259, 'trend_strength': 0.31939639918929147, 'hour': 9, 'day_of_week': 3}"
370,trend_following,BUY,19539.6,19549.6,750.0,10.0,0.05117812032999652,180.0,STOP_LOSS,0.4116663944430224,2.5,NEUTRAL,NORMAL,0.8,"{'price': 19539.6, 'rsi': 56.63445936206864, 'macd': 17.25246306896952, 'atr_pct': 0.1706059197000699, 'bb_position': 0.4401657925449302, 'ema_distance': 0.08901576411137078, 'trend_strength': 0.26241342907142173, 'hour': 10, 'day_of_week': 3}","{'price': 19543.6, 'rsi': 44.455366811720644, 'macd': 3.250312213327561, 'atr_pct': 0.18875379006061202, 'bb_position': 0.31075379599265507, 'ema_distance': 0.010102206421931053, 'trend_strength': 0.2775782314212923, 'hour': 13, 'day_of_week': 3}"
371,trend_following,BUY,19543.6,19496.3,-3547.4999999999454,-47.29999999999927,-0.24202296403937493,1230.0,STOP_LOSS,0.31925640268967637,2.5,NEUTRAL,NORMAL,0.8,"{'price': 19543.6, 'rsi': 44.455366811720644, 'macd': 3.250312213327561, 'atr_pct': 0.18875379006061202, 'bb_position': 0.31075379599265507, 'ema_distance': 0.010102206421931053, 'trend_strength': 0.2775782314212923, 'hour': 13, 'day_of_week': 3}","{'price': 19466.65, 'rsi': 31.743052845410674, 'macd': -15.302814844471868, 'atr_pct': 0.17010777773415894, 'bb_position': -0.0897526618926163, 'ema_distance': 0.09805645449227987, 'trend_strength': 0.4676073410631522, 'hour': 9, 'day_of_week': 4}"
372,trend_following,BUY,19546.0,19496.3,-3727.5000000000546,-49.70000000000073,-0.2542719738053859,1215.0,STOP_LOSS,0.335455459062947,2.5,NEUTRAL,NORMAL,0.8,"{'price': 19546.0, 'rsi': 38.68918032497655, 'macd': 1.9281288121164835, 'atr_pct': 0.17698177193726128, 'bb_position': 0.3449608742591538, 'ema_distance': 0.0015618349170839878, 'trend_strength': 0.2876641538591695, 'hour': 13, 'day_of_week': 3}","{'price': 19466.65, 'rsi': 31.743052845410674, 'macd': -15.302814844471868, 'atr_pct': 0.17010777773415894, 'bb_position': -0.0897526618926163, 'ema_distance': 0.09805645449227987, 'trend_strength': 0.4676073410631522, 'hour': 9, 'day_of_week': 4}"
374,trend_following,SELL,19403.8,19427.6,-5354.999999999836,-23.799999999999272,-0.12265638689328519,15.0,STOP_LOSS,0.48509792073264557,2.5,TRENDING,LOW,0.8,"{'price': 19403.8, 'rsi': 80.46983087218004, 'macd': -11.12422322477505, 'atr_pct': 0.1090544856456688, 'bb_position': 0.8811601541964144, 'ema_distance': 0.010282959835747854, 'trend_strength': 0.5737636357908059, 'hour': 13, 'day_of_week': 0}","{'price': 19430.35, 'rsi': 84.61024903472038, 'macd': -5.547572002345987, 'atr_pct': 0.11247132155916637, 'bb_position': 1.0501845080129026, 'ema_distance': 0.022589554783525534, 'trend_strength': 0.5134144077372059, 'hour': 14, 'day_of_week': 0}"
373,trend_following,SELL,19386.65,19376.65,750.0,10.0,0.051581887536010604,2670.0,STOP_LOSS,0.35499112546612754,2.5,TRENDING,LOW,0.8,"{'price': 19386.65, 'rsi': 74.17646403580866, 'macd': -15.376978447224246, 'atr_pct': 0.10659028617262868, 'bb_position': 0.7444080784943494, 'ema_distance': 0.03477449842814194, 'trend_strength': 0.6373868858697729, 'hour': 13, 'day_of_week': 0}","{'price': 19377.95, 'rsi': 21.57595212845483, 'macd': -8.08502168027917, 'atr_pct': 0.08831835005397935, 'bb_position': 0.12326593239040846, 'ema_distance': 0.05451820057990412, 'trend_strength': 0.28571375051970455, 'hour': 10, 'day_of_week': 2}"
375,trend_following,SELL,19400.35,19390.35,3750.0,10.0,0.05154546180867872,120.0,STOP_LOSS,0.5543321281831048,2.5,TRENDING,LOW,0.8,"{'price': 19400.35, 'rsi': 42.19414234977162, 'macd': -6.5371271680160135, 'atr_pct': 0.09828615021304603, 'bb_position': 0.4614986287143551, 'ema_distance': 0.03811204729446501, 'trend_strength': 0.3947136312608177, 'hour': 10, 'day_of_week': 2}","{'price': 19407.95, 'rsi': 48.462417220150165, 'macd': -4.475633622329042, 'atr_pct': 0.13646837654525198, 'bb_position': 0.7244561812114314, 'ema_distance': 0.015194470739816572, 'trend_strength': 0.8044714187367858, 'hour': 12, 'day_of_week': 2}"
376,trend_following,SELL,19407.95,19416.6,-3243.7499999991815,-8.649999999997817,-0.04456936461603527,30.0,STOP_LOSS,0.5099516102528239,2.5,TRENDING,LOW,0.8,"{'price': 19407.95, 'rsi': 48.462417220150165, 'macd': -4.475633622329042, 'atr_pct': 0.13646837654525198, 'bb_position': 0.7244561812114314, 'ema_distance': 0.015194470739816572, 'trend_strength': 0.8044714187367858, 'hour': 12, 'day_of_week': 2}","{'price': 19425.6, 'rsi': 69.06743757823838, 'macd': 0.20712713250759407, 'atr_pct': 0.10325108546012891, 'bb_position': 0.9454755176653733, 'ema_distance': 0.015358746777679717, 'trend_strength': 0.7110359247877815, 'hour': 13, 'day_of_week': 2}"
377,trend_following,SELL,19407.45,19416.6,-3431.2499999991815,-9.149999999997817,-0.047146843093749134,15.0,STOP_LOSS,0.5099516102528239,2.5,TRENDING,LOW,0.8,"{'price': 19407.45, 'rsi': 65.75124733445917, 'macd': -2.6789350846120215, 'atr_pct': 0.10730415381721942, 'bb_position': 0.7261144717492063, 'ema_distance': 0.0034404057317395592, 'trend_strength': 0.7653177391838151, 'hour': 12, 'day_of_week': 2}","{'price': 19425.6, 'rsi': 69.06743757823838, 'macd': 0.20712713250759407, 'atr_pct': 0.10325108546012891, 'bb_position': 0.9454755176653733, 'ema_distance': 0.015358746777679717, 'trend_strength': 0.7110359247877815, 'hour': 13, 'day_of_week': 2}"
378,trend_following,SELL,19378.7,19368.7,1500.0,10.0,0.051603048708117674,5550.0,STOP_LOSS,0.5000589054760242,2.5,TRENDING,LOW,0.8,"{'price': 19378.7, 'rsi': 43.615726081499716, 'macd': -12.119257302460028, 'atr_pct': 0.1137294334206405, 'bb_position': 0.6208892346785062, 'ema_distance': 0.05012564694516589, 'trend_strength': 0.7026336074198254, 'hour': 14, 'day_of_week': 3}","{'price': 19374.4, 'rsi': 53.43881531104728, 'macd': 10.08329208412033, 'atr_pct': 0.16310182508878016, 'bb_position': 0.861547595460627, 'ema_distance': 0.07029227062547848, 'trend_strength': 0.19647758979257277, 'hour': 11, 'day_of_week': 0}"
379,trend_following,SELL,19378.1,19368.1,1500.0,10.0,0.051604646482369274,5535.0,STOP_LOSS,0.5082678067971381,2.5,TRENDING,LOW,0.8,"{'price': 19378.1, 'rsi': 54.41174532080935, 'macd': -9.926586366378615, 'atr_pct': 0.106416153138999, 'bb_position': 0.6180478956282369, 'ema_distance': 0.03553188479308751, 'trend_strength': 0.7025181580084332, 'hour': 14, 'day_of_week': 3}","{'price': 19374.4, 'rsi': 53.43881531104728, 'macd': 10.08329208412033, 'atr_pct': 0.16310182508878016, 'bb_position': 0.861547595460627, 'ema_distance': 0.07029227062547848, 'trend_strength': 0.19647758979257277, 'hour': 11, 'day_of_week': 0}"
380,trend_following,BUY,19380.15,19390.15,1500.0,10.0,0.051599187828783574,1440.0,STOP_LOSS,0.5655507494999934,2.5,TRENDING,LOW,0.8,"{'price': 19380.15, 'rsi': 50.58965980527197, 'macd': 16.171312914848386, 'atr_pct': 0.10365908269175406, 'bb_position': 0.41055631496464845, 'ema_distance': 0.06831864518460859, 'trend_strength': 0.49272407214240005, 'hour': 15, 'day_of_week': 0}","{'price': 19390.05, 'rsi': 22.08588603970766, 'macd': -0.5755629364539345, 'atr_pct': 0.08564775674710925, 'bb_position': 0.013130303142478173, 'ema_distance': 0.02388238824942136, 'trend_strength': 0.682053483106679, 'hour': 15, 'day_of_week': 1}"
381,trend_following,BUY,19380.15,19390.15,1500.0,10.0,0.051599187828783574,1425.0,STOP_LOSS,0.5478133315422234,2.5,TRENDING,LOW,0.8,"{'price': 19380.15, 'rsi': 52.25651954446616, 'macd': 14.0271778321694, 'atr_pct': 0.09921786688220412, 'bb_position': 0.3634485969081839, 'ema_distance': 0.05400419732872157, 'trend_strength': 0.5123224941223156, 'hour': 15, 'day_of_week': 0}","{'price': 19390.05, 'rsi': 22.08588603970766, 'macd': -0.5755629364539345, 'atr_pct': 0.08564775674710925, 'bb_position': 0.013130303142478173, 'ema_distance': 0.02388238824942136, 'trend_strength': 0.682053483106679, 'hour': 15, 'day_of_week': 1}"
382,trend_following,SELL,19291.6,19330.20743302621,-2895.5574769659506,-38.607433026212675,-0.20012561439285842,150.0,STOP_LOSS,0.26266637175968804,2.5,TRENDING,NORMAL,0.8,"{'price': 19291.6, 'rsi': 49.327345327273434, 'macd': -17.424209492939553, 'atr_pct': 0.15950687641993946, 'bb_position': 0.6176166384921773, 'ema_distance': 0.05530415467098463, 'trend_strength': 0.3386311841468968, 'hour': 10, 'day_of_week': 0}","{'price': 19337.15, 'rsi': 79.55994024886203, 'macd': 4.191784476297471, 'atr_pct': 0.12451975305860265, 'bb_position': 0.8939695744527392, 'ema_distance': 0.048479342775874644, 'trend_strength': 0.09592178151606508, 'hour': 12, 'day_of_week': 0}"
383,trend_following,SELL,19307.9,19329.332631731068,-4822.342139489865,-21.432631731066067,-0.11100446828016546,135.0,STOP_LOSS,0.43745189768807663,2.5,TRENDING,NORMAL,0.8,"{'price': 19307.9, 'rsi': 52.22970365452996, 'macd': -13.827100330661779, 'atr_pct': 0.15922424055882567, 'bb_position': 0.8376529950238637, 'ema_distance': 0.03338644475478151, 'trend_strength': 0.31607000049371353, 'hour': 10, 'day_of_week': 0}","{'price': 19337.15, 'rsi': 79.55994024886203, 'macd': 4.191784476297471, 'atr_pct': 0.12451975305860265, 'bb_position': 0.8939695744527392, 'ema_distance': 0.048479342775874644, 'trend_strength': 0.09592178151606508, 'hour': 12, 'day_of_week': 0}"
384,trend_following,BUY,19330.4,19314.25,-6056.250000000546,-16.150000000001455,-0.08354715887928575,45.0,STOP_LOSS,0.5532575487104268,2.5,TRENDING,LOW,0.8,"{'price': 19330.4, 'rsi': 47.93553655819124, 'macd': 6.295689725793636, 'atr_pct': 0.08838779479842018, 'bb_position': 0.27264199422556, 'ema_distance': 0.02655885601225004, 'trend_strength': 0.4869566708321308, 'hour': 14, 'day_of_week': 1}","{'price': 19314.0, 'rsi': 42.79077349417166, 'macd': 0.156382587076223, 'atr_pct': 0.09332608470539316, 'bb_position': 0.05835508920449937, 'ema_distance': 0.013385591032136232, 'trend_strength': 0.6782357088951347, 'hour': 14, 'day_of_week': 1}"
386,trend_following,BUY,19412.85,19391.834685078957,-6304.594476312559,-21.015314921041863,-0.10825466080993704,30.0,STOP_LOSS,0.5791487846712404,2.5,TRENDING,LOW,0.8,"{'price': 19412.85, 'rsi': 26.635299624022537, 'macd': 15.893421424440021, 'atr_pct': 0.05793290820991304, 'bb_position': -0.2136150880094961, 'ema_distance': 0.05215388829682699, 'trend_strength': 0.41974631270621005, 'hour': 14, 'day_of_week': 2}","{'price': 19391.05, 'rsi': 15.562045144516404, 'macd': 8.942659814092622, 'atr_pct': 0.06262093668397092, 'bb_position': -0.24673014112614705, 'ema_distance': 0.010276684670742777, 'trend_strength': 0.5350509752257124, 'hour': 14, 'day_of_week': 2}"
387,trend_following,BUY,19391.05,19387.55,-525.0,-3.5,-0.01804956410302691,1155.0,STOP_LOSS,0.20789212245446095,2.5,TRENDING,LOW,0.8,"{'price': 19391.05, 'rsi': 15.562045144516404, 'macd': 8.942659814092622, 'atr_pct': 0.06262093668397092, 'bb_position': -0.24673014112614705, 'ema_distance': 0.010276684670742777, 'trend_strength': 0.5350509752257124, 'hour': 14, 'day_of_week': 2}","{'price': 19382.5, 'rsi': 35.719527804264715, 'macd': -12.657318607703928, 'atr_pct': 0.12461535626762177, 'bb_position': 0.37135725051895146, 'ema_distance': 0.09024143139132224, 'trend_strength': 0.7938548670582273, 'hour': 9, 'day_of_week': 3}"
385,trend_following,BUY,19319.8,19329.8,3750.0,10.0,0.051760370190167604,2655.0,STOP_LOSS,0.5138615003501952,2.5,TRENDING,LOW,0.8,"{'price': 19319.8, 'rsi': 41.97221914249894, 'macd': 3.8747585530582, 'atr_pct': 0.0907655062977555, 'bb_position': 0.06479474575792099, 'ema_distance': 0.009774314882866161, 'trend_strength': 0.5466767316723786, 'hour': 14, 'day_of_week': 1}","{'price': 19321.6, 'rsi': 26.81128613154884, 'macd': -18.301887317109504, 'atr_pct': 0.14696727274878532, 'bb_position': 0.13692822563816404, 'ema_distance': 0.11532580979760185, 'trend_strength': 0.7668401057920619, 'hour': 10, 'day_of_week': 3}"
389,trend_following,SELL,19304.5,19333.8,-4394.999999999891,-29.299999999999272,-0.15177808283042435,15.0,STOP_LOSS,0.4048761677505935,2.5,TRENDING,LOW,0.8,"{'price': 19304.5, 'rsi': 57.68004435702458, 'macd': -11.848797876999015, 'atr_pct': 0.1462279335314096, 'bb_position': 0.6519782660611367, 'ema_distance': 0.032226541188690935, 'trend_strength': 0.5896919872470645, 'hour': 10, 'day_of_week': 4}","{'price': 19334.9, 'rsi': 63.158825666723935, 'macd': -7.904958414081193, 'atr_pct': 0.15351588504281005, 'bb_position': 1.0241013766996268, 'ema_distance': 0.007765354177446891, 'trend_strength': 0.5562134453185351, 'hour': 10, 'day_of_week': 4}"
388,trend_following,SELL,19309.2,19339.1,-4484.999999999673,-29.899999999997817,-0.15484846601618824,4320.0,STOP_LOSS,0.4131671472949543,2.5,TRENDING,NORMAL,0.8,"{'price': 19309.2, 'rsi': 49.46172003984246, 'macd': -13.614952276915574, 'atr_pct': 0.15109377913119026, 'bb_position': 0.6836709741802106, 'ema_distance': 0.04140667893381454, 'trend_strength': 0.612001006952029, 'hour': 9, 'day_of_week': 4}","{'price': 19485.85, 'rsi': 73.05088137756509, 'macd': 37.55740553882788, 'atr_pct': 0.14886259956399878, 'bb_position': 0.8679793051085294, 'ema_distance': 0.19305821007336132, 'trend_strength': 0.16069680587383622, 'hour': 9, 'day_of_week': 0}"
390,trend_following,SELL,19334.9,19338.0,-464.9999999997817,-3.099999999998545,-0.01603318351787982,4290.0,STOP_LOSS,0.2081171051693672,2.5,TRENDING,NORMAL,0.8,"{'price': 19334.9, 'rsi': 63.158825666723935, 'macd': -7.904958414081193, 'atr_pct': 0.15351588504281005, 'bb_position': 1.0241013766996268, 'ema_distance': 0.007765354177446891, 'trend_strength': 0.5562134453185351, 'hour': 10, 'day_of_week': 4}","{'price': 19485.85, 'rsi': 73.05088137756509, 'macd': 37.55740553882788, 'atr_pct': 0.14886259956399878, 'bb_position': 0.8679793051085294, 'ema_distance': 0.19305821007336132, 'trend_strength': 0.16069680587383622, 'hour': 9, 'day_of_week': 0}"
391,trend_following,BUY,19536.55,19546.55,1500.0,10.0,0.05118611013715318,45.0,STOP_LOSS,0.5658946230421927,2.5,TRENDING,LOW,0.8,"{'price': 19536.55, 'rsi': 50.564970656162075, 'macd': 19.588789447861927, 'atr_pct': 0.10025165285434151, 'bb_position': 0.2903026692774299, 'ema_distance': 0.06562850224573802, 'trend_strength': 0.339556529730405, 'hour': 12, 'day_of_week': 1}","{'price': 19534.8, 'rsi': 36.9491468341615, 'macd': 12.64093285069248, 'atr_pct': 0.09925510224975821, 'bb_position': 0.14616807854137154, 'ema_distance': 0.028023415005467733, 'trend_strength': 0.4921150112542212, 'hour': 13, 'day_of_week': 1}"
392,trend_following,BUY,19549.2,19559.2,750.0,10.0,0.05115298835757985,1365.0,STOP_LOSS,0.3522903102805844,2.5,TRENDING,LOW,0.8,"{'price': 19549.2, 'rsi': 49.6705951392553, 'macd': 17.22219253818548, 'atr_pct': 0.09715414003057674, 'bb_position': 0.39009456132415854, 'ema_distance': 0.052426048688969246, 'trend_strength': 0.3924734665586569, 'hour': 12, 'day_of_week': 1}","{'price': 19544.7, 'rsi': 44.33800498047691, 'macd': 4.687026995947235, 'atr_pct': 0.10549078339834833, 'bb_position': 0.15757760352898587, 'ema_distance': 0.005764115073926956, 'trend_strength': 0.46954074343084756, 'hour': 11, 'day_of_week': 2}"
393,trend_following,BUY,19534.8,19544.8,2250.0,10.0,0.05119069557917153,1335.0,STOP_LOSS,0.5752845202761537,2.5,TRENDING,LOW,0.8,"{'price': 19534.8, 'rsi': 36.9491468341615, 'macd': 12.64093285069248, 'atr_pct': 0.09925510224975821, 'bb_position': 0.14616807854137154, 'ema_distance': 0.028023415005467733, 'trend_strength': 0.4921150112542212, 'hour': 13, 'day_of_week': 1}","{'price': 19544.7, 'rsi': 44.33800498047691, 'macd': 4.687026995947235, 'atr_pct': 0.10549078339834833, 'bb_position': 0.15757760352898587, 'ema_distance': 0.005764115073926956, 'trend_strength': 0.46954074343084756, 'hour': 11, 'day_of_week': 2}"
394,trend_following,BUY,19544.7,19526.7,-5400.0,-18.0,-0.09209657861210456,60.0,STOP_LOSS,0.4996890400794935,2.5,TRENDING,LOW,0.8,"{'price': 19544.7, 'rsi': 44.33800498047691, 'macd': 4.687026995947235, 'atr_pct': 0.10549078339834833, 'bb_position': 0.15757760352898587, 'ema_distance': 0.005764115073926956, 'trend_strength': 0.46954074343084756, 'hour': 11, 'day_of_week': 2}","{'price': 19511.6, 'rsi': 28.863741380876306, 'macd': -3.706972500338452, 'atr_pct': 0.11926970915470171, 'bb_position': -0.22562625896762295, 'ema_distance': 0.042042426875110665, 'trend_strength': 0.3326238228354024, 'hour': 12, 'day_of_week': 2}"
396,trend_following,BUY,19984.1,19994.1,750.0,10.0,0.05003978162639298,75.0,STOP_LOSS,0.48336602814260354,2.5,TRENDING,NORMAL,0.8,"{'price': 19984.1, 'rsi': 57.30527154879207, 'macd': 10.23134184164519, 'atr_pct': 0.157375113215007, 'bb_position': 0.4063158807389998, 'ema_distance': 0.023303257865022884, 'trend_strength': 0.3271273702109265, 'hour': 13, 'day_of_week': 1}","{'price': 19985.1, 'rsi': 37.520806117311054, 'macd': 9.219462256009137, 'atr_pct': 0.15027266742294335, 'bb_position': 0.40606155415969875, 'ema_distance': 0.026502289469170465, 'trend_strength': 0.4540994823851211, 'hour': 15, 'day_of_week': 1}"
395,trend_following,BUY,19959.5,19969.5,750.0,10.0,0.05010145544728074,11355.0,STOP_LOSS,0.31178155062012924,2.5,NEUTRAL,NORMAL,0.8,"{'price': 19959.5, 'rsi': 32.35979686422172, 'macd': 12.667697609191237, 'atr_pct': 0.21300275915872655, 'bb_position': 0.2253281971397608, 'ema_distance': 0.023800609943433717, 'trend_strength': 0.2508851368175629, 'hour': 12, 'day_of_week': 1}","{'price': 19969.35, 'rsi': 2.8998531148084936, 'macd': -31.183479520346737, 'atr_pct': 0.10698538367191826, 'bb_position': -0.1471389577792162, 'ema_distance': 0.18466160515299773, 'trend_strength': 0.28571387379528856, 'hour': 10, 'day_of_week': 2}"
397,trend_following,BUY,19985.1,19995.1,750.0,10.0,0.05003727777194009,11220.0,STOP_LOSS,0.36523413704552754,2.5,TRENDING,NORMAL,0.8,"{'price': 19985.1, 'rsi': 37.520806117311054, 'macd': 9.219462256009137, 'atr_pct': 0.15027266742294335, 'bb_position': 0.40606155415969875, 'ema_distance': 0.026502289469170465, 'trend_strength': 0.4540994823851211, 'hour': 15, 'day_of_week': 1}","{'price': 19969.35, 'rsi': 2.8998531148084936, 'macd': -31.183479520346737, 'atr_pct': 0.10698538367191826, 'bb_position': -0.1471389577792162, 'ema_distance': 0.18466160515299773, 'trend_strength': 0.28571387379528856, 'hour': 10, 'day_of_week': 2}"
399,trend_following,SELL,19767.3,19757.3,750.0,10.0,0.05058859834170575,60.0,STOP_LOSS,0.30750040050078453,2.5,TRENDING,NORMAL,0.8,"{'price': 19767.3, 'rsi': 55.99042218160804, 'macd': -20.080197475876048, 'atr_pct': 0.15966122983773293, 'bb_position': 0.8758232574510771, 'ema_distance': 0.055769626734219035, 'trend_strength': 0.4926330920135761, 'hour': 10, 'day_of_week': 4}","{'price': 19771.8, 'rsi': 59.024054334649826, 'macd': -9.590934042516892, 'atr_pct': 0.16600121674014795, 'bb_position': 0.8549283685776995, 'ema_distance': 0.004438254823546973, 'trend_strength': 0.42266023530184027, 'hour': 11, 'day_of_week': 4}"
398,trend_following,SELL,19749.25,19739.25,750.0,10.0,0.05063483423421143,27315.0,STOP_LOSS,0.44568691246197323,2.5,TRENDING,NORMAL,0.8,"{'price': 19749.25, 'rsi': 52.81584020663923, 'macd': -25.04763265506699, 'atr_pct': 0.15539468949092153, 'bb_position': 0.7012029199583864, 'ema_distance': 0.08689980799062604, 'trend_strength': 0.501592755884975, 'hour': 10, 'day_of_week': 4}","{'price': 19806.1, 'rsi': 81.97825785836983, 'macd': 45.41638988695922, 'atr_pct': 0.12265341052936872, 'bb_position': 1.0162696454765592, 'ema_distance': 0.2315925417090473, 'trend_strength': 0.23187752432109943, 'hour': 9, 'day_of_week': 2}"
400,trend_following,SELL,19771.8,19761.8,1500.0,10.0,0.05057708453453909,27240.0,STOP_LOSS,0.43887479516311706,2.5,TRENDING,NORMAL,0.8,"{'price': 19771.8, 'rsi': 59.024054334649826, 'macd': -9.590934042516892, 'atr_pct': 0.16600121674014795, 'bb_position': 0.8549283685776995, 'ema_distance': 0.004438254823546973, 'trend_strength': 0.42266023530184027, 'hour': 11, 'day_of_week': 4}","{'price': 19806.1, 'rsi': 81.97825785836983, 'macd': 45.41638988695922, 'atr_pct': 0.12265341052936872, 'bb_position': 1.0162696454765592, 'ema_distance': 0.2315925417090473, 'trend_strength': 0.23187752432109943, 'hour': 9, 'day_of_week': 2}"
401,trend_following,BUY,19779.9,19789.9,2250.0,10.0,0.05055637288358383,30.0,STOP_LOSS,0.5941957197119906,2.5,TRENDING,LOW,0.8,"{'price': 19779.9, 'rsi': 47.851506992003976, 'macd': 14.103384177309636, 'atr_pct': 0.10035440017391575, 'bb_position': -0.06446563661900206, 'ema_distance': 0.03541663604829011, 'trend_strength': 0.3502066472662044, 'hour': 9, 'day_of_week': 3}","{'price': 19788.7, 'rsi': 43.28642258993695, 'macd': 10.091460978106625, 'atr_pct': 0.09536467060205513, 'bb_position': 0.18307506893374514, 'ema_distance': 0.015836666479035172, 'trend_strength': 0.3515036411444026, 'hour': 10, 'day_of_week': 3}"
402,trend_following,BUY,19794.95,19804.95,1500.0,10.0,0.05051793512991949,180.0,STOP_LOSS,0.5813295229926618,2.5,TRENDING,LOW,0.8,"{'price': 19794.95, 'rsi': 42.78419218369134, 'macd': 12.211468572466401, 'atr_pct': 0.09681401425255524, 'bb_position': 0.2772802810930287, 'ema_distance': 0.026338002757478732, 'trend_strength': 0.3564712933352965, 'hour': 10, 'day_of_week': 3}","{'price': 19802.3, 'rsi': 46.56471749701911, 'macd': 6.6648310639793635, 'atr_pct': 0.09968178299634826, 'bb_position': 0.3310392475982508, 'ema_distance': 0.015203630038886515, 'trend_strength': 0.2841463184613672, 'hour': 13, 'day_of_week': 3}"
404,trend_following,BUY,19802.3,19812.3,2250.0,10.0,0.05049918443817132,45.0,STOP_LOSS,0.5945232798148792,2.5,NEUTRAL,LOW,0.8,"{'price': 19802.3, 'rsi': 46.56471749701911, 'macd': 6.6648310639793635, 'atr_pct': 0.09968178299634826, 'bb_position': 0.3310392475982508, 'ema_distance': 0.015203630038886515, 'trend_strength': 0.2841463184613672, 'hour': 13, 'day_of_week': 3}","{'price': 19803.05, 'rsi': 55.68705539534178, 'macd': 4.612898540173774, 'atr_pct': 0.08887519851739932, 'bb_position': 0.36234225335047604, 'ema_distance': 0.006858628710965842, 'trend_strength': 0.29119547371310583, 'hour': 13, 'day_of_week': 3}"
403,trend_following,BUY,19788.7,19798.7,1500.0,10.0,0.05053389055369984,1410.0,STOP_LOSS,0.474183763426915,2.5,TRENDING,LOW,0.8,"{'price': 19788.7, 'rsi': 43.28642258993695, 'macd': 10.091460978106625, 'atr_pct': 0.09536467060205513, 'bb_position': 0.18307506893374514, 'ema_distance': 0.015836666479035172, 'trend_strength': 0.3515036411444026, 'hour': 10, 'day_of_week': 3}","{'price': 19711.45, 'rsi': 14.380873734446965, 'macd': -17.838814466293115, 'atr_pct': 0.1271559713480518, 'bb_position': -0.06992879481895128, 'ema_distance': 0.12027750259042821, 'trend_strength': 0.401094153352497, 'hour': 9, 'day_of_week': 4}"
405,trend_following,BUY,19803.05,19773.65,-4409.999999999673,-29.399999999997817,-0.14846197934155506,1200.0,STOP_LOSS,0.4058822213412432,2.5,NEUTRAL,LOW,0.8,"{'price': 19803.05, 'rsi': 55.68705539534178, 'macd': 4.612898540173774, 'atr_pct': 0.08887519851739932, 'bb_position': 0.36234225335047604, 'ema_distance': 0.006858628710965842, 'trend_strength': 0.29119547371310583, 'hour': 13, 'day_of_week': 3}","{'price': 19711.45, 'rsi': 14.380873734446965, 'macd': -17.838814466293115, 'atr_pct': 0.1271559713480518, 'bb_position': -0.06992879481895128, 'ema_distance': 0.12027750259042821, 'trend_strength': 0.401094153352497, 'hour': 9, 'day_of_week': 4}"
406,trend_following,SELL,19749.95,19787.5,-2816.2499999999454,-37.54999999999927,-0.1901270636128156,30.0,STOP_LOSS,0.25989466362651115,2.5,TRENDING,LOW,0.8,"{'price': 19749.95, 'rsi': 75.88879452769112, 'macd': -7.895385797110066, 'atr_pct': 0.09354454061909201, 'bb_position': 0.8335087855338955, 'ema_distance': 0.005155726625390871, 'trend_strength': 0.6005600098556275, 'hour': 13, 'day_of_week': 4}","{'price': 19798.85, 'rsi': 86.67397441324027, 'macd': 2.077783002787328, 'atr_pct': 0.10343313590724583, 'bb_position': 1.115880581326303, 'ema_distance': 0.05260984838027816, 'trend_strength': 0.4868756781556578, 'hour': 14, 'day_of_week': 4}"
408,trend_following,BUY,19754.2,19764.2,750.0,10.0,0.0506221461765093,30.0,STOP_LOSS,0.4319733497388707,2.5,TRENDING,LOW,0.8,"{'price': 19754.2, 'rsi': 45.37579762480251, 'macd': 4.52118008189791, 'atr_pct': 0.10601723756394424, 'bb_position': 0.5060467431226862, 'ema_distance': 0.020671655719928697, 'trend_strength': 0.5323351513737137, 'hour': 14, 'day_of_week': 0}","{'price': 19757.65, 'rsi': 56.8646828314735, 'macd': 4.04074066450994, 'atr_pct': 0.09759330111193713, 'bb_position': 0.4901197146440335, 'ema_distance': 0.017259310562233916, 'trend_strength': 0.4720106643151956, 'hour': 14, 'day_of_week': 0}"
407,trend_following,SELL,19749.3,19739.3,750.0,10.0,0.050634706040214084,1425.0,STOP_LOSS,0.3858267991242113,2.5,NEUTRAL,LOW,0.8,"{'price': 19749.3, 'rsi': 51.36547402775741, 'macd': -1.765504942235566, 'atr_pct': 0.1325725107074343, 'bb_position': 0.6005033585815777, 'ema_distance': 0.004978702313602288, 'trend_strength': 0.26081358674237587, 'hour': 10, 'day_of_week': 0}","{'price': 19831.35, 'rsi': 66.56706381681448, 'macd': 12.633074418408796, 'atr_pct': 0.12559479237239216, 'bb_position': 1.0697032645223825, 'ema_distance': 0.0797017005343016, 'trend_strength': 0.39443856935765503, 'hour': 9, 'day_of_week': 1}"
410,trend_following,BUY,19782.3,19792.3,3750.0,10.0,0.05055023935538335,1230.0,STOP_LOSS,0.5197285053451174,2.5,TRENDING,LOW,0.8,"{'price': 19782.3, 'rsi': 24.598047818606275, 'macd': 10.71236026774568, 'atr_pct': 0.07485046155979236, 'bb_position': -0.35193455513871824, 'ema_distance': 0.028301370914570724, 'trend_strength': 0.39677316685022496, 'hour': 14, 'day_of_week': 1}","{'price': 19787.5, 'rsi': 40.3470602271115, 'macd': 2.269919326161471, 'atr_pct': 0.12408627380200475, 'bb_position': 0.14560702130213404, 'ema_distance': 0.0011999984780727724, 'trend_strength': 0.7174657167906859, 'hour': 10, 'day_of_week': 2}"
411,trend_following,BUY,19787.5,19775.35,-4556.250000000546,-12.150000000001455,-0.0614024005053769,15.0,STOP_LOSS,0.5179339384670708,2.5,TRENDING,LOW,0.8,"{'price': 19787.5, 'rsi': 40.3470602271115, 'macd': 2.269919326161471, 'atr_pct': 0.12408627380200475, 'bb_position': 0.14560702130213404, 'ema_distance': 0.0011999984780727724, 'trend_strength': 0.7174657167906859, 'hour': 10, 'day_of_week': 2}","{'price': 19768.45, 'rsi': 38.30320848510414, 'macd': -1.389207011088729, 'atr_pct': 0.13014966488809937, 'bb_position': 0.0049004556430645215, 'ema_distance': 0.022827086289405003, 'trend_strength': 0.7218666912482005, 'hour': 10, 'day_of_week': 2}"
409,trend_following,BUY,19749.3,19759.3,2250.0,10.0,0.050634706040214084,2655.0,STOP_LOSS,0.5148880229351065,2.5,TRENDING,LOW,0.8,"{'price': 19749.3, 'rsi': 50.4191728957842, 'macd': 2.903750308771123, 'atr_pct': 0.09711013265569499, 'bb_position': 0.21091746259923763, 'ema_distance': 0.009564724019909739, 'trend_strength': 0.43384040252657646, 'hour': 14, 'day_of_week': 0}","{'price': 19724.9, 'rsi': 36.816483495283094, 'macd': -7.714286540151079, 'atr_pct': 0.13329779691079313, 'bb_position': -0.21283363799469307, 'ema_distance': 0.06406104467627932, 'trend_strength': 0.709739061357916, 'hour': 11, 'day_of_week': 2}"
412,trend_following,SELL,19661.3,19651.3,750.0,10.0,0.050861336737652134,45.0,STOP_LOSS,0.4436028763812108,2.5,TRENDING,NORMAL,0.8,"{'price': 19661.3, 'rsi': 48.392681268489255, 'macd': -25.876132865651016, 'atr_pct': 0.1932730796030795, 'bb_position': 0.6248198505267333, 'ema_distance': 0.07919670526340872, 'trend_strength': 0.6354502745522274, 'hour': 12, 'day_of_week': 3}","{'price': 19652.35, 'rsi': 70.78822669393293, 'macd': -15.69041606571409, 'atr_pct': 0.16481126030365983, 'bb_position': 0.6545265849306655, 'ema_distance': 0.027604315761923008, 'trend_strength': 0.544854422493925, 'hour': 12, 'day_of_week': 3}"
413,trend_following,SELL,19652.35,19642.35,750.0,10.0,0.05088449981808792,105.0,STOP_LOSS,0.375522276307468,2.5,TRENDING,NORMAL,0.8,"{'price': 19652.35, 'rsi': 70.78822669393293, 'macd': -15.69041606571409, 'atr_pct': 0.16481126030365983, 'bb_position': 0.6545265849306655, 'ema_distance': 0.027604315761923008, 'trend_strength': 0.544854422493925, 'hour': 12, 'day_of_week': 3}","{'price': 19644.15, 'rsi': 71.5344925525826, 'macd': -5.270519152410998, 'atr_pct': 0.13828180763375314, 'bb_position': 0.6305162432519915, 'ema_distance': 0.0037492895412486946, 'trend_strength': 0.25757322902619245, 'hour': 14, 'day_of_week': 3}"
415,breakout,SELL,19484.85,19474.85,750.0,10.0,0.05132192446952376,45.0,STOP_LOSS,0.5628941340071759,3.0,TRENDING,LOW,0.75,"{'price': 19484.85, 'rsi': 30.554106296380525, 'macd': -15.299502365920489, 'atr_pct': 0.11747221925898968, 'bb_position': -0.4757759244206365, 'ema_distance': 0.06636572435606965, 'trend_strength': 0.3533701972641936, 'hour': 10, 'day_of_week': 0}","{'price': 19482.4, 'rsi': 25.61093502758486, 'macd': -23.2512360712426, 'atr_pct': 0.11732200784883966, 'bb_position': 0.07898520573162016, 'ema_distance': 0.11776116906640857, 'trend_strength': 0.47055727973498185, 'hour': 10, 'day_of_week': 0}"
414,trend_following,SELL,19643.7,19152.607500000002,36831.93749999991,491.09249999999884,2.4999999999999942,8610.0,TAKE_PROFIT,0.3796716937251946,2.5,TRENDING,NORMAL,0.8,"{'price': 19643.7, 'rsi': 71.46454331057134, 'macd': -13.73254253007326, 'atr_pct': 0.15739324639888522, 'bb_position': 0.6251282076616828, 'ema_distance': 0.020840909688057782, 'trend_strength': 0.4856028774315361, 'hour': 13, 'day_of_week': 3}","{'price': 19145.2, 'rsi': 29.038726901942127, 'macd': -28.10439360426608, 'atr_pct': 0.20689632015186307, 'bb_position': -0.20205793203227027, 'ema_distance': 0.1600705839640506, 'trend_strength': 0.47926819008128135, 'hour': 12, 'day_of_week': 2}"
416,trend_following,BUY,19091.2,19056.65,-5182.499999999891,-34.54999999999927,-0.18097343278578232,1125.0,STOP_LOSS,0.46156044095507587,2.5,NEUTRAL,LOW,0.8,"{'price': 19091.2, 'rsi': 50.29652757024968, 'macd': 2.876270229189686, 'atr_pct': 0.14180056031799515, 'bb_position': 0.35600848340569297, 'ema_distance': 0.01109455495142418, 'trend_strength': 0.29310123158129264, 'hour': 15, 'day_of_week': 1}","{'price': 19038.5, 'rsi': 34.75020517408362, 'macd': -8.721061854939762, 'atr_pct': 0.16384093884947581, 'bb_position': -0.14076217153149403, 'ema_distance': 0.06433427540651127, 'trend_strength': 0.38590233131220386, 'hour': 9, 'day_of_week': 2}"
417,trend_following,BUY,19227.85,19708.546249999996,72104.43749999959,480.69624999999724,2.499999999999986,18420.0,TAKE_PROFIT,0.4890600736679991,2.5,TRENDING,LOW,0.8,"{'price': 19227.85, 'rsi': 38.17287386327858, 'macd': 17.49914312918554, 'atr_pct': 0.09636319936223245, 'bb_position': -0.08602789670789732, 'ema_distance': 0.049617925365873713, 'trend_strength': 0.429404377055942, 'hour': 15, 'day_of_week': 4}","{'price': 19713.75, 'rsi': 64.73753553450433, 'macd': 33.18928951331691, 'atr_pct': 0.1225033288948064, 'bb_position': 1.0522811888309198, 'ema_distance': 0.13858281563742092, 'trend_strength': 0.14910342721421632, 'hour': 10, 'day_of_week': 3}"
418,trend_following,BUY,19226.85,19707.521249999998,72100.68749999991,480.6712499999994,2.499999999999997,18405.0,TAKE_PROFIT,0.4569864177626391,2.5,TRENDING,LOW,0.8,"{'price': 19226.85, 'rsi': 42.05699401026879, 'macd': 14.711955115872115, 'atr_pct': 0.09293179664301084, 'bb_position': -0.007527517202190101, 'ema_distance': 0.034477965505575955, 'trend_strength': 0.4694308725445737, 'hour': 15, 'day_of_week': 4}","{'price': 19713.75, 'rsi': 64.73753553450433, 'macd': 33.18928951331691, 'atr_pct': 0.1225033288948064, 'bb_position': 1.0522811888309198, 'ema_distance': 0.13858281563742092, 'trend_strength': 0.14910342721421632, 'hour': 10, 'day_of_week': 3}"
419,trend_following,BUY,19761.15,19771.15,750.0,10.0,0.05060434235861779,1170.0,STOP_LOSS,0.30858866744646607,2.5,NEUTRAL,LOW,0.8,"{'price': 19761.15, 'rsi': 41.592487412410925, 'macd': 24.07985776530404, 'atr_pct': 0.13397499639444244, 'bb_position': 0.24307098379852046, 'ema_distance': 0.06134497773803988, 'trend_strength': 0.2650762694204838, 'hour': 15, 'day_of_week': 3}","{'price': 19765.85, 'rsi': 41.3934543461296, 'macd': 10.582999849568296, 'atr_pct': 0.19694863326682857, 'bb_position': 0.27081106470053007, 'ema_distance': 0.016066882874237708, 'trend_strength': 0.5873871937426542, 'hour': 11, 'day_of_week': 4}"
420,breakout,SELL,19719.7,19709.7,750.0,10.0,0.05071071060918777,4275.0,STOP_LOSS,0.4864983717017908,3.0,TRENDING,LOW,0.75,"{'price': 19719.7, 'rsi': 34.39454363161511, 'macd': -9.388611872025649, 'atr_pct': 0.11035012847921333, 'bb_position': -0.020571540071986714, 'ema_distance': 0.061179204784776536, 'trend_strength': 0.8972203494971037, 'hour': 15, 'day_of_week': 4}","{'price': 19710.0, 'rsi': 64.63778140078679, 'macd': -9.166015707367478, 'atr_pct': 0.09387910415307121, 'bb_position': 0.5719707353615567, 'ema_distance': 0.03022964806175736, 'trend_strength': 0.33627084806257257, 'hour': 14, 'day_of_week': 0}"
421,trend_following,SELL,19709.15,19699.15,1500.0,10.0,0.050737855260120306,1170.0,STOP_LOSS,0.5512460182408456,2.5,TRENDING,LOW,0.8,"{'price': 19709.15, 'rsi': 40.21863263563517, 'macd': -10.630062233132776, 'atr_pct': 0.11169576422263125, 'bb_position': 0.557027547362467, 'ema_distance': 0.03905906204543313, 'trend_strength': 0.34962154786150473, 'hour': 14, 'day_of_week': 0}","{'price': 19771.45, 'rsi': 72.31352665838214, 'macd': 8.132198622504802, 'atr_pct': 0.11952660455931141, 'bb_position': 0.9941605424054015, 'ema_distance': 0.07342188434282908, 'trend_strength': 0.33266024543973055, 'hour': 9, 'day_of_week': 1}"
422,trend_following,SELL,19710.0,19700.0,1500.0,10.0,0.050735667174023336,1155.0,STOP_LOSS,0.5408265023291572,2.5,TRENDING,LOW,0.8,"{'price': 19710.0, 'rsi': 64.63778140078679, 'macd': -9.166015707367478, 'atr_pct': 0.09387910415307121, 'bb_position': 0.5719707353615567, 'ema_distance': 0.03022964806175736, 'trend_strength': 0.33627084806257257, 'hour': 14, 'day_of_week': 0}","{'price': 19771.45, 'rsi': 72.31352665838214, 'macd': 8.132198622504802, 'atr_pct': 0.11952660455931141, 'bb_position': 0.9941605424054015, 'ema_distance': 0.07342188434282908, 'trend_strength': 0.33266024543973055, 'hour': 9, 'day_of_week': 1}"
423,trend_following,BUY,19789.2,19768.4,-6239.999999999782,-20.799999999999272,-0.1051078365977365,30.0,STOP_LOSS,0.4927570424443439,2.5,TRENDING,LOW,0.8,"{'price': 19789.2, 'rsi': 50.0935162879455, 'macd': 7.348965724464506, 'atr_pct': 0.08919006326683188, 'bb_position': 0.3511773979209908, 'ema_distance': 0.02283442860290682, 'trend_strength': 0.311113687526266, 'hour': 11, 'day_of_week': 2}","{'price': 19755.6, 'rsi': 36.92259494980816, 'macd': 1.263711895862798, 'atr_pct': 0.101002102839556, 'bb_position': -0.12138741197524575, 'ema_distance': 0.015357567108564445, 'trend_strength': 0.40122322117114173, 'hour': 12, 'day_of_week': 2}"
424,trend_following,BUY,19769.5,19756.95,-4706.249999999727,-12.549999999999272,-0.0634816257366108,15.0,STOP_LOSS,0.44419204547268126,2.5,TRENDING,LOW,0.8,"{'price': 19769.5, 'rsi': 42.54345739347522, 'macd': 4.58798786121406, 'atr_pct': 0.09811289396003196, 'bb_position': -0.017449984191453452, 'ema_distance': 0.005234861339695184, 'trend_strength': 0.3548598099431701, 'hour': 11, 'day_of_week': 2}","{'price': 19755.6, 'rsi': 36.92259494980816, 'macd': 1.263711895862798, 'atr_pct': 0.101002102839556, 'bb_position': -0.12138741197524575, 'ema_distance': 0.015357567108564445, 'trend_strength': 0.40122322117114173, 'hour': 12, 'day_of_week': 2}"
425,trend_following,BUY,19801.4,19811.4,750.0,10.0,0.05050147969335501,60.0,STOP_LOSS,0.4086353803842503,2.5,TRENDING,LOW,0.8,"{'price': 19801.4, 'rsi': 49.28106470613688, 'macd': 9.504981898426195, 'atr_pct': 0.11896705716334473, 'bb_position': 0.48777878363102617, 'ema_distance': 0.03635236506012185, 'trend_strength': 0.4322029915774538, 'hour': 11, 'day_of_week': 3}","{'price': 19808.75, 'rsi': 49.51999311386939, 'macd': 6.930913877564308, 'atr_pct': 0.1334006436549468, 'bb_position': 0.4070400067541526, 'ema_distance': 0.023773973669602228, 'trend_strength': 0.3378442517360678, 'hour': 12, 'day_of_week': 3}"
426,trend_following,BUY,19800.95,19810.95,750.0,10.0,0.050502627399190446,45.0,STOP_LOSS,0.4059469897238233,2.5,TRENDING,LOW,0.8,"{'price': 19800.95, 'rsi': 47.74127241364078, 'macd': 7.900287172484241, 'atr_pct': 0.12012410659950036, 'bb_position': 0.4654486501521754, 'ema_distance': 0.02629974348125673, 'trend_strength': 0.40845738524360975, 'hour': 11, 'day_of_week': 3}","{'price': 19808.75, 'rsi': 49.51999311386939, 'macd': 6.930913877564308, 'atr_pct': 0.1334006436549468, 'bb_position': 0.4070400067541526, 'ema_distance': 0.023773973669602228, 'trend_strength': 0.3378442517360678, 'hour': 12, 'day_of_week': 3}"
427,trend_following,BUY,19808.2,19818.2,3750.0,10.0,0.05048414293070547,1245.0,STOP_LOSS,0.47736574158567646,2.5,TRENDING,LOW,0.8,"{'price': 19808.2, 'rsi': 52.15150010781379, 'macd': 4.704998136225186, 'atr_pct': 0.08989783451874357, 'bb_position': 0.3505769537497041, 'ema_distance': 0.014460493292363746, 'trend_strength': 0.3965689812424798, 'hour': 14, 'day_of_week': 3}","{'price': 19811.25, 'rsi': 45.76835379405583, 'macd': 0.8336541973876592, 'atr_pct': 0.08945133987723898, 'bb_position': 0.5515890857693284, 'ema_distance': 0.0006404212986826178, 'trend_strength': 0.13101395951572015, 'hour': 10, 'day_of_week': 4}"
428,trend_following,BUY,19808.8,19792.2,-6224.999999999454,-16.599999999998545,-0.08380113888775971,1365.0,STOP_LOSS,0.4952669568950959,2.5,TRENDING,LOW,0.8,"{'price': 19808.8, 'rsi': 51.213705162443134, 'macd': 4.04153935749855, 'atr_pct': 0.08917393135517994, 'bb_position': 0.3765953088425429, 'ema_distance': 0.010847568443888272, 'trend_strength': 0.37250996498058797, 'hour': 14, 'day_of_week': 3}","{'price': 19773.85, 'rsi': 32.483116691310656, 'macd': -2.8456194496829994, 'atr_pct': 0.0830823103673358, 'bb_position': -0.21387720611023622, 'ema_distance': 0.022881093638255804, 'trend_strength': 0.2895243886738269, 'hour': 13, 'day_of_week': 4}"
429,trend_following,SELL,19800.65,19790.65,750.0,10.0,0.050503392565395586,5490.0,STOP_LOSS,0.1886325570598601,2.5,TRENDING,LOW,0.8,"{'price': 19800.65, 'rsi': 43.50415556596035, 'macd': -4.288754259443522, 'atr_pct': 0.07829829540227647, 'bb_position': 0.46909990166226806, 'ema_distance': 0.023984143537292966, 'trend_strength': 0.45991102826910657, 'hour': 14, 'day_of_week': 4}","{'price': 19820.95, 'rsi': 89.18287105663339, 'macd': 5.4743036664767715, 'atr_pct': 0.06025370702644017, 'bb_position': 1.029449191221947, 'ema_distance': 0.03871267620193057, 'trend_strength': 0.17923551719305425, 'hour': 9, 'day_of_week': 1}"
431,trend_following,BUY,20060.1,20070.1,750.0,10.0,0.04985020014855359,150.0,STOP_LOSS,0.3314395797980258,2.5,NEUTRAL,NORMAL,0.8,"{'price': 20060.1, 'rsi': 44.81630101243367, 'macd': 17.9499384667688, 'atr_pct': 0.15902213847388416, 'bb_position': 0.33952079227015775, 'ema_distance': 0.04485130878040518, 'trend_strength': 0.2862066538540887, 'hour': 11, 'day_of_week': 3}","{'price': 20061.9, 'rsi': 38.728168185286975, 'macd': 10.47413321642307, 'atr_pct': 0.11135179476662586, 'bb_position': 0.3909921792333367, 'ema_distance': 0.03286311502888382, 'trend_strength': 0.46818772810370446, 'hour': 14, 'day_of_week': 3}"
430,trend_following,BUY,19818.2,20313.655,111477.37499999958,495.4549999999981,2.4999999999999902,8400.0,TAKE_PROFIT,0.572729858776921,2.5,TRENDING,LOW,0.8,"{'price': 19818.2, 'rsi': 52.61093207507217, 'macd': 6.947949231835082, 'atr_pct': 0.05523422193452509, 'bb_position': 0.4104939459868038, 'ema_distance': 0.027601993063028536, 'trend_strength': 0.3159272122563577, 'hour': 13, 'day_of_week': 1}","{'price': 20558.3, 'rsi': 85.8928692818366, 'macd': 73.35180716530886, 'atr_pct': 0.20514828560727325, 'bb_position': 1.0646954481193176, 'ema_distance': 0.3924166396651539, 'trend_strength': 0.6210366797077745, 'hour': 9, 'day_of_week': 0}"
432,trend_following,BUY,20061.9,20563.4475,75232.12499999953,501.54749999999694,2.4999999999999845,5580.0,TAKE_PROFIT,0.5255099639814522,2.5,TRENDING,LOW,0.8,"{'price': 20061.9, 'rsi': 38.728168185286975, 'macd': 10.47413321642307, 'atr_pct': 0.11135179476662586, 'bb_position': 0.3909921792333367, 'ema_distance': 0.03286311502888382, 'trend_strength': 0.46818772810370446, 'hour': 14, 'day_of_week': 3}","{'price': 20573.15, 'rsi': 85.89089118407513, 'macd': 93.32654851978441, 'atr_pct': 0.21991215318440666, 'bb_position': 0.8246621077741875, 'ema_distance': 0.4557157166647176, 'trend_strength': 0.5452178334674551, 'hour': 11, 'day_of_week': 0}"
433,trend_following,BUY,20908.15,20918.15,1500.0,10.0,0.04782823922728697,1395.0,STOP_LOSS,0.5895472732289726,2.5,TRENDING,LOW,0.8,"{'price': 20908.15, 'rsi': 54.056277956696626, 'macd': 4.698409331816947, 'atr_pct': 0.08832850894439541, 'bb_position': 0.5648377825724796, 'ema_distance': 0.013233504519300665, 'trend_strength': 0.5343936590726195, 'hour': 14, 'day_of_week': 3}","{'price': 20892.95, 'rsi': 18.779473340103507, 'macd': -0.26369782141409814, 'atr_pct': 0.12603362788473252, 'bb_position': 0.028772626066312153, 'ema_distance': 0.03189115709268892, 'trend_strength': 0.26387507088512363, 'hour': 13, 'day_of_week': 4}"
434,trend_following,BUY,20901.55,20911.55,1500.0,10.0,0.047843341761735374,1365.0,STOP_LOSS,0.4335823861313628,2.5,TRENDING,LOW,0.8,"{'price': 20901.55, 'rsi': 34.43366107491762, 'macd': 3.308236275392119, 'atr_pct': 0.08097485593173986, 'bb_position': 0.41194518369317124, 'ema_distance': 0.00568961197736385, 'trend_strength': 0.5325317752507575, 'hour': 14, 'day_of_week': 3}","{'price': 20892.95, 'rsi': 18.779473340103507, 'macd': -0.26369782141409814, 'atr_pct': 0.12603362788473252, 'bb_position': 0.028772626066312153, 'ema_distance': 0.03189115709268892, 'trend_strength': 0.26387507088512363, 'hour': 13, 'day_of_week': 4}"
436,trend_following,BUY,20972.85,20982.85,750.0,10.0,0.04768069194220146,75.0,STOP_LOSS,0.3833962205736951,2.5,TRENDING,NORMAL,0.8,"{'price': 20972.85, 'rsi': 50.186449509193956, 'macd': 10.120298474288575, 'atr_pct': 0.16575851977335226, 'bb_position': 0.4572850049477475, 'ema_distance': 0.03427401156077652, 'trend_strength': 0.5205228621875098, 'hour': 12, 'day_of_week': 0}","{'price': 20980.0, 'rsi': 38.864210587522116, 'macd': 7.486614273777377, 'atr_pct': 0.11737368922783975, 'bb_position': 0.38378278914645625, 'ema_distance': 0.02362983892687578, 'trend_strength': 0.5895234997032851, 'hour': 13, 'day_of_week': 0}"
437,trend_following,BUY,20993.4,21003.4,1500.0,10.0,0.04763401831051664,60.0,STOP_LOSS,0.41171684499757766,2.5,TRENDING,LOW,0.8,"{'price': 20993.4, 'rsi': 53.46350220410205, 'macd': 10.353874084514246, 'atr_pct': 0.10108619171467692, 'bb_position': 0.4826036352667248, 'ema_distance': 0.04168312855497817, 'trend_strength': 0.4868596738056724, 'hour': 10, 'day_of_week': 1}","{'price': 20999.3, 'rsi': 55.11543545968871, 'macd': 7.84053278610736, 'atr_pct': 0.10384699898159847, 'bb_position': 0.48210113802001486, 'ema_distance': 0.027072421036895816, 'trend_strength': 0.4051062744816537, 'hour': 11, 'day_of_week': 1}"
438,trend_following,BUY,20999.3,21009.3,2250.0,10.0,0.04762063497354674,75.0,STOP_LOSS,0.5128178904531021,2.5,TRENDING,LOW,0.8,"{'price': 20999.3, 'rsi': 55.11543545968871, 'macd': 7.84053278610736, 'atr_pct': 0.10384699898159847, 'bb_position': 0.48210113802001486, 'ema_distance': 0.027072421036895816, 'trend_strength': 0.4051062744816537, 'hour': 11, 'day_of_week': 1}","{'price': 20986.75, 'rsi': 46.08785574707045, 'macd': 4.624865910205699, 'atr_pct': 0.09761260931642218, 'bb_position': 0.1515675050276103, 'ema_distance': 0.010399733687939674, 'trend_strength': 0.3194359607671027, 'hour': 12, 'day_of_week': 1}"
435,trend_following,BUY,20967.55,20977.55,750.0,10.0,0.04769274426435134,1470.0,STOP_LOSS,0.43631423748644327,2.5,TRENDING,NORMAL,0.8,"{'price': 20967.55, 'rsi': 48.83566963449756, 'macd': 11.789366789362248, 'atr_pct': 0.1603498194659276, 'bb_position': 0.4417799004462077, 'ema_distance': 0.044349315440027376, 'trend_strength': 0.4943619917944765, 'hour': 12, 'day_of_week': 0}","{'price': 20960.1, 'rsi': 26.884810638225346, 'macd': 0.8282879428261367, 'atr_pct': 0.09698699638155986, 'bb_position': -0.18906884748648287, 'ema_distance': 0.012970681212697125, 'trend_strength': 0.3727896997686412, 'hour': 12, 'day_of_week': 1}"
439,trend_following,BUY,20986.75,20975.25,-4312.5,-11.5,-0.05479647873062766,15.0,STOP_LOSS,0.3878956145530437,2.5,TRENDING,LOW,0.8,"{'price': 20986.75, 'rsi': 46.08785574707045, 'macd': 4.624865910205699, 'atr_pct': 0.09761260931642218, 'bb_position': 0.1515675050276103, 'ema_distance': 0.010399733687939674, 'trend_strength': 0.3194359607671027, 'hour': 12, 'day_of_week': 1}","{'price': 20960.1, 'rsi': 26.884810638225346, 'macd': 0.8282879428261367, 'atr_pct': 0.09698699638155986, 'bb_position': -0.18906884748648287, 'ema_distance': 0.012970681212697125, 'trend_strength': 0.3727896997686412, 'hour': 12, 'day_of_week': 1}"
440,trend_following,SELL,20869.25,20859.25,750.0,10.0,0.04791739041891779,75.0,STOP_LOSS,0.3460772954317732,2.5,TRENDING,LOW,0.8,"{'price': 20869.25, 'rsi': 54.29860478309749, 'macd': -27.663763286625908, 'atr_pct': 0.12494459551732663, 'bb_position': 0.711910772846888, 'ema_distance': 0.08853343169948706, 'trend_strength': 0.46919223632450674, 'hour': 13, 'day_of_week': 2}","{'price': 20880.55, 'rsi': 66.16462435704676, 'macd': -7.406810750147997, 'atr_pct': 0.12735707221723963, 'bb_position': 0.8576465043328362, 'ema_distance': 0.01194353442763812, 'trend_strength': 0.35991753168417845, 'hour': 14, 'day_of_week': 2}"
441,trend_following,SELL,20873.85,20863.85,750.0,10.0,0.04790683079546897,60.0,STOP_LOSS,0.3222277739488421,2.5,TRENDING,LOW,0.8,"{'price': 20873.85, 'rsi': 64.48575063532324, 'macd': -21.890500966364925, 'atr_pct': 0.12050278903303066, 'bb_position': 0.7587300867856502, 'ema_distance': 0.055262208563246436, 'trend_strength': 0.4462040032678244, 'hour': 13, 'day_of_week': 2}","{'price': 20880.55, 'rsi': 66.16462435704676, 'macd': -7.406810750147997, 'atr_pct': 0.12735707221723963, 'bb_position': 0.8576465043328362, 'ema_distance': 0.01194353442763812, 'trend_strength': 0.35991753168417845, 'hour': 14, 'day_of_week': 2}"
442,trend_following,BUY,21417.6,21427.6,750.0,10.0,0.046690572239653366,30.0,STOP_LOSS,0.36387020387336144,2.5,TRENDING,LOW,0.8,"{'price': 21417.6, 'rsi': 45.55445110840311, 'macd': 25.942842893760826, 'atr_pct': 0.11499220934451629, 'bb_position': 0.09242459743994291, 'ema_distance': 0.06614874643744695, 'trend_strength': 0.3939909355470813, 'hour': 13, 'day_of_week': 0}","{'price': 21423.4, 'rsi': 41.51445479085232, 'macd': 20.592637331577862, 'atr_pct': 0.11494440658345426, 'bb_position': 0.12144174138635772, 'ema_distance': 0.04400232193786625, 'trend_strength': 0.4436946383308033, 'hour': 13, 'day_of_week': 0}"
443,trend_following,BUY,21423.4,21433.4,750.0,10.0,0.04667793160749461,60.0,STOP_LOSS,0.36048765856107007,2.5,TRENDING,LOW,0.8,"{'price': 21423.4, 'rsi': 41.51445479085232, 'macd': 20.592637331577862, 'atr_pct': 0.11494440658345426, 'bb_position': 0.12144174138635772, 'ema_distance': 0.04400232193786625, 'trend_strength': 0.4436946383308033, 'hour': 13, 'day_of_week': 0}","{'price': 21420.4, 'rsi': 38.232944544657634, 'macd': 13.415179706091294, 'atr_pct': 0.10824127600658458, 'bb_position': 0.16321529206509655, 'ema_distance': 0.020916324751316377, 'trend_strength': 0.5760754032130256, 'hour': 14, 'day_of_week': 0}"
444,trend_following,BUY,21423.9,21433.9,750.0,10.0,0.046676842218270245,45.0,STOP_LOSS,0.34883769856973734,2.5,TRENDING,LOW,0.8,"{'price': 21423.9, 'rsi': 37.46537139955082, 'macd': 17.908264348618104, 'atr_pct': 0.10855699875906231, 'bb_position': 0.16425621632330703, 'ema_distance': 0.03299542006973074, 'trend_strength': 0.4984742617424997, 'hour': 13, 'day_of_week': 0}","{'price': 21420.4, 'rsi': 38.232944544657634, 'macd': 13.415179706091294, 'atr_pct': 0.10824127600658458, 'bb_position': 0.16321529206509655, 'ema_distance': 0.020916324751316377, 'trend_strength': 0.5760754032130256, 'hour': 14, 'day_of_week': 0}"
445,trend_following,BUY,21420.4,21365.175016239922,-8283.747564011901,-55.22498376007934,-0.2578149042972089,1170.0,STOP_LOSS,0.571166922666449,2.5,TRENDING,LOW,0.8,"{'price': 21420.4, 'rsi': 38.232944544657634, 'macd': 13.415179706091294, 'atr_pct': 0.10824127600658458, 'bb_position': 0.16321529206509655, 'ema_distance': 0.020916324751316377, 'trend_strength': 0.5760754032130256, 'hour': 14, 'day_of_week': 0}","{'price': 21351.8, 'rsi': 35.13308094752236, 'macd': -6.718452362336393, 'atr_pct': 0.13673989345830026, 'bb_position': -0.15058549719541034, 'ema_distance': 0.06886401672150436, 'trend_strength': 0.4312724376689674, 'hour': 10, 'day_of_week': 1}"
446,trend_following,BUY,21424.4,21367.49756462267,-8535.36530659967,-56.90243537733113,-0.2655964011936443,1155.0,STOP_LOSS,0.5885160428094257,2.5,TRENDING,LOW,0.8,"{'price': 21424.4, 'rsi': 38.33544964613873, 'macd': 11.598402205039747, 'atr_pct': 0.10917125200372484, 'bb_position': 0.22573805962327226, 'ema_distance': 0.014347821057913117, 'trend_strength': 0.5897257439329328, 'hour': 14, 'day_of_week': 0}","{'price': 21351.8, 'rsi': 35.13308094752236, 'macd': -6.718452362336393, 'atr_pct': 0.13673989345830026, 'bb_position': -0.15058549719541034, 'ema_distance': 0.06886401672150436, 'trend_strength': 0.4312724376689674, 'hour': 10, 'day_of_week': 1}"
447,trend_following,BUY,21472.4,21426.5,-6885.000000000218,-45.900000000001455,-0.21376278385276662,15.0,STOP_LOSS,0.4802927241486037,2.5,NEUTRAL,LOW,0.8,"{'price': 21472.4, 'rsi': 23.424597012918625, 'macd': 11.615815568620746, 'atr_pct': 0.12080291776552829, 'bb_position': 0.23822070962735759, 'ema_distance': 0.016686778569481017, 'trend_strength': 0.2906062552583772, 'hour': 13, 'day_of_week': 2}","{'price': 21403.7, 'rsi': 18.220159491741697, 'macd': 1.5450795850010763, 'atr_pct': 0.14870593135098634, 'bb_position': -0.07311207624265295, 'ema_distance': 0.042528132674560334, 'trend_strength': 0.35905702855428123, 'hour': 13, 'day_of_week': 2}"
448,trend_following,SELL,21250.2,21240.2,750.0,10.0,0.04705838062700586,105.0,STOP_LOSS,0.3937640418157934,2.5,TRENDING,NORMAL,0.8,"{'price': 21250.2, 'rsi': 70.80856666108753, 'macd': -43.536751966854354, 'atr_pct': 0.2555606199336621, 'bb_position': 0.8632794329215827, 'ema_distance': 0.10715654997214402, 'trend_strength': 0.8049033454477434, 'hour': 12, 'day_of_week': 3}","{'price': 21243.15, 'rsi': 68.73736158024663, 'macd': -12.32458184227653, 'atr_pct': 0.19145667460535942, 'bb_position': 0.7797078847720449, 'ema_distance': 0.009973516324543796, 'trend_strength': 0.5197346142942495, 'hour': 14, 'day_of_week': 3}"
449,trend_following,SELL,21241.9,21231.9,750.0,10.0,0.047076768085717376,90.0,STOP_LOSS,0.36642661835194196,2.5,TRENDING,NORMAL,0.8,"{'price': 21241.9, 'rsi': 86.55449477833427, 'macd': -35.50787837555981, 'atr_pct': 0.2228412443600353, 'bb_position': 0.8776471131249283, 'ema_distance': 0.06748693160425004, 'trend_strength': 0.757469235496042, 'hour': 12, 'day_of_week': 3}","{'price': 21243.15, 'rsi': 68.73736158024663, 'macd': -12.32458184227653, 'atr_pct': 0.19145667460535942, 'bb_position': 0.7797078847720449, 'ema_distance': 0.009973516324543796, 'trend_strength': 0.5197346142942495, 'hour': 14, 'day_of_week': 3}"
450,trend_following,BUY,21275.35,21807.233749999996,119673.84374999937,531.8837499999972,2.499999999999987,14460.0,TAKE_PROFIT,0.4159326601699709,2.5,TRENDING,NORMAL,0.8,"{'price': 21275.35, 'rsi': 35.596595886632116, 'macd': 15.574732946766744, 'atr_pct': 0.15537766879107648, 'bb_position': 0.13472319853887138, 'ema_distance': 0.04100329655563406, 'trend_strength': 0.3477398072560455, 'hour': 13, 'day_of_week': 4}","{'price': 21817.3, 'rsi': 70.97876209508004, 'macd': 17.926212835482147, 'atr_pct': 0.09548451392767886, 'bb_position': 1.1489613797262315, 'ema_distance': 0.0959242384922595, 'trend_strength': 0.4696251072913501, 'hour': 14, 'day_of_week': 0}"
452,trend_following,BUY,21725.3,21695.3,-9000.0,-30.0,-0.13808785149111866,15.0,STOP_LOSS,0.5814743682008156,2.5,TRENDING,LOW,0.8,"{'price': 21725.3, 'rsi': 48.87773551261638, 'macd': 15.728171572540305, 'atr_pct': 0.12820799449752934, 'bb_position': 0.29955003921637485, 'ema_distance': 0.07356913606807008, 'trend_strength': 0.49400087861639, 'hour': 15, 'day_of_week': 0}","{'price': 21689.45, 'rsi': 42.78063798066013, 'macd': 8.407983272176352, 'atr_pct': 0.14159286789528824, 'bb_position': 0.05093600213371761, 'ema_distance': 0.02581510560354857, 'trend_strength': 0.504833461638926, 'hour': 15, 'day_of_week': 0}"
453,trend_following,BUY,21689.45,21682.75,-2010.0000000002183,-6.700000000000728,-0.03089059427510023,1110.0,STOP_LOSS,0.2924376339850035,2.5,TRENDING,LOW,0.8,"{'price': 21689.45, 'rsi': 42.78063798066013, 'macd': 8.407983272176352, 'atr_pct': 0.14159286789528824, 'bb_position': 0.05093600213371761, 'ema_distance': 0.02581510560354857, 'trend_strength': 0.504833461638926, 'hour': 15, 'day_of_week': 0}","{'price': 21636.8, 'rsi': 36.518243389965804, 'macd': -7.638047890755843, 'atr_pct': 0.1813873981893285, 'bb_position': -0.10258840599113216, 'ema_distance': 0.06429508648759176, 'trend_strength': 0.42928560934997, 'hour': 9, 'day_of_week': 1}"
451,trend_following,BUY,21534.5,21544.5,750.0,10.0,0.04643711254034224,10005.0,STOP_LOSS,0.5062614702069332,2.5,NEUTRAL,LOW,0.8,"{'price': 21534.5, 'rsi': 43.949667887730726, 'macd': 22.58629252371975, 'atr_pct': 0.12692257938258347, 'bb_position': 0.3889257596415383, 'ema_distance': 0.06190370350106213, 'trend_strength': 0.27355548233087784, 'hour': 13, 'day_of_week': 2}","{'price': 21533.25, 'rsi': 20.5914752209804, 'macd': -25.89706898390432, 'atr_pct': 0.16865943200797343, 'bb_position': 0.13034468396361532, 'ema_distance': 0.11235562556888917, 'trend_strength': 0.6203177782365314, 'hour': 12, 'day_of_week': 2}"
455,breakout,SELL,21515.1,21596.8,-6127.500000000055,-81.70000000000073,-0.37973330358678664,1125.0,STOP_LOSS,0.3985289038554608,3.0,TRENDING,LOW,0.75,"{'price': 21515.1, 'rsi': 33.745955164671884, 'macd': -18.984301808086457, 'atr_pct': 0.1262734411778591, 'bb_position': -0.2430575116333437, 'ema_distance': 0.07564251598327604, 'trend_strength': 0.9156051163389307, 'hour': 15, 'day_of_week': 2}","{'price': 21602.25, 'rsi': 58.62772956561006, 'macd': -4.695092120007757, 'atr_pct': 0.1375022112445305, 'bb_position': 0.8490187146716353, 'ema_distance': 0.009901914542840399, 'trend_strength': 0.7620303483246292, 'hour': 9, 'day_of_week': 3}"
454,trend_following,SELL,21661.3,21651.3,1500.0,10.0,0.04616528093881715,4020.0,STOP_LOSS,0.25621760666590954,2.5,TRENDING,LOW,0.8,"{'price': 21661.3, 'rsi': 68.63100100209826, 'macd': -9.90060908857049, 'atr_pct': 0.11966700323354626, 'bb_position': 0.8498979774582222, 'ema_distance': 0.011935199989851833, 'trend_strength': 0.4505115628594734, 'hour': 14, 'day_of_week': 1}","{'price': 21740.8, 'rsi': 78.81278009963157, 'macd': 25.436249573507666, 'atr_pct': 0.10616970330964584, 'bb_position': 1.1352949322028525, 'ema_distance': 0.12182647213598632, 'trend_strength': 0.24241470128232342, 'hour': 9, 'day_of_week': 4}"
456,trend_following,BUY,21680.1,21650.0,-9029.999999999563,-30.099999999998545,-0.13883699798431995,30.0,STOP_LOSS,0.5890787020926902,2.5,TRENDING,LOW,0.8,"{'price': 21680.1, 'rsi': 32.19070312078463, 'macd': 7.416755024987651, 'atr_pct': 0.10066835485076273, 'bb_position': 0.2934949182430134, 'ema_distance': 0.014970691174435622, 'trend_strength': 0.35042171015456014, 'hour': 13, 'day_of_week': 4}","{'price': 21649.2, 'rsi': 29.261690285119116, 'macd': 2.5008906871771615, 'atr_pct': 0.10054809019666962, 'bb_position': -0.026825273891007927, 'ema_distance': 0.011299441397197204, 'trend_strength': 0.45627179622137887, 'hour': 14, 'day_of_week': 4}"
457,trend_following,BUY,21679.35,21661.7,-6618.7499999991815,-17.649999999997817,-0.08141388002868083,15.0,STOP_LOSS,0.4317790320571096,2.5,TRENDING,LOW,0.8,"{'price': 21679.35, 'rsi': 29.722326752192956, 'macd': 6.047621001722291, 'atr_pct': 0.1021215383038964, 'bb_position': 0.2731149174402323, 'ema_distance': 0.008645510540972534, 'trend_strength': 0.4006171931754149, 'hour': 13, 'day_of_week': 4}","{'price': 21649.2, 'rsi': 29.261690285119116, 'macd': 2.5008906871771615, 'atr_pct': 0.10054809019666962, 'bb_position': -0.026825273891007927, 'ema_distance': 0.011299441397197204, 'trend_strength': 0.45627179622137887, 'hour': 14, 'day_of_week': 4}"
458,trend_following,BUY,21675.3,21685.3,1500.0,10.0,0.046135462946302934,45.0,STOP_LOSS,0.4503203003844043,2.5,TRENDING,NORMAL,0.8,"{'price': 21675.3, 'rsi': 49.271807478026986, 'macd': 4.3394253321275755, 'atr_pct': 0.15236236638016737, 'bb_position': 0.3496178819677942, 'ema_distance': 0.011419232817719869, 'trend_strength': 0.6549834770868292, 'hour': 9, 'day_of_week': 0}","{'price': 21678.6, 'rsi': 49.678502998268954, 'macd': 3.073657346332766, 'atr_pct': 0.16611180743089682, 'bb_position': 0.3821228038219476, 'ema_distance': 0.005563674404689105, 'trend_strength': 0.5935004490574118, 'hour': 10, 'day_of_week': 0}"
459,trend_following,BUY,21678.6,21629.75,-7327.499999999782,-48.849999999998545,-0.22533742953880115,30.0,STOP_LOSS,0.4824680605396934,2.5,TRENDING,NORMAL,0.8,"{'price': 21678.6, 'rsi': 49.678502998268954, 'macd': 3.073657346332766, 'atr_pct': 0.16611180743089682, 'bb_position': 0.3821228038219476, 'ema_distance': 0.005563674404689105, 'trend_strength': 0.5935004490574118, 'hour': 10, 'day_of_week': 0}","{'price': 21620.0, 'rsi': 44.4101754431635, 'macd': -6.358774964464828, 'atr_pct': 0.1820074005550433, 'bb_position': -0.05701754191818095, 'ema_distance': 0.05040468953346566, 'trend_strength': 0.5482091649097794, 'hour': 11, 'day_of_week': 0}"
460,trend_following,SELL,21625.75,21672.3,-6982.499999999891,-46.54999999999927,-0.2152526501970996,30.0,STOP_LOSS,0.46198097242118386,2.5,TRENDING,NORMAL,0.8,"{'price': 21625.75, 'rsi': 57.61799632171664, 'macd': -14.528626305636863, 'atr_pct': 0.18993560916962393, 'bb_position': 0.8046562406769188, 'ema_distance': 0.027189676363356095, 'trend_strength': 0.6019321833450029, 'hour': 9, 'day_of_week': 1}","{'price': 21686.35, 'rsi': 62.41317233347352, 'macd': 0.7962152445834363, 'atr_pct': 0.20081756496597997, 'bb_position': 1.0180879302429746, 'ema_distance': 0.05687050165438614, 'trend_strength': 0.5185432714165799, 'hour': 10, 'day_of_week': 1}"
461,trend_following,SELL,21569.4,21580.7,-4237.499999999727,-11.299999999999272,-0.05238903261101037,15.0,STOP_LOSS,0.3738924346938931,2.5,TRENDING,NORMAL,0.8,"{'price': 21569.4, 'rsi': 57.18401663073172, 'macd': -15.319809069100302, 'atr_pct': 0.1554947551359156, 'bb_position': 1.0605930580169702, 'ema_distance': 0.03918851598509666, 'trend_strength': 0.5480065454193092, 'hour': 14, 'day_of_week': 2}","{'price': 21605.75, 'rsi': 64.19164317270248, 'macd': -8.001918178928463, 'atr_pct': 0.1694654696749066, 'bb_position': 1.2314891127381515, 'ema_distance': 0.003431613791287075, 'trend_strength': 0.5168005465760308, 'hour': 14, 'day_of_week': 2}"
463,trend_following,BUY,21646.6,21656.6,1500.0,10.0,0.04619663134164257,8490.0,STOP_LOSS,0.5259278129734624,2.5,TRENDING,LOW,0.8,"{'price': 21646.6, 'rsi': 44.69751802388838, 'macd': 9.318456080876786, 'atr_pct': 0.12123315967799916, 'bb_position': 0.29991869578479696, 'ema_distance': 0.020325970968364464, 'trend_strength': 0.5339883617232616, 'hour': 15, 'day_of_week': 3}","{'price': 21644.55, 'rsi': 9.003256848724533, 'macd': -97.28961049715508, 'atr_pct': 0.3023855889819825, 'bb_position': 0.2024599915146739, 'ema_distance': 0.4400765908070408, 'trend_strength': 0.998195200926806, 'hour': 12, 'day_of_week': 2}"
462,trend_following,BUY,21606.3,21616.3,3750.0,10.0,0.046282797147128386,8655.0,STOP_LOSS,0.3749485358651214,2.5,TRENDING,LOW,0.8,"{'price': 21606.3, 'rsi': 24.41367378024232, 'macd': 13.730636574677192, 'atr_pct': 0.10202050856860063, 'bb_position': -0.3202474286893596, 'ema_distance': 0.03580171133951075, 'trend_strength': 0.3415585517517245, 'hour': 14, 'day_of_week': 3}","{'price': 21604.2, 'rsi': 14.518139535859945, 'macd': -83.12386111760861, 'atr_pct': 0.16868413152469053, 'bb_position': 0.13031460833570174, 'ema_distance': 0.32717699160535874, 'trend_strength': 0.9937126259105, 'hour': 14, 'day_of_week': 2}"
464,trend_following,SELL,21477.25,21576.54199454393,-7446.899590794874,-99.29199454393165,-0.4623124214875352,1110.0,STOP_LOSS,0.4946607646235059,2.5,TRENDING,NORMAL,0.8,"{'price': 21477.25, 'rsi': 43.46068243638187, 'macd': -29.878668036653835, 'atr_pct': 0.16983086754588722, 'bb_position': 0.6028479328945614, 'ema_distance': 0.07634818483274029, 'trend_strength': 0.5460791922684645, 'hour': 15, 'day_of_week': 3}","{'price': 21640.6, 'rsi': 77.70723756108357, 'macd': 12.748029619688168, 'atr_pct': 0.20650668518564663, 'bb_position': 1.026457782776853, 'ema_distance': 0.15276347762700385, 'trend_strength': 0.4691016813521265, 'hour': 9, 'day_of_week': 4}"
465,trend_following,SELL,21477.25,21572.648190836328,-7154.864312724567,-95.39819083632756,-0.44418252260567603,1095.0,STOP_LOSS,0.47526230326572666,2.5,TRENDING,NORMAL,0.8,"{'price': 21477.25, 'rsi': 40.681627465892106, 'macd': -26.423090286858496, 'atr_pct': 0.1644098489597756, 'bb_position': 0.5913347956027942, 'ema_distance': 0.06090891043922057, 'trend_strength': 0.5390912565533931, 'hour': 15, 'day_of_week': 3}","{'price': 21640.6, 'rsi': 77.70723756108357, 'macd': 12.748029619688168, 'atr_pct': 0.20650668518564663, 'bb_position': 1.026457782776853, 'ema_distance': 0.15276347762700385, 'trend_strength': 0.4691016813521265, 'hour': 9, 'day_of_week': 4}"
467,trend_following,SELL,21369.7,21359.7,750.0,10.0,0.04679522875847579,225.0,STOP_LOSS,0.3499642445736833,2.5,TRENDING,NORMAL,0.8,"{'price': 21369.7, 'rsi': 52.80555126378505, 'macd': -43.78209996075384, 'atr_pct': 0.2893449269626771, 'bb_position': 0.7298218231183647, 'ema_distance': 0.10920579631880044, 'trend_strength': 0.9029825744545503, 'hour': 10, 'day_of_week': 2}","{'price': 21369.8, 'rsi': 50.090861787472456, 'macd': -12.525616804352467, 'atr_pct': 0.2513059150229394, 'bb_position': 0.7940262048050242, 'ema_distance': 0.0014835298791107542, 'trend_strength': 0.7036834845097794, 'hour': 14, 'day_of_week': 2}"
466,trend_following,SELL,21383.0,21373.0,750.0,10.0,0.04676612262077351,255.0,STOP_LOSS,0.3156747487263789,2.5,TRENDING,NORMAL,0.8,"{'price': 21383.0, 'rsi': 54.435599974474854, 'macd': -52.06222168655222, 'atr_pct': 0.28660952291874175, 'bb_position': 0.772975497751938, 'ema_distance': 0.15188825291042687, 'trend_strength': 0.9255884636957363, 'hour': 10, 'day_of_week': 2}","{'price': 21429.8, 'rsi': 57.44219410025459, 'macd': -2.2685777595688705, 'atr_pct': 0.2605683940787419, 'bb_position': 1.0136609969450925, 'ema_distance': 0.056256078154245506, 'trend_strength': 0.6842660897288764, 'hour': 14, 'day_of_week': 2}"
468,trend_following,SELL,21369.8,21408.4,-5790.000000000327,-38.60000000000218,-0.18062873775141638,15.0,STOP_LOSS,0.3881727007123801,2.5,TRENDING,NORMAL,0.8,"{'price': 21369.8, 'rsi': 50.090861787472456, 'macd': -12.525616804352467, 'atr_pct': 0.2513059150229394, 'bb_position': 0.7940262048050242, 'ema_distance': 0.0014835298791107542, 'trend_strength': 0.7036834845097794, 'hour': 14, 'day_of_week': 2}","{'price': 21429.8, 'rsi': 57.44219410025459, 'macd': -2.2685777595688705, 'atr_pct': 0.2605683940787419, 'bb_position': 1.0136609969450925, 'ema_distance': 0.056256078154245506, 'trend_strength': 0.6842660897288764, 'hour': 14, 'day_of_week': 2}"
469,trend_following,SELL,21343.3,21376.6,-4994.999999999891,-33.29999999999927,-0.1560208590049302,5445.0,STOP_LOSS,0.3360097240208882,2.5,NEUTRAL,NORMAL,0.8,"{'price': 21343.3, 'rsi': 48.43194340585955, 'macd': -14.310307802450552, 'atr_pct': 0.19025709640562893, 'bb_position': 1.0114096254984475, 'ema_distance': 0.048283645805065264, 'trend_strength': 0.26017100620192557, 'hour': 15, 'day_of_week': 3}","{'price': 21580.6, 'rsi': 95.74827099376762, 'macd': 40.69225864673717, 'atr_pct': 0.1888766497952519, 'bb_position': 1.1732663538634038, 'ema_distance': 0.22511857327083065, 'trend_strength': 0.11008079567913975, 'hour': 9, 'day_of_week': 0}"
470,trend_following,BUY,21681.4,21691.4,750.0,10.0,0.04612248286549762,90.0,STOP_LOSS,0.3633183455523334,2.5,NEUTRAL,NORMAL,0.8,"{'price': 21681.4, 'rsi': 43.730015129762215, 'macd': 34.36356720106414, 'atr_pct': 0.22089374829511538, 'bb_position': 0.08789534204422333, 'ema_distance': 0.08937037689881099, 'trend_strength': 0.29070633121590356, 'hour': 11, 'day_of_week': 1}","{'price': 21683.1, 'rsi': 40.463503403694475, 'macd': 18.379451978518773, 'atr_pct': 0.2121138450814563, 'bb_position': 0.08764100382691255, 'ema_distance': 0.029772732485915533, 'trend_strength': 0.36822307726287457, 'hour': 12, 'day_of_week': 1}"
471,trend_following,BUY,21698.15,21708.15,750.0,10.0,0.04608687837442362,75.0,STOP_LOSS,0.43053725535591353,2.5,NEUTRAL,NORMAL,0.8,"{'price': 21698.15, 'rsi': 47.448854210523116, 'macd': 30.29077751600562, 'atr_pct': 0.22488750686776712, 'bb_position': 0.2650513317005129, 'ema_distance': 0.07124971970251419, 'trend_strength': 0.286177415375032, 'hour': 11, 'day_of_week': 1}","{'price': 21683.1, 'rsi': 40.463503403694475, 'macd': 18.379451978518773, 'atr_pct': 0.2121138450814563, 'bb_position': 0.08764100382691255, 'ema_distance': 0.029772732485915533, 'trend_strength': 0.36822307726287457, 'hour': 12, 'day_of_week': 1}"
472,trend_following,BUY,21683.1,21693.1,750.0,10.0,0.04611886676720579,30.0,STOP_LOSS,0.2651883402337198,2.5,TRENDING,NORMAL,0.8,"{'price': 21683.1, 'rsi': 40.463503403694475, 'macd': 18.379451978518773, 'atr_pct': 0.2121138450814563, 'bb_position': 0.08764100382691255, 'ema_distance': 0.029772732485915533, 'trend_strength': 0.36822307726287457, 'hour': 12, 'day_of_week': 1}","{'price': 21675.85, 'rsi': 33.6631868680054, 'macd': 12.323163069249858, 'atr_pct': 0.17152070820093188, 'bb_position': 0.08926878221063365, 'ema_distance': 0.004658585963418766, 'trend_strength': 0.5005070352467887, 'hour': 13, 'day_of_week': 1}"
473,trend_following,BUY,21699.6,21633.364472438094,-4967.664567142856,-66.23552756190475,-0.3052384724230158,1260.0,STOP_LOSS,0.33495839790379284,2.5,TRENDING,NORMAL,0.8,"{'price': 21699.6, 'rsi': 49.48776470414392, 'macd': 16.14916323376019, 'atr_pct': 0.18519103709614207, 'bb_position': 0.2760045042151275, 'ema_distance': 0.02236850723943241, 'trend_strength': 0.43725752717242145, 'hour': 12, 'day_of_week': 1}","{'price': 21556.05, 'rsi': 26.28436544486489, 'macd': -38.2703404582644, 'atr_pct': 0.21000070580118993, 'bb_position': 0.25770085604294773, 'ema_distance': 0.19865279342794043, 'trend_strength': 0.9517013438724733, 'hour': 9, 'day_of_week': 2}"
474,trend_following,BUY,21675.85,21635.030571558167,-6122.914266274711,-40.819428441831406,-0.1883175443723379,1245.0,STOP_LOSS,0.4126455967623214,2.5,TRENDING,NORMAL,0.8,"{'price': 21675.85, 'rsi': 33.6631868680054, 'macd': 12.323163069249858, 'atr_pct': 0.17152070820093188, 'bb_position': 0.08926878221063365, 'ema_distance': 0.004658585963418766, 'trend_strength': 0.5005070352467887, 'hour': 13, 'day_of_week': 1}","{'price': 21556.05, 'rsi': 26.28436544486489, 'macd': -38.2703404582644, 'atr_pct': 0.21000070580118993, 'bb_position': 0.25770085604294773, 'ema_distance': 0.19865279342794043, 'trend_strength': 0.9517013438724733, 'hour': 9, 'day_of_week': 2}"
476,trend_following,BUY,21872.55,21882.55,750.0,10.0,0.04571940628778995,30.0,STOP_LOSS,0.3391663743421961,2.5,TRENDING,NORMAL,0.8,"{'price': 21872.55, 'rsi': 42.768397266827286, 'macd': 16.039544443370687, 'atr_pct': 0.29702918563613917, 'bb_position': 0.2748529383963617, 'ema_distance': 0.0035833149208684177, 'trend_strength': 0.31841093350774974, 'hour': 14, 'day_of_week': 4}","{'price': 21851.35, 'rsi': 27.60870694387046, 'macd': 9.912994935126335, 'atr_pct': 0.29413024170785235, 'bb_position': 0.2340581387815598, 'ema_distance': 0.016275828689182, 'trend_strength': 0.3695583800315327, 'hour': 14, 'day_of_week': 4}"
475,trend_following,BUY,21892.8,21902.8,750.0,10.0,0.04567711759117153,4095.0,STOP_LOSS,0.44229128545975793,2.5,TRENDING,NORMAL,0.8,"{'price': 21892.8, 'rsi': 46.40003321544476, 'macd': 19.989351628359145, 'atr_pct': 0.2933939142418643, 'bb_position': 0.3266355090355704, 'ema_distance': 0.018066665490277883, 'trend_strength': 0.3030041478354213, 'hour': 14, 'day_of_week': 4}","{'price': 21889.4, 'rsi': 56.618896235454365, 'macd': 9.195824729671585, 'atr_pct': 0.23315264139590186, 'bb_position': 0.47709357933381685, 'ema_distance': 0.025631376337717483, 'trend_strength': 0.46547923587286155, 'hour': 10, 'day_of_week': 0}"
478,trend_following,BUY,21906.1,21916.1,750.0,10.0,0.04564938533102652,45.0,STOP_LOSS,0.36222334920650767,2.5,TRENDING,NORMAL,0.8,"{'price': 21906.1, 'rsi': 39.15384112414203, 'macd': 10.328743617239525, 'atr_pct': 0.16741912070153764, 'bb_position': 0.4836524200964029, 'ema_distance': 0.036050908551867426, 'trend_strength': 0.3158881798651698, 'hour': 13, 'day_of_week': 0}","{'price': 21911.25, 'rsi': 50.65003647909693, 'macd': 9.435357450649462, 'atr_pct': 0.1487983178895372, 'bb_position': 0.38693828555620935, 'ema_distance': 0.03176268467059415, 'trend_strength': 0.4434167498521669, 'hour': 14, 'day_of_week': 0}"
477,trend_following,BUY,21889.4,21899.4,750.0,10.0,0.04568421244986158,240.0,STOP_LOSS,0.42454407993377197,2.5,TRENDING,NORMAL,0.8,"{'price': 21889.4, 'rsi': 56.618896235454365, 'macd': 9.195824729671585, 'atr_pct': 0.23315264139590186, 'bb_position': 0.47709357933381685, 'ema_distance': 0.025631376337717483, 'trend_strength': 0.46547923587286155, 'hour': 10, 'day_of_week': 0}","{'price': 21889.3, 'rsi': 44.876889964544546, 'macd': 6.266222385260335, 'atr_pct': 0.15442965937042832, 'bb_position': 0.0736912513401622, 'ema_distance': 0.012739603501627277, 'trend_strength': 0.47979086439759117, 'hour': 14, 'day_of_week': 0}"
479,trend_following,BUY,21911.25,21834.9,-5726.249999999891,-76.34999999999854,-0.34845113811397593,30.0,STOP_LOSS,0.38822598680054315,2.5,TRENDING,LOW,0.8,"{'price': 21911.25, 'rsi': 50.65003647909693, 'macd': 9.435357450649462, 'atr_pct': 0.1487983178895372, 'bb_position': 0.38693828555620935, 'ema_distance': 0.03176268467059415, 'trend_strength': 0.4434167498521669, 'hour': 14, 'day_of_week': 0}","{'price': 21776.6, 'rsi': 26.586723892361874, 'macd': -5.278441525057133, 'atr_pct': 0.19173595248372619, 'bb_position': -0.4572912176451505, 'ema_distance': 0.05781474418688086, 'trend_strength': 0.5154074356262215, 'hour': 14, 'day_of_week': 0}"
480,trend_following,BUY,21889.3,21852.0,-5594.999999999891,-37.29999999999927,-0.1704028909101674,15.0,STOP_LOSS,0.3791347690679152,2.5,TRENDING,NORMAL,0.8,"{'price': 21889.3, 'rsi': 44.876889964544546, 'macd': 6.266222385260335, 'atr_pct': 0.15442965937042832, 'bb_position': 0.0736912513401622, 'ema_distance': 0.012739603501627277, 'trend_strength': 0.47979086439759117, 'hour': 14, 'day_of_week': 0}","{'price': 21776.6, 'rsi': 26.586723892361874, 'macd': -5.278441525057133, 'atr_pct': 0.19173595248372619, 'bb_position': -0.4572912176451505, 'ema_distance': 0.05781474418688086, 'trend_strength': 0.5154074356262215, 'hour': 14, 'day_of_week': 0}"
481,trend_following,SELL,21857.5,21847.5,750.0,10.0,0.04575088642342445,75.0,STOP_LOSS,0.4865449686465446,2.5,TRENDING,NORMAL,0.8,"{'price': 21857.5, 'rsi': 41.16018234629303, 'macd': -25.62825275499199, 'atr_pct': 0.2509436120324836, 'bb_position': 0.46789839470139816, 'ema_distance': 0.12218686601786893, 'trend_strength': 0.6994236626860819, 'hour': 9, 'day_of_week': 1}","{'price': 21850.2, 'rsi': 42.35809412609418, 'macd': -15.179056117241998, 'atr_pct': 0.2467777346268154, 'bb_position': 0.5162615153380732, 'ema_distance': 0.052350221105468234, 'trend_strength': 0.6544796946767998, 'hour': 11, 'day_of_week': 1}"
482,trend_following,SELL,21870.1,21950.15,-6003.750000000218,-80.05000000000291,-0.36602484670853314,1335.0,STOP_LOSS,0.40976829126436587,2.5,TRENDING,NORMAL,0.8,"{'price': 21870.1, 'rsi': 65.8203311388707, 'macd': -9.552715320296556, 'atr_pct': 0.21134530053099312, 'bb_position': 0.6353797056008668, 'ema_distance': 0.020849497897730163, 'trend_strength': 0.6119475233506908, 'hour': 11, 'day_of_week': 1}","{'price': 22008.85, 'rsi': 77.92926950987858, 'macd': 29.000175447843503, 'atr_pct': 0.17973289316408322, 'bb_position': 1.1176684560423331, 'ema_distance': 0.1431220501920408, 'trend_strength': 0.4372614054976215, 'hour': 9, 'day_of_week': 2}"
483,trend_following,BUY,21939.65,21949.65,750.0,10.0,0.045579578525637376,30.0,STOP_LOSS,0.4050293426739592,2.5,TRENDING,NORMAL,0.8,"{'price': 21939.65, 'rsi': 56.134505349814006, 'macd': 10.365099429407564, 'atr_pct': 0.18225320041893764, 'bb_position': 0.5679856088446661, 'ema_distance': 0.04697551689070479, 'trend_strength': 0.3022360108238039, 'hour': 10, 'day_of_week': 3}","{'price': 21877.5, 'rsi': 41.02382752946848, 'macd': 3.5820400025004346, 'atr_pct': 0.213249098062258, 'bb_position': 0.030663591029262922, 'ema_distance': 0.0027938639618730245, 'trend_strength': 0.22719988320008955, 'hour': 10, 'day_of_week': 3}"
485,trend_following,SELL,21748.4,21785.245888073187,-5526.883210977758,-36.84588807318505,-0.16941884494116832,180.0,STOP_LOSS,0.3785786561752997,2.5,TRENDING,NORMAL,0.8,"{'price': 21748.4, 'rsi': 48.29798910486535, 'macd': -22.91016747269896, 'atr_pct': 0.24783432344448636, 'bb_position': 0.7452239080426755, 'ema_distance': 0.062192606927635556, 'trend_strength': 0.8020872943995809, 'hour': 12, 'day_of_week': 4}","{'price': 21786.0, 'rsi': 75.17554798034695, 'macd': 5.006064243865694, 'atr_pct': 0.13985062490983702, 'bb_position': 0.8468483806441324, 'ema_distance': 0.05121199861509568, 'trend_strength': 0.39139864411625697, 'hour': 15, 'day_of_week': 4}"
484,trend_following,SELL,21733.2,21723.2,750.0,10.0,0.04601255222424677,5685.0,STOP_LOSS,0.3136337345648335,2.5,TRENDING,NORMAL,0.8,"{'price': 21733.2, 'rsi': 52.54990029064165, 'macd': -27.556489939801395, 'atr_pct': 0.25632278199778896, 'bb_position': 0.6132883077437057, 'ema_distance': 0.0879067630014021, 'trend_strength': 0.8001410443524164, 'hour': 12, 'day_of_week': 4}","{'price': 21728.15, 'rsi': 62.258431203905054, 'macd': 3.664914404209412, 'atr_pct': 0.26386113340133505, 'bb_position': 0.9510743023230449, 'ema_distance': 0.06464391603436746, 'trend_strength': 0.39041839117089305, 'hour': 10, 'day_of_week': 1}"
486,trend_following,SELL,21676.75,21728.25,-3862.5,-51.5,-0.2375817408052406,75.0,STOP_LOSS,0.2655776945060963,2.5,TRENDING,NORMAL,0.8,"{'price': 21676.75, 'rsi': 57.00120573403734, 'macd': -21.699954226183763, 'atr_pct': 0.26849043329834577, 'bb_position': 0.8059669410449466, 'ema_distance': 0.07319611846012514, 'trend_strength': 0.5063538928083314, 'hour': 9, 'day_of_week': 1}","{'price': 21764.35, 'rsi': 60.51443076866923, 'macd': 10.54646399399644, 'atr_pct': 0.25981216333788004, 'bb_position': 1.0401748761537994, 'ema_distance': 0.0994832801878097, 'trend_strength': 0.38829661956743244, 'hour': 11, 'day_of_week': 1}"
487,trend_following,SELL,21678.7,21668.7,750.0,10.0,0.046128227246098705,75.0,STOP_LOSS,0.4281611974030729,2.5,TRENDING,NORMAL,0.8,"{'price': 21678.7, 'rsi': 75.4988650758495, 'macd': -9.439518742477958, 'atr_pct': 0.1825030362258117, 'bb_position': 0.643796710399302, 'ema_distance': 0.02125025345263855, 'trend_strength': 0.7034028636284952, 'hour': 12, 'day_of_week': 2}","{'price': 21718.95, 'rsi': 74.58924245212063, 'macd': 4.0570666944513505, 'atr_pct': 0.16863154065919153, 'bb_position': 1.0346919917695832, 'ema_distance': 0.04496863904494943, 'trend_strength': 0.5453922155764055, 'hour': 14, 'day_of_week': 2}"
489,trend_following,BUY,22116.95,22126.95,1500.0,10.0,0.04521419092596402,1155.0,STOP_LOSS,0.482577099923949,2.5,NEUTRAL,LOW,0.8,"{'price': 22116.95, 'rsi': 41.22190160743199, 'macd': 19.335850053059403, 'atr_pct': 0.12283726799064652, 'bb_position': 0.2338894113639801, 'ema_distance': 0.048910658061140415, 'trend_strength': 0.2836752906940646, 'hour': 15, 'day_of_week': 0}","{'price': 22094.45, 'rsi': 38.089436973138675, 'macd': 1.1938098994542088, 'atr_pct': 0.16505437855596258, 'bb_position': 0.1791091445193025, 'ema_distance': 0.02523779224086757, 'trend_strength': 0.6514199876841499, 'hour': 10, 'day_of_week': 1}"
490,trend_following,BUY,22130.55,22140.55,750.0,10.0,0.04518640521812607,45.0,STOP_LOSS,0.4329163195075052,2.5,TRENDING,LOW,0.8,"{'price': 22130.55, 'rsi': 49.99962018736699, 'macd': 11.016085296716483, 'atr_pct': 0.12405282032562158, 'bb_position': 0.5361351349036806, 'ema_distance': 0.04467021027295454, 'trend_strength': 0.4484761865738294, 'hour': 13, 'day_of_week': 1}","{'price': 22138.9, 'rsi': 60.72641704917979, 'macd': 7.802565651894838, 'atr_pct': 0.1360404407755455, 'bb_position': 0.5697973843556949, 'ema_distance': 0.025461921268762764, 'trend_strength': 0.31442702099246506, 'hour': 14, 'day_of_week': 1}"
491,trend_following,BUY,22174.65,22184.65,750.0,10.0,0.045096540418901765,195.0,STOP_LOSS,0.4724038585567665,2.5,TRENDING,NORMAL,0.8,"{'price': 22174.65, 'rsi': 52.31423796267185, 'macd': 20.40579183328009, 'atr_pct': 0.17491015319616895, 'bb_position': 0.4961718288097832, 'ema_distance': 0.08214875220865278, 'trend_strength': 0.3226393180177969, 'hour': 10, 'day_of_week': 2}","{'price': 22151.6, 'rsi': 41.26885288110415, 'macd': 7.621737508878141, 'atr_pct': 0.14192783236554155, 'bb_position': -0.17812988632032825, 'ema_distance': 0.009629877910345896, 'trend_strength': 0.5738516830335221, 'hour': 13, 'day_of_week': 2}"
492,trend_following,BUY,22151.6,22145.3,-2362.499999999727,-6.299999999999272,-0.0284403835388833,15.0,STOP_LOSS,0.3865941761321681,2.5,TRENDING,LOW,0.8,"{'price': 22151.6, 'rsi': 41.26885288110415, 'macd': 7.621737508878141, 'atr_pct': 0.14192783236554155, 'bb_position': -0.17812988632032825, 'ema_distance': 0.009629877910345896, 'trend_strength': 0.5738516830335221, 'hour': 13, 'day_of_week': 2}","{'price': 22112.45, 'rsi': 37.20143176129777, 'macd': 0.20550327758974163, 'atr_pct': 0.14418186522589083, 'bb_position': -0.2657020295907984, 'ema_distance': 0.03287989243301636, 'trend_strength': 0.5947475332732399, 'hour': 14, 'day_of_week': 2}"
488,trend_following,BUY,22025.35,22035.35,1500.0,10.0,0.04540222970350074,3165.0,STOP_LOSS,0.5420316536122672,2.5,TRENDING,LOW,0.8,"{'price': 22025.35, 'rsi': 39.04757519225079, 'macd': 19.270912038169627, 'atr_pct': 0.14142794552640434, 'bb_position': 0.10286539965658065, 'ema_distance': 0.050796865598946146, 'trend_strength': 0.6615966873086322, 'hour': 9, 'day_of_week': 0}","{'price': 22032.4, 'rsi': 19.69269047370763, 'macd': -18.78986757182065, 'atr_pct': 0.1719707599457401, 'bb_position': -0.2143230288668329, 'ema_distance': 0.13721024101782656, 'trend_strength': 0.6476123795072644, 'hour': 14, 'day_of_week': 2}"
494,trend_following,SELL,22084.5,22074.5,3750.0,10.0,0.04528062668387331,30.0,STOP_LOSS,0.38682347647707044,2.5,TRENDING,NORMAL,0.8,"{'price': 22084.5, 'rsi': 76.4228134519949, 'macd': -20.08350158871326, 'atr_pct': 0.1851169048751082, 'bb_position': 1.120148446538997, 'ema_distance': 0.023821805627983243, 'trend_strength': 0.4637166830701215, 'hour': 13, 'day_of_week': 3}","{'price': 22080.55, 'rsi': 80.22928167417456, 'macd': -5.888083900081256, 'atr_pct': 0.18411484962363497, 'bb_position': 0.9913956984435194, 'ema_distance': 0.04455772758245628, 'trend_strength': 0.40213843314758985, 'hour': 14, 'day_of_week': 3}"
493,trend_following,SELL,22016.6,22096.5,-5992.500000000109,-79.90000000000146,-0.36290798760935594,60.0,STOP_LOSS,0.41209594360691326,2.5,TRENDING,NORMAL,0.8,"{'price': 22016.6, 'rsi': 66.37684601137178, 'macd': -31.313382129337697, 'atr_pct': 0.17709040321523822, 'bb_position': 0.8128863467400331, 'ema_distance': 0.08757131233979794, 'trend_strength': 0.4953398790826644, 'hour': 13, 'day_of_week': 3}","{'price': 22107.35, 'rsi': 80.14004615157307, 'macd': 2.106683955364133, 'atr_pct': 0.1876072889785517, 'bb_position': 1.0440342207852062, 'ema_distance': 0.08273115627125818, 'trend_strength': 0.37507381324833133, 'hour': 14, 'day_of_week': 3}"
495,trend_following,BUY,22212.05,22222.05,1500.0,10.0,0.04502060818339595,60.0,STOP_LOSS,0.4690507797145619,2.5,TRENDING,LOW,0.8,"{'price': 22212.05, 'rsi': 44.424078926422254, 'macd': 28.89113197333063, 'atr_pct': 0.12076778145196057, 'bb_position': -0.010607142554735391, 'ema_distance': 0.08407508147535087, 'trend_strength': 0.3508800101537578, 'hour': 14, 'day_of_week': 4}","{'price': 22213.25, 'rsi': 38.456954387434685, 'macd': 20.825612065917085, 'atr_pct': 0.1318228663394276, 'bb_position': 0.04345655562314909, 'ema_distance': 0.052171485333977745, 'trend_strength': 0.5307576294704011, 'hour': 15, 'day_of_week': 4}"
496,trend_following,BUY,22213.25,22176.654324503463,-8234.026986720892,-36.5956754965373,-0.16474705635842254,4005.0,STOP_LOSS,0.5665319319478077,2.5,TRENDING,LOW,0.8,"{'price': 22213.25, 'rsi': 38.456954387434685, 'macd': 20.825612065917085, 'atr_pct': 0.1318228663394276, 'bb_position': 0.04345655562314909, 'ema_distance': 0.052171485333977745, 'trend_strength': 0.5307576294704011, 'hour': 15, 'day_of_week': 4}","{'price': 22114.1, 'rsi': 22.13655056334713, 'macd': -2.3164650962353335, 'atr_pct': 0.1624529146562591, 'bb_position': -0.2788494854821428, 'ema_distance': 0.06116835761443762, 'trend_strength': 0.7395935677583103, 'hour': 9, 'day_of_week': 0}"
497,trend_following,BUY,22194.25,22177.344350993524,-6339.618377428451,-16.90564900647587,-0.0761713011544696,3990.0,STOP_LOSS,0.43618951613452006,2.5,TRENDING,LOW,0.8,"{'price': 22194.25, 'rsi': 38.780936291430656, 'macd': 16.15935423776682, 'atr_pct': 0.13219318388450033, 'bb_position': -0.1279010298322909, 'ema_distance': 0.02816222774237677, 'trend_strength': 0.5563286596010296, 'hour': 15, 'day_of_week': 4}","{'price': 22114.1, 'rsi': 22.13655056334713, 'macd': -2.3164650962353335, 'atr_pct': 0.1624529146562591, 'bb_position': -0.2788494854821428, 'ema_distance': 0.06116835761443762, 'trend_strength': 0.7395935677583103, 'hour': 9, 'day_of_week': 0}"
498,trend_following,SELL,22140.45,22130.45,2250.0,10.0,0.045166200325648304,45.0,STOP_LOSS,0.5222973668345148,2.5,TRENDING,LOW,0.8,"{'price': 22140.45, 'rsi': 55.0471297397996, 'macd': -7.71613888839056, 'atr_pct': 0.12935277157548852, 'bb_position': 0.667661316819088, 'ema_distance': 0.023987313858575107, 'trend_strength': 0.5221794698667749, 'hour': 9, 'day_of_week': 1}","{'price': 22135.05, 'rsi': 51.01254126303971, 'macd': -8.18492263635926, 'atr_pct': 0.1361125067644804, 'bb_position': 0.5752933980216537, 'ema_distance': 0.02829548971936156, 'trend_strength': 0.5698368548805586, 'hour': 10, 'day_of_week': 1}"
499,trend_following,SELL,22135.05,22125.05,1500.0,10.0,0.04517721893557954,105.0,STOP_LOSS,0.40386222368823693,2.5,TRENDING,LOW,0.8,"{'price': 22135.05, 'rsi': 51.01254126303971, 'macd': -8.18492263635926, 'atr_pct': 0.1361125067644804, 'bb_position': 0.5752933980216537, 'ema_distance': 0.02829548971936156, 'trend_strength': 0.5698368548805586, 'hour': 10, 'day_of_week': 1}","{'price': 22132.5, 'rsi': 54.84331473246605, 'macd': -1.7000510360849148, 'atr_pct': 0.1331429216891746, 'bb_position': 0.4730974064687008, 'ema_distance': 0.0003008985992192407, 'trend_strength': 0.7828094439967558, 'hour': 12, 'day_of_week': 1}"
500,trend_following,SELL,22147.15,22137.15,3000.0,10.0,0.04515253655662241,105.0,STOP_LOSS,0.5558309985811831,2.5,TRENDING,LOW,0.8,"{'price': 22147.15, 'rsi': 46.43036921528122, 'macd': -5.940651138600515, 'atr_pct': 0.13037794930724603, 'bb_position': 0.7272703592838252, 'ema_distance': 0.015008185910937326, 'trend_strength': 0.6029515378740462, 'hour': 10, 'day_of_week': 1}","{'price': 22161.1, 'rsi': 61.74773351068067, 'macd': 0.42797337536831037, 'atr_pct': 0.14246327380602972, 'bb_position': 0.8967671010522131, 'ema_distance': 0.011897165608595595, 'trend_strength': 0.7995286580086903, 'hour': 12, 'day_of_week': 1}"
501,trend_following,BUY,22145.1,22155.1,750.0,10.0,0.045156716384211405,30.0,STOP_LOSS,0.3042884671279442,2.5,TRENDING,LOW,0.8,"{'price': 22145.1, 'rsi': 57.43750352926641, 'macd': 8.701463287856313, 'atr_pct': 0.14190498123738107, 'bb_position': 0.4823031379148815, 'ema_distance': 0.0462005202102161, 'trend_strength': 0.6887842758489906, 'hour': 13, 'day_of_week': 1}","{'price': 22154.5, 'rsi': 51.62183945894799, 'macd': 7.035480360606016, 'atr_pct': 0.1472129170790814, 'bb_position': 0.5338395977921595, 'ema_distance': 0.03271636473367586, 'trend_strength': 0.6176305627370442, 'hour': 14, 'day_of_week': 1}"
502,trend_following,BUY,22154.5,22164.5,1500.0,10.0,0.045137556704055615,1230.0,STOP_LOSS,0.539293955468087,2.5,TRENDING,LOW,0.8,"{'price': 22154.5, 'rsi': 51.62183945894799, 'macd': 7.035480360606016, 'atr_pct': 0.1472129170790814, 'bb_position': 0.5338395977921595, 'ema_distance': 0.03271636473367586, 'trend_strength': 0.6176305627370442, 'hour': 14, 'day_of_week': 1}","{'price': 22064.25, 'rsi': 37.84742826875248, 'macd': 3.5868311863850977, 'atr_pct': 0.17625473657290092, 'bb_position': -0.3458919576933385, 'ema_distance': 0.0061280821786100885, 'trend_strength': 0.17506269429774388, 'hour': 10, 'day_of_week': 2}"
504,trend_following,SELL,21963.45,21953.45,750.0,10.0,0.04553018765266841,30.0,STOP_LOSS,0.42917513364853316,2.5,TRENDING,NORMAL,0.8,"{'price': 21963.45, 'rsi': 53.4661296075635, 'macd': -25.868168721630354, 'atr_pct': 0.29100294222576784, 'bb_position': 0.6105606803770017, 'ema_distance': 0.07573310393594498, 'trend_strength': 0.4584198632158882, 'hour': 12, 'day_of_week': 3}","{'price': 21969.95, 'rsi': 52.189476779432596, 'macd': -20.026333577752666, 'atr_pct': 0.26308662514024744, 'bb_position': 0.7114681105901319, 'ema_distance': 0.04790397340210708, 'trend_strength': 0.4201213844635226, 'hour': 13, 'day_of_week': 3}"
505,trend_following,SELL,21969.95,21959.95,750.0,10.0,0.04551671715229211,45.0,STOP_LOSS,0.2707813907768346,2.5,TRENDING,NORMAL,0.8,"{'price': 21969.95, 'rsi': 52.189476779432596, 'macd': -20.026333577752666, 'atr_pct': 0.26308662514024744, 'bb_position': 0.7114681105901319, 'ema_distance': 0.04790397340210708, 'trend_strength': 0.4201213844635226, 'hour': 13, 'day_of_week': 3}","{'price': 21973.85, 'rsi': 60.59592218807289, 'macd': -12.784374399070657, 'atr_pct': 0.21094879335469766, 'bb_position': 0.723220364968213, 'ema_distance': 0.01794016253874863, 'trend_strength': 0.38060239255989886, 'hour': 13, 'day_of_week': 3}"
506,trend_following,SELL,21973.85,21963.85,750.0,10.0,0.04550863867733693,45.0,STOP_LOSS,0.25045960484867946,2.5,TRENDING,NORMAL,0.8,"{'price': 21973.85, 'rsi': 60.59592218807289, 'macd': -12.784374399070657, 'atr_pct': 0.21094879335469766, 'bb_position': 0.723220364968213, 'ema_distance': 0.01794016253874863, 'trend_strength': 0.38060239255989886, 'hour': 13, 'day_of_week': 3}","{'price': 21983.45, 'rsi': 52.69964077709598, 'macd': -8.456026769395976, 'atr_pct': 0.2062265671935664, 'bb_position': 0.7625118298096251, 'ema_distance': 0.004698474047585827, 'trend_strength': 0.37480412823467985, 'hour': 14, 'day_of_week': 3}"
503,trend_following,SELL,22015.25,22005.25,750.0,10.0,0.04542305901590943,1440.0,STOP_LOSS,0.2556402274659609,2.5,TRENDING,NORMAL,0.8,"{'price': 22015.25, 'rsi': 54.980525666659744, 'macd': -39.84581515600803, 'atr_pct': 0.22735863289570146, 'bb_position': 0.6143241521681241, 'ema_distance': 0.15246771353026914, 'trend_strength': 0.861514820100626, 'hour': 9, 'day_of_week': 3}","{'price': 22176.5, 'rsi': 77.57446785851407, 'macd': 37.73528776143576, 'atr_pct': 0.23762283755970767, 'bb_position': 1.1023710544183423, 'ema_distance': 0.23296185376771505, 'trend_strength': 0.5428809061235448, 'hour': 9, 'day_of_week': 4}"
507,trend_following,SELL,21983.45,22022.25,-5819.999999999891,-38.79999999999927,-0.17649640979918654,1155.0,STOP_LOSS,0.4013556404699379,2.5,TRENDING,NORMAL,0.8,"{'price': 21983.45, 'rsi': 52.69964077709598, 'macd': -8.456026769395976, 'atr_pct': 0.2062265671935664, 'bb_position': 0.7625118298096251, 'ema_distance': 0.004698474047585827, 'trend_strength': 0.37480412823467985, 'hour': 14, 'day_of_week': 3}","{'price': 22176.5, 'rsi': 77.57446785851407, 'macd': 37.73528776143576, 'atr_pct': 0.23762283755970767, 'bb_position': 1.1023710544183423, 'ema_distance': 0.23296185376771505, 'trend_strength': 0.5428809061235448, 'hour': 9, 'day_of_week': 4}"
508,trend_following,BUY,22355.05,22365.05,750.0,10.0,0.04473262193553582,60.0,STOP_LOSS,0.4416907597495304,2.5,TRENDING,LOW,0.8,"{'price': 22355.05, 'rsi': 59.20594204037849, 'macd': 3.024389188780333, 'atr_pct': 0.14450234478818508, 'bb_position': 0.5785571909593861, 'ema_distance': 0.021921132435169268, 'trend_strength': 0.6217913858215788, 'hour': 14, 'day_of_week': 1}","{'price': 22353.65, 'rsi': 55.85882128172535, 'macd': 2.1322220193833346, 'atr_pct': 0.14924056825491128, 'bb_position': 0.5606716602865788, 'ema_distance': 0.011099724580836919, 'trend_strength': 0.4659248537666125, 'hour': 15, 'day_of_week': 1}"
509,trend_following,BUY,22346.35,22356.35,750.0,10.0,0.04475003747815639,45.0,STOP_LOSS,0.39653553519228835,2.5,TRENDING,LOW,0.8,"{'price': 22346.35, 'rsi': 55.97837635290566, 'macd': 1.581721873350034, 'atr_pct': 0.14895369617729198, 'bb_position': 0.5239846796857942, 'ema_distance': 0.011134308704880488, 'trend_strength': 0.5840560826355031, 'hour': 14, 'day_of_week': 1}","{'price': 22353.65, 'rsi': 55.85882128172535, 'macd': 2.1322220193833346, 'atr_pct': 0.14924056825491128, 'bb_position': 0.5606716602865788, 'ema_distance': 0.011099724580836919, 'trend_strength': 0.4659248537666125, 'hour': 15, 'day_of_week': 1}"
510,trend_following,BUY,22353.65,22269.95,-6277.500000000055,-83.70000000000073,-0.3744354948744421,1230.0,STOP_LOSS,0.43397391465829926,2.5,TRENDING,LOW,0.8,"{'price': 22353.65, 'rsi': 55.85882128172535, 'macd': 2.1322220193833346, 'atr_pct': 0.14924056825491128, 'bb_position': 0.5606716602865788, 'ema_distance': 0.011099724580836919, 'trend_strength': 0.4659248537666125, 'hour': 15, 'day_of_week': 1}","{'price': 22247.65, 'rsi': 33.46470256256751, 'macd': -21.87151351911234, 'atr_pct': 0.22899689886989433, 'bb_position': 0.00019438131450064868, 'ema_distance': 0.11131108399947308, 'trend_strength': 0.5283874887563401, 'hour': 11, 'day_of_week': 2}"
511,trend_following,BUY,22358.5,22269.95,-6641.249999999945,-88.54999999999927,-0.39604624639398556,1215.0,STOP_LOSS,0.45912055129022405,2.5,TRENDING,LOW,0.8,"{'price': 22358.5, 'rsi': 53.96760002262533, 'macd': 1.744900652083743, 'atr_pct': 0.14697190905344265, 'bb_position': 0.5778455317958602, 'ema_distance': 0.008157615417895775, 'trend_strength': 0.44168775107150215, 'hour': 15, 'day_of_week': 1}","{'price': 22247.65, 'rsi': 33.46470256256751, 'macd': -21.87151351911234, 'atr_pct': 0.22899689886989433, 'bb_position': 0.00019438131450064868, 'ema_distance': 0.11131108399947308, 'trend_strength': 0.5283874887563401, 'hour': 11, 'day_of_week': 2}"
512,trend_following,BUY,22483.5,22431.1,-7860.000000000218,-52.400000000001455,-0.23305979940846155,5505.0,STOP_LOSS,0.5482713270715052,2.5,TRENDING,LOW,0.8,"{'price': 22483.5, 'rsi': 47.742137203556986, 'macd': 19.08878286017716, 'atr_pct': 0.11114499839564958, 'bb_position': 0.3694123870508485, 'ema_distance': 0.05389815633394109, 'trend_strength': 0.3441919366029906, 'hour': 15, 'day_of_week': 3}","{'price': 22417.25, 'rsi': 24.410705484837763, 'macd': -12.039034995985276, 'atr_pct': 0.10220127038648606, 'bb_position': -0.11652189375348222, 'ema_distance': 0.06684937986970173, 'trend_strength': 0.2614128209603821, 'hour': 11, 'day_of_week': 0}"
513,trend_following,BUY,22483.5,22431.1,-7860.000000000218,-52.400000000001455,-0.23305979940846155,5490.0,STOP_LOSS,0.5482713270715052,2.5,TRENDING,LOW,0.8,"{'price': 22483.5, 'rsi': 48.92908493978691, 'macd': 16.703759099495073, 'atr_pct': 0.10923883864040164, 'bb_position': 0.2934618440517741, 'ema_distance': 0.04252322171963757, 'trend_strength': 0.3594104960917639, 'hour': 15, 'day_of_week': 3}","{'price': 22417.25, 'rsi': 24.410705484837763, 'macd': -12.039034995985276, 'atr_pct': 0.10220127038648606, 'bb_position': -0.11652189375348222, 'ema_distance': 0.06684937986970173, 'trend_strength': 0.2614128209603821, 'hour': 11, 'day_of_week': 0}"
514,trend_following,SELL,22424.8,21864.18,210232.49999999962,560.619999999999,2.4999999999999956,10110.0,TAKE_PROFIT,0.39671995090629864,2.5,TRENDING,NORMAL,0.8,"{'price': 22424.8, 'rsi': 52.189834994004535, 'macd': -17.358082267499412, 'atr_pct': 0.18514259722653886, 'bb_position': 0.7782654867263092, 'ema_distance': 0.052538349948938703, 'trend_strength': 0.6525944567469986, 'hour': 9, 'day_of_week': 1}","{'price': 21853.15, 'rsi': 23.280935243374444, 'macd': -30.7404478350727, 'atr_pct': 0.20750522726210394, 'bb_position': -0.0860758193714952, 'ema_distance': 0.1954161868592702, 'trend_strength': 0.6788744123596667, 'hour': 10, 'day_of_week': 1}"
515,trend_following,SELL,22437.75,21876.806249999998,210353.90625000081,560.9437500000022,2.5000000000000098,10095.0,TAKE_PROFIT,0.39671995090629864,2.5,TRENDING,NORMAL,0.8,"{'price': 22437.75, 'rsi': 56.73457778590228, 'macd': -11.502535138552048, 'atr_pct': 0.1855769215464363, 'bb_position': 0.8518953775475596, 'ema_distance': 0.019389438981201188, 'trend_strength': 0.6318472951989812, 'hour': 10, 'day_of_week': 1}","{'price': 21853.15, 'rsi': 23.280935243374444, 'macd': -30.7404478350727, 'atr_pct': 0.20750522726210394, 'bb_position': -0.0860758193714952, 'ema_distance': 0.1954161868592702, 'trend_strength': 0.6788744123596667, 'hour': 10, 'day_of_week': 1}"
517,trend_following,SELL,21846.2,21836.2,1500.0,10.0,0.045774551180525674,30.0,STOP_LOSS,0.3683783342249224,2.5,TRENDING,NORMAL,0.8,"{'price': 21846.2, 'rsi': 50.92342582267191, 'macd': -20.857108379819692, 'atr_pct': 0.21986497815246206, 'bb_position': 0.7030906982111564, 'ema_distance': 0.05518065474206046, 'trend_strength': 0.4343231268115999, 'hour': 11, 'day_of_week': 2}","{'price': 21864.05, 'rsi': 57.9837015248821, 'macd': -12.269533512291673, 'atr_pct': 0.22741179503078793, 'bb_position': 0.8369505497530092, 'ema_distance': 0.010840001282591329, 'trend_strength': 0.36888378845775627, 'hour': 12, 'day_of_week': 2}"
516,trend_following,SELL,21844.35,21891.35,-7050.0,-47.0,-0.21515861080782903,90.0,STOP_LOSS,0.38347246309129984,2.5,TRENDING,NORMAL,0.8,"{'price': 21844.35, 'rsi': 49.96923325106451, 'macd': -26.063487482068012, 'atr_pct': 0.2175456288304712, 'bb_position': 0.68911123693937, 'ema_distance': 0.08484315331088632, 'trend_strength': 0.4630549046435465, 'hour': 11, 'day_of_week': 2}","{'price': 21908.45, 'rsi': 56.86896464174236, 'macd': 2.2465183697750035, 'atr_pct': 0.21474101806119866, 'bb_position': 0.9796634788046291, 'ema_distance': 0.0595834330202286, 'trend_strength': 0.3492699102258239, 'hour': 13, 'day_of_week': 2}"
518,trend_following,SELL,21864.05,21891.35,-8189.999999999782,-27.299999999999272,-0.12486250260129882,45.0,STOP_LOSS,0.4451176053263071,2.5,TRENDING,NORMAL,0.8,"{'price': 21864.05, 'rsi': 57.9837015248821, 'macd': -12.269533512291673, 'atr_pct': 0.22741179503078793, 'bb_position': 0.8369505497530092, 'ema_distance': 0.010840001282591329, 'trend_strength': 0.36888378845775627, 'hour': 12, 'day_of_week': 2}","{'price': 21908.45, 'rsi': 56.86896464174236, 'macd': 2.2465183697750035, 'atr_pct': 0.21474101806119866, 'bb_position': 0.9796634788046291, 'ema_distance': 0.0595834330202286, 'trend_strength': 0.3492699102258239, 'hour': 13, 'day_of_week': 2}"
520,trend_following,BUY,22080.8,22026.65,-8122.499999999673,-54.14999999999782,-0.24523567986666162,5445.0,STOP_LOSS,0.44513601486136384,2.5,TRENDING,LOW,0.8,"{'price': 22080.8, 'rsi': 45.65444510431795, 'macd': 24.142007758560794, 'atr_pct': 0.14531047011754256, 'bb_position': 0.4153879394993034, 'ema_distance': 0.08349418106743005, 'trend_strength': 0.40769944186521834, 'hour': 15, 'day_of_week': 4}","{'price': 22023.9, 'rsi': 20.05233607083686, 'macd': -9.811726922096568, 'atr_pct': 0.11550763359026366, 'bb_position': -0.11843834913963716, 'ema_distance': 0.06013834423099745, 'trend_strength': 0.2857138150791471, 'hour': 10, 'day_of_week': 1}"
519,trend_following,BUY,22079.65,22631.64125,82798.68749999987,551.9912499999991,2.499999999999996,24270.0,TAKE_PROFIT,0.5043230750091734,2.5,TRENDING,LOW,0.8,"{'price': 22079.65, 'rsi': 48.32214523304132, 'macd': 28.017995049533056, 'atr_pct': 0.14551214094685094, 'bb_position': 0.41874933640007234, 'ema_distance': 0.10705242686926347, 'trend_strength': 0.4456421264790733, 'hour': 15, 'day_of_week': 4}","{'price': 22650.65, 'rsi': 85.39068499792427, 'macd': 37.483205272430496, 'atr_pct': 0.12571383161189567, 'bb_position': 0.8769891381079216, 'ema_distance': 0.1693186579068601, 'trend_strength': 0.13102227144007828, 'hour': 11, 'day_of_week': 0}"
521,trend_following,BUY,22116.15,22669.05375,207338.90624999913,552.9037499999977,2.499999999999989,17130.0,TAKE_PROFIT,0.4716914478107124,2.5,TRENDING,LOW,0.8,"{'price': 22116.15, 'rsi': 31.436105515614855, 'macd': 16.225329714328836, 'atr_pct': 0.09944252115697011, 'bb_position': -0.23936922337419894, 'ema_distance': 0.043385752837465125, 'trend_strength': 0.30284492484106285, 'hour': 15, 'day_of_week': 2}","{'price': 22673.2, 'rsi': 83.55682356831068, 'macd': 40.549618013399595, 'atr_pct': 0.11632676463842659, 'bb_position': 0.8323311718169274, 'ema_distance': 0.1732667870855505, 'trend_strength': 0.12669328362189947, 'hour': 12, 'day_of_week': 0}"
522,trend_following,BUY,22680.9,22690.9,1500.0,10.0,0.04408996115674422,2790.0,STOP_LOSS,0.48238075778813605,2.5,TRENDING,LOW,0.8,"{'price': 22680.9, 'rsi': 57.36723119818353, 'macd': 5.010272718453052, 'atr_pct': 0.11888543097622216, 'bb_position': 0.5551112841516106, 'ema_distance': 0.02391822477514361, 'trend_strength': 0.3906373791552362, 'hour': 11, 'day_of_week': 2}","{'price': 22650.7, 'rsi': 9.698866904791828, 'macd': -11.547868406883936, 'atr_pct': 0.10420680786277607, 'bb_position': -0.1749171456932436, 'ema_distance': 0.07362839727046226, 'trend_strength': 0.21428506759082672, 'hour': 9, 'day_of_week': 4}"
523,trend_following,SELL,22168.9,22263.644297170817,-7105.822287811134,-94.74429717081512,-0.4273748231568329,2640.0,STOP_LOSS,0.3370502476353413,2.5,TRENDING,LOW,0.8,"{'price': 22168.9, 'rsi': 45.785699764187996, 'macd': -37.946355602780386, 'atr_pct': 0.13260210732796177, 'bb_position': 0.6274231809055781, 'ema_distance': 0.11416705294192747, 'trend_strength': 0.7292032173903431, 'hour': 15, 'day_of_week': 1}","{'price': 22283.0, 'rsi': 67.55331922618689, 'macd': 10.807132144716888, 'atr_pct': 0.18080727780947423, 'bb_position': 1.262013194364959, 'ema_distance': 0.061511094276116556, 'trend_strength': 0.31298187484573414, 'hour': 11, 'day_of_week': 3}"
524,trend_following,SELL,22177.45,22260.264128654315,-12422.119298147118,-82.81412865431412,-0.37341591866654694,2625.0,STOP_LOSS,0.5892179984261833,2.5,TRENDING,LOW,0.8,"{'price': 22177.45, 'rsi': 52.576043746186606, 'macd': -32.441111413976614, 'atr_pct': 0.13345280260547865, 'bb_position': 0.7010698881389621, 'ema_distance': 0.08550306307071447, 'trend_strength': 0.6900148039727663, 'hour': 15, 'day_of_week': 1}","{'price': 22283.0, 'rsi': 67.55331922618689, 'macd': 10.807132144716888, 'atr_pct': 0.18080727780947423, 'bb_position': 1.262013194364959, 'ema_distance': 0.061511094276116556, 'trend_strength': 0.31298187484573414, 'hour': 11, 'day_of_week': 3}"
525,trend_following,SELL,22044.9,22034.9,2250.0,10.0,0.04536196580615018,45.0,STOP_LOSS,0.3974940858462583,2.5,TRENDING,NORMAL,0.8,"{'price': 22044.9, 'rsi': 84.7293383905062, 'macd': -26.724241357958817, 'atr_pct': 0.19011523883398893, 'bb_position': 0.8522860488908713, 'ema_distance': 0.026568124943389625, 'trend_strength': 0.7660586312445584, 'hour': 13, 'day_of_week': 4}","{'price': 22142.05, 'rsi': 90.62775422630385, 'macd': -1.1389791257897741, 'atr_pct': 0.22054029711405426, 'bb_position': 1.049929242638356, 'ema_distance': 0.09136169211392277, 'trend_strength': 0.6139810784206672, 'hour': 13, 'day_of_week': 4}"
526,trend_following,BUY,22377.5,22387.5,2250.0,10.0,0.04468774438610211,2625.0,STOP_LOSS,0.5306339070010354,2.5,TRENDING,LOW,0.8,"{'price': 22377.5, 'rsi': 45.52913520777636, 'macd': 17.183299454900407, 'atr_pct': 0.10645259109117663, 'bb_position': 0.1459246591533838, 'ema_distance': 0.04159431307135737, 'trend_strength': 0.3803466127449898, 'hour': 15, 'day_of_week': 1}","{'price': 22365.1, 'rsi': 38.76497725256303, 'macd': -4.9286166408674035, 'atr_pct': 0.1899803073283202, 'bb_position': 0.054680742369142485, 'ema_distance': 0.031817073643688465, 'trend_strength': 0.8291538979682742, 'hour': 10, 'day_of_week': 3}"
527,trend_following,BUY,22361.0,22371.0,3750.0,10.0,0.044720719109163275,2610.0,STOP_LOSS,0.5653958027385572,2.5,TRENDING,LOW,0.8,"{'price': 22361.0, 'rsi': 35.98628507826567, 'macd': 13.365706626795145, 'atr_pct': 0.10951784676125885, 'bb_position': -0.057344784061769696, 'ema_distance': 0.022014994641688376, 'trend_strength': 0.4091907473510188, 'hour': 15, 'day_of_week': 1}","{'price': 22365.1, 'rsi': 38.76497725256303, 'macd': -4.9286166408674035, 'atr_pct': 0.1899803073283202, 'bb_position': 0.054680742369142485, 'ema_distance': 0.031817073643688465, 'trend_strength': 0.8291538979682742, 'hour': 10, 'day_of_week': 3}"
529,trend_following,BUY,22524.75,22484.35,-12120.000000000437,-40.400000000001455,-0.17935826146794728,75.0,STOP_LOSS,0.5779794626270379,2.5,TRENDING,LOW,0.8,"{'price': 22524.75, 'rsi': 40.38437642380809, 'macd': 14.911209966783645, 'atr_pct': 0.14880456894242075, 'bb_position': 0.25283418428256055, 'ema_distance': 0.03095948030876319, 'trend_strength': 0.32473987378959557, 'hour': 12, 'day_of_week': 4}","{'price': 22453.6, 'rsi': 23.904647063389064, 'macd': -1.5049787194802775, 'atr_pct': 0.14879891993138983, 'bb_position': -0.0947447166760024, 'ema_distance': 0.044669640822623785, 'trend_strength': 0.5126596319680597, 'hour': 13, 'day_of_week': 4}"
530,trend_following,SELL,22480.6,22550.45,-5238.750000000164,-69.85000000000218,-0.31071234753521787,105.0,STOP_LOSS,0.25127823675408906,2.5,TRENDING,NORMAL,0.8,"{'price': 22480.6, 'rsi': 45.833742605423026, 'macd': -9.87161952292081, 'atr_pct': 0.18865472578896597, 'bb_position': 0.5680275322007062, 'ema_distance': 0.03377150657213147, 'trend_strength': 0.6981257277946469, 'hour': 10, 'day_of_week': 0}","{'price': 22554.3, 'rsi': 68.96519083412062, 'macd': 14.244897607648454, 'atr_pct': 0.16298760895134679, 'bb_position': 0.8889195480980276, 'ema_distance': 0.0848373076343392, 'trend_strength': 0.34674378776729875, 'hour': 11, 'day_of_week': 0}"
531,trend_following,BUY,22693.95,22659.674785491825,-10282.564352452755,-34.27521450817585,-0.15103238752255932,15.0,STOP_LOSS,0.4944487680433334,2.5,TRENDING,LOW,0.8,"{'price': 22693.95, 'rsi': 40.66513371435363, 'macd': 24.808195829995384, 'atr_pct': 0.11469387845029858, 'bb_position': -0.17281757919812096, 'ema_distance': 0.06780802450881719, 'trend_strength': 0.39230206144752766, 'hour': 14, 'day_of_week': 1}","{'price': 22603.55, 'rsi': 25.990011366979886, 'macd': 12.492549555572623, 'atr_pct': 0.13916903697491423, 'bb_position': -0.4350202616072599, 'ema_distance': 0.002137849350868487, 'trend_strength': 0.42800123671512547, 'hour': 15, 'day_of_week': 1}"
532,trend_following,BUY,22650.75,22660.75,3750.0,10.0,0.04414864849949781,45.0,STOP_LOSS,0.5989289208099564,2.5,TRENDING,LOW,0.8,"{'price': 22650.75, 'rsi': 39.86848645323816, 'macd': 13.443912357994122, 'atr_pct': 0.12905595998870942, 'bb_position': 0.03948800228785036, 'ema_distance': 0.04390736504803461, 'trend_strength': 0.5920658118809922, 'hour': 14, 'day_of_week': 3}","{'price': 22641.65, 'rsi': 37.25186498557044, 'macd': 6.32296827758546, 'atr_pct': 0.13270423565167913, 'bb_position': -0.09600350772866685, 'ema_distance': 0.00671295692723881, 'trend_strength': 0.6564449424814809, 'hour': 15, 'day_of_week': 3}"
533,trend_following,BUY,22641.65,22651.65,3750.0,10.0,0.044166392466980106,1155.0,STOP_LOSS,0.2713368430828799,2.5,TRENDING,LOW,0.8,"{'price': 22641.65, 'rsi': 37.25186498557044, 'macd': 6.32296827758546, 'atr_pct': 0.13270423565167913, 'bb_position': -0.09600350772866685, 'ema_distance': 0.00671295692723881, 'trend_strength': 0.6564449424814809, 'hour': 15, 'day_of_week': 3}","{'price': 22642.0, 'rsi': 42.541072331583194, 'macd': 13.114138343698869, 'atr_pct': 0.2128471740255154, 'bb_position': 0.21602695246040685, 'ema_distance': 0.045713447437557314, 'trend_strength': 0.4826626716395532, 'hour': 10, 'day_of_week': 4}"
534,trend_following,BUY,22642.0,22611.85,-9045.000000000437,-30.150000000001455,-0.13315961487501748,30.0,STOP_LOSS,0.4355218229004951,2.5,TRENDING,NORMAL,0.8,"{'price': 22642.0, 'rsi': 42.541072331583194, 'macd': 13.114138343698869, 'atr_pct': 0.2128471740255154, 'bb_position': 0.21602695246040685, 'ema_distance': 0.045713447437557314, 'trend_strength': 0.4826626716395532, 'hour': 10, 'day_of_week': 4}","{'price': 22605.7, 'rsi': 39.62835084617487, 'macd': -0.671204621965444, 'atr_pct': 0.23377479384150335, 'bb_position': 0.10796411338963605, 'ema_distance': 0.033448061398252, 'trend_strength': 0.4076089939644516, 'hour': 10, 'day_of_week': 4}"
528,trend_following,BUY,22524.05,22534.05,750.0,10.0,0.044396988996206276,14280.0,STOP_LOSS,0.34031402146633305,2.5,TRENDING,NORMAL,0.8,"{'price': 22524.05, 'rsi': 36.16758575931333, 'macd': 17.353332167713234, 'atr_pct': 0.15020452741466894, 'bb_position': 0.2832947453589643, 'ema_distance': 0.0415658257291454, 'trend_strength': 0.31372528307490877, 'hour': 11, 'day_of_week': 4}","{'price': 22456.65, 'rsi': 54.49691924940148, 'macd': -27.708280777271284, 'atr_pct': 0.2652570937466517, 'bb_position': 0.48767866575941504, 'ema_distance': 0.06838601518903971, 'trend_strength': 0.47351025664795526, 'hour': 9, 'day_of_week': 0}"
536,trend_following,SELL,22511.35,22501.35,750.0,10.0,0.04442203599517577,75.0,STOP_LOSS,0.28081617514782253,2.5,TRENDING,NORMAL,0.8,"{'price': 22511.35, 'rsi': 65.00422157030033, 'macd': -18.580412851610163, 'atr_pct': 0.2569338831935256, 'bb_position': 0.7468686431197175, 'ema_distance': 0.031123951618359114, 'trend_strength': 0.31667229695297744, 'hour': 10, 'day_of_week': 0}","{'price': 22519.75, 'rsi': 57.37204812105996, 'macd': -7.6982807443528145, 'atr_pct': 0.253031862507989, 'bb_position': 0.7476281413590726, 'ema_distance': 0.004482000105594411, 'trend_strength': 0.11853499346655479, 'hour': 11, 'day_of_week': 0}"
537,trend_following,SELL,22278.15,22331.807880692875,-8048.68210393106,-53.65788069287373,-0.2408542930758332,75.0,STOP_LOSS,0.38896163942460255,2.5,TRENDING,NORMAL,0.8,"{'price': 22278.15, 'rsi': 46.48387420395815, 'macd': -25.268174657405325, 'atr_pct': 0.19981141034729322, 'bb_position': 0.5416347504960395, 'ema_distance': 0.08165256297865416, 'trend_strength': 0.6192620235682114, 'hour': 11, 'day_of_week': 2}","{'price': 22337.4, 'rsi': 67.0192383487502, 'macd': 0.2966103613434825, 'atr_pct': 0.1964034693895814, 'bb_position': 0.8540110991496122, 'ema_distance': 0.04770403720444375, 'trend_strength': 0.5799914280540143, 'hour': 12, 'day_of_week': 2}"
535,trend_following,SELL,22495.75,21933.35625,42179.53124999994,562.3937499999993,2.4999999999999964,10050.0,TAKE_PROFIT,0.33737824528733945,2.5,TRENDING,NORMAL,0.8,"{'price': 22495.75, 'rsi': 56.07357271756288, 'macd': -22.90275565203774, 'atr_pct': 0.2726546760419839, 'bb_position': 0.6850823996428654, 'ema_distance': 0.05134526416987139, 'trend_strength': 0.3661154450300728, 'hour': 10, 'day_of_week': 0}","{'price': 21860.35, 'rsi': 30.67728189790074, 'macd': -35.1109238241188, 'atr_pct': 0.1995785585709807, 'bb_position': -0.1481382877625097, 'ema_distance': 0.17932367586630096, 'trend_strength': 0.7438525185716525, 'hour': 9, 'day_of_week': 0}"
539,trend_following,SELL,21985.4,21975.4,750.0,10.0,0.045484730775878536,90.0,STOP_LOSS,0.3102113213842811,2.5,TRENDING,NORMAL,0.8,"{'price': 21985.4, 'rsi': 41.98503873279105, 'macd': -25.090533485999913, 'atr_pct': 0.24426924881317175, 'bb_position': 0.5750329723014213, 'ema_distance': 0.07184156962180954, 'trend_strength': 0.6194310339018627, 'hour': 12, 'day_of_week': 0}","{'price': 21978.45, 'rsi': 64.52700853291846, 'macd': -1.3961053464408906, 'atr_pct': 0.2012848299779357, 'bb_position': 0.5907297555785073, 'ema_distance': 0.030922864400440866, 'trend_strength': 0.560920188238956, 'hour': 13, 'day_of_week': 0}"
538,trend_following,SELL,22108.75,22098.75,750.0,10.0,0.045230960592525585,4560.0,STOP_LOSS,0.2816285986957884,2.5,TRENDING,NORMAL,0.8,"{'price': 22108.75, 'rsi': 58.376919456295454, 'macd': -41.95473616203526, 'atr_pct': 0.22119555121194906, 'bb_position': 0.6760908457355632, 'ema_distance': 0.12897625764116807, 'trend_strength': 0.6648843673207219, 'hour': 9, 'day_of_week': 4}","{'price': 22102.0, 'rsi': 76.59028844930354, 'macd': 8.358053426039987, 'atr_pct': 0.22981113538529108, 'bb_position': 0.9905507519075452, 'ema_distance': 0.08537418680039935, 'trend_strength': 0.5170041658882805, 'hour': 13, 'day_of_week': 0}"
540,trend_following,BUY,22189.6,22199.6,3750.0,10.0,0.04506615711865018,75.0,STOP_LOSS,0.48371000810807613,2.5,TRENDING,NORMAL,0.8,"{'price': 22189.6, 'rsi': 43.611260899708576, 'macd': 28.019658053999592, 'atr_pct': 0.16009752316400314, 'bb_position': 0.17546660128546088, 'ema_distance': 0.08616650359693112, 'trend_strength': 0.3837498217669424, 'hour': 10, 'day_of_week': 2}","{'price': 22177.7, 'rsi': 38.12446305163082, 'macd': 8.656448578833078, 'atr_pct': 0.18548232813012347, 'bb_position': 0.13269339093578097, 'ema_distance': 0.003949561483115136, 'trend_strength': 0.34910101712411623, 'hour': 11, 'day_of_week': 2}"
541,trend_following,BUY,22168.85,22178.85,3750.0,10.0,0.04510833895308057,60.0,STOP_LOSS,0.2672329812020443,2.5,TRENDING,NORMAL,0.8,"{'price': 22168.85, 'rsi': 37.70080293379346, 'macd': 20.79829711772618, 'atr_pct': 0.16276055301534675, 'bb_position': 0.025010076033572443, 'ema_distance': 0.045450244731159016, 'trend_strength': 0.37799018585894145, 'hour': 10, 'day_of_week': 2}","{'price': 22177.7, 'rsi': 38.12446305163082, 'macd': 8.656448578833078, 'atr_pct': 0.18548232813012347, 'bb_position': 0.13269339093578097, 'ema_distance': 0.003949561483115136, 'trend_strength': 0.34910101712411623, 'hour': 11, 'day_of_week': 2}"
542,trend_following,BUY,22458.05,23019.501249999998,126326.5312499996,561.4512499999983,2.499999999999992,8715.0,TAKE_PROFIT,0.5698481501723345,2.5,TRENDING,LOW,0.8,"{'price': 22458.05, 'rsi': 43.664507933934466, 'macd': 3.1781308712161263, 'atr_pct': 0.09540009039074868, 'bb_position': 0.011082436352928087, 'ema_distance': 0.005348309473787106, 'trend_strength': 0.4285703747570957, 'hour': 10, 'day_of_week': 1}","{'price': 23068.4, 'rsi': 68.42271456552658, 'macd': 21.12789491557851, 'atr_pct': 0.1731187004114501, 'bb_position': 1.205516095941036, 'ema_distance': 0.08333524093332317, 'trend_strength': 0.18867638242778953, 'hour': 11, 'day_of_week': 0}"
543,trend_following,BUY,22516.25,23079.156249999996,84435.93749999945,562.9062499999964,2.4999999999999836,8490.0,TAKE_PROFIT,0.44132165150419206,2.5,NEUTRAL,LOW,0.8,"{'price': 22516.25, 'rsi': 51.09623219464735, 'macd': 16.80483192011161, 'atr_pct': 0.11953271843351439, 'bb_position': 0.4304128193417059, 'ema_distance': 0.05596410320025383, 'trend_strength': 0.27101107350365594, 'hour': 14, 'day_of_week': 1}","{'price': 23087.25, 'rsi': 76.21590733758404, 'macd': 28.93136574327582, 'atr_pct': 0.1618704201298515, 'bb_position': 1.0777477256819512, 'ema_distance': 0.12591619956145292, 'trend_strength': 0.16153637310540467, 'hour': 12, 'day_of_week': 0}"
544,trend_following,SELL,22557.1,22547.1,750.0,10.0,0.04433193983269126,1215.0,STOP_LOSS,0.27323164026368996,2.5,NEUTRAL,NORMAL,0.8,"{'price': 22557.1, 'rsi': 50.40642429277684, 'macd': -46.85418250384464, 'atr_pct': 0.19694464270673, 'bb_position': 0.5921401725119748, 'ema_distance': 0.1697094276321508, 'trend_strength': 0.29755945342451734, 'hour': 15, 'day_of_week': 3}","{'price': 22553.95, 'rsi': 59.298036198978096, 'macd': -17.294753704834875, 'atr_pct': 0.24153197111814392, 'bb_position': 0.6011319712789304, 'ema_distance': 0.04725145214382531, 'trend_strength': 0.4501107873897793, 'hour': 11, 'day_of_week': 4}"
545,trend_following,SELL,22557.1,22547.1,750.0,10.0,0.04433193983269126,1200.0,STOP_LOSS,0.26251667397884765,2.5,NEUTRAL,NORMAL,0.8,"{'price': 22557.1, 'rsi': 48.56887046476216, 'macd': -40.410520995668776, 'atr_pct': 0.1903898487457533, 'bb_position': 0.6048629801399451, 'ema_distance': 0.13208314279665878, 'trend_strength': 0.2926193654536721, 'hour': 15, 'day_of_week': 3}","{'price': 22553.95, 'rsi': 59.298036198978096, 'macd': -17.294753704834875, 'atr_pct': 0.24153197111814392, 'bb_position': 0.6011319712789304, 'ema_distance': 0.04725145214382531, 'trend_strength': 0.4501107873897793, 'hour': 11, 'day_of_week': 4}"
546,trend_following,SELL,22553.95,22543.95,750.0,10.0,0.044338131458125964,75.0,STOP_LOSS,0.3189166001890542,2.5,TRENDING,NORMAL,0.8,"{'price': 22553.95, 'rsi': 59.298036198978096, 'macd': -17.294753704834875, 'atr_pct': 0.24153197111814392, 'bb_position': 0.6011319712789304, 'ema_distance': 0.04725145214382531, 'trend_strength': 0.4501107873897793, 'hour': 11, 'day_of_week': 4}","{'price': 22548.95, 'rsi': 35.71292426653061, 'macd': -14.614814253356599, 'atr_pct': 0.17869061372195733, 'bb_position': 0.5809565546391783, 'ema_distance': 0.0404091161083737, 'trend_strength': 0.4870659810983603, 'hour': 12, 'day_of_week': 4}"
547,trend_following,SELL,22570.4,22560.4,750.0,10.0,0.044305816467585864,4095.0,STOP_LOSS,0.2657587492958843,2.5,TRENDING,NORMAL,0.8,"{'price': 22570.4, 'rsi': 57.107916191103804, 'macd': -7.2192830396634236, 'atr_pct': 0.1632194631654112, 'bb_position': 0.6604539661969713, 'ema_distance': 0.0029998050064270437, 'trend_strength': 0.4619095109193252, 'hour': 13, 'day_of_week': 4}","{'price': 23163.15, 'rsi': 84.33189707696367, 'macd': 108.31457438668076, 'atr_pct': 0.4583018408858149, 'bb_position': 1.1085075832519897, 'ema_distance': 0.6098046105668163, 'trend_strength': 0.287341317832516, 'hour': 9, 'day_of_week': 0}"
548,trend_following,SELL,22550.45,22631.4,-6071.250000000055,-80.95000000000073,-0.3589728808072598,3990.0,STOP_LOSS,0.26108216936289563,2.5,NEUTRAL,NORMAL,0.8,"{'price': 22550.45, 'rsi': 54.28905181624501, 'macd': -5.553477143061173, 'atr_pct': 0.2021182345743492, 'bb_position': 0.6146515944919061, 'ema_distance': 0.014358995103696018, 'trend_strength': 0.2815681500755878, 'hour': 15, 'day_of_week': 4}","{'price': 23163.15, 'rsi': 84.33189707696367, 'macd': 108.31457438668076, 'atr_pct': 0.4583018408858149, 'bb_position': 1.1085075832519897, 'ema_distance': 0.6098046105668163, 'trend_strength': 0.287341317832516, 'hour': 9, 'day_of_week': 0}"
549,trend_following,BUY,23261.95,23271.95,1500.0,10.0,0.04298865744273373,45.0,STOP_LOSS,0.49136465170024257,2.5,TRENDING,NORMAL,0.8,"{'price': 23261.95, 'rsi': 34.30795994599178, 'macd': 33.67336905254706, 'atr_pct': 0.15350021325444418, 'bb_position': -0.10176897516959628, 'ema_distance': 0.07546277997962943, 'trend_strength': 0.5155728294150482, 'hour': 14, 'day_of_week': 0}","{'price': 23262.15, 'rsi': 35.99210943564799, 'macd': 17.230512729365728, 'atr_pct': 0.16403102403321326, 'bb_position': -0.019840713190048365, 'ema_distance': 0.0029753712952908912, 'trend_strength': 0.6352825297900204, 'hour': 15, 'day_of_week': 0}"
550,trend_following,BUY,23284.35,23294.35,750.0,10.0,0.04294730151367764,1455.0,STOP_LOSS,0.2920382691889537,2.5,TRENDING,NORMAL,0.8,"{'price': 23284.35, 'rsi': 35.6917594976931, 'macd': 23.405004613941855, 'atr_pct': 0.16278561105880343, 'bb_position': 0.08474248288329514, 'ema_distance': 0.030631161161422022, 'trend_strength': 0.5931999494051183, 'hour': 14, 'day_of_week': 0}","{'price': 23264.15, 'rsi': 36.12998357644646, 'macd': 5.800657384701481, 'atr_pct': 0.14008371556358368, 'bb_position': -0.18743592437397252, 'ema_distance': 0.0003804442841625316, 'trend_strength': 0.2102169815126018, 'hour': 15, 'day_of_week': 1}"
551,trend_following,BUY,23262.15,23272.15,1500.0,10.0,0.042988287840977725,1440.0,STOP_LOSS,0.4229981284211792,2.5,TRENDING,NORMAL,0.8,"{'price': 23262.15, 'rsi': 35.99210943564799, 'macd': 17.230512729365728, 'atr_pct': 0.16403102403321326, 'bb_position': -0.019840713190048365, 'ema_distance': 0.0029753712952908912, 'trend_strength': 0.6352825297900204, 'hour': 15, 'day_of_week': 0}","{'price': 23264.15, 'rsi': 36.12998357644646, 'macd': 5.800657384701481, 'atr_pct': 0.14008371556358368, 'bb_position': -0.18743592437397252, 'ema_distance': 0.0003804442841625316, 'trend_strength': 0.2102169815126018, 'hour': 15, 'day_of_week': 1}"
552,trend_following,BUY,23352.75,23362.75,2250.0,10.0,0.04282150924409331,60.0,STOP_LOSS,0.5499503661221894,2.5,TRENDING,LOW,0.8,"{'price': 23352.75, 'rsi': 31.2834659028168, 'macd': 10.010437426826684, 'atr_pct': 0.1353618493998071, 'bb_position': -0.004795206437811817, 'ema_distance': 0.013973681501050885, 'trend_strength': 0.5876743989187472, 'hour': 14, 'day_of_week': 2}","{'price': 23325.25, 'rsi': 32.52341190833684, 'macd': -0.4106897966048564, 'atr_pct': 0.1396861463741758, 'bb_position': -0.09792663416173174, 'ema_distance': 0.031077167106331478, 'trend_strength': 0.7010196879676349, 'hour': 15, 'day_of_week': 2}"
553,trend_following,BUY,23376.85,23961.271249999998,43831.593749999956,584.4212499999994,2.4999999999999973,20130.0,TAKE_PROFIT,0.25504105624171386,2.5,TRENDING,NORMAL,0.8,"{'price': 23376.85, 'rsi': 51.68708247084966, 'macd': 3.0570199242283707, 'atr_pct': 0.18950371842228442, 'bb_position': 0.49895975875686693, 'ema_distance': 0.010283851302737077, 'trend_strength': 0.46793606834256124, 'hour': 10, 'day_of_week': 3}","{'price': 23970.8, 'rsi': 74.31169797021522, 'macd': 45.16298881709008, 'atr_pct': 0.16123783937123784, 'bb_position': 1.1817002280631022, 'ema_distance': 0.17164109094484284, 'trend_strength': 0.20608710052430732, 'hour': 10, 'day_of_week': 3}"
554,trend_following,BUY,23367.8,23951.995,87629.24999999996,584.1949999999997,2.4999999999999987,20115.0,TAKE_PROFIT,0.4517225281853906,2.5,TRENDING,NORMAL,0.8,"{'price': 23367.8, 'rsi': 52.35981400740275, 'macd': 1.9821089380056947, 'atr_pct': 0.18549640347584484, 'bb_position': 0.4456967853800693, 'ema_distance': 0.0039494046267743756, 'trend_strength': 0.40323353991898847, 'hour': 11, 'day_of_week': 3}","{'price': 23970.8, 'rsi': 74.31169797021522, 'macd': 45.16298881709008, 'atr_pct': 0.16123783937123784, 'bb_position': 1.1817002280631022, 'ema_distance': 0.17164109094484284, 'trend_strength': 0.20608710052430732, 'hour': 10, 'day_of_week': 3}"
556,trend_following,BUY,24062.2,24072.2,1500.0,10.0,0.04155895969612089,75.0,STOP_LOSS,0.4171364540614451,2.5,TRENDING,NORMAL,0.8,"{'price': 24062.2, 'rsi': 33.9099782082389, 'macd': 19.642349346744595, 'atr_pct': 0.15029500924389982, 'bb_position': 0.2988089204292925, 'ema_distance': 0.02379512313887821, 'trend_strength': 0.380320777291512, 'hour': 13, 'day_of_week': 4}","{'price': 24071.2, 'rsi': 37.21184608819883, 'macd': 16.384042987498106, 'atr_pct': 0.1791856777275043, 'bb_position': 0.29574818263444486, 'ema_distance': 0.0326515806688848, 'trend_strength': 0.5975787727737083, 'hour': 14, 'day_of_week': 4}"
555,trend_following,BUY,24060.75,24070.75,750.0,10.0,0.04156146421038413,105.0,STOP_LOSS,0.2732897027757503,2.5,TRENDING,NORMAL,0.8,"{'price': 24060.75, 'rsi': 30.798689707357724, 'macd': 22.763479280663887, 'atr_pct': 0.15407428517992403, 'bb_position': 0.3079046218561048, 'ema_distance': 0.033670126476716945, 'trend_strength': 0.3118204635959713, 'hour': 13, 'day_of_week': 4}","{'price': 24063.1, 'rsi': 40.794080850244164, 'macd': 13.449972617374442, 'atr_pct': 0.18102702596803588, 'bb_position': 0.26464606067766466, 'ema_distance': 0.01988728930025032, 'trend_strength': 0.6261310595943492, 'hour': 14, 'day_of_week': 4}"
557,trend_following,BUY,24071.2,24009.35,-9277.500000000327,-61.85000000000218,-0.25694606002194403,30.0,STOP_LOSS,0.3772787822680944,2.5,TRENDING,NORMAL,0.8,"{'price': 24071.2, 'rsi': 37.21184608819883, 'macd': 16.384042987498106, 'atr_pct': 0.1791856777275043, 'bb_position': 0.29574818263444486, 'ema_distance': 0.0326515806688848, 'trend_strength': 0.5975787727737083, 'hour': 14, 'day_of_week': 4}","{'price': 23989.2, 'rsi': 26.359259678239283, 'macd': 5.10276679899107, 'atr_pct': 0.19346503545643268, 'bb_position': -0.09354313554085283, 'ema_distance': 0.023339915852094974, 'trend_strength': 0.6540927056981567, 'hour': 15, 'day_of_week': 4}"
558,trend_following,BUY,24063.1,24009.35,-12093.75,-53.75,-0.22337105360489712,15.0,STOP_LOSS,0.49165444269833697,2.5,TRENDING,NORMAL,0.8,"{'price': 24063.1, 'rsi': 40.794080850244164, 'macd': 13.449972617374442, 'atr_pct': 0.18102702596803588, 'bb_position': 0.26464606067766466, 'ema_distance': 0.01988728930025032, 'trend_strength': 0.6261310595943492, 'hour': 14, 'day_of_week': 4}","{'price': 23989.2, 'rsi': 26.359259678239283, 'macd': 5.10276679899107, 'atr_pct': 0.19346503545643268, 'bb_position': -0.09354313554085283, 'ema_distance': 0.023339915852094974, 'trend_strength': 0.6540927056981567, 'hour': 15, 'day_of_week': 4}"
560,trend_following,BUY,24326.15,24336.15,3000.0,10.0,0.041108025725402494,30.0,STOP_LOSS,0.5167070230096931,2.5,TRENDING,LOW,0.8,"{'price': 24326.15, 'rsi': 41.560846704103994, 'macd': 15.092248413548077, 'atr_pct': 0.08057173042178718, 'bb_position': 0.3094033711626297, 'ema_distance': 0.03663941295109562, 'trend_strength': 0.5576056617459527, 'hour': 13, 'day_of_week': 3}","{'price': 24335.95, 'rsi': 54.82325786409674, 'macd': 13.002104973649693, 'atr_pct': 0.0779563919691987, 'bb_position': 0.38127681550586456, 'ema_distance': 0.030027337187571515, 'trend_strength': 0.6150213677845064, 'hour': 14, 'day_of_week': 3}"
559,trend_following,BUY,24248.15,24258.15,3000.0,10.0,0.04124025956619371,2580.0,STOP_LOSS,0.531727344496495,2.5,TRENDING,LOW,0.8,"{'price': 24248.15, 'rsi': 46.712676944077636, 'macd': 18.96843746835657, 'atr_pct': 0.07800300523663009, 'bb_position': 0.07207020133382479, 'ema_distance': 0.04754827291230552, 'trend_strength': 0.40567843909734996, 'hour': 14, 'day_of_week': 2}","{'price': 24187.4, 'rsi': 20.41740126584152, 'macd': -22.088058753124642, 'atr_pct': 0.14626860029838204, 'bb_position': -0.09923362774531157, 'ema_distance': 0.13360222051521664, 'trend_strength': 0.7891204158393011, 'hour': 9, 'day_of_week': 4}"
561,trend_following,BUY,24300.9,24290.684708370914,-3830.734360907627,-10.215291629087005,-0.042036680242653585,1140.0,STOP_LOSS,0.2303972236903388,2.5,TRENDING,LOW,0.8,"{'price': 24300.9, 'rsi': 31.755616285781898, 'macd': 8.31246279809784, 'atr_pct': 0.0883124258184411, 'bb_position': -0.15459196451286245, 'ema_distance': 0.008515496244971152, 'trend_strength': 0.6577316789398574, 'hour': 14, 'day_of_week': 3}","{'price': 24187.4, 'rsi': 20.41740126584152, 'macd': -22.088058753124642, 'atr_pct': 0.14626860029838204, 'bb_position': -0.09923362774531157, 'ema_distance': 0.13360222051521664, 'trend_strength': 0.7891204158393011, 'hour': 9, 'day_of_week': 4}"
562,trend_following,SELL,24277.15,24267.15,750.0,10.0,0.04119099647199115,210.0,STOP_LOSS,0.22786358908959115,2.5,TRENDING,NORMAL,0.8,"{'price': 24277.15, 'rsi': 41.26967750127986, 'macd': -17.697512569702667, 'atr_pct': 0.15812929324193734, 'bb_position': 0.4955112771194768, 'ema_distance': 0.0701835491017479, 'trend_strength': 0.8393283765368732, 'hour': 11, 'day_of_week': 4}","{'price': 24342.05, 'rsi': 64.95349799586472, 'macd': -5.379369326055894, 'atr_pct': 0.12757171819370666, 'bb_position': 1.2695097011040997, 'ema_distance': 0.007464931212745555, 'trend_strength': 0.5543454590598192, 'hour': 15, 'day_of_week': 4}"
563,trend_following,SELL,24276.95,24266.95,750.0,10.0,0.041191335814424794,195.0,STOP_LOSS,0.22847819081336843,2.5,TRENDING,LOW,0.8,"{'price': 24276.95, 'rsi': 46.20001688077525, 'macd': -14.881967602454097, 'atr_pct': 0.1495833937718084, 'bb_position': 0.5109767495322786, 'ema_distance': 0.0535928598981267, 'trend_strength': 0.8521232098114069, 'hour': 11, 'day_of_week': 4}","{'price': 24342.05, 'rsi': 64.95349799586472, 'macd': -5.379369326055894, 'atr_pct': 0.12757171819370666, 'bb_position': 1.2695097011040997, 'ema_distance': 0.007464931212745555, 'trend_strength': 0.5543454590598192, 'hour': 15, 'day_of_week': 4}"
565,trend_following,BUY,24274.35,24284.35,1500.0,10.0,0.04119574777491467,75.0,STOP_LOSS,0.43087829068798644,2.5,TRENDING,NORMAL,0.8,"{'price': 24274.35, 'rsi': 49.770153026441605, 'macd': 4.615337179031485, 'atr_pct': 0.1665926614483429, 'bb_position': 0.5175466961332277, 'ema_distance': 0.03127180130924877, 'trend_strength': 0.3744774643806887, 'hour': 9, 'day_of_week': 0}","{'price': 24270.05, 'rsi': 53.13053178022731, 'macd': 6.354124896115536, 'atr_pct': 0.1950522793083892, 'bb_position': 0.4484753171258898, 'ema_distance': 0.028533405619973952, 'trend_strength': 0.28904857481665347, 'hour': 11, 'day_of_week': 0}"
566,trend_following,BUY,24270.05,24280.05,1500.0,10.0,0.04120304655326215,30.0,STOP_LOSS,0.4042183684937425,2.5,NEUTRAL,NORMAL,0.8,"{'price': 24270.05, 'rsi': 53.13053178022731, 'macd': 6.354124896115536, 'atr_pct': 0.1950522793083892, 'bb_position': 0.4484753171258898, 'ema_distance': 0.028533405619973952, 'trend_strength': 0.28904857481665347, 'hour': 11, 'day_of_week': 0}","{'price': 24270.9, 'rsi': 55.58166462904436, 'macd': 3.9254912704818707, 'atr_pct': 0.19332380987696546, 'bb_position': 0.4433634201455846, 'ema_distance': 0.013565695154828477, 'trend_strength': 0.2743475957619494, 'hour': 11, 'day_of_week': 0}"
567,trend_following,BUY,24270.9,24280.9,1500.0,10.0,0.041201603566410804,30.0,STOP_LOSS,0.40918489253707135,2.5,NEUTRAL,NORMAL,0.8,"{'price': 24270.9, 'rsi': 55.58166462904436, 'macd': 3.9254912704818707, 'atr_pct': 0.19332380987696546, 'bb_position': 0.4433634201455846, 'ema_distance': 0.013565695154828477, 'trend_strength': 0.2743475957619494, 'hour': 11, 'day_of_week': 0}","{'price': 24252.65, 'rsi': 33.1826694667526, 'macd': 0.5419191374567163, 'atr_pct': 0.1694365652531047, 'bb_position': 0.3059465415396394, 'ema_distance': 0.004904312072506394, 'trend_strength': 0.3162698221521736, 'hour': 12, 'day_of_week': 0}"
568,trend_following,BUY,24283.5,24293.5,3000.0,10.0,0.04118022525583215,30.0,STOP_LOSS,0.5235826928017583,2.5,TRENDING,LOW,0.8,"{'price': 24283.5, 'rsi': 45.1625053759306, 'macd': 2.176086421684886, 'atr_pct': 0.1349387738293775, 'bb_position': 0.40193399040154365, 'ema_distance': 0.007586099374605529, 'trend_strength': 0.544149831017704, 'hour': 13, 'day_of_week': 0}","{'price': 24288.9, 'rsi': 45.914663881245126, 'macd': 2.8231594655735535, 'atr_pct': 0.12479245369577839, 'bb_position': 0.5020600944355244, 'ema_distance': 0.011088193812330846, 'trend_strength': 0.5828649876121985, 'hour': 14, 'day_of_week': 0}"
564,trend_following,SELL,24342.05,24332.05,3750.0,10.0,0.04108117434644987,5445.0,STOP_LOSS,0.23033408269137554,2.5,TRENDING,LOW,0.8,"{'price': 24342.05, 'rsi': 64.95349799586472, 'macd': -5.379369326055894, 'atr_pct': 0.12757171819370666, 'bb_position': 1.2695097011040997, 'ema_distance': 0.007464931212745555, 'trend_strength': 0.5543454590598192, 'hour': 15, 'day_of_week': 4}","{'price': 24371.6, 'rsi': 74.99929341177074, 'macd': 20.034808420426998, 'atr_pct': 0.11425769572546822, 'bb_position': 1.0023754418618407, 'ema_distance': 0.09487001287214168, 'trend_strength': 0.3807890266185656, 'hour': 9, 'day_of_week': 1}"
569,breakout,SELL,24369.15,24231.300000000003,20677.49999999978,137.84999999999854,0.5656742233520601,45.0,TAKE_PROFIT,0.5618836395948767,3.0,RANGING,LOW,0.75,"{'price': 24369.15, 'rsi': 38.39446078559052, 'macd': 12.089691995104658, 'atr_pct': 0.10169473640706544, 'bb_position': -0.07988284579185184, 'ema_distance': 0.021577907311758265, 'trend_strength': 0.1493792137405226, 'hour': 9, 'day_of_week': 2}","{'price': 24194.8, 'rsi': 13.788036435249154, 'macd': -21.001518401699286, 'atr_pct': 0.17612993583036582, 'bb_position': -0.2578539290320911, 'ema_distance': 0.1474660001245054, 'trend_strength': 0.21932828499354495, 'hour': 10, 'day_of_week': 2}"
570,trend_following,SELL,24304.1,24294.1,1500.0,10.0,0.041145321159804314,30.0,STOP_LOSS,0.5714355155968336,2.5,TRENDING,LOW,0.8,"{'price': 24304.1, 'rsi': 71.91814201372691, 'macd': -19.6074298555759, 'atr_pct': 0.1449931728156375, 'bb_position': 0.7499042725984858, 'ema_distance': 0.058146325575083764, 'trend_strength': 0.5047003009114295, 'hour': 14, 'day_of_week': 2}","{'price': 24330.85, 'rsi': 69.05726584908844, 'macd': -10.906573150467011, 'atr_pct': 0.1491052364737402, 'bb_position': 1.0292328736609189, 'ema_distance': 0.014216338029084634, 'trend_strength': 0.4113060350312776, 'hour': 15, 'day_of_week': 2}"
572,trend_following,SELL,24330.85,24320.85,3750.0,10.0,0.04110008487167526,1125.0,STOP_LOSS,0.24237210208128845,2.5,TRENDING,LOW,0.8,"{'price': 24330.85, 'rsi': 69.05726584908844, 'macd': -10.906573150467011, 'atr_pct': 0.1491052364737402, 'bb_position': 1.0292328736609189, 'ema_distance': 0.014216338029084634, 'trend_strength': 0.4113060350312776, 'hour': 15, 'day_of_week': 2}","{'price': 24341.45, 'rsi': 62.017880039956104, 'macd': 5.012080841679563, 'atr_pct': 0.15540804442040554, 'bb_position': 0.9022802658045229, 'ema_distance': 0.05091611914570096, 'trend_strength': 0.2593674501463011, 'hour': 9, 'day_of_week': 3}"
571,trend_following,SELL,24294.0,24284.0,1500.0,10.0,0.041162426936692184,1305.0,STOP_LOSS,0.5083805621516571,2.5,TRENDING,LOW,0.8,"{'price': 24294.0, 'rsi': 67.93584898343283, 'macd': -16.48239611912868, 'atr_pct': 0.14787601877006581, 'bb_position': 0.7578865593447672, 'ema_distance': 0.04276601954243172, 'trend_strength': 0.45313733504564996, 'hour': 14, 'day_of_week': 2}","{'price': 24286.75, 'rsi': 44.195239315070495, 'macd': -8.379226749693771, 'atr_pct': 0.16663995211968965, 'bb_position': 0.49330478635567904, 'ema_distance': 0.02673626679100329, 'trend_strength': 0.18858580977820888, 'hour': 12, 'day_of_week': 3}"
573,trend_following,BUY,24622.35,24632.35,3000.0,10.0,0.04061350764650815,2715.0,STOP_LOSS,0.5369273747262567,2.5,NEUTRAL,LOW,0.8,"{'price': 24622.35, 'rsi': 44.26404598129936, 'macd': 12.464175827219151, 'atr_pct': 0.07565716281578386, 'bb_position': 0.31830485347600246, 'ema_distance': 0.029266705321775072, 'trend_strength': 0.26076573639664247, 'hour': 13, 'day_of_week': 1}","{'price': 24593.6, 'rsi': 48.53259802176357, 'macd': 4.355480663278286, 'atr_pct': 0.12708009981691445, 'bb_position': 0.38175989816588773, 'ema_distance': 0.024716051721548497, 'trend_strength': 0.23823543124514746, 'hour': 10, 'day_of_week': 3}"
574,trend_following,BUY,24621.4,24631.4,3000.0,10.0,0.040615074691122355,2700.0,STOP_LOSS,0.48432300355381086,2.5,TRENDING,LOW,0.8,"{'price': 24621.4, 'rsi': 39.47044497840495, 'macd': 10.181561547611636, 'atr_pct': 0.07838709415386846, 'bb_position': 0.24627720190571212, 'ema_distance': 0.018861139711060366, 'trend_strength': 0.300033017806252, 'hour': 13, 'day_of_week': 1}","{'price': 24593.6, 'rsi': 48.53259802176357, 'macd': 4.355480663278286, 'atr_pct': 0.12708009981691445, 'bb_position': 0.38175989816588773, 'ema_distance': 0.024716051721548497, 'trend_strength': 0.23823543124514746, 'hour': 10, 'day_of_week': 3}"
575,trend_following,SELL,24607.8,24678.35,-10582.49999999989,-70.54999999999927,-0.28669771373304104,60.0,STOP_LOSS,0.4255498933796389,2.5,TRENDING,NORMAL,0.8,"{'price': 24607.8, 'rsi': 50.81989927084714, 'macd': -8.523849004352087, 'atr_pct': 0.1879775634438807, 'bb_position': 0.5949643838077993, 'ema_distance': 0.039111095969034844, 'trend_strength': 0.41845588999793626, 'hour': 12, 'day_of_week': 3}","{'price': 24711.6, 'rsi': 63.892241817307166, 'macd': 9.825359158458014, 'atr_pct': 0.2060628553854401, 'bb_position': 1.094130004786358, 'ema_distance': 0.0608547171261812, 'trend_strength': 0.37714193731931694, 'hour': 13, 'day_of_week': 3}"
576,trend_following,SELL,24615.3,24678.35,-9457.49999999989,-63.04999999999927,-0.25614150548642217,45.0,STOP_LOSS,0.3803107126518242,2.5,TRENDING,NORMAL,0.8,"{'price': 24615.3, 'rsi': 51.70655675678021, 'macd': -5.440544602872251, 'atr_pct': 0.19733661584461784, 'bb_position': 0.6419691061519438, 'ema_distance': 0.02044914718336661, 'trend_strength': 0.44987268390966, 'hour': 12, 'day_of_week': 3}","{'price': 24711.6, 'rsi': 63.892241817307166, 'macd': 9.825359158458014, 'atr_pct': 0.2060628553854401, 'bb_position': 1.094130004786358, 'ema_distance': 0.0608547171261812, 'trend_strength': 0.37714193731931694, 'hour': 13, 'day_of_week': 3}"
578,trend_following,SELL,24433.4,24423.4,1500.0,10.0,0.0409275827351085,45.0,STOP_LOSS,0.3569484951358001,2.5,TRENDING,NORMAL,0.8,"{'price': 24433.4, 'rsi': 50.18320603487456, 'macd': -16.860133033311286, 'atr_pct': 0.19171649112631303, 'bb_position': 0.7467814571850669, 'ema_distance': 0.04777769306734188, 'trend_strength': 0.5269926402262272, 'hour': 14, 'day_of_week': 2}","{'price': 24441.9, 'rsi': 55.30518264167769, 'macd': -3.871829515952413, 'atr_pct': 0.19273110051650075, 'bb_position': 0.8180186781957252, 'ema_distance': 0.015468883033745866, 'trend_strength': 0.40615216553570854, 'hour': 15, 'day_of_week': 2}"
577,trend_following,SELL,24542.55,24532.55,3000.0,10.0,0.04074556229894612,4245.0,STOP_LOSS,0.4864715436263275,2.5,TRENDING,NORMAL,0.8,"{'price': 24542.55, 'rsi': 58.92392226635313, 'macd': -14.831603002206975, 'atr_pct': 0.16788626865819503, 'bb_position': 0.8961909822960569, 'ema_distance': 0.0418715899233778, 'trend_strength': 0.41504484865399666, 'hour': 11, 'day_of_week': 1}","{'price': 24548.85, 'rsi': 75.59952710979894, 'macd': 34.60361001167257, 'atr_pct': 0.13749553004955986, 'bb_position': 1.1587364753885108, 'ema_distance': 0.1707524290127208, 'trend_strength': 0.33676836516385583, 'hour': 9, 'day_of_week': 4}"
579,trend_following,SELL,24358.2,24453.95,-7181.25,-95.75,-0.39309144353852093,1320.0,STOP_LOSS,0.2909458932666189,2.5,TRENDING,NORMAL,0.8,"{'price': 24358.2, 'rsi': 41.944705557359086, 'macd': -17.615551306746056, 'atr_pct': 0.20343691828038066, 'bb_position': 0.5479493854927204, 'ema_distance': 0.051460696726763254, 'trend_strength': 0.3895542841807968, 'hour': 11, 'day_of_week': 3}","{'price': 24548.85, 'rsi': 75.59952710979894, 'macd': 34.60361001167257, 'atr_pct': 0.13749553004955986, 'bb_position': 1.1587364753885108, 'ema_distance': 0.1707524290127208, 'trend_strength': 0.33676836516385583, 'hour': 9, 'day_of_week': 4}"
580,trend_following,BUY,24833.05,24843.05,750.0,10.0,0.04026891581984492,45.0,STOP_LOSS,0.253598769666092,2.5,NEUTRAL,NORMAL,0.8,"{'price': 24833.05, 'rsi': 39.4123094313449, 'macd': 43.446349531681335, 'atr_pct': 0.2029121904650688, 'bb_position': 0.15324238447384864, 'ema_distance': 0.0912240537348554, 'trend_strength': 0.26183112986124857, 'hour': 13, 'day_of_week': 0}","{'price': 24825.75, 'rsi': 40.831712027577154, 'macd': 27.228264585992292, 'atr_pct': 0.203115716544313, 'bb_position': 0.09300241389308822, 'ema_distance': 0.030819687480967084, 'trend_strength': 0.3735636723463557, 'hour': 13, 'day_of_week': 0}"
581,trend_following,BUY,24825.75,24835.75,1500.0,10.0,0.04028075687542169,75.0,STOP_LOSS,0.39107192222037573,2.5,TRENDING,NORMAL,0.8,"{'price': 24825.75, 'rsi': 40.831712027577154, 'macd': 27.228264585992292, 'atr_pct': 0.203115716544313, 'bb_position': 0.09300241389308822, 'ema_distance': 0.030819687480967084, 'trend_strength': 0.3735636723463557, 'hour': 13, 'day_of_week': 0}","{'price': 24823.3, 'rsi': 28.938844197153756, 'macd': 7.534804347254976, 'atr_pct': 0.21066037610977204, 'bb_position': 0.23248695777271347, 'ema_distance': 0.02729450393751044, 'trend_strength': 0.5660152924332897, 'hour': 15, 'day_of_week': 0}"
582,trend_following,BUY,24889.3,24899.3,1500.0,10.0,0.04017790777563049,105.0,STOP_LOSS,0.5634933695912046,2.5,TRENDING,LOW,0.8,"{'price': 24889.3, 'rsi': 55.59376482536529, 'macd': 21.000591165771766, 'atr_pct': 0.12788054074872168, 'bb_position': 0.4487018954641157, 'ema_distance': 0.06607629972858665, 'trend_strength': 0.5159380268361263, 'hour': 13, 'day_of_week': 1}","{'price': 24847.5, 'rsi': 33.599849472674364, 'macd': 9.870228775664145, 'atr_pct': 0.15020194615727156, 'bb_position': -0.15514303167198387, 'ema_distance': 0.012683160240090408, 'trend_strength': 0.3620031229182738, 'hour': 15, 'day_of_week': 1}"
583,trend_following,BUY,24913.7,24923.7,1500.0,10.0,0.040138558303262864,1215.0,STOP_LOSS,0.5786982635359439,2.5,TRENDING,LOW,0.8,"{'price': 24913.7, 'rsi': 45.74749838165628, 'macd': 17.54607570795997, 'atr_pct': 0.1330879911741036, 'bb_position': 0.4154697369556127, 'ema_distance': 0.05374982271586054, 'trend_strength': 0.34650882738314087, 'hour': 14, 'day_of_week': 1}","{'price': 24923.0, 'rsi': 49.197471946612374, 'macd': 9.026198405899777, 'atr_pct': 0.17145665793501022, 'bb_position': 0.5650395714802752, 'ema_distance': 0.032911550392956256, 'trend_strength': 0.5044686903335397, 'hour': 11, 'day_of_week': 2}"
584,trend_following,BUY,24847.5,24857.5,3750.0,10.0,0.04024549753496328,4005.0,STOP_LOSS,0.22793478020438457,2.5,TRENDING,NORMAL,0.8,"{'price': 24847.5, 'rsi': 33.599849472674364, 'macd': 9.870228775664145, 'atr_pct': 0.15020194615727156, 'bb_position': -0.15514303167198387, 'ema_distance': 0.012683160240090408, 'trend_strength': 0.3620031229182738, 'hour': 15, 'day_of_week': 1}","{'price': 24738.65, 'rsi': 21.803227200465102, 'macd': -37.72636400395277, 'atr_pct': 0.19394175279803447, 'bb_position': -0.1863041931608413, 'ema_distance': 0.20865528687443488, 'trend_strength': 0.4637324344952134, 'hour': 9, 'day_of_week': 4}"
585,trend_following,BUY,24901.75,24911.75,1500.0,10.0,0.04015782023351772,2790.0,STOP_LOSS,0.42005641345349676,2.5,TRENDING,NORMAL,0.8,"{'price': 24901.75, 'rsi': 43.4906165462168, 'macd': 6.96305514856067, 'atr_pct': 0.1725495482962315, 'bb_position': 0.42562995881590465, 'ema_distance': 0.02110097244491318, 'trend_strength': 0.5057314454470492, 'hour': 11, 'day_of_week': 2}","{'price': 24738.65, 'rsi': 21.803227200465102, 'macd': -37.72636400395277, 'atr_pct': 0.19394175279803447, 'bb_position': -0.1863041931608413, 'ema_distance': 0.20865528687443488, 'trend_strength': 0.4637324344952134, 'hour': 9, 'day_of_week': 4}"
586,trend_following,BUY,24205.4,24188.95,-6168.750000000273,-16.450000000000728,-0.06796004197410796,15.0,STOP_LOSS,0.24928662252599257,2.5,TRENDING,NORMAL,0.8,"{'price': 24205.4, 'rsi': 47.682927799055435, 'macd': 13.791973840245191, 'atr_pct': 0.1750642418633837, 'bb_position': 0.20489614004209686, 'ema_distance': 0.03280069263599446, 'trend_strength': 0.4152218574364235, 'hour': 9, 'day_of_week': 3}","{'price': 24161.15, 'rsi': 40.12776368501323, 'macd': 5.621197666430817, 'atr_pct': 0.19996682986648218, 'bb_position': -0.0061813245245045546, 'ema_distance': 0.01040572913043793, 'trend_strength': 0.413448063556922, 'hour': 10, 'day_of_week': 3}"
587,trend_following,BUY,24345.7,24252.15,-14032.49999999989,-93.54999999999927,-0.38425676813564313,1305.0,STOP_LOSS,0.5684874010307042,2.5,TRENDING,LOW,0.8,"{'price': 24345.7, 'rsi': 34.57799468720265, 'macd': 10.115503573822934, 'atr_pct': 0.14671115286418995, 'bb_position': 0.1496609691660799, 'ema_distance': 0.012138625370466291, 'trend_strength': 0.31852566095942375, 'hour': 15, 'day_of_week': 0}","{'price': 24234.3, 'rsi': 30.983943375572892, 'macd': -26.293754094047472, 'atr_pct': 0.14470340444270088, 'bb_position': -0.058103515097159636, 'ema_distance': 0.11994533608735403, 'trend_strength': 0.8686823065454296, 'hour': 12, 'day_of_week': 1}"
588,trend_following,BUY,24672.85,25289.671249999996,185046.37499999919,616.8212499999972,2.499999999999989,18390.0,TAKE_PROFIT,0.5533058318718103,2.5,TRENDING,LOW,0.8,"{'price': 24672.85, 'rsi': 36.790192525205434, 'macd': 19.87164687911354, 'atr_pct': 0.08285567797338855, 'bb_position': -0.18712554258094286, 'ema_distance': 0.04160592455139103, 'trend_strength': 0.527011556383127, 'hour': 15, 'day_of_week': 1}","{'price': 25297.0, 'rsi': 72.35193459600677, 'macd': 26.329926821239496, 'atr_pct': 0.10831323872395793, 'bb_position': 0.9751817508749652, 'ema_distance': 0.09539117673594961, 'trend_strength': 0.2436586706999094, 'hour': 9, 'day_of_week': 0}"
589,trend_following,BUY,24672.85,25289.671249999996,185046.37499999919,616.8212499999972,2.499999999999989,18375.0,TAKE_PROFIT,0.5316075639552774,2.5,TRENDING,LOW,0.8,"{'price': 24672.85, 'rsi': 37.551361573060234, 'macd': 15.787673234477552, 'atr_pct': 0.08035147946021724, 'bb_position': -0.0617145304736353, 'ema_distance': 0.02341026251160353, 'trend_strength': 0.5500429013016446, 'hour': 15, 'day_of_week': 1}","{'price': 25297.0, 'rsi': 72.35193459600677, 'macd': 26.329926821239496, 'atr_pct': 0.10831323872395793, 'bb_position': 0.9751817508749652, 'ema_distance': 0.09539117673594961, 'trend_strength': 0.2436586706999094, 'hour': 9, 'day_of_week': 0}"
590,trend_following,BUY,25268.85,25236.45,-12149.999999999181,-32.39999999999782,-0.12822111018110366,1110.0,STOP_LOSS,0.43017183701674494,2.5,TRENDING,LOW,0.8,"{'price': 25268.85, 'rsi': 57.20229206565528, 'macd': 4.155809260137175, 'atr_pct': 0.0770994440077094, 'bb_position': 0.5348838205372636, 'ema_distance': 0.017751586803856932, 'trend_strength': 0.31412144291600436, 'hour': 15, 'day_of_week': 1}","{'price': 25127.45, 'rsi': 27.011558026666904, 'macd': -27.77314531482625, 'atr_pct': 0.13566552003599622, 'bb_position': 0.009479424419953086, 'ema_distance': 0.14466129139595735, 'trend_strength': 0.41545633420465905, 'hour': 9, 'day_of_week': 2}"
591,trend_following,BUY,25268.85,25236.45,-12149.999999999181,-32.39999999999782,-0.12822111018110366,1095.0,STOP_LOSS,0.43017183701674494,2.5,TRENDING,LOW,0.8,"{'price': 25268.85, 'rsi': 53.87087793056646, 'macd': 3.4166827181798, 'atr_pct': 0.07448470575996846, 'bb_position': 0.5294568237264663, 'ema_distance': 0.013162036206938997, 'trend_strength': 0.3305918660217998, 'hour': 15, 'day_of_week': 1}","{'price': 25127.45, 'rsi': 27.011558026666904, 'macd': -27.77314531482625, 'atr_pct': 0.13566552003599622, 'bb_position': 0.009479424419953086, 'ema_distance': 0.14466129139595735, 'trend_strength': 0.41545633420465905, 'hour': 9, 'day_of_week': 2}"
592,breakout,SELL,25139.7,25000.125,20936.25000000011,139.57500000000073,0.5551975560567577,1155.0,TAKE_PROFIT,0.4984549619604226,3.0,TRENDING,LOW,0.75,"{'price': 25139.7, 'rsi': 23.552178870946406, 'macd': -6.98682302101588, 'atr_pct': 0.07530775171200453, 'bb_position': -0.08248844458031994, 'ema_distance': 0.03412128744646181, 'trend_strength': 0.338029290699948, 'hour': 14, 'day_of_week': 3}","{'price': 24994.9, 'rsi': 7.629320296114969, 'macd': -27.483286969298206, 'atr_pct': 0.14827310485624948, 'bb_position': -0.3461396790730159, 'ema_distance': 0.13313122525102286, 'trend_strength': 0.6515505485174544, 'hour': 9, 'day_of_week': 4}"
594,trend_following,SELL,24883.85,24873.85,1500.0,10.0,0.040186707442779156,45.0,STOP_LOSS,0.38648716349878964,2.5,TRENDING,NORMAL,0.8,"{'price': 24883.85, 'rsi': 52.10883075311346, 'macd': -33.30416709586643, 'atr_pct': 0.18504543537848525, 'bb_position': 0.7180124331868846, 'ema_distance': 0.07846019138440516, 'trend_strength': 0.8263600453843867, 'hour': 10, 'day_of_week': 0}","{'price': 24877.65, 'rsi': 55.445471376291906, 'macd': -21.604407347604138, 'atr_pct': 0.17899026406662924, 'bb_position': 0.684674484757289, 'ema_distance': 0.033748716526624666, 'trend_strength': 0.8074673824708065, 'hour': 11, 'day_of_week': 0}"
593,trend_following,SELL,24888.85,24878.85,1500.0,10.0,0.04017863420768738,75.0,STOP_LOSS,0.3812357656370974,2.5,TRENDING,NORMAL,0.8,"{'price': 24888.85, 'rsi': 50.80974149927055, 'macd': -38.92906861696247, 'atr_pct': 0.1814782810087964, 'bb_position': 0.6986032659156431, 'ema_distance': 0.10437559144609719, 'trend_strength': 0.8320160307040964, 'hour': 10, 'day_of_week': 0}","{'price': 24879.4, 'rsi': 58.29014489497212, 'macd': -18.863883018435445, 'atr_pct': 0.1723743912060365, 'bb_position': 0.6941995661740762, 'ema_distance': 0.02522163233085022, 'trend_strength': 0.8013128686403646, 'hour': 11, 'day_of_week': 0}"
595,trend_following,SELL,24877.65,24867.65,1500.0,10.0,0.04019672276119328,90.0,STOP_LOSS,0.37422127449262255,2.5,TRENDING,NORMAL,0.8,"{'price': 24877.65, 'rsi': 55.445471376291906, 'macd': -21.604407347604138, 'atr_pct': 0.17899026406662924, 'bb_position': 0.684674484757289, 'ema_distance': 0.033748716526624666, 'trend_strength': 0.8074673824708065, 'hour': 11, 'day_of_week': 0}","{'price': 24882.15, 'rsi': 62.4086059072634, 'macd': -13.696681126388285, 'atr_pct': 0.1264101833184495, 'bb_position': 0.7158865206287337, 'ema_distance': 0.020051083556807778, 'trend_strength': 0.7332233523473749, 'hour': 13, 'day_of_week': 0}"
596,trend_following,SELL,24879.4,24869.4,1500.0,10.0,0.04019389535117407,75.0,STOP_LOSS,0.3504244375080162,2.5,TRENDING,NORMAL,0.8,"{'price': 24879.4, 'rsi': 58.29014489497212, 'macd': -18.863883018435445, 'atr_pct': 0.1723743912060365, 'bb_position': 0.6941995661740762, 'ema_distance': 0.02522163233085022, 'trend_strength': 0.8013128686403646, 'hour': 11, 'day_of_week': 0}","{'price': 24882.15, 'rsi': 62.4086059072634, 'macd': -13.696681126388285, 'atr_pct': 0.1264101833184495, 'bb_position': 0.7158865206287337, 'ema_distance': 0.020051083556807778, 'trend_strength': 0.7332233523473749, 'hour': 13, 'day_of_week': 0}"
597,trend_following,SELL,24882.15,24929.8092765473,-14297.7829641899,-47.65927654729967,-0.19154002587115532,1275.0,STOP_LOSS,0.5057422420654392,2.5,TRENDING,LOW,0.8,"{'price': 24882.15, 'rsi': 62.4086059072634, 'macd': -13.696681126388285, 'atr_pct': 0.1264101833184495, 'bb_position': 0.7158865206287337, 'ema_distance': 0.020051083556807778, 'trend_strength': 0.7332233523473749, 'hour': 13, 'day_of_week': 0}","{'price': 24934.95, 'rsi': 52.13319407736037, 'macd': 14.721619275009289, 'atr_pct': 0.15011918153893555, 'bb_position': 0.6672998444324266, 'ema_distance': 0.06623530683389466, 'trend_strength': 0.4402125125160042, 'hour': 10, 'day_of_week': 1}"
598,trend_following,BUY,25036.0,25046.0,3000.0,10.0,0.03994248282473239,225.0,STOP_LOSS,0.5780734907822154,2.5,TRENDING,LOW,0.8,"{'price': 25036.0, 'rsi': 44.46597063217491, 'macd': 18.752889606654207, 'atr_pct': 0.14163889713098976, 'bb_position': 0.3123668641231904, 'ema_distance': 0.03531680373551096, 'trend_strength': 0.3988873127776468, 'hour': 9, 'day_of_week': 2}","{'price': 25021.25, 'rsi': 42.459541749854544, 'macd': 5.777995956406812, 'atr_pct': 0.1420649590705058, 'bb_position': 0.06006759831565364, 'ema_distance': 0.0016717994024057444, 'trend_strength': 0.680443046516353, 'hour': 13, 'day_of_week': 2}"
599,trend_following,BUY,25055.75,24981.8,-11092.50000000011,-73.95000000000073,-0.2951418337108278,75.0,STOP_LOSS,0.3943591756766114,2.5,TRENDING,NORMAL,0.8,"{'price': 25055.75, 'rsi': 58.818116607308, 'macd': 14.089838090207195, 'atr_pct': 0.15868898071586224, 'bb_position': 0.4117047224021769, 'ema_distance': 0.0378753406151105, 'trend_strength': 0.6872736708458413, 'hour': 12, 'day_of_week': 2}","{'price': 24937.55, 'rsi': 22.75535818430174, 'macd': -8.60841862923553, 'atr_pct': 0.14537743855579896, 'bb_position': -0.26313867457303036, 'ema_distance': 0.07254043475712156, 'trend_strength': 0.7109969233072291, 'hour': 14, 'day_of_week': 2}"
600,trend_following,SELL,25017.2,25007.2,750.0,10.0,0.039972498920742526,45.0,STOP_LOSS,0.2576480006218972,2.5,TRENDING,NORMAL,0.8,"{'price': 25017.2, 'rsi': 45.17144398581341, 'macd': -11.995106711448898, 'atr_pct': 0.20358850253882452, 'bb_position': 0.52663305541917, 'ema_distance': 0.03467342889287929, 'trend_strength': 0.6819938006636558, 'hour': 10, 'day_of_week': 3}","{'price': 25010.7, 'rsi': 50.8406746845126, 'macd': -7.667191622196697, 'atr_pct': 0.20916761911616155, 'bb_position': 0.5569504461111362, 'ema_distance': 0.01642180757524164, 'trend_strength': 0.5662575903666818, 'hour': 10, 'day_of_week': 3}"
601,trend_following,SELL,25015.55,25005.55,750.0,10.0,0.03997513546574031,30.0,STOP_LOSS,0.2620602393455766,2.5,TRENDING,NORMAL,0.8,"{'price': 25015.55, 'rsi': 44.57403295868536, 'macd': -9.665372445972025, 'atr_pct': 0.20731390789214799, 'bb_position': 0.5347740815903435, 'ema_distance': 0.023524701250401188, 'trend_strength': 0.6513951797425538, 'hour': 10, 'day_of_week': 3}","{'price': 25010.7, 'rsi': 50.8406746845126, 'macd': -7.667191622196697, 'atr_pct': 0.20916761911616155, 'bb_position': 0.5569504461111362, 'ema_distance': 0.01642180757524164, 'trend_strength': 0.5662575903666818, 'hour': 10, 'day_of_week': 3}"
602,trend_following,SELL,25008.3,24998.3,1500.0,10.0,0.03998672440749671,30.0,STOP_LOSS,0.42308123810511683,2.5,TRENDING,NORMAL,0.8,"{'price': 25008.3, 'rsi': 60.21046530624506, 'macd': -6.550245513521077, 'atr_pct': 0.19903392073831552, 'bb_position': 0.5685981435879248, 'ema_distance': 0.012264636580737459, 'trend_strength': 0.5054816978955845, 'hour': 11, 'day_of_week': 3}","{'price': 25013.55, 'rsi': 59.27771863066776, 'macd': -7.253119780547422, 'atr_pct': 0.22393576966998088, 'bb_position': 0.6396401337740375, 'ema_distance': 0.01865789583004615, 'trend_strength': 0.40008637955929527, 'hour': 11, 'day_of_week': 3}"
603,trend_following,SELL,25013.55,25003.55,2250.0,10.0,0.03997833174419464,30.0,STOP_LOSS,0.4708037307073092,2.5,TRENDING,NORMAL,0.8,"{'price': 25013.55, 'rsi': 59.27771863066776, 'macd': -7.253119780547422, 'atr_pct': 0.22393576966998088, 'bb_position': 0.6396401337740375, 'ema_distance': 0.01865789583004615, 'trend_strength': 0.40008637955929527, 'hour': 11, 'day_of_week': 3}","{'price': 25011.2, 'rsi': 63.7926654778998, 'macd': -4.999504083432839, 'atr_pct': 0.21925891486328408, 'bb_position': 0.6582050296027432, 'ema_distance': 0.008778134106897343, 'trend_strength': 0.29000627979257504, 'hour': 12, 'day_of_week': 3}"
604,trend_following,SELL,25011.2,25072.3,-13747.499999999673,-61.099999999998545,-0.2442905578300863,1305.0,STOP_LOSS,0.48924381557202085,2.5,NEUTRAL,NORMAL,0.8,"{'price': 25011.2, 'rsi': 63.7926654778998, 'macd': -4.999504083432839, 'atr_pct': 0.21925891486328408, 'bb_position': 0.6582050296027432, 'ema_distance': 0.008778134106897343, 'trend_strength': 0.29000627979257504, 'hour': 12, 'day_of_week': 3}","{'price': 25326.55, 'rsi': 78.95932076873392, 'macd': 89.62236674433734, 'atr_pct': 0.27121453855454486, 'bb_position': 0.7629162393851645, 'ema_distance': 0.3683260230364175, 'trend_strength': 0.2991271450150643, 'hour': 9, 'day_of_week': 4}"
605,trend_following,BUY,25366.35,25376.35,2250.0,10.0,0.039422305534694585,1335.0,STOP_LOSS,0.4764921593780923,2.5,TRENDING,LOW,0.8,"{'price': 25366.35, 'rsi': 50.243257495611246, 'macd': 19.408975060199737, 'atr_pct': 0.11546511703215041, 'bb_position': 0.35657086733923515, 'ema_distance': 0.039918279570183804, 'trend_strength': 0.41953492389663727, 'hour': 11, 'day_of_week': 0}","{'price': 25363.9, 'rsi': 47.74944292316674, 'macd': 3.2046367436378205, 'atr_pct': 0.09068006103162574, 'bb_position': 0.23830352188465925, 'ema_distance': 0.002658148644079343, 'trend_strength': 0.658728714950449, 'hour': 9, 'day_of_week': 1}"
606,trend_following,BUY,25356.9,25366.9,3000.0,10.0,0.039436997424764066,1320.0,STOP_LOSS,0.5129966833460721,2.5,TRENDING,LOW,0.8,"{'price': 25356.9, 'rsi': 47.39129848005273, 'macd': 15.694500949430221, 'atr_pct': 0.11387433006400317, 'bb_position': 0.258713755308175, 'ema_distance': 0.02385514094384552, 'trend_strength': 0.405779368731886, 'hour': 11, 'day_of_week': 0}","{'price': 25363.9, 'rsi': 47.74944292316674, 'macd': 3.2046367436378205, 'atr_pct': 0.09068006103162574, 'bb_position': 0.23830352188465925, 'ema_distance': 0.002658148644079343, 'trend_strength': 0.658728714950449, 'hour': 9, 'day_of_week': 1}"
607,trend_following,BUY,25413.9,25423.9,3750.0,10.0,0.039348545481016295,180.0,STOP_LOSS,0.4316959084561648,2.5,TRENDING,LOW,0.8,"{'price': 25413.9, 'rsi': 44.50593753898985, 'macd': 5.356056855205679, 'atr_pct': 0.08198550512008916, 'bb_position': 0.29406046058475077, 'ema_distance': 0.012981541843982907, 'trend_strength': 0.3282465709556099, 'hour': 10, 'day_of_week': 2}","{'price': 25374.4, 'rsi': 35.42973168734949, 'macd': 5.624088147334987, 'atr_pct': 0.11027706214587582, 'bb_position': -0.04449030361374137, 'ema_distance': 0.004544440012085007, 'trend_strength': 0.3533805344225895, 'hour': 13, 'day_of_week': 2}"
608,trend_following,BUY,25427.05,25381.65,-13619.999999999345,-45.39999999999782,-0.178550008750515,15.0,STOP_LOSS,0.48617660139929153,2.5,TRENDING,LOW,0.8,"{'price': 25427.05, 'rsi': 56.382836134197625, 'macd': 12.755899689473154, 'atr_pct': 0.10289941504927201, 'bb_position': 0.37414911015952657, 'ema_distance': 0.04276669298754425, 'trend_strength': 0.3353781706616331, 'hour': 12, 'day_of_week': 2}","{'price': 25374.4, 'rsi': 35.42973168734949, 'macd': 5.624088147334987, 'atr_pct': 0.11027706214587582, 'bb_position': -0.04449030361374137, 'ema_distance': 0.004544440012085007, 'trend_strength': 0.3533805344225895, 'hour': 13, 'day_of_week': 2}"
610,trend_following,BUY,25922.4,25932.4,1500.0,10.0,0.03857667499922846,1350.0,STOP_LOSS,0.4164939389338919,2.5,TRENDING,LOW,0.8,"{'price': 25922.4, 'rsi': 47.972285102562196, 'macd': 25.986337808339158, 'atr_pct': 0.10608585624787928, 'bb_position': 0.36127419922643783, 'ema_distance': 0.0625299340162379, 'trend_strength': 0.3875560620997495, 'hour': 11, 'day_of_week': 1}","{'price': 25911.25, 'rsi': 28.25520428103104, 'macd': 3.2868212789471727, 'atr_pct': 0.11241669710481902, 'bb_position': 0.0023325389161823556, 'ema_distance': 0.010699367236738883, 'trend_strength': 0.3690124026279263, 'hour': 10, 'day_of_week': 2}"
609,trend_following,BUY,25374.4,26008.76,237884.99999999886,634.359999999997,2.499999999999988,10200.0,TAKE_PROFIT,0.201498709655699,2.5,TRENDING,LOW,0.8,"{'price': 25374.4, 'rsi': 35.42973168734949, 'macd': 5.624088147334987, 'atr_pct': 0.11027706214587582, 'bb_position': -0.04449030361374137, 'ema_distance': 0.004544440012085007, 'trend_strength': 0.3533805344225895, 'hour': 13, 'day_of_week': 2}","{'price': 26017.55, 'rsi': 74.14365132908442, 'macd': 8.191266285019083, 'atr_pct': 0.10730394346453466, 'bb_position': 1.3203048170284297, 'ema_distance': 0.05097287590217334, 'trend_strength': 0.5264144924102897, 'hour': 15, 'day_of_week': 2}"
611,trend_following,BUY,26189.85,26199.85,3000.0,10.0,0.03818273109620712,60.0,STOP_LOSS,0.5583557045968411,2.5,NEUTRAL,LOW,0.8,"{'price': 26189.85, 'rsi': 33.60098365673879, 'macd': 24.50016042490097, 'atr_pct': 0.10357065809846182, 'bb_position': 0.1560583582381151, 'ema_distance': 0.04650030881728171, 'trend_strength': 0.25592124874587385, 'hour': 13, 'day_of_week': 4}","{'price': 26186.8, 'rsi': 31.472230466979383, 'macd': 14.059855664763745, 'atr_pct': 0.11933493210319704, 'bb_position': 0.1343199274049921, 'ema_distance': 0.01427844930753898, 'trend_strength': 0.35847349210239154, 'hour': 14, 'day_of_week': 4}"
612,trend_following,BUY,26179.7,26189.7,3750.0,10.0,0.03819753473110845,45.0,STOP_LOSS,0.5499201411171408,2.5,NEUTRAL,LOW,0.8,"{'price': 26179.7, 'rsi': 22.1953271117803, 'macd': 19.803885992576397, 'atr_pct': 0.1020419856388183, 'bb_position': 0.10587369564322256, 'ema_distance': 0.027580429231704454, 'trend_strength': 0.2896595416240099, 'hour': 13, 'day_of_week': 4}","{'price': 26186.8, 'rsi': 31.472230466979383, 'macd': 14.059855664763745, 'atr_pct': 0.11933493210319704, 'bb_position': 0.1343199274049921, 'ema_distance': 0.01427844930753898, 'trend_strength': 0.35847349210239154, 'hour': 14, 'day_of_week': 4}"
613,trend_following,BUY,26186.8,26142.87333085054,-16472.500931047307,-43.926669149459485,-0.1677435545750511,4065.0,STOP_LOSS,0.5422659691536083,2.5,TRENDING,LOW,0.8,"{'price': 26186.8, 'rsi': 31.472230466979383, 'macd': 14.059855664763745, 'atr_pct': 0.11933493210319704, 'bb_position': 0.1343199274049921, 'ema_distance': 0.01427844930753898, 'trend_strength': 0.35847349210239154, 'hour': 14, 'day_of_week': 4}","{'price': 25980.65, 'rsi': 17.152231806190883, 'macd': -31.39040725565428, 'atr_pct': 0.16396818401387125, 'bb_position': -0.1979987134606246, 'ema_distance': 0.17691794272515757, 'trend_strength': 0.5771587349203597, 'hour': 9, 'day_of_week': 0}"
614,trend_following,BUY,26191.4,26144.77633748385,-17483.873443556604,-46.623662516150944,-0.17801134157071,4050.0,STOP_LOSS,0.5755598143302983,2.5,TRENDING,LOW,0.8,"{'price': 26191.4, 'rsi': 34.31466140809334, 'macd': 11.774561765236285, 'atr_pct': 0.11726859088970315, 'bb_position': 0.2051456435040201, 'ema_distance': 0.007369875206627912, 'trend_strength': 0.38061141864281245, 'hour': 14, 'day_of_week': 4}","{'price': 25980.65, 'rsi': 17.152231806190883, 'macd': -31.39040725565428, 'atr_pct': 0.16396818401387125, 'bb_position': -0.1979987134606246, 'ema_distance': 0.17691794272515757, 'trend_strength': 0.5771587349203597, 'hour': 9, 'day_of_week': 0}"
615,trend_following,SELL,25812.55,25167.236249999998,241992.65625000044,645.3137500000012,2.5000000000000044,4170.0,TAKE_PROFIT,0.5994492524504695,2.5,TRENDING,LOW,0.8,"{'price': 25812.55, 'rsi': 47.77099380139851, 'macd': -18.19126671106278, 'atr_pct': 0.11973688324920494, 'bb_position': 0.7938484899195247, 'ema_distance': 0.038864737153242124, 'trend_strength': 0.4935586617344764, 'hour': 15, 'day_of_week': 1}","{'price': 25117.25, 'rsi': 49.276947686226045, 'macd': -29.775126616252237, 'atr_pct': 0.4000523260195388, 'bb_position': 0.08144338045534968, 'ema_distance': 0.07508508292863961, 'trend_strength': 0.5141908380367813, 'hour': 12, 'day_of_week': 4}"
616,trend_following,SELL,25812.55,25167.236249999998,241992.65625000044,645.3137500000012,2.5000000000000044,4155.0,TAKE_PROFIT,0.5759414386288843,2.5,TRENDING,LOW,0.8,"{'price': 25812.55, 'rsi': 47.46556310044638, 'macd': -15.090179009384883, 'atr_pct': 0.11507414582662721, 'bb_position': 0.7667620398176543, 'ema_distance': 0.02571906336280245, 'trend_strength': 0.4819532514391078, 'hour': 15, 'day_of_week': 1}","{'price': 25117.25, 'rsi': 49.276947686226045, 'macd': -29.775126616252237, 'atr_pct': 0.4000523260195388, 'bb_position': 0.08144338045534968, 'ema_distance': 0.07508508292863961, 'trend_strength': 0.5141908380367813, 'hour': 12, 'day_of_week': 4}"
618,trend_following,SELL,24922.25,24912.25,3000.0,10.0,0.0401247880909629,30.0,STOP_LOSS,0.475001076688734,2.5,TRENDING,NORMAL,0.8,"{'price': 24922.25, 'rsi': 68.7022513499472, 'macd': -28.41182575181665, 'atr_pct': 0.3167422111337703, 'bb_position': 0.9718153643910374, 'ema_distance': 0.02818620256414872, 'trend_strength': 0.38205207840866307, 'hour': 10, 'day_of_week': 1}","{'price': 24937.9, 'rsi': 67.06346370783069, 'macd': -14.008373500622838, 'atr_pct': 0.30001666997965926, 'bb_position': 1.0160650120936627, 'ema_distance': 0.028197045963554192, 'trend_strength': 0.3104817503258177, 'hour': 11, 'day_of_week': 1}"
617,trend_following,SELL,24884.9,24979.72674579662,-14224.011869492642,-94.82674579661762,-0.3810613898252258,195.0,STOP_LOSS,0.4078283103405115,2.5,TRENDING,NORMAL,0.8,"{'price': 24884.9, 'rsi': 58.20604440413817, 'macd': -38.464801460519084, 'atr_pct': 0.331569402672764, 'bb_position': 0.7989438615756589, 'ema_distance': 0.0739366070941918, 'trend_strength': 0.41103829006930065, 'hour': 10, 'day_of_week': 1}","{'price': 24994.6, 'rsi': 72.79534678472865, 'macd': 19.45252804071788, 'atr_pct': 0.2090022873512103, 'bb_position': 0.877423327320556, 'ema_distance': 0.11369915998488969, 'trend_strength': 0.29588068765110315, 'hour': 13, 'day_of_week': 1}"
619,trend_following,BUY,25040.4,25033.15,-2718.75,-7.25,-0.02895321161003818,30.0,STOP_LOSS,0.161799680588737,2.5,TRENDING,NORMAL,0.8,"{'price': 25040.4, 'rsi': 24.432979220150514, 'macd': 15.995282643852988, 'atr_pct': 0.16444853687868974, 'bb_position': 0.02240888646842391, 'ema_distance': 0.0114665456539083, 'trend_strength': 0.462488978604518, 'hour': 14, 'day_of_week': 2}","{'price': 25027.15, 'rsi': 19.92850405743077, 'macd': 3.240973460859095, 'atr_pct': 0.17623717785342155, 'bb_position': 0.05105165969845113, 'ema_distance': 0.04273273864837825, 'trend_strength': 0.5441026306302545, 'hour': 14, 'day_of_week': 2}"
620,trend_following,SELL,25022.25,25012.25,3750.0,10.0,0.03996443165582632,4305.0,STOP_LOSS,0.3405850098096715,2.5,TRENDING,LOW,0.8,"{'price': 25022.25, 'rsi': 45.65534246792511, 'macd': -13.235267143918463, 'atr_pct': 0.12835719067172907, 'bb_position': 0.6113400934368258, 'ema_distance': 0.04557629435906813, 'trend_strength': 0.629350166894405, 'hour': 10, 'day_of_week': 4}","{'price': 25100.2, 'rsi': 83.27883168194066, 'macd': 16.966213601626805, 'atr_pct': 0.11764277347818554, 'bb_position': 1.1706115003039181, 'ema_distance': 0.10686277893865355, 'trend_strength': 0.32024441602211373, 'hour': 9, 'day_of_week': 0}"
621,trend_following,SELL,24975.05,24995.1,-7518.749999999727,-20.049999999999272,-0.08028011955931728,3990.0,STOP_LOSS,0.21644150385685654,2.5,TRENDING,LOW,0.8,"{'price': 24975.05, 'rsi': 62.00164822336625, 'macd': -8.341304659610614, 'atr_pct': 0.08617171365594271, 'bb_position': 0.9113878567744131, 'ema_distance': 0.01623496500575016, 'trend_strength': 0.40288549002463797, 'hour': 15, 'day_of_week': 4}","{'price': 25100.2, 'rsi': 83.27883168194066, 'macd': 16.966213601626805, 'atr_pct': 0.11764277347818554, 'bb_position': 1.1706115003039181, 'ema_distance': 0.10686277893865355, 'trend_strength': 0.32024441602211373, 'hour': 9, 'day_of_week': 0}"
622,trend_following,BUY,25087.9,25080.605516515578,-2735.4313066589384,-7.294483484423836,-0.029075703763263707,15.0,STOP_LOSS,0.16210217778485572,2.5,TRENDING,LOW,0.8,"{'price': 25087.9, 'rsi': 45.20108961323183, 'macd': 20.128477074060356, 'atr_pct': 0.11943720165611786, 'bb_position': -0.00247960304961556, 'ema_distance': 0.056349692504240795, 'trend_strength': 0.3813932382552035, 'hour': 9, 'day_of_week': 1}","{'price': 25055.3, 'rsi': 39.82942299252796, 'macd': 12.692385776677838, 'atr_pct': 0.12857273995635735, 'bb_position': -0.1646904417678512, 'ema_distance': 0.01798277180915754, 'trend_strength': 0.35673202147114885, 'hour': 10, 'day_of_week': 1}"
623,trend_following,BUY,25055.3,25042.2,-4912.499999999454,-13.099999999998545,-0.05228434702437626,15.0,STOP_LOSS,0.16223006392363432,2.5,TRENDING,LOW,0.8,"{'price': 25055.3, 'rsi': 39.82942299252796, 'macd': 12.692385776677838, 'atr_pct': 0.12857273995635735, 'bb_position': -0.1646904417678512, 'ema_distance': 0.01798277180915754, 'trend_strength': 0.35673202147114885, 'hour': 10, 'day_of_week': 1}","{'price': 25033.2, 'rsi': 36.689514794243635, 'macd': 4.958782785546646, 'atr_pct': 0.13496362544825977, 'bb_position': -0.15432637269744445, 'ema_distance': 0.019940665143718624, 'trend_strength': 0.3526645330725425, 'hour': 10, 'day_of_week': 1}"
624,trend_following,SELL,25071.55,24444.76125,235045.78124999988,626.7887499999997,2.4999999999999987,10365.0,TAKE_PROFIT,0.23502581254884872,2.5,TRENDING,LOW,0.8,"{'price': 25071.55, 'rsi': 52.073945327725816, 'macd': -5.916429760676692, 'atr_pct': 0.14139532657534115, 'bb_position': 0.7323953292532643, 'ema_distance': 0.013470405314007564, 'trend_strength': 0.40648792495090097, 'hour': 9, 'day_of_week': 2}","{'price': 24429.5, 'rsi': 21.694856001773033, 'macd': -28.20313675524085, 'atr_pct': 0.15810802513354646, 'bb_position': -0.10957301866030182, 'ema_distance': 0.1104063461392987, 'trend_strength': 0.40088431754774506, 'hour': 14, 'day_of_week': 2}"
625,trend_following,SELL,25014.1,24388.747499999998,140704.3125000002,625.3525000000009,2.5000000000000036,11520.0,TAKE_PROFIT,0.514349116955975,2.5,TRENDING,LOW,0.8,"{'price': 25014.1, 'rsi': 47.91911043909494, 'macd': -19.444627753502573, 'atr_pct': 0.12715685496237245, 'bb_position': 0.6054091686422987, 'ema_distance': 0.05797891094745099, 'trend_strength': 0.5908961152948757, 'hour': 14, 'day_of_week': 2}","{'price': 24386.3, 'rsi': 32.64704429938597, 'macd': -24.120556031433807, 'atr_pct': 0.07179089430189603, 'bb_position': 0.23151103990905705, 'ema_distance': 0.07524109466935797, 'trend_strength': 0.6971068798389607, 'hour': 14, 'day_of_week': 3}"
626,trend_following,SELL,24414.6,24404.6,3750.0,10.0,0.04095909824449305,5475.0,STOP_LOSS,0.4651744665561004,2.5,TRENDING,LOW,0.8,"{'price': 24414.6, 'rsi': 50.897165151039424, 'macd': -16.119878807698115, 'atr_pct': 0.07672516796156144, 'bb_position': 0.7934547570103722, 'ema_distance': 0.0391796732642073, 'trend_strength': 0.5465124885216625, 'hour': 15, 'day_of_week': 3}","{'price': 24419.35, 'rsi': 78.29170493369749, 'macd': 25.49417633804842, 'atr_pct': 0.24430274703111637, 'bb_position': 1.126258742043158, 'ema_distance': 0.19843428623670376, 'trend_strength': 0.35897233545557256, 'hour': 10, 'day_of_week': 0}"
627,trend_following,SELL,24414.6,24404.6,3750.0,10.0,0.04095909824449305,5460.0,STOP_LOSS,0.44693233061273646,2.5,TRENDING,LOW,0.8,"{'price': 24414.6, 'rsi': 56.7496630488754, 'macd': -13.855994547924638, 'atr_pct': 0.07568656225607628, 'bb_position': 0.8321578887478237, 'ema_distance': 0.029262701538308587, 'trend_strength': 0.5079043977933496, 'hour': 15, 'day_of_week': 3}","{'price': 24419.35, 'rsi': 78.29170493369749, 'macd': 25.49417633804842, 'atr_pct': 0.24430274703111637, 'bb_position': 1.126258742043158, 'ema_distance': 0.19843428623670376, 'trend_strength': 0.35897233545557256, 'hour': 10, 'day_of_week': 0}"
628,trend_following,BUY,24343.9,24353.9,3000.0,10.0,0.041078052407379266,1125.0,STOP_LOSS,0.40175411927424176,2.5,TRENDING,NORMAL,0.8,"{'price': 24343.9, 'rsi': 35.3514238632238, 'macd': 27.52726491463909, 'atr_pct': 0.18521800415827255, 'bb_position': -0.02516222203729581, 'ema_distance': 0.06612511491744043, 'trend_strength': 0.3208333523604878, 'hour': 15, 'day_of_week': 0}","{'price': 24212.55, 'rsi': 18.468656177327333, 'macd': -13.597092805073771, 'atr_pct': 0.2076550029987394, 'bb_position': -0.07045084958722915, 'ema_distance': 0.12726427271945132, 'trend_strength': 0.5009580980605675, 'hour': 9, 'day_of_week': 1}"
629,trend_following,BUY,24367.7,24305.75,-18585.00000000022,-61.95000000000073,-0.2542299847749304,1110.0,STOP_LOSS,0.4832751007580499,2.5,TRENDING,NORMAL,0.8,"{'price': 24367.7, 'rsi': 41.54746540534227, 'macd': 23.60064922046513, 'atr_pct': 0.18940470963025346, 'bb_position': 0.16320253530205475, 'ema_distance': 0.049738752507216204, 'trend_strength': 0.3410495235251975, 'hour': 15, 'day_of_week': 0}","{'price': 24212.55, 'rsi': 18.468656177327333, 'macd': -13.597092805073771, 'atr_pct': 0.2076550029987394, 'bb_position': -0.07045084958722915, 'ema_distance': 0.12726427271945132, 'trend_strength': 0.5009580980605675, 'hour': 9, 'day_of_week': 1}"
630,trend_following,BUY,24385.1,24340.45,-16743.74999999918,-44.64999999999782,-0.18310361655272203,45.0,STOP_LOSS,0.4371678375606004,2.5,TRENDING,NORMAL,0.8,"{'price': 24385.1, 'rsi': 45.44965495466555, 'macd': 18.93311525596073, 'atr_pct': 0.15312336514627972, 'bb_position': 0.057191715419735875, 'ema_distance': 0.049074576251677035, 'trend_strength': 0.4636759439823418, 'hour': 13, 'day_of_week': 2}","{'price': 24324.1, 'rsi': 32.79631810731068, 'macd': 0.07742665555269923, 'atr_pct': 0.16108362840616017, 'bb_position': -0.1340659982223567, 'ema_distance': 0.04337085140207234, 'trend_strength': 0.42339415023878824, 'hour': 14, 'day_of_week': 2}"
631,trend_following,BUY,24369.1,24340.45,-10743.749999999181,-28.649999999997817,-0.11756691876186572,30.0,STOP_LOSS,0.2805119495209599,2.5,TRENDING,NORMAL,0.8,"{'price': 24369.1, 'rsi': 37.70301333891081, 'macd': 12.806160669799283, 'atr_pct': 0.15822144788745918, 'bb_position': -0.01747861608886939, 'ema_distance': 0.017808572448603503, 'trend_strength': 0.444745326498248, 'hour': 13, 'day_of_week': 2}","{'price': 24324.1, 'rsi': 32.79631810731068, 'macd': 0.07742665555269923, 'atr_pct': 0.16108362840616017, 'bb_position': -0.1340659982223567, 'ema_distance': 0.04337085140207234, 'trend_strength': 0.42339415023878824, 'hour': 14, 'day_of_week': 2}"
632,trend_following,SELL,24238.5,24228.5,3750.0,10.0,0.04125667842482002,8310.0,STOP_LOSS,0.41063326775146597,2.5,TRENDING,LOW,0.8,"{'price': 24238.5, 'rsi': 50.825610936771525, 'macd': -27.441537636757857, 'atr_pct': 0.11973277460003101, 'bb_position': 0.6716963088956373, 'ema_distance': 0.08252127032794515, 'trend_strength': 0.8089492661769927, 'hour': 15, 'day_of_week': 3}","{'price': 24355.8, 'rsi': 94.6467820911329, 'macd': 93.67805848775242, 'atr_pct': 0.2418461780297569, 'bb_position': 0.8802781151157362, 'ema_distance': 0.4231577910989061, 'trend_strength': 0.21731896886483631, 'hour': 9, 'day_of_week': 2}"
633,trend_following,SELL,24238.5,24228.5,3750.0,10.0,0.04125667842482002,8295.0,STOP_LOSS,0.39453000234946745,2.5,TRENDING,LOW,0.8,"{'price': 24238.5, 'rsi': 50.410088970910095, 'macd': -23.718734599635354, 'atr_pct': 0.11949702215188943, 'bb_position': 0.6878814843460058, 'ema_distance': 0.0641477706663395, 'trend_strength': 0.7711554895898487, 'hour': 15, 'day_of_week': 3}","{'price': 24355.8, 'rsi': 94.6467820911329, 'macd': 93.67805848775242, 'atr_pct': 0.2418461780297569, 'bb_position': 0.8802781151157362, 'ema_distance': 0.4231577910989061, 'trend_strength': 0.21731896886483631, 'hour': 9, 'day_of_week': 2}"
634,trend_following,BUY,24279.8,24278.25,-581.2499999997272,-1.5499999999992724,-0.006383907610438605,15.0,STOP_LOSS,0.14763534473949394,2.5,NEUTRAL,NORMAL,0.8,"{'price': 24279.8, 'rsi': 32.0925323654843, 'macd': 27.995224649064767, 'atr_pct': 0.2005929679345426, 'bb_position': -0.19548380643053506, 'ema_distance': 0.011796629769884786, 'trend_strength': 0.25670318495838984, 'hour': 9, 'day_of_week': 3}","{'price': 24221.75, 'rsi': 24.137856813091048, 'macd': 10.770018958664878, 'atr_pct': 0.20996477487028228, 'bb_position': -0.19929720054076172, 'ema_distance': 0.0709726924146941, 'trend_strength': 0.2905164247347616, 'hour': 10, 'day_of_week': 3}"
635,trend_following,SELL,24176.1,24166.1,2250.0,10.0,0.041363164447532894,75.0,STOP_LOSS,0.5853158002906561,2.5,TRENDING,LOW,0.8,"{'price': 24176.1, 'rsi': 45.321868425210766, 'macd': -20.810596691855608, 'atr_pct': 0.11457596551966592, 'bb_position': 0.5967946336991045, 'ema_distance': 0.059905196934394514, 'trend_strength': 0.5195543118786505, 'hour': 13, 'day_of_week': 4}","{'price': 24169.45, 'rsi': 50.1261630737434, 'macd': -15.41123876329948, 'atr_pct': 0.11434151081515875, 'bb_position': 0.6406446256378558, 'ema_distance': 0.04002742097987586, 'trend_strength': 0.46871389649562034, 'hour': 14, 'day_of_week': 4}"
636,trend_following,SELL,24159.15,24149.15,3750.0,10.0,0.04139218474159894,30.0,STOP_LOSS,0.24103216130469843,2.5,TRENDING,NORMAL,0.8,"{'price': 24159.15, 'rsi': 53.4688102850232, 'macd': -13.942276114943525, 'atr_pct': 0.16482959281029472, 'bb_position': 0.7034465085982758, 'ema_distance': 0.040457014202147985, 'trend_strength': 0.4263796942738245, 'hour': 9, 'day_of_week': 0}","{'price': 24223.85, 'rsi': 57.04149872261265, 'macd': -6.35990521025451, 'atr_pct': 0.19226918924943678, 'bb_position': 1.1903300677055026, 'ema_distance': 1.4702962538738244e-05, 'trend_strength': 0.49111500914302547, 'hour': 10, 'day_of_week': 0}"
637,trend_following,SELL,23559.6,23549.6,2250.0,10.0,0.042445542369140395,6855.0,STOP_LOSS,0.45856417775512964,2.5,NEUTRAL,LOW,0.8,"{'price': 23559.6, 'rsi': 49.156521108177344, 'macd': -19.192668405034055, 'atr_pct': 0.11698294659380212, 'bb_position': 0.8106013098011183, 'ema_distance': 0.03702656893878171, 'trend_strength': 0.2712722108957521, 'hour': 15, 'day_of_week': 3}","{'price': 23675.7, 'rsi': 72.97940907852546, 'macd': 33.487419488803425, 'atr_pct': 0.2183975251297425, 'bb_position': 1.029587797893056, 'ema_distance': 0.2018735093768096, 'trend_strength': 0.1308599226644395, 'hour': 9, 'day_of_week': 1}"
638,trend_following,SELL,23559.6,23549.6,3000.0,10.0,0.042445542369140395,5760.0,STOP_LOSS,0.5422712425709881,2.5,TRENDING,LOW,0.8,"{'price': 23559.6, 'rsi': 58.27049748348274, 'macd': -12.521875364804146, 'atr_pct': 0.10364291899207559, 'bb_position': 0.7762114080492764, 'ema_distance': 0.013452840919156089, 'trend_strength': 0.34008781444033487, 'hour': 9, 'day_of_week': 4}","{'price': 23675.7, 'rsi': 72.97940907852546, 'macd': 33.487419488803425, 'atr_pct': 0.2183975251297425, 'bb_position': 1.029587797893056, 'ema_distance': 0.2018735093768096, 'trend_strength': 0.1308599226644395, 'hour': 9, 'day_of_week': 1}"
639,trend_following,BUY,23699.3,23633.519210549824,-19734.236835052434,-65.78078945017478,-0.2775642717302822,30.0,STOP_LOSS,0.5165040857036726,2.5,NEUTRAL,LOW,0.8,"{'price': 23699.3, 'rsi': 46.80915413979062, 'macd': 44.34056978856097, 'atr_pct': 0.12622434297335955, 'bb_position': 0.18828389418461122, 'ema_distance': 0.1345785516201097, 'trend_strength': 0.28724057918699014, 'hour': 14, 'day_of_week': 1}","{'price': 23581.2, 'rsi': 20.569629687043175, 'macd': 24.59476424739114, 'atr_pct': 0.15670776478114373, 'bb_position': -0.3709651714338775, 'ema_distance': 0.031574696859394645, 'trend_strength': 0.4024683226040518, 'hour': 14, 'day_of_week': 1}"
640,trend_following,BUY,23698.6,23636.0713983714,-18758.580488579173,-62.528601628597244,-0.26384934818342537,15.0,STOP_LOSS,0.490968236843226,2.5,TRENDING,LOW,0.8,"{'price': 23698.6, 'rsi': 40.912105831773, 'macd': 38.76787611364489, 'atr_pct': 0.12461555896610935, 'bb_position': 0.18659688612315933, 'ema_distance': 0.10727270136944343, 'trend_strength': 0.3413767189248739, 'hour': 14, 'day_of_week': 1}","{'price': 23581.2, 'rsi': 20.569629687043175, 'macd': 24.59476424739114, 'atr_pct': 0.15670776478114373, 'bb_position': -0.3709651714338775, 'ema_distance': 0.031574696859394645, 'trend_strength': 0.4024683226040518, 'hour': 14, 'day_of_week': 1}"
641,trend_following,BUY,23581.2,23576.3,-1837.5000000005457,-4.900000000001455,-0.02077926483809753,1140.0,STOP_LOSS,0.14872142512289271,2.5,TRENDING,NORMAL,0.8,"{'price': 23581.2, 'rsi': 20.569629687043175, 'macd': 24.59476424739114, 'atr_pct': 0.15670776478114373, 'bb_position': -0.3709651714338775, 'ema_distance': 0.031574696859394645, 'trend_strength': 0.4024683226040518, 'hour': 14, 'day_of_week': 1}","{'price': 23468.7, 'rsi': 8.758343743278047, 'macd': -45.26029596321678, 'atr_pct': 0.1657374655239917, 'bb_position': 0.13947046175834468, 'ema_distance': 0.2740835597532551, 'trend_strength': 0.7689664373977068, 'hour': 9, 'day_of_week': 2}"
642,trend_following,SELL,23355.75,23408.817773390558,-19900.41502145914,-53.067773390557704,-0.2272150258097372,1125.0,STOP_LOSS,0.5264100680708714,2.5,TRENDING,LOW,0.8,"{'price': 23355.75, 'rsi': 55.539220490705006, 'macd': -19.435640653282462, 'atr_pct': 0.10384411302814672, 'bb_position': 0.8352680874554677, 'ema_distance': 0.04893729916198646, 'trend_strength': 0.5812099822847394, 'hour': 15, 'day_of_week': 3}","{'price': 23500.05, 'rsi': 77.77909323890319, 'macd': 14.228992493852274, 'atr_pct': 0.20161051329070098, 'bb_position': 1.1084418675732208, 'ema_distance': 0.11938297910722448, 'trend_strength': 0.4641042491103643, 'hour': 9, 'day_of_week': 4}"
643,trend_following,BUY,24187.4,24197.4,1500.0,10.0,0.041343840181251396,195.0,STOP_LOSS,0.3597291221253168,2.5,TRENDING,NORMAL,0.8,"{'price': 24187.4, 'rsi': 44.67187726455245, 'macd': 16.13075656885121, 'atr_pct': 0.185840561614728, 'bb_position': 0.19651903237976126, 'ema_distance': 0.0037055197508104607, 'trend_strength': 0.4184275102953699, 'hour': 12, 'day_of_week': 1}","{'price': 24192.95, 'rsi': 48.414828262630756, 'macd': 4.2115857003154815, 'atr_pct': 0.14971894114371637, 'bb_position': 0.5201887122776134, 'ema_distance': 0.007785678123363172, 'trend_strength': 0.4369148874062164, 'hour': 15, 'day_of_week': 1}"
644,trend_following,BUY,24192.95,24202.95,3000.0,10.0,0.041334355669730226,1230.0,STOP_LOSS,0.5386760558818071,2.5,TRENDING,LOW,0.8,"{'price': 24192.95, 'rsi': 48.414828262630756, 'macd': 4.2115857003154815, 'atr_pct': 0.14971894114371637, 'bb_position': 0.5201887122776134, 'ema_distance': 0.007785678123363172, 'trend_strength': 0.4369148874062164, 'hour': 15, 'day_of_week': 1}","{'price': 24193.8, 'rsi': 38.38798386308644, 'macd': 2.7930529675722937, 'atr_pct': 0.15325650137047842, 'bb_position': 0.5052954084322, 'ema_distance': 0.008529006550922551, 'trend_strength': 0.16629106356213572, 'hour': 11, 'day_of_week': 2}"
645,trend_following,BUY,24192.95,24202.95,3000.0,10.0,0.041334355669730226,1215.0,STOP_LOSS,0.5386760558818071,2.5,TRENDING,LOW,0.8,"{'price': 24192.95, 'rsi': 51.18432589943949, 'macd': 3.699297728588135, 'atr_pct': 0.1451131129405172, 'bb_position': 0.5261444108797555, 'ema_distance': 0.005396176535855685, 'trend_strength': 0.4495771633014294, 'hour': 15, 'day_of_week': 1}","{'price': 24193.8, 'rsi': 38.38798386308644, 'macd': 2.7930529675722937, 'atr_pct': 0.15325650137047842, 'bb_position': 0.5052954084322, 'ema_distance': 0.008529006550922551, 'trend_strength': 0.16629106356213572, 'hour': 11, 'day_of_week': 2}"
646,trend_following,SELL,24063.3,24053.3,3000.0,10.0,0.0415570599211247,45.0,STOP_LOSS,0.4928342303361184,2.5,TRENDING,NORMAL,0.8,"{'price': 24063.3, 'rsi': 55.91647909310383, 'macd': -43.24238716086984, 'atr_pct': 0.2795157533909038, 'bb_position': 0.7830356580825767, 'ema_distance': 0.11871384186044254, 'trend_strength': 0.5625417602264666, 'hour': 9, 'day_of_week': 4}","{'price': 24082.35, 'rsi': 58.031767803228526, 'macd': -26.866846803593944, 'atr_pct': 0.33529297834899047, 'bb_position': 0.9115762874531075, 'ema_distance': 0.04443705289026358, 'trend_strength': 0.44940790638507144, 'hour': 10, 'day_of_week': 4}"
647,trend_following,SELL,24036.9,24096.15,-17775.0,-59.25,-0.24649601238096427,30.0,STOP_LOSS,0.4717355112667905,2.5,TRENDING,NORMAL,0.8,"{'price': 24036.9, 'rsi': 52.74969989599843, 'macd': -35.99067518794254, 'atr_pct': 0.3140855458541985, 'bb_position': 0.697039924519446, 'ema_distance': 0.08962688773621838, 'trend_strength': 0.4986729900231511, 'hour': 10, 'day_of_week': 4}","{'price': 24130.0, 'rsi': 56.7290994213361, 'macd': -15.611233718384028, 'atr_pct': 0.3265792433840496, 'bb_position': 1.0817497592553758, 'ema_distance': 0.010677110658103001, 'trend_strength': 0.42217169795518805, 'hour': 10, 'day_of_week': 4}"
648,trend_following,SELL,24082.35,24132.65,-15090.000000000873,-50.30000000000291,-0.208866659607567,4275.0,STOP_LOSS,0.4001589754739681,2.5,TRENDING,NORMAL,0.8,"{'price': 24082.35, 'rsi': 58.031767803228526, 'macd': -26.866846803593944, 'atr_pct': 0.33529297834899047, 'bb_position': 0.9115762874531075, 'ema_distance': 0.04443705289026358, 'trend_strength': 0.44940790638507144, 'hour': 10, 'day_of_week': 4}","{'price': 24136.1, 'rsi': 51.49285829243873, 'macd': 9.544733050715877, 'atr_pct': 0.20092901741138114, 'bb_position': 0.6367645514607206, 'ema_distance': 0.028103520200194035, 'trend_strength': 0.3616573454800147, 'hour': 9, 'day_of_week': 0}"
650,trend_following,BUY,24449.7,24459.7,1500.0,10.0,0.0409002973451617,30.0,STOP_LOSS,0.33465874799222617,2.5,TRENDING,NORMAL,0.8,"{'price': 24449.7, 'rsi': 48.33003393421988, 'macd': 26.109193344062078, 'atr_pct': 0.20039684974224176, 'bb_position': 0.2543666570779416, 'ema_distance': 0.051270951936221804, 'trend_strength': 0.4354615945688431, 'hour': 12, 'day_of_week': 2}","{'price': 24439.9, 'rsi': 49.314278050491694, 'macd': 17.96375740581061, 'atr_pct': 0.2220023112088972, 'bb_position': 0.20033243800131323, 'ema_distance': 0.018536195879134236, 'trend_strength': 0.4511676133247504, 'hour': 12, 'day_of_week': 2}"
651,trend_following,BUY,24439.9,24449.9,2250.0,10.0,0.040916697695162416,135.0,STOP_LOSS,0.44282381645015334,2.5,TRENDING,NORMAL,0.8,"{'price': 24439.9, 'rsi': 49.314278050491694, 'macd': 17.96375740581061, 'atr_pct': 0.2220023112088972, 'bb_position': 0.20033243800131323, 'ema_distance': 0.018536195879134236, 'trend_strength': 0.4511676133247504, 'hour': 12, 'day_of_week': 2}","{'price': 24438.1, 'rsi': 38.58755132800175, 'macd': 6.24446867788356, 'atr_pct': 0.24006717847482842, 'bb_position': 0.13861055344671824, 'ema_distance': 0.0076874366436513585, 'trend_strength': 0.7555346532922171, 'hour': 14, 'day_of_week': 2}"
649,trend_following,BUY,24414.0,24424.0,3750.0,10.0,0.04096010485786844,1335.0,STOP_LOSS,0.47851385729104173,2.5,TRENDING,NORMAL,0.8,"{'price': 24414.0, 'rsi': 43.477388308737694, 'macd': 32.832897948170285, 'atr_pct': 0.17516296270290116, 'bb_position': 0.06169244112985535, 'ema_distance': 0.08374147730559489, 'trend_strength': 0.4265654121966959, 'hour': 11, 'day_of_week': 2}","{'price': 24400.1, 'rsi': 38.52884316724045, 'macd': -7.162767483143398, 'atr_pct': 0.20323394459156305, 'bb_position': 0.018495652988903804, 'ema_distance': 0.05722641773126542, 'trend_strength': 0.6716278804438482, 'hour': 10, 'day_of_week': 3}"
652,trend_following,BUY,24683.1,24620.5,-18779.999999999563,-62.599999999998545,-0.2536148214770371,4095.0,STOP_LOSS,0.5013834420998372,2.5,TRENDING,LOW,0.8,"{'price': 24683.1, 'rsi': 34.51324120034219, 'macd': 19.74522280644669, 'atr_pct': 0.11753270166921445, 'bb_position': 0.26425772473741804, 'ema_distance': 0.039751108578581495, 'trend_strength': 0.7074914905359471, 'hour': 13, 'day_of_week': 4}","{'price': 24584.95, 'rsi': 13.362983879896674, 'macd': -9.107025109988172, 'atr_pct': 0.1477529952267533, 'bb_position': -0.2541704356722274, 'ema_distance': 0.07231866852199566, 'trend_strength': 0.774730550500885, 'hour': 10, 'day_of_week': 0}"
653,trend_following,BUY,24677.75,24620.5,-21468.75,-57.25,-0.2319903556847768,4065.0,STOP_LOSS,0.5731669740458536,2.5,TRENDING,LOW,0.8,"{'price': 24677.75, 'rsi': 36.96679175021865, 'macd': 15.3598676916954, 'atr_pct': 0.10933793744220036, 'bb_position': 0.22567988345663767, 'ema_distance': 0.024433103339535082, 'trend_strength': 0.683327687493208, 'hour': 14, 'day_of_week': 4}","{'price': 24584.95, 'rsi': 13.362983879896674, 'macd': -9.107025109988172, 'atr_pct': 0.1477529952267533, 'bb_position': -0.2541704356722274, 'ema_distance': 0.07231866852199566, 'trend_strength': 0.774730550500885, 'hour': 10, 'day_of_week': 0}"
654,trend_following,BUY,24625.65,24635.65,3750.0,10.0,0.040608065167822976,75.0,STOP_LOSS,0.327900927313252,2.5,TRENDING,LOW,0.8,"{'price': 24625.65, 'rsi': 47.02484350748815, 'macd': -1.9761493288206111, 'atr_pct': 0.13496380516134285, 'bb_position': 0.4040153290965454, 'ema_distance': 0.0011957846507908328, 'trend_strength': 0.7437800818189585, 'hour': 10, 'day_of_week': 1}","{'price': 24627.4, 'rsi': 49.664283268971474, 'macd': 0.05439985659177182, 'atr_pct': 0.12499144390858412, 'bb_position': 0.42398029896890627, 'ema_distance': 0.005363630912238741, 'trend_strength': 0.8511049969338811, 'hour': 11, 'day_of_week': 1}"
655,trend_following,BUY,24627.4,24593.25,-12806.250000000546,-34.150000000001455,-0.13866668832276835,30.0,STOP_LOSS,0.34526220641921057,2.5,TRENDING,LOW,0.8,"{'price': 24627.4, 'rsi': 49.664283268971474, 'macd': 0.05439985659177182, 'atr_pct': 0.12499144390858412, 'bb_position': 0.42398029896890627, 'ema_distance': 0.005363630912238741, 'trend_strength': 0.8511049969338811, 'hour': 11, 'day_of_week': 1}","{'price': 24591.45, 'rsi': 42.824821576852045, 'macd': -5.0962932320762775, 'atr_pct': 0.13182572456222402, 'bb_position': 0.04721496224534822, 'ema_distance': 0.02419340276574158, 'trend_strength': 0.8508020822172377, 'hour': 12, 'day_of_week': 1}"
656,breakout,SELL,24591.45,24677.8,-6476.249999999891,-86.34999999999854,-0.35113830213345915,1395.0,STOP_LOSS,0.1752075111125127,3.0,TRENDING,LOW,0.75,"{'price': 24591.45, 'rsi': 42.824821576852045, 'macd': -5.0962932320762775, 'atr_pct': 0.13182572456222402, 'bb_position': 0.04721496224534822, 'ema_distance': 0.02419340276574158, 'trend_strength': 0.8508020822172377, 'hour': 12, 'day_of_week': 1}","{'price': 24681.8, 'rsi': 84.53267951464031, 'macd': 17.042191792574158, 'atr_pct': 0.1438885564030431, 'bb_position': 0.8688470560054712, 'ema_distance': 0.08756401019200613, 'trend_strength': 0.41503912876143617, 'hour': 11, 'day_of_week': 2}"
657,trend_following,BUY,24634.95,24604.45,-11437.5,-30.5,-0.12380784211049747,60.0,STOP_LOSS,0.3099715293560982,2.5,TRENDING,LOW,0.8,"{'price': 24634.95, 'rsi': 49.5346273820875, 'macd': 2.7119741402057116, 'atr_pct': 0.10612100752328461, 'bb_position': 0.24666664964529145, 'ema_distance': 0.0029487624380200926, 'trend_strength': 0.38494584559059847, 'hour': 9, 'day_of_week': 3}","{'price': 24602.1, 'rsi': 33.2589143519986, 'macd': -5.319084891227249, 'atr_pct': 0.10965962835925284, 'bb_position': -0.05614873140183667, 'ema_distance': 0.034712217924548275, 'trend_strength': 0.4169369706242571, 'hour': 10, 'day_of_week': 3}"
658,trend_following,SELL,24545.3,24579.85,-12956.249999999727,-34.54999999999927,-0.14076014552683924,30.0,STOP_LOSS,0.35222347574872515,2.5,TRENDING,NORMAL,0.8,"{'price': 24545.3, 'rsi': 50.34087876894199, 'macd': -58.190200018285395, 'atr_pct': 0.3121487907781032, 'bb_position': 0.7142831046822337, 'ema_distance': 0.19309119461283508, 'trend_strength': 0.7846686409236123, 'hour': 11, 'day_of_week': 4}","{'price': 24584.2, 'rsi': 53.399642897018545, 'macd': -23.60953659246661, 'atr_pct': 0.34291769278061496, 'bb_position': 0.7878533594624633, 'ema_distance': 0.011471805735768998, 'trend_strength': 0.7136289703189724, 'hour': 12, 'day_of_week': 4}"
659,trend_following,SELL,24560.45,24598.8,-14381.249999999454,-38.349999999998545,-0.1561453474997345,4185.0,STOP_LOSS,0.39096296078041626,2.5,TRENDING,NORMAL,0.8,"{'price': 24560.45, 'rsi': 50.818925321798794, 'macd': -40.11937676685557, 'atr_pct': 0.3302202175797756, 'bb_position': 0.7476099289600459, 'ema_distance': 0.0950068513656203, 'trend_strength': 0.7479265104619957, 'hour': 12, 'day_of_week': 4}","{'price': 24728.15, 'rsi': 63.44385319696611, 'macd': 65.75378819370599, 'atr_pct': 0.22189864009814164, 'bb_position': 0.6264887933682136, 'ema_distance': 0.2504811875377233, 'trend_strength': 0.266422413278532, 'hour': 9, 'day_of_week': 0}"
660,trend_following,SELL,24584.2,24615.55,-7053.749999999673,-31.349999999998545,-0.12752092807575005,4170.0,STOP_LOSS,0.1924382636477895,2.5,TRENDING,NORMAL,0.8,"{'price': 24584.2, 'rsi': 53.399642897018545, 'macd': -23.60953659246661, 'atr_pct': 0.34291769278061496, 'bb_position': 0.7878533594624633, 'ema_distance': 0.011471805735768998, 'trend_strength': 0.7136289703189724, 'hour': 12, 'day_of_week': 4}","{'price': 24728.15, 'rsi': 63.44385319696611, 'macd': 65.75378819370599, 'atr_pct': 0.22189864009814164, 'bb_position': 0.6264887933682136, 'ema_distance': 0.2504811875377233, 'trend_strength': 0.266422413278532, 'hour': 9, 'day_of_week': 0}"
661,trend_following,SELL,23825.9,23861.05,-13181.249999999181,-35.14999999999782,-0.14752852987714135,30.0,STOP_LOSS,0.36172214649299206,2.5,TRENDING,NORMAL,0.8,"{'price': 23825.9, 'rsi': 59.27104847440661, 'macd': -25.71094812993033, 'atr_pct': 0.3007531419889402, 'bb_position': 0.9083242745429428, 'ema_distance': 0.02647538710304003, 'trend_strength': 0.5278444826643373, 'hour': 10, 'day_of_week': 0}","{'price': 23862.75, 'rsi': 64.27232509949091, 'macd': -7.144458626822598, 'atr_pct': 0.29062031827848994, 'bb_position': 0.9562321310476878, 'ema_distance': 0.05661176518517763, 'trend_strength': 0.4425916268074335, 'hour': 11, 'day_of_week': 0}"
662,trend_following,SELL,23751.35,23812.35,-18300.0,-61.0,-0.2568275066469906,1155.0,STOP_LOSS,0.5040149044801803,2.5,TRENDING,LOW,0.8,"{'price': 23751.35, 'rsi': 45.95804190546227, 'macd': 0.1772009475134837, 'atr_pct': 0.12306067414514124, 'bb_position': 0.5169374368907464, 'ema_distance': 0.0010201144317946525, 'trend_strength': 0.6805790127863479, 'hour': 14, 'day_of_week': 3}","{'price': 23918.4, 'rsi': 92.08219773409584, 'macd': 26.466643670246413, 'atr_pct': 0.15729074090001696, 'bb_position': 1.2595554130501552, 'ema_distance': 0.1405885129346718, 'trend_strength': 0.836263672647572, 'hour': 9, 'day_of_week': 4}"
663,trend_following,BUY,23794.45,23804.45,1500.0,10.0,0.04202660704492014,30.0,STOP_LOSS,0.3543900483141906,2.5,TRENDING,NORMAL,0.8,"{'price': 23794.45, 'rsi': 45.39266840510243, 'macd': 5.158914974057552, 'atr_pct': 0.19838059475453976, 'bb_position': 0.3928088212267232, 'ema_distance': 0.03364436921729364, 'trend_strength': 0.5136667671846867, 'hour': 12, 'day_of_week': 0}","{'price': 23795.2, 'rsi': 55.12227959022421, 'macd': 0.3758023071750358, 'atr_pct': 0.2057137573964506, 'bb_position': 0.4183487544721877, 'ema_distance': 0.0021246835392114325, 'trend_strength': 0.5373175028815167, 'hour': 12, 'day_of_week': 0}"
664,trend_following,BUY,23805.25,23709.1,-14422.500000000218,-96.15000000000146,-0.4039025004988457,60.0,STOP_LOSS,0.39923378026255496,2.5,TRENDING,NORMAL,0.8,"{'price': 23805.25, 'rsi': 46.786234639110276, 'macd': 2.945350848367525, 'atr_pct': 0.2144935015835349, 'bb_position': 0.46268170855309615, 'ema_distance': 0.018247637704304216, 'trend_strength': 0.5346563965765401, 'hour': 12, 'day_of_week': 0}","{'price': 23692.8, 'rsi': 38.32850231711977, 'macd': -17.87892805697993, 'atr_pct': 0.20455279964497955, 'bb_position': 0.01589806416366638, 'ema_distance': 0.09869587592473572, 'trend_strength': 0.5142868916512267, 'hour': 13, 'day_of_week': 0}"
665,trend_following,BUY,23795.2,23709.1,-12915.000000000327,-86.10000000000218,-0.3618376815492292,45.0,STOP_LOSS,0.3573558151774012,2.5,TRENDING,NORMAL,0.8,"{'price': 23795.2, 'rsi': 55.12227959022421, 'macd': 0.3758023071750358, 'atr_pct': 0.2057137573964506, 'bb_position': 0.4183487544721877, 'ema_distance': 0.0021246835392114325, 'trend_strength': 0.5373175028815167, 'hour': 12, 'day_of_week': 0}","{'price': 23692.8, 'rsi': 38.32850231711977, 'macd': -17.87892805697993, 'atr_pct': 0.20455279964497955, 'bb_position': 0.01589806416366638, 'ema_distance': 0.09869587592473572, 'trend_strength': 0.5142868916512267, 'hour': 13, 'day_of_week': 0}"
667,trend_following,SELL,23639.4,23680.3,-15337.499999999181,-40.89999999999782,-0.17301623560664744,30.0,STOP_LOSS,0.4276205953468935,2.5,TRENDING,NORMAL,0.8,"{'price': 23639.4, 'rsi': 78.4893713921293, 'macd': -20.401531648069067, 'atr_pct': 0.1883961280138837, 'bb_position': 0.7843060494084247, 'ema_distance': 0.033924565842007745, 'trend_strength': 0.5809240750571886, 'hour': 13, 'day_of_week': 1}","{'price': 23680.4, 'rsi': 75.75774806350535, 'macd': -8.81499315172914, 'atr_pct': 0.170544899096781, 'bb_position': 0.9782683861607041, 'ema_distance': 0.019273777443993508, 'trend_strength': 0.502519454326662, 'hour': 14, 'day_of_week': 1}"
666,trend_following,SELL,23621.7,23611.7,1500.0,10.0,0.042333955642481276,1245.0,STOP_LOSS,0.3678164436260303,2.5,TRENDING,NORMAL,0.8,"{'price': 23621.7, 'rsi': 63.39823972501673, 'macd': -25.680742218741216, 'atr_pct': 0.1966563432291974, 'bb_position': 0.7055803511015508, 'ema_distance': 0.05876713136439858, 'trend_strength': 0.6253888114921822, 'hour': 13, 'day_of_week': 1}","{'price': 23629.6, 'rsi': 56.05686644907056, 'macd': -2.5594190586489276, 'atr_pct': 0.18789992213156448, 'bb_position': 0.5108850448325518, 'ema_distance': 0.0013012339065843156, 'trend_strength': 0.21878947147215835, 'hour': 10, 'day_of_week': 2}"
669,trend_following,BUY,24076.7,24086.7,1500.0,10.0,0.04153393114504895,60.0,STOP_LOSS,0.3390314407538995,2.5,NEUTRAL,NORMAL,0.8,"{'price': 24076.7, 'rsi': 38.11061015021726, 'macd': 22.29232460833009, 'atr_pct': 0.21882448294705636, 'bb_position': 0.36815620265646803, 'ema_distance': 0.042286539241759055, 'trend_strength': 0.29041190588511395, 'hour': 12, 'day_of_week': 4}","{'price': 24081.35, 'rsi': 56.567424276483344, 'macd': 16.773679522782913, 'atr_pct': 0.17943642813095642, 'bb_position': 0.4549966684586541, 'ema_distance': 0.030816616451989947, 'trend_strength': 0.31063889264403094, 'hour': 13, 'day_of_week': 4}"
668,trend_following,BUY,24059.1,24069.1,2250.0,10.0,0.041564314542106726,90.0,STOP_LOSS,0.4184689214844658,2.5,NEUTRAL,NORMAL,0.8,"{'price': 24059.1, 'rsi': 35.13573893203731, 'macd': 25.24952252230287, 'atr_pct': 0.21031543158305832, 'bb_position': 0.2789357333644103, 'ema_distance': 0.05363205048368395, 'trend_strength': 0.26730561859002977, 'hour': 12, 'day_of_week': 4}","{'price': 24041.65, 'rsi': 49.19636919982939, 'macd': 11.742095394783973, 'atr_pct': 0.1815004972026218, 'bb_position': 0.24734895425014305, 'ema_distance': 0.0064799318881688115, 'trend_strength': 0.29647843283561065, 'hour': 13, 'day_of_week': 4}"
670,trend_following,BUY,24081.35,24000.25,-12164.999999999782,-81.09999999999854,-0.3367751392675184,105.0,STOP_LOSS,0.3403396954435655,2.5,TRENDING,NORMAL,0.8,"{'price': 24081.35, 'rsi': 56.567424276483344, 'macd': 16.773679522782913, 'atr_pct': 0.17943642813095642, 'bb_position': 0.4549966684586541, 'ema_distance': 0.030816616451989947, 'trend_strength': 0.31063889264403094, 'hour': 13, 'day_of_week': 4}","{'price': 23990.15, 'rsi': 20.869971058703698, 'macd': -10.054416332088294, 'atr_pct': 0.15749023185408556, 'bb_position': 0.06551315762960136, 'ema_distance': 0.08142268313678205, 'trend_strength': 0.3318515791801753, 'hour': 15, 'day_of_week': 4}"
671,trend_following,BUY,24041.65,24000.25,-15525.000000000546,-41.400000000001455,-0.1722011592382447,90.0,STOP_LOSS,0.4340690362499517,2.5,NEUTRAL,NORMAL,0.8,"{'price': 24041.65, 'rsi': 49.19636919982939, 'macd': 11.742095394783973, 'atr_pct': 0.1815004972026218, 'bb_position': 0.24734895425014305, 'ema_distance': 0.0064799318881688115, 'trend_strength': 0.29647843283561065, 'hour': 13, 'day_of_week': 4}","{'price': 23990.15, 'rsi': 20.869971058703698, 'macd': -10.054416332088294, 'atr_pct': 0.15749023185408556, 'bb_position': 0.06551315762960136, 'ema_distance': 0.08142268313678205, 'trend_strength': 0.3318515791801753, 'hour': 15, 'day_of_week': 4}"
672,trend_following,SELL,23745.9,23735.9,2250.0,10.0,0.042112533110979164,75.0,STOP_LOSS,0.37878166379491746,2.5,TRENDING,NORMAL,0.8,"{'price': 23745.9, 'rsi': 52.44349401489411, 'macd': -41.84583117377406, 'atr_pct': 0.2948178121576494, 'bb_position': 0.7890118933950708, 'ema_distance': 0.08535112307772665, 'trend_strength': 0.5912195131893447, 'hour': 10, 'day_of_week': 1}","{'price': 23748.85, 'rsi': 61.01249726325891, 'macd': -16.839687767263968, 'atr_pct': 0.28291595472743236, 'bb_position': 0.7596411296117205, 'ema_distance': 0.0020215961605211615, 'trend_strength': 0.46091616975143274, 'hour': 11, 'day_of_week': 1}"
673,trend_following,SELL,23758.85,23748.85,3750.0,10.0,0.04208957925152101,60.0,STOP_LOSS,0.47507494091208124,2.5,TRENDING,NORMAL,0.8,"{'price': 23758.85, 'rsi': 57.35123230522743, 'macd': -33.49009833811215, 'atr_pct': 0.2939806790792862, 'bb_position': 0.8058907520208054, 'ema_distance': 0.04840014601857351, 'trend_strength': 0.5769796776086663, 'hour': 10, 'day_of_week': 1}","{'price': 23748.85, 'rsi': 61.01249726325891, 'macd': -16.839687767263968, 'atr_pct': 0.28291595472743236, 'bb_position': 0.7596411296117205, 'ema_distance': 0.0020215961605211615, 'trend_strength': 0.46091616975143274, 'hour': 11, 'day_of_week': 1}"
674,trend_following,SELL,23720.55,23127.536249999997,222380.1562500007,593.0137500000019,2.500000000000008,8580.0,TAKE_PROFIT,0.5269091081031674,2.5,TRENDING,LOW,0.8,"{'price': 23720.55, 'rsi': 41.616953413892944, 'macd': -8.403268995967665, 'atr_pct': 0.1241539508991147, 'bb_position': 0.38997560388748503, 'ema_distance': 0.019906305265452246, 'trend_strength': 0.5537910657325453, 'hour': 14, 'day_of_week': 1}","{'price': 23114.1, 'rsi': 5.831684250664878, 'macd': -71.28402318718145, 'atr_pct': 0.18079564298106318, 'bb_position': 0.04479629900157061, 'ema_distance': 0.2836634632451053, 'trend_strength': 0.7916286524880924, 'hour': 13, 'day_of_week': 0}"
676,trend_following,SELL,23185.5,23175.5,2250.0,10.0,0.04313040477884885,120.0,STOP_LOSS,0.4932024585648875,2.5,TRENDING,NORMAL,0.8,"{'price': 23185.5, 'rsi': 55.30263001672607, 'macd': -33.41873335568016, 'atr_pct': 0.20693352064251894, 'bb_position': 0.6994355664441353, 'ema_distance': 0.07411712935869232, 'trend_strength': 0.5976525419163123, 'hour': 10, 'day_of_week': 1}","{'price': 23181.9, 'rsi': 63.11912058905208, 'macd': -8.979031759368809, 'atr_pct': 0.1921141678883699, 'bb_position': 0.5959765349528472, 'ema_distance': 0.0006176019383677235, 'trend_strength': 0.24920782762007485, 'hour': 12, 'day_of_week': 1}"
677,trend_following,SELL,23211.9,23293.65,-18393.75,-81.75,-0.35219004045338814,1155.0,STOP_LOSS,0.48666377037505437,2.5,TRENDING,LOW,0.8,"{'price': 23211.9, 'rsi': 41.25314204383387, 'macd': -5.671043022230151, 'atr_pct': 0.14627657119224013, 'bb_position': 0.43043969992217207, 'ema_distance': 0.03888359412190584, 'trend_strength': 0.6060316775188854, 'hour': 14, 'day_of_week': 2}","{'price': 23310.85, 'rsi': 58.71629160998725, 'macd': 22.07832296363995, 'atr_pct': 0.19140381900641654, 'bb_position': 0.9064813572980607, 'ema_distance': 0.11936789329410875, 'trend_strength': 0.593869183197366, 'hour': 9, 'day_of_week': 3}"
678,trend_following,SELL,23212.6,23202.6,3000.0,10.0,0.04308005135142121,60.0,STOP_LOSS,0.45185450807547783,2.5,TRENDING,NORMAL,0.8,"{'price': 23212.6, 'rsi': 75.6784636660179, 'macd': -15.816453918389016, 'atr_pct': 0.16975078805722665, 'bb_position': 0.6458296515906025, 'ema_distance': 0.04901995599943873, 'trend_strength': 0.3366705410102604, 'hour': 14, 'day_of_week': 4}","{'price': 23203.1, 'rsi': 57.75424514779969, 'macd': -8.47043729662255, 'atr_pct': 0.16578757641374253, 'bb_position': 0.5887637726104173, 'ema_distance': 0.017070584443520595, 'trend_strength': 0.1950668723622084, 'hour': 15, 'day_of_week': 4}"
675,trend_following,SELL,23666.3,23074.642499999998,88748.62500000017,591.6575000000012,2.500000000000005,18765.0,TAKE_PROFIT,0.3609775711569564,2.5,TRENDING,NORMAL,0.8,"{'price': 23666.3, 'rsi': 59.809052575100445, 'macd': -24.737206106157828, 'atr_pct': 0.17573209886752555, 'bb_position': 0.832437145877856, 'ema_distance': 0.058696737639620834, 'trend_strength': 0.8537388638806688, 'hour': 13, 'day_of_week': 2}","{'price': 23012.25, 'rsi': 41.4638930704701, 'macd': -36.258238352282206, 'atr_pct': 0.4700912402245422, 'bb_position': -0.11867160612703065, 'ema_distance': 0.17822135761685598, 'trend_strength': 0.32093292718537136, 'hour': 14, 'day_of_week': 1}"
680,trend_following,SELL,23065.55,23144.25,-17707.500000000164,-78.70000000000073,-0.3412014888004003,45.0,STOP_LOSS,0.45958708714322183,2.5,TRENDING,NORMAL,0.8,"{'price': 23065.55, 'rsi': 42.758652806089465, 'macd': -34.51043324189959, 'atr_pct': 0.19618001738523697, 'bb_position': 0.5776817579461347, 'ema_distance': 0.11417943714253935, 'trend_strength': 0.45535764133405965, 'hour': 14, 'day_of_week': 2}","{'price': 23159.4, 'rsi': 63.79982194281659, 'macd': -8.300935035040311, 'atr_pct': 0.21328889596202308, 'bb_position': 1.0228749871905973, 'ema_distance': 0.02589028215368372, 'trend_strength': 0.439035967852959, 'hour': 14, 'day_of_week': 2}"
681,trend_following,BUY,23213.85,23188.35,-9562.5,-25.5,-0.10984821561266227,1140.0,STOP_LOSS,0.2493346162258319,2.5,TRENDING,LOW,0.8,"{'price': 23213.85, 'rsi': 45.09664677921774, 'macd': 21.433148748241365, 'atr_pct': 0.10503274061451459, 'bb_position': 0.13682305708754816, 'ema_distance': 0.06320329822507877, 'trend_strength': 0.5094307192881012, 'hour': 14, 'day_of_week': 3}","{'price': 23145.85, 'rsi': 24.955887832071667, 'macd': 5.645215454886056, 'atr_pct': 0.1577573764380473, 'bb_position': -0.33949609158507893, 'ema_distance': 0.009372225241800602, 'trend_strength': 0.5435599615415072, 'hour': 9, 'day_of_week': 4}"
682,trend_following,SELL,22892.0,22882.0,2250.0,10.0,0.04368338284116722,30.0,STOP_LOSS,0.47903686335056095,2.5,TRENDING,NORMAL,0.8,"{'price': 22892.0, 'rsi': 54.641877484118424, 'macd': -34.42866374271034, 'atr_pct': 0.19552994183869415, 'bb_position': 0.7233726959354719, 'ema_distance': 0.08197124554393329, 'trend_strength': 0.4652820829395383, 'hour': 9, 'day_of_week': 1}","{'price': 22906.7, 'rsi': 60.40378323157813, 'macd': -24.768612369127368, 'atr_pct': 0.2039172568973873, 'bb_position': 0.8218556425889068, 'ema_distance': 0.0398745462944599, 'trend_strength': 0.4050371677594933, 'hour': 10, 'day_of_week': 1}"
683,trend_following,SELL,22906.7,22896.7,2250.0,10.0,0.04365534974483448,30.0,STOP_LOSS,0.3923500996015325,2.5,TRENDING,NORMAL,0.8,"{'price': 22906.7, 'rsi': 60.40378323157813, 'macd': -24.768612369127368, 'atr_pct': 0.2039172568973873, 'bb_position': 0.8218556425889068, 'ema_distance': 0.0398745462944599, 'trend_strength': 0.4050371677594933, 'hour': 10, 'day_of_week': 1}","{'price': 22897.5, 'rsi': 56.000392826522685, 'macd': -18.373652116577432, 'atr_pct': 0.2028917692199692, 'bb_position': 0.7974644604569493, 'ema_distance': 0.018367875884869073, 'trend_strength': 0.3568108854042329, 'hour': 10, 'day_of_week': 1}"
684,trend_following,SELL,22897.5,22973.45,-17088.750000000164,-75.95000000000073,-0.33169559995633024,45.0,STOP_LOSS,0.4461645661953279,2.5,TRENDING,NORMAL,0.8,"{'price': 22897.5, 'rsi': 56.000392826522685, 'macd': -18.373652116577432, 'atr_pct': 0.2028917692199692, 'bb_position': 0.7974644604569493, 'ema_distance': 0.018367875884869073, 'trend_strength': 0.3568108854042329, 'hour': 10, 'day_of_week': 1}","{'price': 23007.3, 'rsi': 77.39481111730056, 'macd': 5.451861612640641, 'atr_pct': 0.23334208831855074, 'bb_position': 1.099133621129103, 'ema_distance': 0.09526705257627895, 'trend_strength': 0.3110250117444052, 'hour': 11, 'day_of_week': 1}"
679,trend_following,SELL,23381.8,23371.8,3750.0,10.0,0.04276830697380014,14280.0,STOP_LOSS,0.4433252455538057,2.5,TRENDING,NORMAL,0.8,"{'price': 23381.8, 'rsi': 51.79461941405897, 'macd': -19.830289182624256, 'atr_pct': 0.30140964339785575, 'bb_position': 0.7574398173631456, 'ema_distance': 0.09598244083681165, 'trend_strength': 0.3271437940812571, 'hour': 11, 'day_of_week': 1}","{'price': 23389.5, 'rsi': 69.7200753650375, 'macd': 35.696517473141284, 'atr_pct': 0.20627387747249246, 'bb_position': 1.0614879898396523, 'ema_distance': 0.1656506453468448, 'trend_strength': 0.5442696570577125, 'hour': 9, 'day_of_week': 4}"
686,trend_following,BUY,23730.25,23656.867043586186,-22014.88692414423,-73.3829564138141,-0.3092380249420638,1140.0,STOP_LOSS,0.5767881640963531,2.5,TRENDING,LOW,0.8,"{'price': 23730.25, 'rsi': 43.86287897118338, 'macd': 19.765423881133756, 'atr_pct': 0.10003807677662843, 'bb_position': 0.2445404401257127, 'ema_distance': 0.04018821925365191, 'trend_strength': 0.3901077758464841, 'hour': 14, 'day_of_week': 2}","{'price': 23640.6, 'rsi': 32.98497522888941, 'macd': -6.266068017786893, 'atr_pct': 0.1462828475467764, 'bb_position': -0.1104599537781852, 'ema_distance': 0.07277666136326487, 'trend_strength': 0.4119238004944157, 'hour': 9, 'day_of_week': 3}"
687,trend_following,SELL,23612.0,23602.0,2250.0,10.0,0.042351346772827377,45.0,STOP_LOSS,0.4263080175935372,2.5,TRENDING,NORMAL,0.8,"{'price': 23612.0, 'rsi': 59.313479863740945, 'macd': -10.836567737722362, 'atr_pct': 0.15331187531763707, 'bb_position': 0.703687539220573, 'ema_distance': 0.022920801475740306, 'trend_strength': 0.4318994142009368, 'hour': 10, 'day_of_week': 4}","{'price': 23613.2, 'rsi': 56.18893543564125, 'macd': -12.829290412704722, 'atr_pct': 0.20562046409877505, 'bb_position': 0.7479051389116051, 'ema_distance': 0.03826765613926594, 'trend_strength': 0.42515745761751794, 'hour': 10, 'day_of_week': 4}"
685,trend_following,BUY,23223.6,23233.6,1500.0,10.0,0.04305964622194664,17250.0,STOP_LOSS,0.3597507867346141,2.5,TRENDING,NORMAL,0.8,"{'price': 23223.6, 'rsi': 48.93002014874956, 'macd': 31.310124670177174, 'atr_pct': 0.1894009295962502, 'bb_position': 0.39375054212258637, 'ema_distance': 0.09356883447102328, 'trend_strength': 0.5125515561889465, 'hour': 13, 'day_of_week': 3}","{'price': 23184.9, 'rsi': 25.09616666165934, 'macd': -44.42661598977793, 'atr_pct': 0.14546105439316265, 'bb_position': 0.026453822670691365, 'ema_distance': 0.1763199416920173, 'trend_strength': 0.6196725434291127, 'hour': 12, 'day_of_week': 1}"
688,trend_following,SELL,23613.2,23022.87,132824.2500000004,590.3300000000017,2.500000000000008,5970.0,TAKE_PROFIT,0.4189446022194355,2.5,TRENDING,NORMAL,0.8,"{'price': 23613.2, 'rsi': 56.18893543564125, 'macd': -12.829290412704722, 'atr_pct': 0.20562046409877505, 'bb_position': 0.7479051389116051, 'ema_distance': 0.03826765613926594, 'trend_strength': 0.42515745761751794, 'hour': 10, 'day_of_week': 4}","{'price': 23018.3, 'rsi': 17.32864311582391, 'macd': -84.87041150118966, 'atr_pct': 0.21192765259443005, 'bb_position': 0.08406074047509908, 'ema_distance': 0.3709840927932872, 'trend_strength': 0.8222912858552657, 'hour': 14, 'day_of_week': 1}"
689,trend_following,SELL,23051.0,23041.0,2250.0,10.0,0.04338206585397597,45.0,STOP_LOSS,0.48980309990085974,2.5,TRENDING,NORMAL,0.8,"{'price': 23051.0, 'rsi': 49.50593884098082, 'macd': -61.71594049780833, 'atr_pct': 0.30399982647173296, 'bb_position': 0.7038136643276146, 'ema_distance': 0.17591018351609392, 'trend_strength': 0.6452230033868896, 'hour': 11, 'day_of_week': 2}","{'price': 23042.45, 'rsi': 47.303535086130786, 'macd': -36.32014589578466, 'atr_pct': 0.34038109166838837, 'bb_position': 0.6951653516687376, 'ema_distance': 0.058392855532490795, 'trend_strength': 0.6452103762999525, 'hour': 12, 'day_of_week': 2}"
690,trend_following,SELL,23044.4,23034.4,1500.0,10.0,0.04339449063546892,30.0,STOP_LOSS,0.337924646290756,2.5,TRENDING,NORMAL,0.8,"{'price': 23044.4, 'rsi': 46.913440445260505, 'macd': -50.98032613646137, 'atr_pct': 0.3093407261014119, 'bb_position': 0.6924622338348322, 'ema_distance': 0.12167221691426088, 'trend_strength': 0.6470778397047545, 'hour': 12, 'day_of_week': 2}","{'price': 23042.45, 'rsi': 47.303535086130786, 'macd': -36.32014589578466, 'atr_pct': 0.34038109166838837, 'bb_position': 0.6951653516687376, 'ema_distance': 0.058392855532490795, 'trend_strength': 0.6452103762999525, 'hour': 12, 'day_of_week': 2}"
691,trend_following,SELL,23042.45,23032.45,2250.0,10.0,0.043398162955762085,150.0,STOP_LOSS,0.472231194566211,2.5,TRENDING,NORMAL,0.8,"{'price': 23042.45, 'rsi': 47.303535086130786, 'macd': -36.32014589578466, 'atr_pct': 0.34038109166838837, 'bb_position': 0.6951653516687376, 'ema_distance': 0.058392855532490795, 'trend_strength': 0.6452103762999525, 'hour': 12, 'day_of_week': 2}","{'price': 23051.55, 'rsi': 55.599792427441606, 'macd': -10.6499261538047, 'atr_pct': 0.28337109032333213, 'bb_position': 0.6570924778046905, 'ema_distance': 0.011173766813913197, 'trend_strength': 0.5451847223457188, 'hour': 15, 'day_of_week': 2}"
692,trend_following,SELL,23074.9,23064.9,3750.0,10.0,0.043337132555287344,1260.0,STOP_LOSS,0.45907918907753453,2.5,TRENDING,NORMAL,0.8,"{'price': 23074.9, 'rsi': 60.37267608552666, 'macd': -27.151821062852832, 'atr_pct': 0.3240688862295005, 'bb_position': 0.7758692101347777, 'ema_distance': 0.016738634162411864, 'trend_strength': 0.6341633901443344, 'hour': 12, 'day_of_week': 2}","{'price': 23173.95, 'rsi': 61.55081942589577, 'macd': 12.972634004745487, 'atr_pct': 0.2751858382857832, 'bb_position': 1.101711921890055, 'ema_distance': 0.10475126835051415, 'trend_strength': 0.5384327850225594, 'hour': 9, 'day_of_week': 3}"
693,trend_following,SELL,23051.55,23144.7,-13972.500000000218,-93.15000000000146,-0.4040943016847086,1125.0,STOP_LOSS,0.35486925099192074,2.5,TRENDING,NORMAL,0.8,"{'price': 23051.55, 'rsi': 55.599792427441606, 'macd': -10.6499261538047, 'atr_pct': 0.28337109032333213, 'bb_position': 0.6570924778046905, 'ema_distance': 0.011173766813913197, 'trend_strength': 0.5451847223457188, 'hour': 15, 'day_of_week': 2}","{'price': 23173.95, 'rsi': 61.55081942589577, 'macd': 12.972634004745487, 'atr_pct': 0.2751858382857832, 'bb_position': 1.101711921890055, 'ema_distance': 0.10475126835051415, 'trend_strength': 0.5384327850225594, 'hour': 9, 'day_of_week': 3}"
694,trend_following,SELL,22916.15,22906.15,3750.0,10.0,0.04363734746019728,180.0,STOP_LOSS,0.48031098606056577,2.5,NEUTRAL,NORMAL,0.8,"{'price': 22916.15, 'rsi': 59.40337430687052, 'macd': -31.335293574422394, 'atr_pct': 0.30307696287802083, 'bb_position': 0.7958604192048445, 'ema_distance': 0.09732190262737334, 'trend_strength': 0.29692294480826464, 'hour': 10, 'day_of_week': 0}","{'price': 22937.55, 'rsi': 65.79805539905998, 'macd': -4.170935496582388, 'atr_pct': 0.26193792648797926, 'bb_position': 0.9801665072738304, 'ema_distance': 0.02280649287377594, 'trend_strength': 0.2682270170193963, 'hour': 13, 'day_of_week': 0}"
695,trend_following,SELL,22880.45,22870.45,2250.0,10.0,0.04370543411515071,45.0,STOP_LOSS,0.4927245900740667,2.5,TRENDING,NORMAL,0.8,"{'price': 22880.45, 'rsi': 54.85903053819363, 'macd': -14.757399524765788, 'atr_pct': 0.26068730541326457, 'bb_position': 0.6069540820411332, 'ema_distance': 0.029016007403926174, 'trend_strength': 0.30891985505984887, 'hour': 12, 'day_of_week': 0}","{'price': 22937.55, 'rsi': 65.79805539905998, 'macd': -4.170935496582388, 'atr_pct': 0.26193792648797926, 'bb_position': 0.9801665072738304, 'ema_distance': 0.02280649287377594, 'trend_strength': 0.2682270170193963, 'hour': 13, 'day_of_week': 0}"
696,trend_following,SELL,22894.25,22992.5,-14737.5,-98.25,-0.42914705657534097,1260.0,STOP_LOSS,0.37470032054295344,2.5,TRENDING,NORMAL,0.8,"{'price': 22894.25, 'rsi': 47.28279566372225, 'macd': -4.336529064272327, 'atr_pct': 0.1995822407061039, 'bb_position': 0.5606311359378814, 'ema_distance': 0.012898833399526497, 'trend_strength': 0.5881974701490769, 'hour': 13, 'day_of_week': 1}","{'price': 23034.3, 'rsi': 69.20834757458064, 'macd': 24.953260934307764, 'atr_pct': 0.20315975988603377, 'bb_position': 1.0933945776919023, 'ema_distance': 0.12431160374185861, 'trend_strength': 0.2808388594564574, 'hour': 10, 'day_of_week': 2}"
697,trend_following,SELL,22911.3,22901.3,3750.0,10.0,0.04364658487296662,150.0,STOP_LOSS,0.47611839238446246,2.5,TRENDING,NORMAL,0.8,"{'price': 22911.3, 'rsi': 44.19099450766968, 'macd': -12.876183542357467, 'atr_pct': 0.1960043422116736, 'bb_position': 0.5460350364297011, 'ema_distance': 0.05405030403905588, 'trend_strength': 0.6650658625961983, 'hour': 11, 'day_of_week': 3}","{'price': 22906.0, 'rsi': 63.46481126734218, 'macd': -6.626443638491764, 'atr_pct': 0.09521834578588109, 'bb_position': 0.7207663422893812, 'ema_distance': 0.02066600119196501, 'trend_strength': 0.5606571639265919, 'hour': 13, 'day_of_week': 3}"
699,trend_following,SELL,22909.75,22899.75,3750.0,10.0,0.0436495378605179,30.0,STOP_LOSS,0.14915267312767805,2.5,TRENDING,LOW,0.8,"{'price': 22909.75, 'rsi': 62.526016818642, 'macd': -4.940536717796931, 'atr_pct': 0.08988686975133658, 'bb_position': 0.7873079440249948, 'ema_distance': 0.011376358890149152, 'trend_strength': 0.5225969634084351, 'hour': 13, 'day_of_week': 3}","{'price': 22904.9, 'rsi': 57.039937502685184, 'macd': -3.461976091741235, 'atr_pct': 0.08653793979204584, 'bb_position': 0.7471133856973687, 'ema_distance': 0.005044877049551219, 'trend_strength': 0.4325089006021059, 'hour': 14, 'day_of_week': 3}"
698,trend_following,SELL,22906.0,22333.35,214743.75000000055,572.6500000000015,2.500000000000006,11295.0,TAKE_PROFIT,0.3269885526261008,2.5,TRENDING,LOW,0.8,"{'price': 22906.0, 'rsi': 63.46481126734218, 'macd': -6.626443638491764, 'atr_pct': 0.09521834578588109, 'bb_position': 0.7207663422893812, 'ema_distance': 0.02066600119196501, 'trend_strength': 0.5606571639265919, 'hour': 13, 'day_of_week': 3}","{'price': 22235.35, 'rsi': 7.213367400273938, 'macd': -51.43682596876533, 'atr_pct': 0.1680239541348089, 'bb_position': -0.17756160135488816, 'ema_distance': 0.29658040577410444, 'trend_strength': 0.6329225461159254, 'hour': 9, 'day_of_week': 4}"
700,trend_following,SELL,22904.9,22332.2775,214733.4375000005,572.6225000000013,2.5000000000000058,11250.0,TAKE_PROFIT,0.1728900437431322,2.5,TRENDING,LOW,0.8,"{'price': 22904.9, 'rsi': 57.039937502685184, 'macd': -3.461976091741235, 'atr_pct': 0.08653793979204584, 'bb_position': 0.7471133856973687, 'ema_distance': 0.005044877049551219, 'trend_strength': 0.4325089006021059, 'hour': 14, 'day_of_week': 3}","{'price': 22235.35, 'rsi': 7.213367400273938, 'macd': -51.43682596876533, 'atr_pct': 0.1680239541348089, 'bb_position': -0.17756160135488816, 'ema_distance': 0.29658040577410444, 'trend_strength': 0.6329225461159254, 'hour': 9, 'day_of_week': 4}"
701,trend_following,SELL,22087.6,22112.88603936238,-9482.264760893031,-25.286039362381416,-0.11448070121869926,1185.0,STOP_LOSS,0.21771369152004727,2.5,TRENDING,LOW,0.8,"{'price': 22087.6, 'rsi': 62.96780590034578, 'macd': -8.766042095383455, 'atr_pct': 0.11525535982697516, 'bb_position': 0.8705650634730394, 'ema_distance': 0.021652758628016192, 'trend_strength': 0.6377127504008557, 'hour': 14, 'day_of_week': 1}","{'price': 22256.45, 'rsi': 89.03326439198615, 'macd': 28.396018531286245, 'atr_pct': 0.15927966948907038, 'bb_position': 1.1718289930894739, 'ema_distance': 0.17558302170526333, 'trend_strength': 0.28463069166173427, 'hour': 9, 'day_of_week': 2}"
702,trend_following,SELL,22085.4,22111.808155465817,-9903.058299680652,-26.40815546581507,-0.11957291000305663,1170.0,STOP_LOSS,0.22737515078187545,2.5,TRENDING,LOW,0.8,"{'price': 22085.4, 'rsi': 51.44387678073268, 'macd': -6.691391129370459, 'atr_pct': 0.11107855351110982, 'bb_position': 0.8995216908011059, 'ema_distance': 0.01074245944324535, 'trend_strength': 0.6165320196314601, 'hour': 14, 'day_of_week': 1}","{'price': 22256.45, 'rsi': 89.03326439198615, 'macd': 28.396018531286245, 'atr_pct': 0.15927966948907038, 'bb_position': 1.1718289930894739, 'ema_distance': 0.17558302170526333, 'trend_strength': 0.28463069166173427, 'hour': 9, 'day_of_week': 2}"
704,trend_following,BUY,22526.85,22536.85,2250.0,10.0,0.04439147062283453,105.0,STOP_LOSS,0.37626959171586344,2.5,TRENDING,NORMAL,0.8,"{'price': 22526.85, 'rsi': 46.79173385753929, 'macd': 39.23379166171435, 'atr_pct': 0.2258733149869734, 'bb_position': 0.34177574353932466, 'ema_distance': 0.1269192697253686, 'trend_strength': 0.593876517650913, 'hour': 12, 'day_of_week': 4}","{'price': 22533.45, 'rsi': 39.90010980973394, 'macd': 20.090481897990685, 'atr_pct': 0.17183976963770958, 'bb_position': 0.2855748779166028, 'ema_distance': 0.04348475087536904, 'trend_strength': 0.7836742985898718, 'hour': 13, 'day_of_week': 4}"
705,trend_following,BUY,22533.45,22543.45,3000.0,10.0,0.04437846845467516,90.0,STOP_LOSS,0.47507662758545544,2.5,TRENDING,NORMAL,0.8,"{'price': 22533.45, 'rsi': 39.90010980973394, 'macd': 20.090481897990685, 'atr_pct': 0.17183976963770958, 'bb_position': 0.2855748779166028, 'ema_distance': 0.04348475087536904, 'trend_strength': 0.7836742985898718, 'hour': 13, 'day_of_week': 4}","{'price': 22536.95, 'rsi': 46.00073751437625, 'macd': 14.777467701933347, 'atr_pct': 0.15482510784670128, 'bb_position': 0.1934647788029388, 'ema_distance': 0.03283399320513116, 'trend_strength': 0.5760689535129702, 'hour': 15, 'day_of_week': 4}"
706,trend_following,BUY,22536.95,22546.95,3750.0,10.0,0.044371576455554104,4260.0,STOP_LOSS,0.3372471334923836,2.5,TRENDING,NORMAL,0.8,"{'price': 22536.95, 'rsi': 46.00073751437625, 'macd': 14.777467701933347, 'atr_pct': 0.15482510784670128, 'bb_position': 0.1934647788029388, 'ema_distance': 0.03283399320513116, 'trend_strength': 0.5760689535129702, 'hour': 15, 'day_of_week': 4}","{'price': 22460.1, 'rsi': 14.385533907103024, 'macd': -11.804132924091391, 'atr_pct': 0.1432222347311768, 'bb_position': -0.26834280831168167, 'ema_distance': 0.09455922047573719, 'trend_strength': 0.6720059903513304, 'hour': 14, 'day_of_week': 0}"
707,trend_following,SELL,22463.9,22453.9,2250.0,10.0,0.0445158676810349,45.0,STOP_LOSS,0.44119703003428146,2.5,TRENDING,NORMAL,0.8,"{'price': 22463.9, 'rsi': 54.56517264220449, 'macd': -22.454253608215367, 'atr_pct': 0.19912901525177104, 'bb_position': 0.7569615636332485, 'ema_distance': 0.06477673715361756, 'trend_strength': 0.9268401801286313, 'hour': 12, 'day_of_week': 1}","{'price': 22462.4, 'rsi': 67.42530798482912, 'macd': -16.263459445155604, 'atr_pct': 0.14250798795192912, 'bb_position': 0.74123476232411, 'ema_distance': 0.03850113112385996, 'trend_strength': 0.8990068524652485, 'hour': 13, 'day_of_week': 1}"
708,trend_following,SELL,22462.4,22485.85,-8793.749999998909,-23.44999999999709,-0.1043966806752488,30.0,STOP_LOSS,0.20228316804235125,2.5,TRENDING,LOW,0.8,"{'price': 22462.4, 'rsi': 67.42530798482912, 'macd': -16.263459445155604, 'atr_pct': 0.14250798795192912, 'bb_position': 0.74123476232411, 'ema_distance': 0.03850113112385996, 'trend_strength': 0.8990068524652485, 'hour': 13, 'day_of_week': 1}","{'price': 22496.5, 'rsi': 69.71222746087349, 'macd': -8.67593679604397, 'atr_pct': 0.1360846607885043, 'bb_position': 0.9591738640663559, 'ema_distance': 0.0008371532717278159, 'trend_strength': 0.8270201108869658, 'hour': 13, 'day_of_week': 1}"
709,trend_following,SELL,22496.5,22486.5,3750.0,10.0,0.04445135910030449,2640.0,STOP_LOSS,0.12965448756895698,2.5,TRENDING,LOW,0.8,"{'price': 22496.5, 'rsi': 69.71222746087349, 'macd': -8.67593679604397, 'atr_pct': 0.1360846607885043, 'bb_position': 0.9591738640663559, 'ema_distance': 0.0008371532717278159, 'trend_strength': 0.8270201108869658, 'hour': 13, 'day_of_week': 1}","{'price': 22529.25, 'rsi': 80.19019896737593, 'macd': 17.375703659268765, 'atr_pct': 0.17564467779188758, 'bb_position': 0.9585965586413175, 'ema_distance': 0.10636808160303218, 'trend_strength': 0.4205614344013573, 'hour': 9, 'day_of_week': 3}"
703,trend_following,BUY,22314.4,22872.26,167357.99999999907,557.859999999997,2.4999999999999862,18750.0,TAKE_PROFIT,0.4742853269506126,2.5,TRENDING,NORMAL,0.8,"{'price': 22314.4, 'rsi': 38.59520206020892, 'macd': 28.874565237802017, 'atr_pct': 0.1933728892553694, 'bb_position': 0.10995446681355624, 'ema_distance': 0.0791010548208631, 'trend_strength': 0.4704006791833951, 'hour': 9, 'day_of_week': 3}","{'price': 22897.3, 'rsi': 91.18715625313938, 'macd': 56.088098497602914, 'atr_pct': 0.13913056498863446, 'bb_position': 0.9442982183269191, 'ema_distance': 0.21043815173986427, 'trend_strength': 0.5211553762879665, 'hour': 10, 'day_of_week': 2}"
710,trend_following,BUY,23662.8,23672.8,2250.0,10.0,0.04226042564700712,120.0,STOP_LOSS,0.4647705815638125,2.5,TRENDING,NORMAL,0.8,"{'price': 23662.8, 'rsi': 47.67115972924865, 'macd': 45.10798653992606, 'atr_pct': 0.2779377636748667, 'bb_position': 0.3179595169315887, 'ema_distance': 0.11981847853030497, 'trend_strength': 0.4731651032073046, 'hour': 11, 'day_of_week': 1}","{'price': 23667.5, 'rsi': 28.128397546828936, 'macd': 13.522323718010739, 'atr_pct': 0.2674101012539787, 'bb_position': 0.30926622466888454, 'ema_distance': 0.0015525474041232145, 'trend_strength': 0.37660285928147175, 'hour': 13, 'day_of_week': 1}"
712,trend_following,BUY,23667.5,23677.5,3000.0,10.0,0.04225203337910637,105.0,STOP_LOSS,0.44708219274537014,2.5,TRENDING,NORMAL,0.8,"{'price': 23667.5, 'rsi': 28.128397546828936, 'macd': 13.522323718010739, 'atr_pct': 0.2674101012539787, 'bb_position': 0.30926622466888454, 'ema_distance': 0.0015525474041232145, 'trend_strength': 0.37660285928147175, 'hour': 13, 'day_of_week': 1}","{'price': 23670.3, 'rsi': 54.88443288785052, 'macd': 8.495027363627742, 'atr_pct': 0.17583819626886057, 'bb_position': 0.2963294405344422, 'ema_distance': 0.0020469748261900075, 'trend_strength': 0.5838188723132928, 'hour': 15, 'day_of_week': 1}"
711,trend_following,BUY,23642.55,23652.55,3000.0,10.0,0.04229662198028554,225.0,STOP_LOSS,0.46596151614411074,2.5,TRENDING,NORMAL,0.8,"{'price': 23642.55, 'rsi': 47.57827684247966, 'macd': 35.68307032110533, 'atr_pct': 0.2882514787956434, 'bb_position': 0.23942043421948844, 'ema_distance': 0.07264318547470336, 'trend_strength': 0.44342888787653656, 'hour': 11, 'day_of_week': 1}","{'price': 23605.95, 'rsi': 31.47011727246678, 'macd': 0.679057413013652, 'atr_pct': 0.17371528304153078, 'bb_position': -0.12401535175152846, 'ema_distance': 0.03896825455547878, 'trend_strength': 0.624567097654984, 'hour': 15, 'day_of_week': 1}"
713,trend_following,BUY,23670.3,23625.480663969724,-16807.2510113534,-44.819336030275736,-0.18934840720343948,15.0,STOP_LOSS,0.37226914163419905,2.5,TRENDING,NORMAL,0.8,"{'price': 23670.3, 'rsi': 54.88443288785052, 'macd': 8.495027363627742, 'atr_pct': 0.17583819626886057, 'bb_position': 0.2963294405344422, 'ema_distance': 0.0020469748261900075, 'trend_strength': 0.5838188723132928, 'hour': 15, 'day_of_week': 1}","{'price': 23605.95, 'rsi': 31.47011727246678, 'macd': 0.679057413013652, 'atr_pct': 0.17371528304153078, 'bb_position': -0.12401535175152846, 'ema_distance': 0.03896825455547878, 'trend_strength': 0.624567097654984, 'hour': 15, 'day_of_week': 1}"
715,trend_following,SELL,23600.35,23590.35,3750.0,10.0,0.042372252953875686,60.0,STOP_LOSS,0.3378412517925023,2.5,TRENDING,NORMAL,0.8,"{'price': 23600.35, 'rsi': 54.93849484097252, 'macd': -22.711245312006213, 'atr_pct': 0.21659787733172173, 'bb_position': 0.7543712050518945, 'ema_distance': 0.05780418845157159, 'trend_strength': 0.7411332868736238, 'hour': 10, 'day_of_week': 3}","{'price': 23602.9, 'rsi': 57.49833858708082, 'macd': -6.648869835171354, 'atr_pct': 0.2101134061613492, 'bb_position': 0.787121987277552, 'ema_distance': 0.012266118847990356, 'trend_strength': 0.6773913643661905, 'hour': 11, 'day_of_week': 3}"
716,trend_following,BUY,23589.25,23599.25,3750.0,10.0,0.042392191358351795,1125.0,STOP_LOSS,0.24515764312662602,2.5,TRENDING,LOW,0.8,"{'price': 23589.25, 'rsi': 38.44099929974957, 'macd': 4.771625676239637, 'atr_pct': 0.08788809672686862, 'bb_position': 0.2970348679487408, 'ema_distance': 0.022777863437766107, 'trend_strength': 0.6797471768477559, 'hour': 15, 'day_of_week': 3}","{'price': 23556.8, 'rsi': 38.57424372175548, 'macd': -6.273149756976636, 'atr_pct': 0.15703685196145906, 'bb_position': 0.09693679246163313, 'ema_distance': 0.03912412381671915, 'trend_strength': 0.7456887393780618, 'hour': 9, 'day_of_week': 4}"
714,trend_following,SELL,23585.45,23575.45,2250.0,10.0,0.04239902143058538,1485.0,STOP_LOSS,0.4321535321942289,2.5,TRENDING,NORMAL,0.8,"{'price': 23585.45, 'rsi': 46.09511869493068, 'macd': -29.80079226669477, 'atr_pct': 0.22323084783203048, 'bb_position': 0.657411250126807, 'ema_distance': 0.09642601190728872, 'trend_strength': 0.7540878753571615, 'hour': 9, 'day_of_week': 3}","{'price': 23613.05, 'rsi': 51.35848294044845, 'macd': -5.876680590368778, 'atr_pct': 0.18912060431474398, 'bb_position': 0.7434209873618842, 'ema_distance': 0.027030010764847023, 'trend_strength': 0.6975542338762465, 'hour': 10, 'day_of_week': 4}"
717,trend_following,SELL,23613.05,23022.723749999997,221372.3437500007,590.3262500000019,2.500000000000008,10035.0,TAKE_PROFIT,0.2776697325391497,2.5,TRENDING,NORMAL,0.8,"{'price': 23613.05, 'rsi': 51.35848294044845, 'macd': -5.876680590368778, 'atr_pct': 0.18912060431474398, 'bb_position': 0.7434209873618842, 'ema_distance': 0.027030010764847023, 'trend_strength': 0.6975542338762465, 'hour': 10, 'day_of_week': 4}","{'price': 22992.2, 'rsi': 5.261440495521086, 'macd': -47.936688173045695, 'atr_pct': 0.17996786487839725, 'bb_position': -0.2208320794126352, 'ema_distance': 0.25779625384217675, 'trend_strength': 0.8351826868892477, 'hour': 9, 'day_of_week': 4}"
718,trend_following,SELL,23623.95,23033.35125,221474.53125000038,590.598750000001,2.5000000000000044,10020.0,TAKE_PROFIT,0.20991499241356962,2.5,TRENDING,NORMAL,0.8,"{'price': 23623.95, 'rsi': 53.34948236583328, 'macd': -1.5448707994655706, 'atr_pct': 0.1950048875943997, 'bb_position': 0.8114828470110912, 'ema_distance': 0.0010080266016694577, 'trend_strength': 0.6713907320183762, 'hour': 10, 'day_of_week': 4}","{'price': 22992.2, 'rsi': 5.261440495521086, 'macd': -47.936688173045695, 'atr_pct': 0.17996786487839725, 'bb_position': -0.2208320794126352, 'ema_distance': 0.25779625384217675, 'trend_strength': 0.8351826868892477, 'hour': 9, 'day_of_week': 4}"
719,trend_following,SELL,22420.4,22448.8,-10649.999999999181,-28.399999999997817,-0.1266703537849361,2550.0,STOP_LOSS,0.21499509466801764,2.5,TRENDING,LOW,0.8,"{'price': 22420.4, 'rsi': 52.24002312448735, 'macd': -10.770488261528953, 'atr_pct': 0.0909885639863714, 'bb_position': 0.6514340817599609, 'ema_distance': 0.04526251552267211, 'trend_strength': 0.6519574495573285, 'hour': 15, 'day_of_week': 2}","{'price': 22827.6, 'rsi': 95.24414812931661, 'macd': 74.58873439060335, 'atr_pct': 0.22234988722923768, 'bb_position': 1.1024464470008755, 'ema_distance': 0.4191640817287205, 'trend_strength': 0.15962899811941822, 'hour': 9, 'day_of_week': 4}"
720,trend_following,SELL,22420.4,22448.8,-10649.999999999181,-28.399999999997817,-0.1266703537849361,2535.0,STOP_LOSS,0.21499509466801764,2.5,TRENDING,LOW,0.8,"{'price': 22420.4, 'rsi': 44.485572221481995, 'macd': -9.251867154151114, 'atr_pct': 0.08710179759759652, 'bb_position': 0.6327495395724934, 'ema_distance': 0.035745616856742976, 'trend_strength': 0.6124345174147363, 'hour': 15, 'day_of_week': 2}","{'price': 22827.6, 'rsi': 95.24414812931661, 'macd': 74.58873439060335, 'atr_pct': 0.22234988722923768, 'bb_position': 1.1024464470008755, 'ema_distance': 0.4191640817287205, 'trend_strength': 0.15962899811941822, 'hour': 9, 'day_of_week': 4}"
721,trend_following,BUY,23297.3,23879.7325,218412.18749999962,582.432499999999,2.4999999999999956,6990.0,TAKE_PROFIT,0.49259241206434334,2.5,TRENDING,LOW,0.8,"{'price': 23297.3, 'rsi': 37.38004026632009, 'macd': 19.80603045324824, 'atr_pct': 0.13274070385838277, 'bb_position': 0.10108657067330577, 'ema_distance': 0.04197089696526754, 'trend_strength': 0.811923256929593, 'hour': 13, 'day_of_week': 2}","{'price': 24031.55, 'rsi': 99.99927761099765, 'macd': 48.80745332850711, 'atr_pct': 0.13409455486642427, 'bb_position': 1.1639494624688778, 'ema_distance': 0.2064905219133313, 'trend_strength': 0.18449176924721392, 'hour': 9, 'day_of_week': 0}"
722,trend_following,BUY,23306.65,23889.31625,218499.8437499994,582.6662499999984,2.499999999999993,6975.0,TAKE_PROFIT,0.5415748223179645,2.5,TRENDING,LOW,0.8,"{'price': 23306.65, 'rsi': 40.06445890340648, 'macd': 16.280964184654295, 'atr_pct': 0.13313183760244718, 'bb_position': 0.22235293514787385, 'ema_distance': 0.02578751938854901, 'trend_strength': 0.8277733812535664, 'hour': 13, 'day_of_week': 2}","{'price': 24031.55, 'rsi': 99.99927761099765, 'macd': 48.80745332850711, 'atr_pct': 0.13409455486642427, 'bb_position': 1.1639494624688778, 'ema_distance': 0.2064905219133313, 'trend_strength': 0.18449176924721392, 'hour': 9, 'day_of_week': 0}"
723,trend_following,BUY,24175.9,24185.9,3750.0,10.0,0.04136350663263829,1200.0,STOP_LOSS,0.4907523983150644,2.5,TRENDING,LOW,0.8,"{'price': 24175.9, 'rsi': 30.255165275684902, 'macd': 14.073770236078417, 'atr_pct': 0.08885767585547118, 'bb_position': 0.24351630533683058, 'ema_distance': 0.021979187405525638, 'trend_strength': 0.5884217482252976, 'hour': 14, 'day_of_week': 1}","{'price': 24169.5, 'rsi': 48.6210169457402, 'macd': 17.487157149600534, 'atr_pct': 0.22713100631551442, 'bb_position': 0.36592453984794837, 'ema_distance': 0.0544473020673561, 'trend_strength': 0.4988604358616932, 'hour': 10, 'day_of_week': 2}"
724,trend_following,BUY,24171.55,24181.55,3750.0,10.0,0.041370950559645535,1185.0,STOP_LOSS,0.44231709421868914,2.5,TRENDING,LOW,0.8,"{'price': 24171.55, 'rsi': 40.8368751564017, 'macd': 12.010018078599387, 'atr_pct': 0.08627320725634674, 'bb_position': 0.17339014271628073, 'ema_distance': 0.014558282682049431, 'trend_strength': 0.617197407472349, 'hour': 14, 'day_of_week': 1}","{'price': 24169.5, 'rsi': 48.6210169457402, 'macd': 17.487157149600534, 'atr_pct': 0.22713100631551442, 'bb_position': 0.36592453984794837, 'ema_distance': 0.0544473020673561, 'trend_strength': 0.4988604358616932, 'hour': 10, 'day_of_week': 2}"
725,trend_following,BUY,24169.5,24179.5,3750.0,10.0,0.04137445954612218,2835.0,STOP_LOSS,0.29676586321392356,2.5,TRENDING,NORMAL,0.8,"{'price': 24169.5, 'rsi': 48.6210169457402, 'macd': 17.487157149600534, 'atr_pct': 0.22713100631551442, 'bb_position': 0.36592453984794837, 'ema_distance': 0.0544473020673561, 'trend_strength': 0.4988604358616932, 'hour': 10, 'day_of_week': 2}","{'price': 24080.3, 'rsi': 26.556867899708834, 'macd': -16.981957696767495, 'atr_pct': 0.18325590390722774, 'bb_position': -0.43479862926508617, 'ema_distance': 0.09330649247590497, 'trend_strength': 0.624705722148139, 'hour': 9, 'day_of_week': 4}"
726,trend_following,BUY,24152.45,24162.45,3750.0,10.0,0.04140366712279707,2820.0,STOP_LOSS,0.22667192842426978,2.5,TRENDING,NORMAL,0.8,"{'price': 24152.45, 'rsi': 47.1957942511717, 'macd': 11.343661766200967, 'atr_pct': 0.2424776190998648, 'bb_position': 0.3001544126019505, 'ema_distance': 0.020797091163300294, 'trend_strength': 0.47134823392886643, 'hour': 10, 'day_of_week': 2}","{'price': 24080.3, 'rsi': 26.556867899708834, 'macd': -16.981957696767495, 'atr_pct': 0.18325590390722774, 'bb_position': -0.43479862926508617, 'ema_distance': 0.09330649247590497, 'trend_strength': 0.624705722148139, 'hour': 9, 'day_of_week': 4}"
728,trend_following,BUY,24316.6,24326.6,3750.0,10.0,0.0411241703198638,180.0,STOP_LOSS,0.38793967404386487,2.5,NEUTRAL,NORMAL,0.8,"{'price': 24316.6, 'rsi': 49.178741295735016, 'macd': 19.889825839731202, 'atr_pct': 0.22142428276509396, 'bb_position': 0.3670880639535452, 'ema_distance': 0.043626954940357274, 'trend_strength': 0.2585363154859825, 'hour': 12, 'day_of_week': 1}","{'price': 24326.45, 'rsi': 42.88592496668372, 'macd': 10.852230529548251, 'atr_pct': 0.10576377329438212, 'bb_position': 0.2879722022922745, 'ema_distance': 0.02139085402980232, 'trend_strength': 0.37719563546472634, 'hour': 15, 'day_of_week': 1}"
729,trend_following,BUY,24326.45,24336.45,3750.0,10.0,0.04110751877072076,1155.0,STOP_LOSS,0.1759433476124266,2.5,TRENDING,LOW,0.8,"{'price': 24326.45, 'rsi': 42.88592496668372, 'macd': 10.852230529548251, 'atr_pct': 0.10576377329438212, 'bb_position': 0.2879722022922745, 'ema_distance': 0.02139085402980232, 'trend_strength': 0.37719563546472634, 'hour': 15, 'day_of_week': 1}","{'price': 24330.85, 'rsi': 39.28755324056859, 'macd': 5.722292235073837, 'atr_pct': 0.12597176013168532, 'bb_position': 0.3199484703422775, 'ema_distance': 0.009534336979055678, 'trend_strength': 0.686700821620173, 'hour': 10, 'day_of_week': 2}"
727,trend_following,BUY,24313.25,24323.25,3750.0,10.0,0.041129836611724056,1365.0,STOP_LOSS,0.36460757515613684,2.5,NEUTRAL,NORMAL,0.8,"{'price': 24313.25, 'rsi': 49.433400421000805, 'macd': 23.204204694749933, 'atr_pct': 0.22384913575930732, 'bb_position': 0.3294485114364427, 'ema_distance': 0.058505966273533154, 'trend_strength': 0.29818570390431753, 'hour': 11, 'day_of_week': 1}","{'price': 24321.2, 'rsi': 39.894586820632924, 'macd': 3.585820130938373, 'atr_pct': 0.1324828897070394, 'bb_position': 0.1737603602629072, 'ema_distance': 0.0009629902932530912, 'trend_strength': 0.731606084183387, 'hour': 10, 'day_of_week': 2}"
730,trend_following,BUY,24330.85,24340.85,3750.0,10.0,0.04110008487167526,45.0,STOP_LOSS,0.4315650365260872,2.5,TRENDING,LOW,0.8,"{'price': 24330.85, 'rsi': 39.28755324056859, 'macd': 5.722292235073837, 'atr_pct': 0.12597176013168532, 'bb_position': 0.3199484703422775, 'ema_distance': 0.009534336979055678, 'trend_strength': 0.686700821620173, 'hour': 10, 'day_of_week': 2}","{'price': 24329.95, 'rsi': 40.06043023411186, 'macd': 2.439196602215816, 'atr_pct': 0.13697109940628605, 'bb_position': 0.2646389455891472, 'ema_distance': 0.0036650611134338676, 'trend_strength': 0.825553895714828, 'hour': 11, 'day_of_week': 2}"
732,trend_following,BUY,24333.8,24343.8,3750.0,10.0,0.04109510228570959,60.0,STOP_LOSS,0.4514546489248246,2.5,TRENDING,LOW,0.8,"{'price': 24333.8, 'rsi': 44.86329274206918, 'macd': 2.4754240630536515, 'atr_pct': 0.11449389033243355, 'bb_position': 0.41129437303400773, 'ema_distance': 0.004608782944195076, 'trend_strength': 0.8610924728547511, 'hour': 13, 'day_of_week': 2}","{'price': 24340.65, 'rsi': 59.058382098417745, 'macd': 2.2954145414187224, 'atr_pct': 0.09097068953728171, 'bb_position': 0.4974893409890017, 'ema_distance': 0.005466457952365237, 'trend_strength': 0.7061772398415777, 'hour': 14, 'day_of_week': 2}"
731,trend_following,BUY,24340.2,24350.2,3750.0,10.0,0.041084296760092356,135.0,STOP_LOSS,0.4959055682035867,2.5,TRENDING,LOW,0.8,"{'price': 24340.2, 'rsi': 55.01038154183024, 'macd': 3.3986814225609123, 'atr_pct': 0.12477887844565001, 'bb_position': 0.5179396313989023, 'ema_distance': 0.009585385569871253, 'trend_strength': 0.8864966655990562, 'hour': 12, 'day_of_week': 2}","{'price': 24348.85, 'rsi': 56.5434625476662, 'macd': 3.526777715454955, 'atr_pct': 0.09705650516201889, 'bb_position': 0.6908077365500239, 'ema_distance': 0.013346645298121358, 'trend_strength': 0.49033633827002565, 'hour': 15, 'day_of_week': 2}"
733,trend_following,BUY,24340.65,24350.65,3750.0,10.0,0.04108353721038674,60.0,STOP_LOSS,0.4986846642192109,2.5,TRENDING,LOW,0.8,"{'price': 24340.65, 'rsi': 59.058382098417745, 'macd': 2.2954145414187224, 'atr_pct': 0.09097068953728171, 'bb_position': 0.4974893409890017, 'ema_distance': 0.005466457952365237, 'trend_strength': 0.7061772398415777, 'hour': 14, 'day_of_week': 2}","{'price': 24348.85, 'rsi': 56.5434625476662, 'macd': 3.526777715454955, 'atr_pct': 0.09705650516201889, 'bb_position': 0.6908077365500239, 'ema_distance': 0.013346645298121358, 'trend_strength': 0.49033633827002565, 'hour': 15, 'day_of_week': 2}"
734,trend_following,BUY,24315.0,24325.0,3000.0,10.0,0.04112687641373637,135.0,STOP_LOSS,0.4244553230999031,2.5,NEUTRAL,NORMAL,0.8,"{'price': 24315.0, 'rsi': 55.3722317400571, 'macd': 23.95467212560834, 'atr_pct': 0.2815281572221739, 'bb_position': 0.389201468746171, 'ema_distance': 0.05477424798776277, 'trend_strength': 0.2596579851555916, 'hour': 12, 'day_of_week': 4}","{'price': 24306.25, 'rsi': 36.41557527966856, 'macd': 1.0014021159986441, 'atr_pct': 0.2197406604709253, 'bb_position': 0.28264353980649587, 'ema_distance': 0.014466557623649687, 'trend_strength': 0.6055835872102826, 'hour': 14, 'day_of_week': 4}"
735,trend_following,BUY,24448.3,24458.3,3750.0,10.0,0.04090263944732354,1125.0,STOP_LOSS,0.23448482071365437,2.5,TRENDING,LOW,0.8,"{'price': 24448.3, 'rsi': 50.429510826865105, 'macd': 16.20840606456477, 'atr_pct': 0.1069165778981995, 'bb_position': 0.23720164711484248, 'ema_distance': 0.04404959917092662, 'trend_strength': 0.45797482109286713, 'hour': 15, 'day_of_week': 0}","{'price': 24391.65, 'rsi': 32.89155020422194, 'macd': 3.377938405981695, 'atr_pct': 0.14063653516089186, 'bb_position': -0.32034212016770236, 'ema_distance': 0.015150792303226515, 'trend_strength': 0.5272360496408681, 'hour': 9, 'day_of_week': 1}"
736,breakout,SELL,24335.9,24325.9,3750.0,10.0,0.0410915560961378,1140.0,STOP_LOSS,0.501872418178461,3.0,TRENDING,LOW,0.75,"{'price': 24335.9, 'rsi': 38.003646996866955, 'macd': -14.024168195141101, 'atr_pct': 0.10190705911842196, 'bb_position': -0.24584376384354562, 'ema_distance': 0.05611524884238919, 'trend_strength': 0.5528340231159263, 'hour': 15, 'day_of_week': 1}","{'price': 24329.25, 'rsi': 42.02670877139979, 'macd': -16.762479755670938, 'atr_pct': 0.22289454639403905, 'bb_position': 0.10763474333257078, 'ema_distance': 0.07034849889688438, 'trend_strength': 0.6939725427839388, 'hour': 10, 'day_of_week': 2}"
737,trend_following,SELL,24372.6,24362.6,3000.0,10.0,0.041029680871142185,60.0,STOP_LOSS,0.4261235171833386,2.5,TRENDING,NORMAL,0.8,"{'price': 24372.6, 'rsi': 48.07248435506008, 'macd': -14.388315098785824, 'atr_pct': 0.2431448195338798, 'bb_position': 0.5192825515620725, 'ema_distance': 0.05255045876454305, 'trend_strength': 0.7674627317229149, 'hour': 11, 'day_of_week': 2}","{'price': 24374.85, 'rsi': 48.66513424152643, 'macd': -5.569020319995616, 'atr_pct': 0.25897595267252926, 'bb_position': 0.5337661915926839, 'ema_distance': 0.008900369938206105, 'trend_strength': 0.8341973368509129, 'hour': 12, 'day_of_week': 2}"
739,trend_following,SELL,24374.85,24364.85,3000.0,10.0,0.041025893492677906,105.0,STOP_LOSS,0.41344305361867867,2.5,TRENDING,NORMAL,0.8,"{'price': 24374.85, 'rsi': 48.66513424152643, 'macd': -5.569020319995616, 'atr_pct': 0.25897595267252926, 'bb_position': 0.5337661915926839, 'ema_distance': 0.008900369938206105, 'trend_strength': 0.8341973368509129, 'hour': 12, 'day_of_week': 2}","{'price': 24371.25, 'rsi': 58.41650587932573, 'macd': -4.534668983880692, 'atr_pct': 0.13001267594281862, 'bb_position': 0.5205406604671254, 'ema_distance': 0.013350957699720889, 'trend_strength': 0.801924799587197, 'hour': 13, 'day_of_week': 2}"
738,trend_following,SELL,24406.45,24396.45,3750.0,10.0,0.040972775639226515,165.0,STOP_LOSS,0.2984939897152618,2.5,TRENDING,NORMAL,0.8,"{'price': 24406.45, 'rsi': 53.671513271685164, 'macd': -9.588542244237033, 'atr_pct': 0.24718290217779146, 'bb_position': 0.7785539306689861, 'ema_distance': 0.025374185377282747, 'trend_strength': 0.7790944147932044, 'hour': 11, 'day_of_week': 2}","{'price': 24406.9, 'rsi': 59.86427926502526, 'macd': -1.245073394409701, 'atr_pct': 0.13304200275917352, 'bb_position': 0.7859529292626394, 'ema_distance': 0.0047597474615006605, 'trend_strength': 0.7542746687091848, 'hour': 14, 'day_of_week': 2}"
740,trend_following,BUY,24380.3,24390.3,3750.0,10.0,0.0410167225177705,195.0,STOP_LOSS,0.241335695350221,2.5,TRENDING,LOW,0.8,"{'price': 24380.3, 'rsi': 49.24826227634105, 'macd': 4.392638808803895, 'atr_pct': 0.12842628796903421, 'bb_position': 0.4089692401342172, 'ema_distance': 0.01883234899397435, 'trend_strength': 0.34497883091653736, 'hour': 9, 'day_of_week': 3}","{'price': 24385.95, 'rsi': 47.04874143287643, 'macd': 2.8263916277464887, 'atr_pct': 0.06419094367277794, 'bb_position': 0.09702047640297815, 'ema_distance': 0.006400782183280989, 'trend_strength': 0.1975044976278671, 'hour': 13, 'day_of_week': 3}"
741,breakout,SELL,24366.55,24245.5,45393.74999999972,121.04999999999927,0.4967876043182119,120.0,TAKE_PROFIT,0.5568627047197938,3.0,NEUTRAL,LOW,0.75,"{'price': 24366.55, 'rsi': 43.275691090782125, 'macd': 0.11006451668072259, 'atr_pct': 0.06918149207476282, 'bb_position': -0.20823417497016697, 'ema_distance': 0.008174708087923336, 'trend_strength': 0.22092406573400833, 'hour': 13, 'day_of_week': 3}","{'price': 24154.1, 'rsi': 20.34542110463147, 'macd': -35.35081721103052, 'atr_pct': 0.1799162165311177, 'bb_position': -0.30350684512170584, 'ema_distance': 0.17880517328720302, 'trend_strength': 0.5104762061205743, 'hour': 15, 'day_of_week': 3}"
743,trend_following,BUY,24722.3,24732.3,2250.0,10.0,0.04044931094598803,30.0,STOP_LOSS,0.38712140940809886,2.5,TRENDING,NORMAL,0.8,"{'price': 24722.3, 'rsi': 35.568356559450834, 'macd': 25.912453217064467, 'atr_pct': 0.3794000904908896, 'bb_position': 0.25828736380771566, 'ema_distance': 0.007705423258662383, 'trend_strength': 0.34913140597976033, 'hour': 11, 'day_of_week': 1}","{'price': 24712.75, 'rsi': 35.96828461509543, 'macd': 18.665920614392235, 'atr_pct': 0.4026839818081194, 'bb_position': 0.26688547888247804, 'ema_distance': 0.008561923878378468, 'trend_strength': 0.39681567079968594, 'hour': 12, 'day_of_week': 1}"
742,trend_following,BUY,24700.8,24710.8,2250.0,10.0,0.040484518720041454,120.0,STOP_LOSS,0.40829636670867075,2.5,NEUTRAL,NORMAL,0.8,"{'price': 24700.8, 'rsi': 38.0378486621738, 'macd': 46.83229680070144, 'atr_pct': 0.31439120537449566, 'bb_position': 0.15941925874331964, 'ema_distance': 0.0426688474571324, 'trend_strength': 0.2503399351763256, 'hour': 10, 'day_of_week': 1}","{'price': 24644.05, 'rsi': 32.91047385884988, 'macd': 8.86268708208081, 'atr_pct': 0.42539969804360217, 'bb_position': 0.11889934331277037, 'ema_distance': 0.05186711662442372, 'trend_strength': 0.42427533829453595, 'hour': 12, 'day_of_week': 1}"
744,trend_following,SELL,24745.9,24735.9,3750.0,10.0,0.040410734707567716,150.0,STOP_LOSS,0.422907357629247,2.5,TRENDING,NORMAL,0.8,"{'price': 24745.9, 'rsi': 63.660486095693685, 'macd': -10.797799340856727, 'atr_pct': 0.2733497554861881, 'bb_position': 1.107394872275051, 'ema_distance': 0.030330117793657255, 'trend_strength': 0.6245030202948848, 'hour': 10, 'day_of_week': 3}","{'price': 24886.3, 'rsi': 72.73870851642523, 'macd': 21.075637710855517, 'atr_pct': 0.4118875502930182, 'bb_position': 1.220616852430968, 'ema_distance': 0.12164497665159636, 'trend_strength': 0.28648255451981636, 'hour': 13, 'day_of_week': 3}"
746,trend_following,SELL,24869.2,24887.9,-7012.500000000273,-18.700000000000728,-0.07519341193122708,15.0,STOP_LOSS,0.12777629481239672,2.5,TRENDING,NORMAL,0.8,"{'price': 24869.2, 'rsi': 62.389244491974985, 'macd': -27.43757678447946, 'atr_pct': 0.17761499594449315, 'bb_position': 0.8634127621808152, 'ema_distance': 0.04908761993732487, 'trend_strength': 0.6363157050609096, 'hour': 10, 'day_of_week': 2}","{'price': 24893.65, 'rsi': 66.988105011772, 'macd': -16.037495573535125, 'atr_pct': 0.1823614800217244, 'bb_position': 0.934008635397558, 'ema_distance': 0.005598644309283269, 'trend_strength': 0.6257956412419141, 'hour': 10, 'day_of_week': 2}"
747,trend_following,SELL,24616.8,24606.8,3750.0,10.0,0.04062266419680868,30.0,STOP_LOSS,0.34661416756381813,2.5,TRENDING,NORMAL,0.8,"{'price': 24616.8, 'rsi': 52.920806118681824, 'macd': -41.92466527034412, 'atr_pct': 0.1921452016509053, 'bb_position': 0.8795397796736577, 'ema_distance': 0.12073975267653494, 'trend_strength': 0.8871781227467405, 'hour': 14, 'day_of_week': 3}","{'price': 24637.0, 'rsi': 56.90867181710608, 'macd': -26.79179963727438, 'atr_pct': 0.18314497938640403, 'bb_position': 0.957888116562218, 'ema_distance': 0.04719801560281703, 'trend_strength': 0.794083456025436, 'hour': 15, 'day_of_week': 3}"
748,trend_following,SELL,24637.0,24663.961078930977,-10110.404599116464,-26.961078930977237,-0.10943328705190257,1110.0,STOP_LOSS,0.1843334716535968,2.5,TRENDING,NORMAL,0.8,"{'price': 24637.0, 'rsi': 56.90867181710608, 'macd': -26.79179963727438, 'atr_pct': 0.18314497938640403, 'bb_position': 0.957888116562218, 'ema_distance': 0.04719801560281703, 'trend_strength': 0.794083456025436, 'hour': 15, 'day_of_week': 3}","{'price': 24796.0, 'rsi': 82.16495678775671, 'macd': 18.799716875204467, 'atr_pct': 0.22242930887470164, 'bb_position': 1.1027764710809695, 'ema_distance': 0.16273504919551424, 'trend_strength': 0.5686365827786158, 'hour': 9, 'day_of_week': 4}"
745,trend_following,SELL,24815.9,24805.9,3000.0,10.0,0.04029674523188762,7200.0,STOP_LOSS,0.46600766343342875,2.5,TRENDING,NORMAL,0.8,"{'price': 24815.9, 'rsi': 54.409814648547126, 'macd': -39.09967932230575, 'atr_pct': 0.16983638945767832, 'bb_position': 0.6594778769205343, 'ema_distance': 0.1085470936003598, 'trend_strength': 0.6563848333104084, 'hour': 9, 'day_of_week': 2}","{'price': 25061.95, 'rsi': 75.64054412473592, 'macd': 62.003483941625746, 'atr_pct': 0.1737123978210576, 'bb_position': 1.1106310735277898, 'ema_distance': 0.2499935952109733, 'trend_strength': 0.4929235187264829, 'hour': 9, 'day_of_week': 0}"
749,trend_following,SELL,24795.1,24785.1,3750.0,10.0,0.04033054918108819,90.0,STOP_LOSS,0.4733937196126115,2.5,TRENDING,NORMAL,0.8,"{'price': 24795.1, 'rsi': 42.3102554716327, 'macd': -19.622085973802314, 'atr_pct': 0.15603601402811879, 'bb_position': 0.6119773102167899, 'ema_distance': 0.05503760218497107, 'trend_strength': 0.7797148433386063, 'hour': 12, 'day_of_week': 2}","{'price': 24788.55, 'rsi': 60.621719286476136, 'macd': -10.44812847178764, 'atr_pct': 0.11639878665178674, 'bb_position': 0.6909048201976422, 'ema_distance': 0.021126063619867512, 'trend_strength': 0.4774605738841784, 'hour': 14, 'day_of_week': 2}"
751,trend_following,SELL,24788.55,24778.55,3750.0,10.0,0.040341205919668555,30.0,STOP_LOSS,0.517879804338185,2.5,TRENDING,LOW,0.8,"{'price': 24788.55, 'rsi': 60.621719286476136, 'macd': -10.44812847178764, 'atr_pct': 0.11639878665178674, 'bb_position': 0.6909048201976422, 'ema_distance': 0.021126063619867512, 'trend_strength': 0.4774605738841784, 'hour': 14, 'day_of_week': 2}","{'price': 24782.0, 'rsi': 54.547920658044376, 'macd': -9.65450419346962, 'atr_pct': 0.10507338275476524, 'bb_position': 0.6220609568673247, 'ema_distance': 0.021063666304028533, 'trend_strength': 0.3965598784613349, 'hour': 14, 'day_of_week': 2}"
750,trend_following,SELL,24805.25,24795.25,3750.0,10.0,0.04031404642162446,1260.0,STOP_LOSS,0.4039078735667894,2.5,TRENDING,LOW,0.8,"{'price': 24805.25, 'rsi': 58.25671747756363, 'macd': -15.915664541807928, 'atr_pct': 0.13826278135245135, 'bb_position': 0.6760573274665016, 'ema_distance': 0.03680037296135997, 'trend_strength': 0.721687289701164, 'hour': 12, 'day_of_week': 2}","{'price': 24804.05, 'rsi': 49.65237550158716, 'macd': -3.191508012056147, 'atr_pct': 0.13563453203350723, 'bb_position': 0.842253326347896, 'ema_distance': 0.006038354362472298, 'trend_strength': 0.2381882936440575, 'hour': 9, 'day_of_week': 3}"
752,trend_following,SELL,24756.3,24848.05,-27525.0,-91.75,-0.3706127329205091,30.0,STOP_LOSS,0.5014588976388883,2.5,TRENDING,LOW,0.8,"{'price': 24756.3, 'rsi': 57.02906271436862, 'macd': -7.5310116641485365, 'atr_pct': 0.13556433831273026, 'bb_position': 0.5695042133135976, 'ema_distance': 0.01975401118374753, 'trend_strength': 0.44796491401531113, 'hour': 14, 'day_of_week': 3}","{'price': 24850.75, 'rsi': 68.55631858380383, 'macd': 2.3387929515847645, 'atr_pct': 0.15364583707591653, 'bb_position': 1.3648121116943857, 'ema_distance': 0.03231325047117117, 'trend_strength': 0.5008072033606714, 'hour': 15, 'day_of_week': 3}"
753,trend_following,SELL,24757.35,24848.05,-27210.00000000022,-90.70000000000073,-0.3663558498789278,15.0,STOP_LOSS,0.4957201309629159,2.5,TRENDING,LOW,0.8,"{'price': 24757.35, 'rsi': 56.211379282891, 'macd': -6.214327783978661, 'atr_pct': 0.13423142160668697, 'bb_position': 0.6205030630201485, 'ema_distance': 0.013508123067896427, 'trend_strength': 0.4927760905744112, 'hour': 14, 'day_of_week': 3}","{'price': 24850.75, 'rsi': 68.55631858380383, 'macd': 2.3387929515847645, 'atr_pct': 0.15364583707591653, 'bb_position': 1.3648121116943857, 'ema_distance': 0.03231325047117117, 'trend_strength': 0.5008072033606714, 'hour': 15, 'day_of_week': 3}"
754,trend_following,BUY,24761.9,24771.9,3000.0,10.0,0.04038462315088907,75.0,STOP_LOSS,0.46703783264430254,2.5,TRENDING,NORMAL,0.8,"{'price': 24761.9, 'rsi': 50.60276778398025, 'macd': 11.871392578803352, 'atr_pct': 0.17816830349390494, 'bb_position': 0.41183224672648433, 'ema_distance': 0.04692560764156238, 'trend_strength': 0.5772752511951464, 'hour': 10, 'day_of_week': 4}","{'price': 24745.4, 'rsi': 48.363651428664404, 'macd': -2.932753542529099, 'atr_pct': 0.1880869056182454, 'bb_position': 0.30827889057581653, 'ema_distance': 0.02631278569519726, 'trend_strength': 0.5057759075167199, 'hour': 11, 'day_of_week': 4}"
755,trend_following,SELL,24770.4,24760.4,3000.0,10.0,0.0403707651067403,8505.0,STOP_LOSS,0.5161617321300974,2.5,TRENDING,LOW,0.8,"{'price': 24770.4, 'rsi': 54.802725237947065, 'macd': -2.510864775729715, 'atr_pct': 0.11299488790768872, 'bb_position': 0.5607065103511206, 'ema_distance': 0.006364940997571134, 'trend_strength': 0.6511543940541545, 'hour': 14, 'day_of_week': 4}","{'price': 24869.55, 'rsi': 84.31313856201474, 'macd': 44.81156683445079, 'atr_pct': 0.1598627351807452, 'bb_position': 1.1383970414348843, 'ema_distance': 0.1890207611816112, 'trend_strength': 0.1487962011682885, 'hour': 12, 'day_of_week': 3}"
756,trend_following,SELL,24769.45,24759.45,3750.0,10.0,0.0403723134748652,8490.0,STOP_LOSS,0.44208935100933666,2.5,TRENDING,LOW,0.8,"{'price': 24769.45, 'rsi': 53.83992204871588, 'macd': -1.9932685525054694, 'atr_pct': 0.11136991045709371, 'bb_position': 0.5936284851526221, 'ema_distance': 0.003973816610638981, 'trend_strength': 0.6322963578652121, 'hour': 14, 'day_of_week': 4}","{'price': 24869.55, 'rsi': 84.31313856201474, 'macd': 44.81156683445079, 'atr_pct': 0.1598627351807452, 'bb_position': 1.1383970414348843, 'ema_distance': 0.1890207611816112, 'trend_strength': 0.1487962011682885, 'hour': 12, 'day_of_week': 3}"
757,trend_following,BUY,25123.9,25133.9,3750.0,10.0,0.03980273763229435,1425.0,STOP_LOSS,0.47150539039661915,2.5,TRENDING,LOW,0.8,"{'price': 25123.9, 'rsi': 56.44886953861591, 'macd': 7.807134056602081, 'atr_pct': 0.057372803244262, 'bb_position': 0.33610880231234774, 'ema_distance': 0.014886060405938976, 'trend_strength': 0.45292119346907095, 'hour': 14, 'day_of_week': 1}","{'price': 25127.85, 'rsi': 34.905022470730614, 'macd': 7.812212238804932, 'atr_pct': 0.0928963566037578, 'bb_position': 0.12952867340841245, 'ema_distance': 0.007168955932577955, 'trend_strength': 0.2882785666088332, 'hour': 14, 'day_of_week': 2}"
759,trend_following,BUY,25127.85,25137.85,3750.0,10.0,0.039796480797203104,30.0,STOP_LOSS,0.3204304960168021,2.5,NEUTRAL,LOW,0.8,"{'price': 25127.85, 'rsi': 34.905022470730614, 'macd': 7.812212238804932, 'atr_pct': 0.0928963566037578, 'bb_position': 0.12952867340841245, 'ema_distance': 0.007168955932577955, 'trend_strength': 0.2882785666088332, 'hour': 14, 'day_of_week': 2}","{'price': 25135.2, 'rsi': 36.19824045074699, 'macd': 2.3861065183591563, 'atr_pct': 0.09481580754138905, 'bb_position': 0.17363196402122788, 'ema_distance': 0.015293563228207567, 'trend_strength': 0.29069623277593903, 'hour': 14, 'day_of_week': 2}"
758,trend_following,BUY,25112.8,25122.8,3750.0,10.0,0.03982033066802587,2595.0,STOP_LOSS,0.19193834250740174,2.5,TRENDING,LOW,0.8,"{'price': 25112.8, 'rsi': 41.08782867272533, 'macd': 5.976886013788317, 'atr_pct': 0.058379449068658315, 'bb_position': 0.06718943427689125, 'ema_distance': 0.00668887876970245, 'trend_strength': 0.4654016553657973, 'hour': 14, 'day_of_week': 1}","{'price': 25093.25, 'rsi': 27.01461286243685, 'macd': -9.203940115636215, 'atr_pct': 0.13341664164096304, 'bb_position': 0.05064448152986147, 'ema_distance': 0.05511246046518343, 'trend_strength': 0.4559557375858669, 'hour': 9, 'day_of_week': 3}"
760,trend_following,SELL,24725.6,24818.23209846645,-27789.629539935777,-92.63209846645259,-0.3746404474166556,4035.0,STOP_LOSS,0.5094108110670932,2.5,TRENDING,LOW,0.8,"{'price': 24725.6, 'rsi': 59.52640602070604, 'macd': -34.53270439285916, 'atr_pct': 0.12526057434977492, 'bb_position': 0.9072431423346129, 'ema_distance': 0.07746411243063694, 'trend_strength': 0.41233000464097413, 'hour': 15, 'day_of_week': 4}","{'price': 24825.95, 'rsi': 67.68476492317404, 'macd': 0.29986022792218137, 'atr_pct': 0.19153345592011708, 'bb_position': 1.1506363558224413, 'ema_distance': 0.059731355607824395, 'trend_strength': 0.18791316533604527, 'hour': 10, 'day_of_week': 0}"
761,trend_following,SELL,24735.55,24814.98966323247,-29789.873712176814,-79.4396632324715,-0.3211558393990491,4020.0,STOP_LOSS,0.5460772230697876,2.5,TRENDING,LOW,0.8,"{'price': 24735.55, 'rsi': 60.27833445206668, 'macd': -29.28878069624261, 'atr_pct': 0.13062460420614833, 'bb_position': 0.947667297793789, 'ema_distance': 0.0550865121015388, 'trend_strength': 0.3576036225939911, 'hour': 15, 'day_of_week': 4}","{'price': 24825.95, 'rsi': 67.68476492317404, 'macd': 0.29986022792218137, 'atr_pct': 0.19153345592011708, 'bb_position': 1.1506363558224413, 'ema_distance': 0.059731355607824395, 'trend_strength': 0.18791316533604527, 'hour': 10, 'day_of_week': 0}"
762,trend_following,BUY,24871.5,24776.9,-28379.999999999563,-94.59999999999854,-0.3803550248276081,135.0,STOP_LOSS,0.5257824438857894,2.5,TRENDING,LOW,0.8,"{'price': 24871.5, 'rsi': 54.51751894438188, 'macd': 5.552200603462552, 'atr_pct': 0.14770204565753667, 'bb_position': 0.5612217296393252, 'ema_distance': 0.029768895037904006, 'trend_strength': 0.7590412866942051, 'hour': 10, 'day_of_week': 2}","{'price': 24775.4, 'rsi': 30.110900864594043, 'macd': -22.742773411901, 'atr_pct': 0.14624241326938148, 'bb_position': 0.1305364148727869, 'ema_distance': 0.10526894423430735, 'trend_strength': 0.9103233648420169, 'hour': 12, 'day_of_week': 2}"
763,trend_following,BUY,24847.0,24776.9,-26287.499999999454,-70.09999999999854,-0.2821266148830786,120.0,STOP_LOSS,0.4870157150686264,2.5,TRENDING,NORMAL,0.8,"{'price': 24847.0, 'rsi': 49.594288861023074, 'macd': 2.4384345071775897, 'atr_pct': 0.15578195700544412, 'bb_position': 0.3554972836183508, 'ema_distance': 0.010885200899663989, 'trend_strength': 0.7894125778438695, 'hour': 10, 'day_of_week': 2}","{'price': 24775.4, 'rsi': 30.110900864594043, 'macd': -22.742773411901, 'atr_pct': 0.14624241326938148, 'bb_position': 0.1305364148727869, 'ema_distance': 0.10526894423430735, 'trend_strength': 0.9103233648420169, 'hour': 12, 'day_of_week': 2}"
764,trend_following,SELL,24811.3,24801.3,3750.0,10.0,0.0403042162240592,1200.0,STOP_LOSS,0.36355964378919814,2.5,TRENDING,LOW,0.8,"{'price': 24811.3, 'rsi': 40.321387995274286, 'macd': -6.156341602167231, 'atr_pct': 0.08380398102016944, 'bb_position': 0.5271555885082361, 'ema_distance': 0.021160580230404125, 'trend_strength': 0.6080775061091861, 'hour': 13, 'day_of_week': 3}","{'price': 24865.15, 'rsi': 62.562270313052196, 'macd': 4.813257613255701, 'atr_pct': 0.1625338504464508, 'bb_position': 0.9797091047112058, 'ema_distance': 0.03637438412619475, 'trend_strength': 0.22289763696437315, 'hour': 9, 'day_of_week': 4}"
765,trend_following,SELL,24832.4,24822.4,3750.0,10.0,0.040269969878062535,1185.0,STOP_LOSS,0.21546874641558844,2.5,TRENDING,LOW,0.8,"{'price': 24832.4, 'rsi': 58.372291465097916, 'macd': -3.1655200089517166, 'atr_pct': 0.08052555762402701, 'bb_position': 0.8047110453182026, 'ema_distance': 0.004650940624595025, 'trend_strength': 0.5676307444137465, 'hour': 14, 'day_of_week': 3}","{'price': 24865.15, 'rsi': 62.562270313052196, 'macd': 4.813257613255701, 'atr_pct': 0.1625338504464508, 'bb_position': 0.9797091047112058, 'ema_distance': 0.03637438412619475, 'trend_strength': 0.22289763696437315, 'hour': 9, 'day_of_week': 4}"
766,trend_following,BUY,24958.9,25582.872499999998,233989.68749999857,623.9724999999962,2.499999999999985,5490.0,TAKE_PROFIT,0.514087250895298,2.5,TRENDING,LOW,0.8,"{'price': 24958.9, 'rsi': 56.06850171807685, 'macd': 6.840325567609398, 'atr_pct': 0.11317176867341461, 'bb_position': 0.4313167996868143, 'ema_distance': 0.02176102189650439, 'trend_strength': 0.38630960314763413, 'hour': 15, 'day_of_week': 0}","{'price': 25604.75, 'rsi': 78.73217506862127, 'macd': 61.1394983480277, 'atr_pct': 0.15825746617884978, 'bb_position': 0.8720208187009103, 'ema_distance': 0.20833123409715829, 'trend_strength': 0.08168142931265163, 'hour': 10, 'day_of_week': 4}"
767,trend_following,BUY,24958.9,25582.872499999998,233989.68749999857,623.9724999999962,2.499999999999985,5475.0,TAKE_PROFIT,0.39458912372741534,2.5,TRENDING,LOW,0.8,"{'price': 24958.9, 'rsi': 54.586743543222134, 'macd': 4.5403338860487565, 'atr_pct': 0.10932258347008299, 'bb_position': 0.4126808129050674, 'ema_distance': 0.009462940309484935, 'trend_strength': 0.3344812908216583, 'hour': 15, 'day_of_week': 0}","{'price': 25604.75, 'rsi': 78.73217506862127, 'macd': 61.1394983480277, 'atr_pct': 0.15825746617884978, 'bb_position': 0.8720208187009103, 'ema_distance': 0.20833123409715829, 'trend_strength': 0.08168142931265163, 'hour': 10, 'day_of_week': 4}"
768,trend_following,BUY,25558.45,25568.45,3750.0,10.0,0.03912600333744808,30.0,STOP_LOSS,0.20136526194157967,2.5,TRENDING,LOW,0.8,"{'price': 25558.45, 'rsi': 27.104682816469733, 'macd': 18.484807302338595, 'atr_pct': 0.10800174278397946, 'bb_position': -0.3125642683586621, 'ema_distance': 0.02321083025532874, 'trend_strength': 0.3870786692219219, 'hour': 9, 'day_of_week': 0}","{'price': 25555.0, 'rsi': 29.727454220228864, 'macd': 9.789615902373043, 'atr_pct': 0.11870754954300372, 'bb_position': -0.11784153399294475, 'ema_distance': 0.010873103887951418, 'trend_strength': 0.47423626948332626, 'hour': 10, 'day_of_week': 0}"
769,trend_following,BUY,25586.4,25529.527587507815,-21327.154684569905,-56.87241249218641,-0.22227594539359352,165.0,STOP_LOSS,0.3665415826055903,2.5,TRENDING,LOW,0.8,"{'price': 25586.4, 'rsi': 41.73691105339792, 'macd': 15.110413488549966, 'atr_pct': 0.11370437866545355, 'bb_position': 0.08908011113493122, 'ema_distance': 0.011345328418920478, 'trend_strength': 0.43034750112689146, 'hour': 10, 'day_of_week': 0}","{'price': 25526.35, 'rsi': 30.165980091946935, 'macd': -8.50944949785844, 'atr_pct': 0.12009998631665965, 'bb_position': 0.11962173999432257, 'ema_distance': 0.05423122150474733, 'trend_strength': 0.7607683257949325, 'hour': 12, 'day_of_week': 0}"
770,trend_following,BUY,25531.3,25541.3,3750.0,10.0,0.03916760995327304,45.0,STOP_LOSS,0.3749415295048057,2.5,TRENDING,LOW,0.8,"{'price': 25531.3, 'rsi': 56.38364619897903, 'macd': -3.893101187539287, 'atr_pct': 0.11179554955234383, 'bb_position': 0.5132023367839821, 'ema_distance': 0.002355069988114311, 'trend_strength': 0.5085491634337207, 'hour': 10, 'day_of_week': 1}","{'price': 25520.95, 'rsi': 54.72968932813476, 'macd': -3.6041415909930947, 'atr_pct': 0.1104554717370879, 'bb_position': 0.4746095764143763, 'ema_distance': 0.0038078297301417383, 'trend_strength': 0.43432090333689516, 'hour': 10, 'day_of_week': 1}"
771,trend_following,BUY,25533.0,25501.8,-11700.000000000273,-31.200000000000728,-0.12219480672071721,1155.0,STOP_LOSS,0.2015623846495017,2.5,TRENDING,LOW,0.8,"{'price': 25533.0, 'rsi': 58.340458041314974, 'macd': -0.6939696507506596, 'atr_pct': 0.07711309174121943, 'bb_position': 0.5489127004732571, 'ema_distance': 0.0007887807895393787, 'trend_strength': 0.3865273144671135, 'hour': 15, 'day_of_week': 1}","{'price': 25491.75, 'rsi': 39.54309267006962, 'macd': -4.102297356257623, 'atr_pct': 0.11402848820837116, 'bb_position': -0.24010902012526517, 'ema_distance': 0.02107310401426339, 'trend_strength': 0.20035409917398955, 'hour': 10, 'day_of_week': 2}"
772,trend_following,BUY,25533.0,25501.8,-11700.000000000273,-31.200000000000728,-0.12219480672071721,1140.0,STOP_LOSS,0.2015623846495017,2.5,TRENDING,LOW,0.8,"{'price': 25533.0, 'rsi': 54.455168526052056, 'macd': -0.7002564045214967, 'atr_pct': 0.07556047915582595, 'bb_position': 0.5666152264627095, 'ema_distance': 0.0002936218241721522, 'trend_strength': 0.36978660573533334, 'hour': 15, 'day_of_week': 1}","{'price': 25491.75, 'rsi': 39.54309267006962, 'macd': -4.102297356257623, 'atr_pct': 0.11402848820837116, 'bb_position': -0.24010902012526517, 'ema_distance': 0.02107310401426339, 'trend_strength': 0.20035409917398955, 'hour': 10, 'day_of_week': 2}"
773,trend_following,SELL,25454.55,25454.55,0.0,0.0,0.0,30.0,STOP_LOSS,0.09729722182095052,2.5,TRENDING,LOW,0.8,"{'price': 25454.55, 'rsi': 56.95655413296271, 'macd': -11.11852260523301, 'atr_pct': 0.10612753206906335, 'bb_position': 1.0534191497813663, 'ema_distance': 0.012319542874372045, 'trend_strength': 0.5011004482779242, 'hour': 14, 'day_of_week': 4}","{'price': 25462.8, 'rsi': 80.0522973038141, 'macd': 0.06775986756838392, 'atr_pct': 0.0918286396513453, 'bb_position': 0.9794482913520952, 'ema_distance': 0.037960477988561295, 'trend_strength': 0.46270813379428044, 'hour': 15, 'day_of_week': 4}"
775,trend_following,BUY,25441.25,25451.25,3750.0,10.0,0.039306244779639364,1155.0,STOP_LOSS,0.1647566289501523,2.5,TRENDING,LOW,0.8,"{'price': 25441.25, 'rsi': 45.80754475616839, 'macd': 3.0455792891989404, 'atr_pct': 0.08535070295007406, 'bb_position': 0.39565402813269224, 'ema_distance': 0.005614647035904108, 'trend_strength': 0.5384916098682994, 'hour': 14, 'day_of_week': 0}","{'price': 25448.2, 'rsi': 49.76248287933684, 'macd': 5.940232870645559, 'atr_pct': 0.09926326532216387, 'bb_position': 0.4787483356033035, 'ema_distance': 0.020577034965342352, 'trend_strength': 0.5317006026119997, 'hour': 10, 'day_of_week': 1}"
776,trend_following,BUY,25448.2,25458.2,3750.0,10.0,0.03929551009501654,255.0,STOP_LOSS,0.20970165247255185,2.5,TRENDING,LOW,0.8,"{'price': 25448.2, 'rsi': 49.76248287933684, 'macd': 5.940232870645559, 'atr_pct': 0.09926326532216387, 'bb_position': 0.4787483356033035, 'ema_distance': 0.020577034965342352, 'trend_strength': 0.5317006026119997, 'hour': 10, 'day_of_week': 1}","{'price': 25457.35, 'rsi': 52.999258010387635, 'macd': 5.283937704120035, 'atr_pct': 0.07466269213858667, 'bb_position': 0.48444373770241067, 'ema_distance': 0.018070274949227742, 'trend_strength': 0.6325866304794348, 'hour': 14, 'day_of_week': 1}"
777,trend_following,BUY,25457.35,25467.35,3750.0,10.0,0.03928138631868596,1470.0,STOP_LOSS,0.1703734374309403,2.5,TRENDING,LOW,0.8,"{'price': 25457.35, 'rsi': 52.999258010387635, 'macd': 5.283937704120035, 'atr_pct': 0.07466269213858667, 'bb_position': 0.48444373770241067, 'ema_distance': 0.018070274949227742, 'trend_strength': 0.6325866304794348, 'hour': 14, 'day_of_week': 1}","{'price': 25461.8, 'rsi': 21.614020111981944, 'macd': -1.1287759825318062, 'atr_pct': 0.09409053113739971, 'bb_position': -0.18264533332497693, 'ema_distance': 0.029605539452306612, 'trend_strength': 0.7364926201600374, 'hour': 14, 'day_of_week': 2}"
774,trend_following,BUY,25425.25,25435.25,3750.0,10.0,0.03933098002969489,4035.0,STOP_LOSS,0.09729722182095052,2.5,TRENDING,LOW,0.8,"{'price': 25425.25, 'rsi': 38.065073254119184, 'macd': 3.558115421441471, 'atr_pct': 0.0829040871911636, 'bb_position': 0.0311939038721994, 'ema_distance': 0.0075478383191331985, 'trend_strength': 0.5123001645385856, 'hour': 14, 'day_of_week': 0}","{'price': 25426.6, 'rsi': 17.161462794323768, 'macd': -16.74791200087202, 'atr_pct': 0.11826759602710668, 'bb_position': 0.024461752568577983, 'ema_distance': 0.087292670096535, 'trend_strength': 0.8466681820618203, 'hour': 9, 'day_of_week': 3}"
778,trend_following,SELL,25411.35,24776.066249999996,238231.40625000087,635.2837500000023,2.5000000000000093,25815.0,TAKE_PROFIT,0.2963120416015897,2.5,TRENDING,LOW,0.8,"{'price': 25411.35, 'rsi': 55.92463291377035, 'macd': -20.325205671124422, 'atr_pct': 0.10658904106123476, 'bb_position': 0.6981127570591786, 'ema_distance': 0.058638362785866455, 'trend_strength': 0.4783794196671949, 'hour': 14, 'day_of_week': 3}","{'price': 24771.75, 'rsi': 40.52935378005573, 'macd': -26.988487767099286, 'atr_pct': 0.18927090046409475, 'bb_position': 0.05553230244225082, 'ema_distance': 0.08731815277232767, 'trend_strength': 0.47369088706724893, 'hour': 12, 'day_of_week': 0}"
779,trend_following,SELL,25408.3,24773.0925,238202.81250000017,635.2075000000004,2.5000000000000018,25800.0,TAKE_PROFIT,0.29663552636315876,2.5,TRENDING,LOW,0.8,"{'price': 25408.3, 'rsi': 53.063588454317426, 'macd': -17.636242870077695, 'atr_pct': 0.10320024783802327, 'bb_position': 0.7028964024004904, 'ema_distance': 0.04605975565322741, 'trend_strength': 0.44887778789282506, 'hour': 14, 'day_of_week': 3}","{'price': 24771.75, 'rsi': 40.52935378005573, 'macd': -26.988487767099286, 'atr_pct': 0.18927090046409475, 'bb_position': 0.05553230244225082, 'ema_distance': 0.08731815277232767, 'trend_strength': 0.47369088706724893, 'hour': 12, 'day_of_week': 0}"
780,trend_following,SELL,24695.05,24757.654215900067,-23476.58096252553,-62.604215900068084,-0.2535091684368652,90.0,STOP_LOSS,0.3742666354486919,2.5,TRENDING,NORMAL,0.8,"{'price': 24695.05, 'rsi': 53.66343329115594, 'macd': -24.076848515862366, 'atr_pct': 0.1571165071542711, 'bb_position': 0.7240976213509762, 'ema_distance': 0.06106209202037915, 'trend_strength': 0.7820237222034947, 'hour': 12, 'day_of_week': 1}","{'price': 24758.85, 'rsi': 76.42877241994749, 'macd': -0.3863370866238256, 'atr_pct': 0.11753373036308482, 'bb_position': 1.0514962800437817, 'ema_distance': 0.0410129836676227, 'trend_strength': 0.5912678551480216, 'hour': 13, 'day_of_week': 1}"
781,trend_following,SELL,24696.65,24755.26189370791,-21979.460140465562,-58.611893707908166,-0.23732730434252486,75.0,STOP_LOSS,0.35039934515514454,2.5,TRENDING,NORMAL,0.8,"{'price': 24696.65, 'rsi': 55.547029492466926, 'macd': -20.701991052184894, 'atr_pct': 0.15811861122865176, 'bb_position': 0.7260374163961834, 'ema_distance': 0.04604720850696184, 'trend_strength': 0.765576627525038, 'hour': 12, 'day_of_week': 1}","{'price': 24758.85, 'rsi': 76.42877241994749, 'macd': -0.3863370866238256, 'atr_pct': 0.11753373036308482, 'bb_position': 1.0514962800437817, 'ema_distance': 0.0410129836676227, 'trend_strength': 0.5912678551480216, 'hour': 13, 'day_of_week': 1}"
782,trend_following,BUY,24844.55,24771.95,-27224.999999999454,-72.59999999999854,-0.29221700533919326,1110.0,STOP_LOSS,0.4371925938253503,2.5,TRENDING,LOW,0.8,"{'price': 24844.55, 'rsi': 41.383674696637655, 'macd': 14.90262367107789, 'atr_pct': 0.10135882057490705, 'bb_position': 0.3626521336329752, 'ema_distance': 0.03727140636253085, 'trend_strength': 0.47002255678680555, 'hour': 15, 'day_of_week': 2}","{'price': 24694.1, 'rsi': 19.001892595735058, 'macd': -18.485035194236843, 'atr_pct': 0.15519901514936743, 'bb_position': -0.11104809750852546, 'ema_distance': 0.12693688534906528, 'trend_strength': 0.6242653233602715, 'hour': 9, 'day_of_week': 3}"
783,trend_following,BUY,24844.55,24771.95,-27224.999999999454,-72.59999999999854,-0.29221700533919326,1095.0,STOP_LOSS,0.4371925938253503,2.5,TRENDING,LOW,0.8,"{'price': 24844.55, 'rsi': 47.71547683562254, 'macd': 12.823107181640808, 'atr_pct': 0.09665816331664596, 'bb_position': 0.2950207841190645, 'ema_distance': 0.028188461812340998, 'trend_strength': 0.5006513462836729, 'hour': 15, 'day_of_week': 2}","{'price': 24694.1, 'rsi': 19.001892595735058, 'macd': -18.485035194236843, 'atr_pct': 0.15519901514936743, 'bb_position': -0.11104809750852546, 'ema_distance': 0.12693688534906528, 'trend_strength': 0.6242653233602715, 'hour': 9, 'day_of_week': 3}"
784,trend_following,SELL,24641.65,24631.65,3750.0,10.0,0.04058169805999192,30.0,STOP_LOSS,0.3405068856263719,2.5,TRENDING,NORMAL,0.8,"{'price': 24641.65, 'rsi': 46.37117296447554, 'macd': -27.11077952539199, 'atr_pct': 0.20543035296511541, 'bb_position': 0.5992310572717974, 'ema_distance': 0.07439772726380606, 'trend_strength': 0.604549364948291, 'hour': 10, 'day_of_week': 0}","{'price': 24664.35, 'rsi': 51.5979902658893, 'macd': -19.702634920027776, 'atr_pct': 0.2121772633665298, 'bb_position': 0.7633397356654755, 'ema_distance': 0.04030732035657876, 'trend_strength': 0.5557021849814242, 'hour': 11, 'day_of_week': 0}"
785,trend_following,SELL,24664.35,24692.65,-10612.500000001091,-28.30000000000291,-0.11474050603402446,75.0,STOP_LOSS,0.17181970176759373,2.5,TRENDING,NORMAL,0.8,"{'price': 24664.35, 'rsi': 51.5979902658893, 'macd': -19.702634920027776, 'atr_pct': 0.2121772633665298, 'bb_position': 0.7633397356654755, 'ema_distance': 0.04030732035657876, 'trend_strength': 0.5557021849814242, 'hour': 11, 'day_of_week': 0}","{'price': 24694.6, 'rsi': 70.60373937326166, 'macd': -0.6088209841327625, 'atr_pct': 0.1840917216140962, 'bb_position': 0.8952207584912153, 'ema_distance': 0.03735034869820458, 'trend_strength': 0.43249581536139864, 'hour': 12, 'day_of_week': 0}"
786,trend_following,SELL,24666.45,24692.65,-9825.000000000273,-26.200000000000728,-0.1062171492046919,60.0,STOP_LOSS,0.15906982990496882,2.5,TRENDING,NORMAL,0.8,"{'price': 24666.45, 'rsi': 55.09362699442951, 'macd': -15.266171394254343, 'atr_pct': 0.20612150164639456, 'bb_position': 0.7638828247404409, 'ema_distance': 0.020443845612669567, 'trend_strength': 0.5309018643398656, 'hour': 11, 'day_of_week': 0}","{'price': 24694.6, 'rsi': 70.60373937326166, 'macd': -0.6088209841327625, 'atr_pct': 0.1840917216140962, 'bb_position': 0.8952207584912153, 'ema_distance': 0.03735034869820458, 'trend_strength': 0.43249581536139864, 'hour': 12, 'day_of_week': 0}"
787,trend_following,SELL,24667.5,24657.5,3750.0,10.0,0.040539170973953584,9765.0,STOP_LOSS,0.0913728565213884,2.5,TRENDING,LOW,0.8,"{'price': 24667.5, 'rsi': 58.31691517460905, 'macd': -8.397138798580272, 'atr_pct': 0.1330119156206119, 'bb_position': 1.0422237547681699, 'ema_distance': 0.02248342176905744, 'trend_strength': 0.6502307319597104, 'hour': 15, 'day_of_week': 1}","{'price': 24684.7, 'rsi': 90.37332356129049, 'macd': 51.89365196062863, 'atr_pct': 0.14851594018041459, 'bb_position': 1.0316374537606798, 'ema_distance': 0.2254865441100886, 'trend_strength': 0.16035876428028395, 'hour': 9, 'day_of_week': 1}"
788,trend_following,SELL,24649.5,24639.5,3750.0,10.0,0.04056877421448711,9750.0,STOP_LOSS,0.13188148957921278,2.5,TRENDING,LOW,0.8,"{'price': 24649.5, 'rsi': 55.69293861288297, 'macd': -6.324184610002703, 'atr_pct': 0.13383348836400685, 'bb_position': 0.7566612607096159, 'ema_distance': 0.012235107274882279, 'trend_strength': 0.6102280524020852, 'hour': 15, 'day_of_week': 1}","{'price': 24684.7, 'rsi': 90.37332356129049, 'macd': 51.89365196062863, 'atr_pct': 0.14851594018041459, 'bb_position': 1.0316374537606798, 'ema_distance': 0.2254865441100886, 'trend_strength': 0.16035876428028395, 'hour': 9, 'day_of_week': 1}"
789,trend_following,BUY,24561.75,24571.75,3750.0,10.0,0.04071371136014331,90.0,STOP_LOSS,0.4061144403669661,2.5,NEUTRAL,NORMAL,0.8,"{'price': 24561.75, 'rsi': 46.12779334748565, 'macd': 20.91815155702352, 'atr_pct': 0.17927119548543233, 'bb_position': 0.38558509706763405, 'ema_distance': 0.047211387076670414, 'trend_strength': 0.28286205674720966, 'hour': 12, 'day_of_week': 1}","{'price': 24564.9, 'rsi': 32.89434420894585, 'macd': 16.250454499851912, 'atr_pct': 0.16466584435515588, 'bb_position': 0.31420806113989147, 'ema_distance': 0.03726111829761336, 'trend_strength': 0.46170878233551477, 'hour': 13, 'day_of_week': 1}"
790,trend_following,BUY,24574.75,24584.75,3750.0,10.0,0.04069217387765898,45.0,STOP_LOSS,0.2677009045115582,2.5,TRENDING,NORMAL,0.8,"{'price': 24574.75, 'rsi': 31.51153820025735, 'macd': 19.46993588775149, 'atr_pct': 0.17188083587538164, 'bb_position': 0.36934116145049706, 'ema_distance': 0.05262762705555192, 'trend_strength': 0.4270747477611531, 'hour': 13, 'day_of_week': 1}","{'price': 24542.65, 'rsi': 43.265575116688275, 'macd': 11.872763894149102, 'atr_pct': 0.16344724678991612, 'bb_position': 0.16710325402640816, 'ema_distance': 0.018606113720564685, 'trend_strength': 0.4868762520592413, 'hour': 14, 'day_of_week': 1}"
791,trend_following,BUY,24564.9,24574.9,3750.0,10.0,0.04070849056987816,30.0,STOP_LOSS,0.20764607238478483,2.5,TRENDING,NORMAL,0.8,"{'price': 24564.9, 'rsi': 32.89434420894585, 'macd': 16.250454499851912, 'atr_pct': 0.16466584435515588, 'bb_position': 0.31420806113989147, 'ema_distance': 0.03726111829761336, 'trend_strength': 0.46170878233551477, 'hour': 13, 'day_of_week': 1}","{'price': 24542.65, 'rsi': 43.265575116688275, 'macd': 11.872763894149102, 'atr_pct': 0.16344724678991612, 'bb_position': 0.16710325402640816, 'ema_distance': 0.018606113720564685, 'trend_strength': 0.4868762520592413, 'hour': 14, 'day_of_week': 1}"
792,trend_following,BUY,24542.65,24552.65,3750.0,10.0,0.04074539627953786,1305.0,STOP_LOSS,0.09109540161932436,2.5,TRENDING,NORMAL,0.8,"{'price': 24542.65, 'rsi': 43.265575116688275, 'macd': 11.872763894149102, 'atr_pct': 0.16344724678991612, 'bb_position': 0.16710325402640816, 'ema_distance': 0.018606113720564685, 'trend_strength': 0.4868762520592413, 'hour': 14, 'day_of_week': 1}","{'price': 24552.35, 'rsi': 61.641937588699804, 'macd': 4.74746671462708, 'atr_pct': 0.14877831013557266, 'bb_position': 0.49941872689287803, 'ema_distance': 0.01741096319220912, 'trend_strength': 0.21403189203663142, 'hour': 11, 'day_of_week': 2}"
793,trend_following,BUY,24544.9,24554.9,3750.0,10.0,0.04074166120049379,1290.0,STOP_LOSS,0.13725040510646197,2.5,TRENDING,NORMAL,0.8,"{'price': 24544.9, 'rsi': 44.12371161056808, 'macd': 8.192849231822038, 'atr_pct': 0.1651637843881434, 'bb_position': 0.21307798465947966, 'ema_distance': 0.001821003725149735, 'trend_strength': 0.4926232341920221, 'hour': 14, 'day_of_week': 1}","{'price': 24552.35, 'rsi': 61.641937588699804, 'macd': 4.74746671462708, 'atr_pct': 0.14877831013557266, 'bb_position': 0.49941872689287803, 'ema_distance': 0.01741096319220912, 'trend_strength': 0.21403189203663142, 'hour': 11, 'day_of_week': 2}"
795,trend_following,BUY,24629.7,24639.7,3750.0,10.0,0.04060138775543348,75.0,STOP_LOSS,0.15770714419830914,2.5,TRENDING,LOW,0.8,"{'price': 24629.7, 'rsi': 54.8931139092673, 'macd': 8.93248680499164, 'atr_pct': 0.1346081009048904, 'bb_position': 0.31671446973189127, 'ema_distance': 0.019218207276674493, 'trend_strength': 0.5387236723697276, 'hour': 12, 'day_of_week': 3}","{'price': 24632.5, 'rsi': 49.62483235734525, 'macd': 8.589144882040273, 'atr_pct': 0.11687520842093137, 'bb_position': 0.3746285979854441, 'ema_distance': 0.023608721913857038, 'trend_strength': 0.48179906576860687, 'hour': 13, 'day_of_week': 3}"
796,trend_following,BUY,24632.5,24642.5,3750.0,10.0,0.04059677255658175,45.0,STOP_LOSS,0.1745850931255979,2.5,TRENDING,LOW,0.8,"{'price': 24632.5, 'rsi': 49.62483235734525, 'macd': 8.589144882040273, 'atr_pct': 0.11687520842093137, 'bb_position': 0.3746285979854441, 'ema_distance': 0.023608721913857038, 'trend_strength': 0.48179906576860687, 'hour': 13, 'day_of_week': 3}","{'price': 24637.7, 'rsi': 43.79906781863555, 'macd': 7.286294337292929, 'atr_pct': 0.10450013017217062, 'bb_position': 0.40632821902463173, 'ema_distance': 0.018861250707637944, 'trend_strength': 0.5321561646211395, 'hour': 14, 'day_of_week': 3}"
794,trend_following,BUY,24618.6,24628.6,3750.0,10.0,0.04061969405246439,165.0,STOP_LOSS,0.14527254244419405,2.5,TRENDING,LOW,0.8,"{'price': 24618.6, 'rsi': 42.67932711589474, 'macd': 11.507495270012441, 'atr_pct': 0.1332616105592644, 'bb_position': 0.14491856651296003, 'ema_distance': 0.029917713250827368, 'trend_strength': 0.5958927561857041, 'hour': 11, 'day_of_week': 3}","{'price': 24627.0, 'rsi': 43.61207844394228, 'macd': 5.534873493335908, 'atr_pct': 0.10206567704435938, 'bb_position': 0.19662227492347473, 'ema_distance': 0.01014700566017586, 'trend_strength': 0.5652544111553602, 'hour': 14, 'day_of_week': 3}"
797,trend_following,BUY,24637.7,24647.7,3750.0,10.0,0.0405882042560791,19905.0,STOP_LOSS,0.20598253535620614,2.5,TRENDING,LOW,0.8,"{'price': 24637.7, 'rsi': 43.79906781863555, 'macd': 7.286294337292929, 'atr_pct': 0.10450013017217062, 'bb_position': 0.40632821902463173, 'ema_distance': 0.018861250707637944, 'trend_strength': 0.5321561646211395, 'hour': 14, 'day_of_week': 3}","{'price': 24592.45, 'rsi': 25.872123154571128, 'macd': -35.844861420489906, 'atr_pct': 0.15584051202707028, 'bb_position': 0.06599694696217295, 'ema_distance': 0.15593438423660383, 'trend_strength': 0.2142851800790372, 'hour': 9, 'day_of_week': 3}"
798,trend_following,BUY,24627.0,24637.0,3750.0,10.0,0.04060583911966541,19890.0,STOP_LOSS,0.1410731533300027,2.5,TRENDING,LOW,0.8,"{'price': 24627.0, 'rsi': 43.61207844394228, 'macd': 5.534873493335908, 'atr_pct': 0.10206567704435938, 'bb_position': 0.19662227492347473, 'ema_distance': 0.01014700566017586, 'trend_strength': 0.5652544111553602, 'hour': 14, 'day_of_week': 3}","{'price': 24592.45, 'rsi': 25.872123154571128, 'macd': -35.844861420489906, 'atr_pct': 0.15584051202707028, 'bb_position': 0.06599694696217295, 'ema_distance': 0.15593438423660383, 'trend_strength': 0.2142851800790372, 'hour': 9, 'day_of_week': 3}"
799,trend_following,SELL,24661.95,24651.95,3750.0,10.0,0.04054829403189934,45.0,STOP_LOSS,0.3382748000498399,2.5,TRENDING,NORMAL,0.8,"{'price': 24661.95, 'rsi': 42.94585407554425, 'macd': -34.08473589820278, 'atr_pct': 0.18421958870707134, 'bb_position': 0.47523788521062976, 'ema_distance': 0.12623429400624012, 'trend_strength': 0.4525353992509968, 'hour': 10, 'day_of_week': 3}","{'price': 24656.3, 'rsi': 42.648487275993894, 'macd': -23.784943194754305, 'atr_pct': 0.1901861071728429, 'bb_position': 0.48688390842011325, 'ema_distance': 0.06982988576853856, 'trend_strength': 0.5800705267915085, 'hour': 11, 'day_of_week': 3}"
800,trend_following,SELL,24550.05,24540.05,3750.0,10.0,0.040733114596507955,30.0,STOP_LOSS,0.49316299116943824,2.5,TRENDING,NORMAL,0.8,"{'price': 24550.05, 'rsi': 49.66987129819031, 'macd': -31.564349991800555, 'atr_pct': 0.18802696648566514, 'bb_position': 0.582462814585244, 'ema_distance': 0.10274707562923976, 'trend_strength': 0.5467166493134022, 'hour': 10, 'day_of_week': 4}","{'price': 24556.45, 'rsi': 47.163610179999125, 'macd': -24.66077217275233, 'atr_pct': 0.18563641847951995, 'bb_position': 0.6955509117962143, 'ema_distance': 0.0675303201825125, 'trend_strength': 0.5800291924002822, 'hour': 11, 'day_of_week': 4}"
801,trend_following,SELL,24556.45,24546.45,3750.0,10.0,0.040722498569622234,60.0,STOP_LOSS,0.29279828598019947,2.5,TRENDING,NORMAL,0.8,"{'price': 24556.45, 'rsi': 47.163610179999125, 'macd': -24.66077217275233, 'atr_pct': 0.18563641847951995, 'bb_position': 0.6955509117962143, 'ema_distance': 0.0675303201825125, 'trend_strength': 0.5800291924002822, 'hour': 11, 'day_of_week': 4}","{'price': 24553.25, 'rsi': 59.58615255408457, 'macd': -12.7586053187988, 'atr_pct': 0.16032209876201972, 'bb_position': 0.6834161735383439, 'ema_distance': 0.017468775496314405, 'trend_strength': 0.569654501670209, 'hour': 12, 'day_of_week': 4}"
802,trend_following,SELL,24556.4,24546.4,3750.0,10.0,0.04072258148588555,45.0,STOP_LOSS,0.28160615777762316,2.5,TRENDING,NORMAL,0.8,"{'price': 24556.4, 'rsi': 47.6485194406638, 'macd': -20.76421056594336, 'atr_pct': 0.17708505434719352, 'bb_position': 0.714951709934014, 'ema_distance': 0.048994843591262056, 'trend_strength': 0.579914753350949, 'hour': 11, 'day_of_week': 4}","{'price': 24553.25, 'rsi': 59.58615255408457, 'macd': -12.7586053187988, 'atr_pct': 0.16032209876201972, 'bb_position': 0.6834161735383439, 'ema_distance': 0.017468775496314405, 'trend_strength': 0.569654501670209, 'hour': 12, 'day_of_week': 4}"
803,trend_following,SELL,24553.25,24543.25,3750.0,10.0,0.04072780589127712,4185.0,STOP_LOSS,0.26762430872342435,2.5,TRENDING,NORMAL,0.8,"{'price': 24553.25, 'rsi': 59.58615255408457, 'macd': -12.7586053187988, 'atr_pct': 0.16032209876201972, 'bb_position': 0.6834161735383439, 'ema_distance': 0.017468775496314405, 'trend_strength': 0.569654501670209, 'hour': 12, 'day_of_week': 4}","{'price': 24547.5, 'rsi': 52.60178370477405, 'macd': -11.90415859746281, 'atr_pct': 0.17969534284841215, 'bb_position': 0.7445019937090408, 'ema_distance': 0.018697985942204443, 'trend_strength': 0.5184925477358618, 'hour': 9, 'day_of_week': 0}"
804,trend_following,SELL,24547.5,24537.5,3750.0,10.0,0.04073734596191059,60.0,STOP_LOSS,0.15042577034970175,2.5,TRENDING,NORMAL,0.8,"{'price': 24547.5, 'rsi': 52.60178370477405, 'macd': -11.90415859746281, 'atr_pct': 0.17969534284841215, 'bb_position': 0.7445019937090408, 'ema_distance': 0.018697985942204443, 'trend_strength': 0.5184925477358618, 'hour': 9, 'day_of_week': 0}","{'price': 24545.0, 'rsi': 57.79340651286668, 'macd': -0.6912674579834857, 'atr_pct': 0.17707999883595726, 'bb_position': 0.7695850714179655, 'ema_distance': 0.026854921161889426, 'trend_strength': 0.4093453104123552, 'hour': 10, 'day_of_week': 0}"
805,trend_following,SELL,24523.15,24572.45,-18487.499999999727,-49.29999999999927,-0.20103453267626414,180.0,STOP_LOSS,0.2972340873042072,2.5,TRENDING,NORMAL,0.8,"{'price': 24523.15, 'rsi': 53.077374966211245, 'macd': -8.991881986756198, 'atr_pct': 0.17907277700574928, 'bb_position': 0.6266084736665011, 'ema_distance': 0.006354960297964269, 'trend_strength': 0.49484400131297557, 'hour': 10, 'day_of_week': 0}","{'price': 24590.5, 'rsi': 65.53042735605865, 'macd': 14.589810847966874, 'atr_pct': 0.09456323144535946, 'bb_position': 0.8355565754291027, 'ema_distance': 0.07621973203039945, 'trend_strength': 0.22598865297781065, 'hour': 13, 'day_of_week': 0}"
806,trend_following,BUY,24684.75,24613.5,-26718.75,-71.25,-0.2886397472123477,30.0,STOP_LOSS,0.43059285114721074,2.5,TRENDING,LOW,0.8,"{'price': 24684.75, 'rsi': 34.182885609244366, 'macd': 31.88572821113121, 'atr_pct': 0.09836900457628063, 'bb_position': 0.3646770144351171, 'ema_distance': 0.09366535732343993, 'trend_strength': 0.4079617803525547, 'hour': 13, 'day_of_week': 1}","{'price': 24589.9, 'rsi': 15.136197079503589, 'macd': 13.439924496226013, 'atr_pct': 0.12510943807939962, 'bb_position': -0.17137595975010614, 'ema_distance': 0.0003494846569188355, 'trend_strength': 0.5001843292248119, 'hour': 13, 'day_of_week': 1}"
807,trend_following,BUY,24655.05,24619.85,-13200.000000000273,-35.20000000000073,-0.14276993962697593,15.0,STOP_LOSS,0.2127279769878194,2.5,TRENDING,LOW,0.8,"{'price': 24655.05, 'rsi': 25.5796168889095, 'macd': 24.614451376586658, 'atr_pct': 0.10768584934932428, 'bb_position': 0.1567302784307956, 'ema_distance': 0.0565684370672046, 'trend_strength': 0.4508531398994804, 'hour': 13, 'day_of_week': 1}","{'price': 24589.9, 'rsi': 15.136197079503589, 'macd': 13.439924496226013, 'atr_pct': 0.12510943807939962, 'bb_position': -0.17137595975010614, 'ema_distance': 0.0003494846569188355, 'trend_strength': 0.5001843292248119, 'hour': 13, 'day_of_week': 1}"
808,trend_following,SELL,24630.55,24620.55,3750.0,10.0,0.04059998660200442,90.0,STOP_LOSS,0.20163615708725177,2.5,TRENDING,LOW,0.8,"{'price': 24630.55, 'rsi': 59.0465387970959, 'macd': -11.821254144339036, 'atr_pct': 0.14433295237012594, 'bb_position': 1.1084647181288818, 'ema_distance': 0.031436111905003956, 'trend_strength': 0.46003042921208626, 'hour': 12, 'day_of_week': 2}","{'price': 24629.6, 'rsi': 55.818293121413625, 'macd': -1.142869680916192, 'atr_pct': 0.1178750075402875, 'bb_position': 0.8526023672936132, 'ema_distance': 0.011768221457433834, 'trend_strength': 0.20299931969935567, 'hour': 13, 'day_of_week': 2}"
809,trend_following,SELL,24637.75,24627.75,3750.0,10.0,0.04058812188613003,75.0,STOP_LOSS,0.09123808012997417,2.5,TRENDING,LOW,0.8,"{'price': 24637.75, 'rsi': 62.5371126794895, 'macd': -7.488955128024827, 'atr_pct': 0.14287018903917748, 'bb_position': 1.0674659968064755, 'ema_distance': 0.0094191072149732, 'trend_strength': 0.4041639836045811, 'hour': 12, 'day_of_week': 2}","{'price': 24629.6, 'rsi': 55.818293121413625, 'macd': -1.142869680916192, 'atr_pct': 0.1178750075402875, 'bb_position': 0.8526023672936132, 'ema_distance': 0.011768221457433834, 'trend_strength': 0.20299931969935567, 'hour': 13, 'day_of_week': 2}"
810,trend_following,BUY,24788.3,24705.05,-31218.75,-83.25,-0.33584392636848837,1230.0,STOP_LOSS,0.5057560885276059,2.5,TRENDING,LOW,0.8,"{'price': 24788.3, 'rsi': 39.84986813783526, 'macd': 29.628618334729254, 'atr_pct': 0.14311187132639128, 'bb_position': 0.3445111421231733, 'ema_distance': 0.07970250873497109, 'trend_strength': 0.4429174655462548, 'hour': 13, 'day_of_week': 3}","{'price': 24679.35, 'rsi': 31.448643576784505, 'macd': -5.333367087408988, 'atr_pct': 0.19384337802367452, 'bb_position': -0.0922287167955479, 'ema_distance': 0.047952043456616814, 'trend_strength': 0.6569680554642332, 'hour': 10, 'day_of_week': 4}"
811,trend_following,BUY,24777.0,24705.05,-26981.250000000273,-71.95000000000073,-0.2903902813092817,1215.0,STOP_LOSS,0.43710691374848787,2.5,TRENDING,LOW,0.8,"{'price': 24777.0, 'rsi': 35.13550250180185, 'macd': 25.038968267155724, 'atr_pct': 0.13934293901602146, 'bb_position': 0.24045525503930673, 'ema_distance': 0.05839134255996276, 'trend_strength': 0.4764306692003082, 'hour': 13, 'day_of_week': 3}","{'price': 24679.35, 'rsi': 31.448643576784505, 'macd': -5.333367087408988, 'atr_pct': 0.19384337802367452, 'bb_position': -0.0922287167955479, 'ema_distance': 0.047952043456616814, 'trend_strength': 0.6569680554642332, 'hour': 10, 'day_of_week': 4}"
813,trend_following,BUY,24768.75,25387.968749999996,232207.03124999863,619.2187499999964,2.4999999999999853,14085.0,TAKE_PROFIT,0.10548714851684497,2.5,TRENDING,LOW,0.8,"{'price': 24768.75, 'rsi': 36.773089309035164, 'macd': 15.402277933553705, 'atr_pct': 0.12396092426372475, 'bb_position': -0.012674791275476882, 'ema_distance': 0.031524291799544496, 'trend_strength': 0.46750776872607963, 'hour': 15, 'day_of_week': 0}","{'price': 25415.2, 'rsi': 74.89271877022367, 'macd': 32.481387917829124, 'atr_pct': 0.10393105588106881, 'bb_position': 1.0161903804844485, 'ema_distance': 0.12392231568972967, 'trend_strength': 0.3758986503635906, 'hour': 9, 'day_of_week': 3}"
812,trend_following,BUY,24807.25,25427.431249999998,232567.96874999919,620.1812499999978,2.499999999999991,14160.0,TAKE_PROFIT,0.2594247896664114,2.5,TRENDING,LOW,0.8,"{'price': 24807.25, 'rsi': 47.04777182376863, 'macd': 22.916939381324482, 'atr_pct': 0.11150254173966895, 'bb_position': 0.27201620787591385, 'ema_distance': 0.07133653932734137, 'trend_strength': 0.4436604164194462, 'hour': 14, 'day_of_week': 0}","{'price': 25431.15, 'rsi': 82.32372785140475, 'macd': 37.59383643480396, 'atr_pct': 0.10361308867275017, 'bb_position': 0.87771353404244, 'ema_distance': 0.141175757513618, 'trend_strength': 0.30769060018193684, 'hour': 10, 'day_of_week': 3}"
814,trend_following,BUY,25378.0,25388.0,3750.0,10.0,0.03940420836945386,1230.0,STOP_LOSS,0.3231744505663992,2.5,NEUTRAL,LOW,0.8,"{'price': 25378.0, 'rsi': 36.20140443645283, 'macd': 15.66779929630502, 'atr_pct': 0.08559156975107758, 'bb_position': 0.35439070239602766, 'ema_distance': 0.027394417805265036, 'trend_strength': 0.27836124078336066, 'hour': 13, 'day_of_week': 3}","{'price': 25316.05, 'rsi': 36.591839692060006, 'macd': -2.27146697245189, 'atr_pct': 0.14039653556876983, 'bb_position': -0.032681629727896205, 'ema_distance': 0.032594467858698316, 'trend_strength': 0.7250181107681205, 'hour': 9, 'day_of_week': 4}"
815,trend_following,BUY,25382.6,25392.6,3750.0,10.0,0.0393970672823115,1215.0,STOP_LOSS,0.3493931890603136,2.5,TRENDING,LOW,0.8,"{'price': 25382.6, 'rsi': 40.39291565747389, 'macd': 13.658047636763513, 'atr_pct': 0.08456299084524618, 'bb_position': 0.3514495329027051, 'ema_distance': 0.020781432346932343, 'trend_strength': 0.32267594039369973, 'hour': 13, 'day_of_week': 3}","{'price': 25316.05, 'rsi': 36.591839692060006, 'macd': -2.27146697245189, 'atr_pct': 0.14039653556876983, 'bb_position': -0.032681629727896205, 'ema_distance': 0.032594467858698316, 'trend_strength': 0.7250181107681205, 'hour': 9, 'day_of_week': 4}"
816,trend_following,SELL,25344.95,25334.95,3750.0,10.0,0.03945559174510109,75.0,STOP_LOSS,0.5226390448811292,2.5,TRENDING,LOW,0.8,"{'price': 25344.95, 'rsi': 60.65571594393633, 'macd': -13.42820673125243, 'atr_pct': 0.08690094081858474, 'bb_position': 0.560257660170537, 'ema_distance': 0.044316526586504895, 'trend_strength': 0.5469537666535066, 'hour': 13, 'day_of_week': 4}","{'price': 25341.4, 'rsi': 61.29086719181945, 'macd': -4.475885146992368, 'atr_pct': 0.08825197390154092, 'bb_position': 0.7790740698781025, 'ema_distance': 0.0038500131552944945, 'trend_strength': 0.4162187547385322, 'hour': 14, 'day_of_week': 4}"
817,trend_following,SELL,25340.4,25330.4,3750.0,10.0,0.039462676200849235,105.0,STOP_LOSS,0.5448426644348904,2.5,TRENDING,LOW,0.8,"{'price': 25340.4, 'rsi': 56.05253530512814, 'macd': -10.97348099384908, 'atr_pct': 0.08769170404345712, 'bb_position': 0.566697047558834, 'ema_distance': 0.03163852160476441, 'trend_strength': 0.5048864677580489, 'hour': 13, 'day_of_week': 4}","{'price': 25352.5, 'rsi': 63.51619456404706, 'macd': -2.014491181860649, 'atr_pct': 0.10249764041303214, 'bb_position': 0.8636720381823728, 'ema_distance': 0.003719112884945993, 'trend_strength': 0.38983733993181324, 'hour': 15, 'day_of_week': 4}"
818,trend_following,SELL,25341.4,25331.4,3750.0,10.0,0.039461118959489214,45.0,STOP_LOSS,0.1058339318113783,2.5,TRENDING,LOW,0.8,"{'price': 25341.4, 'rsi': 61.29086719181945, 'macd': -4.475885146992368, 'atr_pct': 0.08825197390154092, 'bb_position': 0.7790740698781025, 'ema_distance': 0.0038500131552944945, 'trend_strength': 0.4162187547385322, 'hour': 14, 'day_of_week': 4}","{'price': 25352.5, 'rsi': 63.51619456404706, 'macd': -2.014491181860649, 'atr_pct': 0.10249764041303214, 'bb_position': 0.8636720381823728, 'ema_distance': 0.003719112884945993, 'trend_strength': 0.38983733993181324, 'hour': 15, 'day_of_week': 4}"
819,trend_following,SELL,25184.85,25174.85,3750.0,10.0,0.03970641079855548,165.0,STOP_LOSS,0.5316940895565481,2.5,TRENDING,LOW,0.8,"{'price': 25184.85, 'rsi': 46.45875413030725, 'macd': -32.005238464938884, 'atr_pct': 0.14397828172776042, 'bb_position': 0.6847034136006007, 'ema_distance': 0.09134694252241611, 'trend_strength': 0.6124391956299611, 'hour': 12, 'day_of_week': 1}","{'price': 25185.8, 'rsi': 68.61339452343191, 'macd': -1.6963419050880475, 'atr_pct': 0.15320424320734247, 'bb_position': 0.6036061659933608, 'ema_distance': 0.012985516950276608, 'trend_strength': 0.2050123155380442, 'hour': 15, 'day_of_week': 1}"
820,trend_following,SELL,25183.75,25173.75,3750.0,10.0,0.039708145133270464,19980.0,STOP_LOSS,0.38136476118912344,2.5,TRENDING,LOW,0.8,"{'price': 25183.75, 'rsi': 49.2537590840661, 'macd': -26.76182855697698, 'atr_pct': 0.13129214558707722, 'bb_position': 0.7172308175630935, 'ema_distance': 0.06614291456489595, 'trend_strength': 0.5981380280793919, 'hour': 12, 'day_of_week': 1}","{'price': 25180.75, 'rsi': 79.20563188858658, 'macd': 50.24599532422508, 'atr_pct': 0.13885323397550103, 'bb_position': 1.1214261993715755, 'ema_distance': 0.18594446996343636, 'trend_strength': 0.15889243278653054, 'hour': 9, 'day_of_week': 1}"
821,trend_following,SELL,25131.65,25121.65,3750.0,10.0,0.039790463419632216,18525.0,STOP_LOSS,0.5257117712912455,2.5,TRENDING,LOW,0.8,"{'price': 25131.65, 'rsi': 71.19392510279988, 'macd': -17.63166328492298, 'atr_pct': 0.09778506385374491, 'bb_position': 0.6548540831123055, 'ema_distance': 0.043234363245093894, 'trend_strength': 0.757540037633371, 'hour': 13, 'day_of_week': 2}","{'price': 25180.75, 'rsi': 79.20563188858658, 'macd': 50.24599532422508, 'atr_pct': 0.13885323397550103, 'bb_position': 1.1214261993715755, 'ema_distance': 0.18594446996343636, 'trend_strength': 0.15889243278653054, 'hour': 9, 'day_of_week': 1}"
822,trend_following,BUY,25153.25,25163.25,3750.0,10.0,0.039756293918280936,1185.0,STOP_LOSS,0.41808568895454706,2.5,NEUTRAL,LOW,0.8,"{'price': 25153.25, 'rsi': 49.470056533080474, 'macd': 33.770293227738875, 'atr_pct': 0.13243105477707534, 'bb_position': 0.3515640476454732, 'ema_distance': 0.10278984793820059, 'trend_strength': 0.27918959033232194, 'hour': 14, 'day_of_week': 1}","{'price': 25149.55, 'rsi': 43.35209279900008, 'macd': 10.776904964877758, 'atr_pct': 0.16323779721136833, 'bb_position': 0.41967179409307376, 'ema_distance': 0.018409256467265538, 'trend_strength': 0.5757945832207196, 'hour': 10, 'day_of_week': 2}"
823,trend_following,BUY,25134.4,25144.4,3750.0,10.0,0.03978610987332103,1185.0,STOP_LOSS,0.29893222157054977,2.5,TRENDING,LOW,0.8,"{'price': 25134.4, 'rsi': 46.014042007797556, 'macd': 28.0031910850812, 'atr_pct': 0.13984817620472506, 'bb_position': 0.18179312252790455, 'ema_distance': 0.07348106573048388, 'trend_strength': 0.31623586657747504, 'hour': 14, 'day_of_week': 1}","{'price': 25132.15, 'rsi': 39.15573666711955, 'macd': 8.312837040131853, 'atr_pct': 0.16974558199642403, 'bb_position': 0.28856874388189235, 'ema_distance': 0.007692641516197605, 'trend_strength': 0.5904548305611024, 'hour': 10, 'day_of_week': 2}"
824,trend_following,BUY,25132.15,25078.0,-20306.250000000546,-54.150000000001455,-0.21546107276934706,45.0,STOP_LOSS,0.30689095559458,2.5,TRENDING,NORMAL,0.8,"{'price': 25132.15, 'rsi': 39.15573666711955, 'macd': 8.312837040131853, 'atr_pct': 0.16974558199642403, 'bb_position': 0.28856874388189235, 'ema_distance': 0.007692641516197605, 'trend_strength': 0.5904548305611024, 'hour': 10, 'day_of_week': 2}","{'price': 25042.65, 'rsi': 25.6309928761043, 'macd': -6.777785843325546, 'atr_pct': 0.17825304316550167, 'bb_position': -0.09051938896022409, 'ema_distance': 0.06361359703780099, 'trend_strength': 0.6388033869060181, 'hour': 11, 'day_of_week': 2}"
825,trend_following,SELL,25078.45,25134.35,-20962.49999999918,-55.89999999999782,-0.22290053811139773,45.0,STOP_LOSS,0.3177841968075429,2.5,TRENDING,NORMAL,0.8,"{'price': 25078.45, 'rsi': 47.89297611226528, 'macd': -11.361519635192963, 'atr_pct': 0.16724660871328545, 'bb_position': 0.5954043601794071, 'ema_distance': 0.03557853420730246, 'trend_strength': 0.4022809065624765, 'hour': 10, 'day_of_week': 3}","{'price': 25152.55, 'rsi': 62.91789513097797, 'macd': 2.27408394172744, 'atr_pct': 0.1600235363810031, 'bb_position': 1.034688387945973, 'ema_distance': 0.03351102132941532, 'trend_strength': 0.35847614243897186, 'hour': 11, 'day_of_week': 3}"
826,trend_following,SELL,25100.25,25134.35,-12787.499999999454,-34.099999999998545,-0.1358552205655264,30.0,STOP_LOSS,0.193854044921953,2.5,TRENDING,NORMAL,0.8,"{'price': 25100.25, 'rsi': 47.448551764260245, 'macd': -7.558489035625826, 'atr_pct': 0.16429830664748601, 'bb_position': 0.7456903791307037, 'ema_distance': 0.015518612901583488, 'trend_strength': 0.40099316383759953, 'hour': 10, 'day_of_week': 3}","{'price': 25152.55, 'rsi': 62.91789513097797, 'macd': 2.27408394172744, 'atr_pct': 0.1600235363810031, 'bb_position': 1.034688387945973, 'ema_distance': 0.03351102132941532, 'trend_strength': 0.35847614243897186, 'hour': 11, 'day_of_week': 3}"
827,trend_following,BUY,25278.2,25228.210714913504,-18745.98190743609,-49.98928508649624,-0.19775650594779787,3990.0,STOP_LOSS,0.2856440187794048,2.5,TRENDING,LOW,0.8,"{'price': 25278.2, 'rsi': 50.248795026638795, 'macd': 22.682338961338246, 'atr_pct': 0.10361836342325376, 'bb_position': 0.21216854918196956, 'ema_distance': 0.055959422879299815, 'trend_strength': 0.48805523343232304, 'hour': 15, 'day_of_week': 4}","{'price': 25201.3, 'rsi': 19.335364545149076, 'macd': -0.6254415080366016, 'atr_pct': 0.137308676253096, 'bb_position': -0.06509742093603929, 'ema_distance': 0.04958012983804086, 'trend_strength': 0.6769901867065679, 'hour': 9, 'day_of_week': 0}"
828,trend_following,BUY,25278.2,25230.171079034542,-18010.845362046894,-48.02892096545838,-0.19000134885181058,3975.0,STOP_LOSS,0.2744422925527684,2.5,TRENDING,LOW,0.8,"{'price': 25278.2, 'rsi': 46.01314548815338, 'macd': 19.73442110234464, 'atr_pct': 0.10005798333289964, 'bb_position': 0.15014851260277842, 'ema_distance': 0.043527546468325864, 'trend_strength': 0.5320914702221029, 'hour': 15, 'day_of_week': 4}","{'price': 25201.3, 'rsi': 19.335364545149076, 'macd': -0.6254415080366016, 'atr_pct': 0.137308676253096, 'bb_position': -0.06509742093603929, 'ema_distance': 0.04958012983804086, 'trend_strength': 0.6769901867065679, 'hour': 9, 'day_of_week': 0}"
829,trend_following,SELL,25178.65,25168.65,3750.0,10.0,0.03971618811969665,1155.0,STOP_LOSS,0.391896915045396,2.5,TRENDING,NORMAL,0.8,"{'price': 25178.65, 'rsi': 50.84015479408408, 'macd': -19.413847220323078, 'atr_pct': 0.1745384624331679, 'bb_position': 0.6810256789139683, 'ema_distance': 0.05336411788646267, 'trend_strength': 0.6131188360438421, 'hour': 14, 'day_of_week': 1}","{'price': 25216.55, 'rsi': 67.9494010330003, 'macd': 5.767319065944321, 'atr_pct': 0.18916148323224624, 'bb_position': 0.8891526446087576, 'ema_distance': 0.05815010315356851, 'trend_strength': 0.4721143653852783, 'hour': 9, 'day_of_week': 2}"
830,trend_following,SELL,25177.5,25167.5,3750.0,10.0,0.03971800218449012,1140.0,STOP_LOSS,0.3605796395762411,2.5,TRENDING,NORMAL,0.8,"{'price': 25177.5, 'rsi': 57.325941486374326, 'macd': -14.677002490047016, 'atr_pct': 0.17446132459537408, 'bb_position': 0.6897690621912049, 'ema_distance': 0.030107221097748445, 'trend_strength': 0.6057543310129592, 'hour': 14, 'day_of_week': 1}","{'price': 25216.55, 'rsi': 67.9494010330003, 'macd': 5.767319065944321, 'atr_pct': 0.18916148323224624, 'bb_position': 0.8891526446087576, 'ema_distance': 0.05815010315356851, 'trend_strength': 0.4721143653852783, 'hour': 9, 'day_of_week': 2}"
831,trend_following,BUY,25817.15,25827.15,3750.0,10.0,0.038733942360020375,5520.0,STOP_LOSS,0.3835970334421643,2.5,TRENDING,LOW,0.8,"{'price': 25817.15, 'rsi': 34.15215779091149, 'macd': 30.95764487047927, 'atr_pct': 0.12956503719426896, 'bb_position': 0.06314329106283889, 'ema_distance': 0.07527455725176659, 'trend_strength': 0.3276823505112702, 'hour': 14, 'day_of_week': 0}","{'price': 25826.95, 'rsi': 20.39686588276234, 'macd': -35.22488681552204, 'atr_pct': 0.19922434289984525, 'bb_position': 0.10675915747947097, 'ema_distance': 0.16702211909654593, 'trend_strength': 0.5506820782516868, 'hour': 10, 'day_of_week': 4}"
832,trend_following,BUY,25817.35,25827.35,3750.0,10.0,0.03873364229868674,5505.0,STOP_LOSS,0.36965693386333887,2.5,TRENDING,LOW,0.8,"{'price': 25817.35, 'rsi': 35.48444495642545, 'macd': 25.68932864199087, 'atr_pct': 0.1305185411028972, 'bb_position': 0.10288173530872198, 'ema_distance': 0.051913601329828925, 'trend_strength': 0.35937280223915813, 'hour': 14, 'day_of_week': 0}","{'price': 25826.95, 'rsi': 20.39686588276234, 'macd': -35.22488681552204, 'atr_pct': 0.19922434289984525, 'bb_position': 0.10675915747947097, 'ema_distance': 0.16702211909654593, 'trend_strength': 0.5506820782516868, 'hour': 10, 'day_of_week': 4}"
833,trend_following,BUY,25905.25,25886.55,-7012.500000000273,-18.700000000000728,-0.07218613987512465,45.0,STOP_LOSS,0.1072091837536432,2.5,TRENDING,NORMAL,0.8,"{'price': 25905.25, 'rsi': 38.959099365639226, 'macd': 12.946227434887987, 'atr_pct': 0.1663755416373123, 'bb_position': -0.13973827245617898, 'ema_distance': 0.027682144636472162, 'trend_strength': 0.5723613418071455, 'hour': 10, 'day_of_week': 1}","{'price': 25862.5, 'rsi': 34.34016700381004, 'macd': -5.170990505273949, 'atr_pct': 0.16822481530069697, 'bb_position': -0.10284154867199333, 'ema_distance': 0.05611249141313449, 'trend_strength': 0.6240295535184025, 'hour': 10, 'day_of_week': 1}"
835,trend_following,SELL,25771.05,25761.05,3750.0,10.0,0.038803230756992824,195.0,STOP_LOSS,0.2707417410406239,2.5,TRENDING,NORMAL,0.8,"{'price': 25771.05, 'rsi': 50.834589430506234, 'macd': -28.180763414973626, 'atr_pct': 0.16467813967333617, 'bb_position': 0.6076262974842028, 'ema_distance': 0.08135362463590304, 'trend_strength': 0.7591158311603113, 'hour': 10, 'day_of_week': 0}","{'price': 25765.25, 'rsi': 59.56836094913328, 'macd': -7.912065285338031, 'atr_pct': 0.11751708766098443, 'bb_position': 0.7942539289409684, 'ema_distance': 0.0041538571513500796, 'trend_strength': 0.6507914599168749, 'hour': 13, 'day_of_week': 0}"
836,trend_following,SELL,25765.25,25755.25,3750.0,10.0,0.03881196572903426,12720.0,STOP_LOSS,0.12763640447763985,2.5,TRENDING,LOW,0.8,"{'price': 25765.25, 'rsi': 59.56836094913328, 'macd': -7.912065285338031, 'atr_pct': 0.11751708766098443, 'bb_position': 0.7942539289409684, 'ema_distance': 0.0041538571513500796, 'trend_strength': 0.6507914599168749, 'hour': 13, 'day_of_week': 0}","{'price': 25856.85, 'rsi': 92.23773232324153, 'macd': 65.9344042223529, 'atr_pct': 0.170789227170804, 'bb_position': 1.0182811660468811, 'ema_distance': 0.28644975815202767, 'trend_strength': 0.2689240602914605, 'hour': 9, 'day_of_week': 2}"
834,trend_following,SELL,25924.55,25914.55,3750.0,10.0,0.038573475720890045,17445.0,STOP_LOSS,0.18910876360263953,2.5,TRENDING,LOW,0.8,"{'price': 25924.55, 'rsi': 54.71608778404524, 'macd': -14.275580887035176, 'atr_pct': 0.14499493998655888, 'bb_position': 0.7822892352709077, 'ema_distance': 0.030745867087609447, 'trend_strength': 0.6903578538882692, 'hour': 9, 'day_of_week': 4}","{'price': 25917.75, 'rsi': 89.64826043510857, 'macd': 75.59855239671742, 'atr_pct': 0.12720184870545023, 'bb_position': 0.7872604484640012, 'ema_distance': 0.26263278888871816, 'trend_strength': 0.1606578136672956, 'hour': 12, 'day_of_week': 2}"
837,trend_following,BUY,25894.45,25904.45,3750.0,10.0,0.03861831396303069,45.0,STOP_LOSS,0.4930148430889937,2.5,TRENDING,LOW,0.8,"{'price': 25894.45, 'rsi': 43.35913787971472, 'macd': 20.889039697125554, 'atr_pct': 0.11705486807294598, 'bb_position': 0.22134006135843703, 'ema_distance': 0.04411586997605381, 'trend_strength': 0.5495632046194493, 'hour': 14, 'day_of_week': 3}","{'price': 25878.7, 'rsi': 34.37321798826035, 'macd': 7.984056721270463, 'atr_pct': 0.13009871880294432, 'bb_position': 0.0019388207439928083, 'ema_distance': 0.0105419093472437, 'trend_strength': 0.5324513261228758, 'hour': 14, 'day_of_week': 3}"
838,trend_following,BUY,25921.6,25831.9,-33637.49999999891,-89.69999999999709,-0.3460434541077599,1170.0,STOP_LOSS,0.5139271519474918,2.5,TRENDING,LOW,0.8,"{'price': 25921.6, 'rsi': 45.231111148043034, 'macd': 17.081422006245703, 'atr_pct': 0.11891627060058203, 'bb_position': 0.3587847535528835, 'ema_distance': 0.028069386778966473, 'trend_strength': 0.530271505573149, 'hour': 14, 'day_of_week': 3}","{'price': 25810.7, 'rsi': 27.485022715853873, 'macd': -18.205618824544217, 'atr_pct': 0.18080818088179437, 'bb_position': 0.0053303293087883, 'ema_distance': 0.10944671905252813, 'trend_strength': 0.5940073972493429, 'hour': 9, 'day_of_week': 4}"
839,trend_following,BUY,25896.2,25895.8,-150.0000000005457,-0.4000000000014552,-0.0015446281693895444,45.0,STOP_LOSS,0.08633523059636124,2.5,NEUTRAL,LOW,0.8,"{'price': 25896.2, 'rsi': 29.054169123505346, 'macd': 10.649858950866474, 'atr_pct': 0.12238419977779441, 'bb_position': -0.23650833916806235, 'ema_distance': 0.004453235214714342, 'trend_strength': 0.2973720188787036, 'hour': 9, 'day_of_week': 1}","{'price': 25891.8, 'rsi': 25.540953548171913, 'macd': -5.7276463402595255, 'atr_pct': 0.12579823948674218, 'bb_position': 0.029770943806554998, 'ema_distance': 0.06324044955089099, 'trend_strength': 0.3675189916040237, 'hour': 10, 'day_of_week': 1}"
841,trend_following,BUY,25942.4,25952.4,2250.0,10.0,0.03854693474774886,1200.0,STOP_LOSS,0.2255128142379242,2.5,TRENDING,LOW,0.8,"{'price': 25942.4, 'rsi': 54.54035520570673, 'macd': 3.7521817699562234, 'atr_pct': 0.09839105094363056, 'bb_position': 0.46649805855282933, 'ema_distance': 0.010926155448783299, 'trend_strength': 0.5096961407281326, 'hour': 14, 'day_of_week': 1}","{'price': 25952.1, 'rsi': 45.183694820293454, 'macd': -1.2104841088221292, 'atr_pct': 0.12527199835741384, 'bb_position': 0.579704293858206, 'ema_distance': 0.0021536841067591444, 'trend_strength': 0.3934515455792035, 'hour': 10, 'day_of_week': 2}"
842,trend_following,BUY,26119.4,26093.45,-9731.250000000273,-25.950000000000728,-0.09935143992588163,15.0,STOP_LOSS,0.14931182301453844,2.5,NEUTRAL,LOW,0.8,"{'price': 26119.4, 'rsi': 35.65379431432113, 'macd': 16.43265655700452, 'atr_pct': 0.13059532104762933, 'bb_position': 0.016721784345906744, 'ema_distance': 0.017583820824982152, 'trend_strength': 0.2506781075559136, 'hour': 9, 'day_of_week': 4}","{'price': 26087.4, 'rsi': 28.496480042474133, 'macd': 8.681920089140476, 'atr_pct': 0.1379565833095129, 'bb_position': -0.10910720050767712, 'ema_distance': 0.01694304252393597, 'trend_strength': 0.29100729844405426, 'hour': 10, 'day_of_week': 4}"
840,trend_following,BUY,25955.05,25965.05,2250.0,10.0,0.03852814770150703,8670.0,STOP_LOSS,0.26919944670513896,2.5,TRENDING,LOW,0.8,"{'price': 25955.05, 'rsi': 55.57565090476434, 'macd': 5.715354588282935, 'atr_pct': 0.0988109388016178, 'bb_position': 0.5935269325915888, 'ema_distance': 0.021841041688882026, 'trend_strength': 0.5170219402885057, 'hour': 14, 'day_of_week': 1}","{'price': 25954.4, 'rsi': 16.058300389486774, 'macd': -25.555433783782064, 'atr_pct': 0.135732559521975, 'bb_position': -0.22849780271334666, 'ema_distance': 0.11053908606684436, 'trend_strength': 0.6056883197433567, 'hour': 15, 'day_of_week': 0}"
843,trend_following,SELL,26009.2,25999.2,3750.0,10.0,0.038447933808037155,30.0,STOP_LOSS,0.2796693532400677,2.5,TRENDING,LOW,0.8,"{'price': 26009.2, 'rsi': 53.891933200948756, 'macd': -14.703290458033734, 'atr_pct': 0.11560469811780906, 'bb_position': 0.8637905010015687, 'ema_distance': 0.028756421781847244, 'trend_strength': 0.34612606562528486, 'hour': 13, 'day_of_week': 1}","{'price': 26008.35, 'rsi': 49.56597242759686, 'macd': -10.001400350509357, 'atr_pct': 0.11249134549920604, 'bb_position': 0.8020527556830573, 'ema_distance': 0.010747099858105914, 'trend_strength': 0.36950424512959, 'hour': 13, 'day_of_week': 1}"
844,trend_following,SELL,25996.45,25986.45,3750.0,10.0,0.03846679065795522,1215.0,STOP_LOSS,0.16960047827289715,2.5,TRENDING,LOW,0.8,"{'price': 25996.45, 'rsi': 45.565310144407974, 'macd': -12.68021929097813, 'atr_pct': 0.11133388267573917, 'bb_position': 0.711551207391669, 'ema_distance': 0.02145569115514508, 'trend_strength': 0.3593521770958803, 'hour': 13, 'day_of_week': 1}","{'price': 26077.45, 'rsi': 60.65591771663094, 'macd': -6.422217534913216, 'atr_pct': 0.1767947841087663, 'bb_position': 0.9832809065239823, 'ema_distance': 0.007590860897841718, 'trend_strength': 0.5910856666105797, 'hour': 9, 'day_of_week': 2}"
845,trend_following,SELL,26008.35,25998.35,3750.0,10.0,0.03844919035617408,1200.0,STOP_LOSS,0.09873466739465245,2.5,TRENDING,LOW,0.8,"{'price': 26008.35, 'rsi': 49.56597242759686, 'macd': -10.001400350509357, 'atr_pct': 0.11249134549920604, 'bb_position': 0.8020527556830573, 'ema_distance': 0.010747099858105914, 'trend_strength': 0.36950424512959, 'hour': 13, 'day_of_week': 1}","{'price': 26077.45, 'rsi': 60.65591771663094, 'macd': -6.422217534913216, 'atr_pct': 0.1767947841087663, 'bb_position': 0.9832809065239823, 'ema_distance': 0.007590860897841718, 'trend_strength': 0.5910856666105797, 'hour': 9, 'day_of_week': 2}"
847,trend_following,BUY,26230.0,26240.0,3750.0,10.0,0.03812428516965307,4215.0,STOP_LOSS,0.3318039765375105,2.5,TRENDING,LOW,0.8,"{'price': 26230.0, 'rsi': 52.8419267505047, 'macd': 7.2047680250543635, 'atr_pct': 0.12507488698872887, 'bb_position': 0.4646898064779321, 'ema_distance': 0.016511675259792885, 'trend_strength': 0.5956424983685862, 'hour': 12, 'day_of_week': 4}","{'price': 26238.95, 'rsi': 57.24198828352854, 'macd': 10.54124221624079, 'atr_pct': 0.11365328479771039, 'bb_position': 0.5495325897781437, 'ema_distance': 0.04369113087106611, 'trend_strength': 0.4369408291570444, 'hour': 10, 'day_of_week': 0}"
846,trend_following,BUY,26220.9,26230.9,3750.0,10.0,0.038137516256116305,4275.0,STOP_LOSS,0.30247641535309455,2.5,TRENDING,LOW,0.8,"{'price': 26220.9, 'rsi': 50.30941024978338, 'macd': 8.593495916557004, 'atr_pct': 0.12189022606285389, 'bb_position': 0.4025014360424383, 'ema_distance': 0.022936520562084832, 'trend_strength': 0.58499979582754, 'hour': 12, 'day_of_week': 4}","{'price': 26211.75, 'rsi': 51.29352332665851, 'macd': 4.897097188135376, 'atr_pct': 0.12416732408720872, 'bb_position': 0.3278497677819002, 'ema_distance': 0.011597899357964656, 'trend_strength': 0.2810170669100271, 'hour': 11, 'day_of_week': 0}"
848,trend_following,BUY,26238.95,26191.9,-17643.749999999727,-47.04999999999927,-0.1793135777155689,75.0,STOP_LOSS,0.27040563136417595,2.5,TRENDING,LOW,0.8,"{'price': 26238.95, 'rsi': 57.24198828352854, 'macd': 10.54124221624079, 'atr_pct': 0.11365328479771039, 'bb_position': 0.5495325897781437, 'ema_distance': 0.04369113087106611, 'trend_strength': 0.4369408291570444, 'hour': 10, 'day_of_week': 0}","{'price': 26175.65, 'rsi': 45.81077224529058, 'macd': -2.99937226129623, 'atr_pct': 0.13907418317624023, 'bb_position': 0.10213022802770544, 'ema_distance': 0.027241036463744303, 'trend_strength': 0.21589714937370874, 'hour': 12, 'day_of_week': 0}"
849,trend_following,BUY,26211.75,26191.9,-7443.749999999454,-19.849999999998545,-0.07572939616774366,30.0,STOP_LOSS,0.11401633829084899,2.5,NEUTRAL,LOW,0.8,"{'price': 26211.75, 'rsi': 51.29352332665851, 'macd': 4.897097188135376, 'atr_pct': 0.12416732408720872, 'bb_position': 0.3278497677819002, 'ema_distance': 0.011597899357964656, 'trend_strength': 0.2810170669100271, 'hour': 11, 'day_of_week': 0}","{'price': 26175.65, 'rsi': 45.81077224529058, 'macd': -2.99937226129623, 'atr_pct': 0.13907418317624023, 'bb_position': 0.10213022802770544, 'ema_distance': 0.027241036463744303, 'trend_strength': 0.21589714937370874, 'hour': 12, 'day_of_week': 0}"
850,trend_following,SELL,25976.1,26003.572128905926,-10302.04833972266,-27.472128905927093,-0.1057592514115941,1140.0,STOP_LOSS,0.15840575555093847,2.5,TRENDING,LOW,0.8,"{'price': 25976.1, 'rsi': 64.36990261415046, 'macd': -17.04797834911369, 'atr_pct': 0.11269975092489024, 'bb_position': 1.1609673204186657, 'ema_distance': 0.032485931776846465, 'trend_strength': 0.43050671859104034, 'hour': 14, 'day_of_week': 2}","{'price': 26028.3, 'rsi': 72.0691471466109, 'macd': 7.29298270563595, 'atr_pct': 0.12276472696477038, 'bb_position': 1.0129655903201125, 'ema_distance': 0.0645853600323086, 'trend_strength': 0.3662660319043197, 'hour': 9, 'day_of_week': 3}"
851,trend_following,SELL,25992.45,26005.55,-4912.499999999454,-13.099999999998545,-0.05039925055159689,1125.0,STOP_LOSS,0.08649079732409956,2.5,TRENDING,LOW,0.8,"{'price': 25992.45, 'rsi': 63.609986570004196, 'macd': -11.768060341066302, 'atr_pct': 0.11256015826573876, 'bb_position': 1.167913359533099, 'ema_distance': 0.008526970101157959, 'trend_strength': 0.41125129903691393, 'hour': 15, 'day_of_week': 2}","{'price': 26028.3, 'rsi': 72.0691471466109, 'macd': 7.29298270563595, 'atr_pct': 0.12276472696477038, 'bb_position': 1.0129655903201125, 'ema_distance': 0.0645853600323086, 'trend_strength': 0.3662660319043197, 'hour': 9, 'day_of_week': 3}"
852,trend_following,BUY,26085.8,26095.8,3750.0,10.0,0.038335032853123154,60.0,STOP_LOSS,0.08669360926552862,2.5,TRENDING,LOW,0.8,"{'price': 26085.8, 'rsi': 27.29410380960303, 'macd': 12.805569231852132, 'atr_pct': 0.1156211973016528, 'bb_position': -0.18126858447098476, 'ema_distance': 0.010944622037073852, 'trend_strength': 0.6836327761397445, 'hour': 9, 'day_of_week': 0}","{'price': 26070.4, 'rsi': 27.699120044204435, 'macd': -3.637093956134777, 'atr_pct': 0.11731969699626525, 'bb_position': 0.0007724307420400821, 'ema_distance': 0.05197929935008092, 'trend_strength': 0.6723654135283259, 'hour': 10, 'day_of_week': 0}"
853,trend_following,SELL,25892.15,25882.15,3000.0,10.0,0.03862174442833059,75.0,STOP_LOSS,0.4248998858069581,2.5,TRENDING,NORMAL,0.8,"{'price': 25892.15, 'rsi': 42.08405026518964, 'macd': -42.15467930680461, 'atr_pct': 0.20196413639986163, 'bb_position': 0.5962842929934105, 'ema_distance': 0.11246898772004313, 'trend_strength': 0.5117473939967575, 'hour': 12, 'day_of_week': 1}","{'price': 25889.1, 'rsi': 72.89827158080318, 'macd': -22.535756135326665, 'atr_pct': 0.17017641732290062, 'bb_position': 0.6420392432492641, 'ema_distance': 0.038314040247447105, 'trend_strength': 0.3975458278495829, 'hour': 13, 'day_of_week': 1}"
854,trend_following,SELL,25904.5,25894.5,3750.0,10.0,0.03860333146750564,90.0,STOP_LOSS,0.45978834842624144,2.5,TRENDING,NORMAL,0.8,"{'price': 25904.5, 'rsi': 47.00831752295031, 'macd': -35.22305265621253, 'atr_pct': 0.19686320358018242, 'bb_position': 0.6486203956653936, 'ema_distance': 0.08072766546003822, 'trend_strength': 0.500725994029528, 'hour': 12, 'day_of_week': 1}","{'price': 25896.85, 'rsi': 64.40413702323352, 'macd': -16.12751799349644, 'atr_pct': 0.1503354379283313, 'bb_position': 0.7298411303460501, 'ema_distance': 0.01637690771096585, 'trend_strength': 0.3736023784985006, 'hour': 13, 'day_of_week': 1}"
855,trend_following,SELL,25889.1,25879.1,3000.0,10.0,0.038626294463693214,1245.0,STOP_LOSS,0.43879113563153893,2.5,TRENDING,NORMAL,0.8,"{'price': 25889.1, 'rsi': 72.89827158080318, 'macd': -22.535756135326665, 'atr_pct': 0.17017641732290062, 'bb_position': 0.6420392432492641, 'ema_distance': 0.038314040247447105, 'trend_strength': 0.3975458278495829, 'hour': 13, 'day_of_week': 1}","{'price': 25919.85, 'rsi': 58.80332939323871, 'macd': -3.8388480737776263, 'atr_pct': 0.13665753687397372, 'bb_position': 0.9113519936096753, 'ema_distance': 0.017113596908857567, 'trend_strength': 0.5339839521440262, 'hour': 10, 'day_of_week': 2}"
856,trend_following,SELL,25896.85,25886.85,3750.0,10.0,0.0386147349967274,1215.0,STOP_LOSS,0.23853896012094117,2.5,TRENDING,NORMAL,0.8,"{'price': 25896.85, 'rsi': 64.40413702323352, 'macd': -16.12751799349644, 'atr_pct': 0.1503354379283313, 'bb_position': 0.7298411303460501, 'ema_distance': 0.01637690771096585, 'trend_strength': 0.3736023784985006, 'hour': 13, 'day_of_week': 1}","{'price': 25919.85, 'rsi': 58.80332939323871, 'macd': -3.8388480737776263, 'atr_pct': 0.13665753687397372, 'bb_position': 0.9113519936096753, 'ema_distance': 0.017113596908857567, 'trend_strength': 0.5339839521440262, 'hour': 10, 'day_of_week': 2}"
857,trend_following,SELL,25807.55,25797.55,3750.0,10.0,0.03874835077332021,75.0,STOP_LOSS,0.3020466525902135,2.5,TRENDING,NORMAL,0.8,"{'price': 25807.55, 'rsi': 50.699899337118566, 'macd': -26.13799957428273, 'atr_pct': 0.17941870277717833, 'bb_position': 0.6779447659221606, 'ema_distance': 0.0838719494192421, 'trend_strength': 0.5160516859103514, 'hour': 10, 'day_of_week': 3}","{'price': 25820.65, 'rsi': 61.640267342727164, 'macd': -7.094680772352149, 'atr_pct': 0.18418259361070616, 'bb_position': 0.7700288068874662, 'ema_distance': 0.002570102346069227, 'trend_strength': 0.3155626995098314, 'hour': 11, 'day_of_week': 3}"
858,trend_following,SELL,25808.65,25798.65,3750.0,10.0,0.038746699265556316,60.0,STOP_LOSS,0.2957059785854447,2.5,TRENDING,NORMAL,0.8,"{'price': 25808.65, 'rsi': 46.30082990993504, 'macd': -20.80205546119396, 'atr_pct': 0.17823481662156004, 'bb_position': 0.7011056714755995, 'ema_distance': 0.056283560250322356, 'trend_strength': 0.48790661480850495, 'hour': 10, 'day_of_week': 3}","{'price': 25820.65, 'rsi': 61.640267342727164, 'macd': -7.094680772352149, 'atr_pct': 0.18418259361070616, 'bb_position': 0.7700288068874662, 'ema_distance': 0.002570102346069227, 'trend_strength': 0.3155626995098314, 'hour': 11, 'day_of_week': 3}"
859,trend_following,BUY,26014.0,25946.95,-25143.749999999727,-67.04999999999927,-0.25774582916890626,1110.0,STOP_LOSS,0.38604784664521496,2.5,TRENDING,LOW,0.8,"{'price': 26014.0, 'rsi': 49.15471587608884, 'macd': 9.78353474310643, 'atr_pct': 0.08175542839569702, 'bb_position': 0.5254853589075268, 'ema_distance': 0.03153851251891227, 'trend_strength': 0.5025159702560403, 'hour': 15, 'day_of_week': 0}","{'price': 25906.1, 'rsi': 25.303211575298434, 'macd': -12.491351897962886, 'atr_pct': 0.10959911813378659, 'bb_position': -0.11751072141110032, 'ema_distance': 0.07748430871826699, 'trend_strength': 0.4831044444502566, 'hour': 9, 'day_of_week': 1}"
860,trend_following,BUY,26014.0,25961.55,-19668.750000000273,-52.45000000000073,-0.2016222034289257,1095.0,STOP_LOSS,0.301986719709799,2.5,TRENDING,LOW,0.8,"{'price': 26014.0, 'rsi': 48.13239732986266, 'macd': 8.536846423565294, 'atr_pct': 0.07984711528956716, 'bb_position': 0.49835624372351045, 'ema_distance': 0.025077360178876903, 'trend_strength': 0.48481767289175404, 'hour': 15, 'day_of_week': 0}","{'price': 25906.1, 'rsi': 25.303211575298434, 'macd': -12.491351897962886, 'atr_pct': 0.10959911813378659, 'bb_position': -0.11751072141110032, 'ema_distance': 0.07748430871826699, 'trend_strength': 0.4831044444502566, 'hour': 9, 'day_of_week': 1}"
861,trend_following,SELL,25852.4,25842.4,3750.0,10.0,0.03868112825114883,45.0,STOP_LOSS,0.08696250359348849,2.5,NEUTRAL,LOW,0.8,"{'price': 25852.4, 'rsi': 64.14124550324621, 'macd': -8.166590680888476, 'atr_pct': 0.14283006606736726, 'bb_position': 1.0427483397018336, 'ema_distance': 0.007371323063885214, 'trend_strength': 0.26136703543058465, 'hour': 10, 'day_of_week': 3}","{'price': 25855.35, 'rsi': 62.32074565166709, 'macd': 1.4489202075819776, 'atr_pct': 0.14499624145210027, 'bb_position': 0.9044936119344049, 'ema_distance': 0.03222564529404742, 'trend_strength': 0.3746818143057207, 'hour': 11, 'day_of_week': 3}"
862,trend_following,BUY,26167.2,26177.2,3750.0,10.0,0.03821578158916506,45.0,STOP_LOSS,0.2789878932972838,2.5,TRENDING,LOW,0.8,"{'price': 26167.2, 'rsi': 42.55490540199722, 'macd': 14.219403120456263, 'atr_pct': 0.08183636657451283, 'bb_position': 0.12745297757299662, 'ema_distance': 0.03707810241118606, 'trend_strength': 0.4524977037286197, 'hour': 14, 'day_of_week': 1}","{'price': 26165.95, 'rsi': 46.391671988329534, 'macd': 9.513226113867859, 'atr_pct': 0.09319636506878079, 'bb_position': 0.10069143236451691, 'ema_distance': 0.017005163177624683, 'trend_strength': 0.4443270844849274, 'hour': 15, 'day_of_week': 1}"
863,trend_following,BUY,26165.95,26141.65,-9112.499999999727,-24.299999999999272,-0.09286878557820095,1455.0,FORCE_CLOSE,0.15904277396176517,2.5,TRENDING,LOW,0.8,"{'price': 26165.95, 'rsi': 46.391671988329534, 'macd': 9.513226113867859, 'atr_pct': 0.09319636506878079, 'bb_position': 0.10069143236451691, 'ema_distance': 0.017005163177624683, 'trend_strength': 0.4443270844849274, 'hour': 15, 'day_of_week': 1}","{'price': 26141.65, 'rsi': 28.21255302835047, 'macd': -12.956996845423419, 'atr_pct': 0.08945768260884217, 'bb_position': 0.19186819248039733, 'ema_distance': 0.057134062292307504, 'trend_strength': 0.6721429233957182, 'hour': 15, 'day_of_week': 2}"
864,trend_following,BUY,26165.95,26141.65,-9112.499999999727,-24.299999999999272,-0.09286878557820095,1440.0,FORCE_CLOSE,0.15280580243384825,2.5,TRENDING,LOW,0.8,"{'price': 26165.95, 'rsi': 43.16187168236897, 'macd': 7.398176667364169, 'atr_pct': 0.09125818641620746, 'bb_position': 0.13849869863590028, 'ema_distance': 0.00814949887547137, 'trend_strength': 0.41521697178316425, 'hour': 15, 'day_of_week': 1}","{'price': 26141.65, 'rsi': 28.21255302835047, 'macd': -12.956996845423419, 'atr_pct': 0.08945768260884217, 'bb_position': 0.19186819248039733, 'ema_distance': 0.057134062292307504, 'trend_strength': 0.6721429233957182, 'hour': 15, 'day_of_week': 2}"
