timestamp,year,month,day,hour,minute,day_of_week,action,price,stop,target,rr,setup,regime,close,atr_pct,rsi,adx,macd,macd_hist,bb_position,bb_width,mom10,mom20,dist_ema9,dist_ema21,dist_ema50,trend_up,trend_down,drawdown_pct,daily_trades,portfolio_heat,win_streak,loss_streak,recent_win_rate,technical_score,sentiment_score,ml_score,final_score,disaster_flag,executed,trade_won,pnl,exit_reason,signal_id
2015-01-07 12:45:00+05:30,2015,1,7,12,45,2,SELL,8112.7,8154.466428571428,7987.400714285715,3.0,trend_bounce_sell,STRONG_DOWNTREND,8112.7,0.2860154008970058,49.67822293899658,43.9036952489466,-56.24036100343983,-3.2016752229415957,0.4114410763653327,0.011370706484770999,-0.3200737213945648,-0.7292928551325906,0.05173109763478845,-0.2277383258540322,-0.9679419895103791,0,1,0.0,0,0.0,0,0,0.5,76.34221714936795,0.33333333333333326,20.0,96.67555048270128,False,True,False,-3132.4821428571113,STOP_HIT,0
2015-01-09 11:15:00+05:30,2015,1,9,11,15,4,BUY,8264.75,8235.037142857143,8353.88857142857,3.0,trend_pullback_buy,STRONG_UPTREND,8264.75,0.1997294879717203,65.33265580949538,65.40404227379712,24.183701819092676,13.188619172474118,0.614564429223942,0.01622326092699744,0.4149150730201834,0.7478606431479573,-0.09478072404898175,0.17477023926901758,0.5419529309833804,1,0,3.132482142857116,0,0.0,0,1,0.0,70.0,0.33333333333333326,20.0,90.33333333333333,False,True,False,-2228.4642857142444,STOP_HIT,1
2015-01-09 15:00:00+05:30,2015,1,9,15,0,4,BUY,8285.85,8235.85,8435.85,3.0,trend_pullback_buy,STRONG_UPTREND,8285.85,0.36917498765106666,56.86458134877519,28.825443732019036,15.175003273478069,0.1291451674296784,0.8265545780027863,0.012294202655639073,0.874726077428778,0.05192264733051566,0.38942660306056087,0.46242689355466826,0.6635138887255199,1,0,5.360946428571363,1,0.0,0,2,0.0,48.58671791350821,0.33333333333333326,20.0,68.92005124684155,False,True,True,2625.0,STOP_HIT,2
2015-01-09 15:30:00+05:30,2015,1,9,15,30,4,BUY,8280.25,8235.006176518496,8415.98147044451,3.0,trend_pullback_buy,STRONG_UPTREND,8280.25,0.31529413794442335,65.53142689362927,28.45537670873183,16.68993696773032,1.393693267636495,0.7858554056117301,0.011914316027124498,0.4171795509256171,-0.013282858471141967,0.20557213049665624,0.32583413407683004,0.5494084948049371,1,0,5.360946428571363,2,0.0396242339550627,0,2,0.0,56.01015870160405,0.33333333333333326,20.0,76.34349203493738,False,True,,,,3
2015-01-14 12:00:00+05:30,2015,1,14,12,0,2,SELL,8274.9,8301.135,8196.194999999998,3.0,trend_bounce_sell,STRONG_DOWNTREND,8274.9,0.1761350590339454,30.83277992446267,36.92165392747439,1.8424710937142663,-8.408260523806025,0.14579180571567338,0.00938601035309061,-0.5241329566628594,-0.9112681116034027,-0.1944637399970084,-0.3227527654504625,-0.33267470114538567,0,1,2.7359464285713617,0,0.0,1,0,0.3333333333333333,62.15299235648463,0.33333333333333326,20.0,82.48632568981796,False,True,True,1377.337499999976,STOP_HIT,4
2015-01-16 11:15:00+05:30,2015,1,16,11,15,4,BUY,8501.75,8463.249285714286,8617.252142857142,3.0,trend_pullback_buy,STRONG_UPTREND,8501.75,0.2515868581678553,53.51223406411947,44.29637911476524,45.246749275429465,0.7554466948440606,0.7211159609669128,0.007198057104480877,0.49409275468530467,0.3020239141591441,0.11977612199933763,0.2866720439673509,0.8566978191892671,1,0,1.3586089285713825,0,0.0,2,0,0.5,69.13229441729975,0.33333333333333326,20.0,89.46562775063308,False,True,True,8662.66071428563,TARGET_HIT,5
2015-01-23 10:15:00+05:30,2015,1,23,10,15,4,BUY,8813.85,8774.905714285715,8930.682857142858,3.0,trend_pullback_buy,STRONG_UPTREND,8813.85,0.24547404693424993,66.7697024969799,32.521782366863654,34.852696968659075,3.9590555144651276,0.734464635731946,0.019915554221707772,0.8253543361131044,0.6043899599356362,0.03179073100514351,0.34080128644258245,0.7651369546258557,1,0,0.0,0,0.0,3,0,0.6,59.51306942011819,0.33333333333333326,20.0,79.84640275345153,False,True,True,2044.5750000000317,STOP_HIT,6
2015-01-23 10:30:00+05:30,2015,1,23,10,30,4,BUY,8818.3,8779.259285714284,8935.422142857144,3.0,trend_pullback_buy,STRONG_UPTREND,8818.3,0.24595767567769095,67.72344677581523,34.73325689996342,35.165793269188725,3.844936633495305,0.7373754927537498,0.0203630746728064,0.8878007482238104,0.6839148702959319,0.06582556666134831,0.3557480093215437,0.7837607034452576,1,0,0.0,1,0.027220047891614595,3,0,0.6,60.839954139978055,0.33333333333333326,20.0,81.17328747331139,False,True,,,,7
2015-01-23 10:45:00+05:30,2015,1,23,10,45,4,BUY,8806.25,8766.733571428571,8924.799285714287,3.0,trend_pullback_buy,STRONG_UPTREND,8806.25,0.24929534624353822,65.38416688959472,36.027487751785515,34.86328691667768,3.1881872528858324,0.6544105767862171,0.020416699346685985,0.8093365615216008,0.6158346044205176,-0.056737675253271114,0.1987007236665006,0.6205498595894143,1,0,0.0,1,0.027220047891614595,3,0,0.6,61.61649265107131,0.33333333333333326,20.0,81.94982598440464,False,True,,,,8
2015-01-23 11:00:00+05:30,2015,1,23,11,0,4,BUY,8805.0,8765.676428571429,8922.970714285713,3.0,trend_pullback_buy,STRONG_UPTREND,8805.0,0.2481138963251417,67.8267092381551,35.99963232478951,34.44520923160417,2.493098611031087,0.6334947022685403,0.020418369527882407,0.5085355204355935,0.5688048245613864,-0.05674731814594436,0.16767920170139838,0.5823536662976858,1,0,0.0,1,0.027220047891614595,3,0,0.6,61.59977939487371,0.33333333333333326,20.0,81.93311272820705,False,True,,,,9
2015-01-23 11:15:00+05:30,2015,1,23,11,15,4,BUY,8805.0,8766.923571428571,8919.229285714286,3.0,trend_pullback_buy,STRONG_UPTREND,8805.0,0.24024499067088623,66.6661751835423,37.4841744841474,33.975450122419716,1.821005551661969,0.6183441150208815,0.020189232905412056,0.489608655459306,0.6740185569485746,-0.045403007514577265,0.15241240482819496,0.5593885168849955,1,0,0.0,1,0.027220047891614595,3,0,0.6,62.49050469048844,0.33333333333333326,20.0,82.82383802382178,False,True,,,,10
2015-01-23 11:30:00+05:30,2015,1,23,11,30,4,BUY,8808.95,8770.545714285714,8924.162857142861,3.0,trend_pullback_buy,STRONG_UPTREND,8808.95,0.24220496524233268,67.69460838759771,39.4358622905706,33.61864015700121,1.317776027619118,0.624679134889353,0.01991877155546054,0.5346891726869085,0.7122726986903638,-0.00045000146440266064,0.17936932348201484,0.580656791522971,1,0,0.0,1,0.027220047891614595,3,0,0.6,61.83927765053353,0.33333333333333326,20.0,82.17261098386686,False,True,,,,11
2015-01-28 12:30:00+05:30,2015,1,28,12,30,2,BUY,8943.8,8908.07,9050.989999999998,3.0,trend_pullback_buy,STRONG_UPTREND,8943.8,0.22194145665153345,62.35900560169835,73.2786844043384,32.75170436094413,7.937142262993262,0.7174248933150662,0.012943795974027996,0.3889259918173904,1.0467566361433311,2.115005059977193e-07,0.28114368532086154,0.6928185934308217,1,0,0.0,0,0.0,4,0,0.6666666666666666,75.0,0.33333333333333326,20.0,95.33333333333333,False,True,False,-2679.7499999999673,STOP_HIT,12
2015-01-28 13:00:00+05:30,2015,1,28,13,0,2,BUY,8928.7,8892.153571428573,9038.339285714284,3.0,trend_pullback_buy,STRONG_UPTREND,8928.7,0.2273967254871515,61.94091391507254,66.97375021704468,31.57956069332795,5.427730501748179,0.5492306772174528,0.011307086660428078,0.3326179051814204,0.5076770678553721,-0.10615113383711794,0.09342938381302623,0.4828903707468468,1,0,0.0,1,0.024506480591213606,4,0,0.6666666666666666,75.0,0.33333333333333326,20.0,95.33333333333333,False,True,,,,13
2015-01-30 09:30:00+05:30,2015,1,30,9,30,4,BUY,8941.0,8900.095,9063.715000000002,3.0,trend_pullback_buy,STRONG_UPTREND,8941.0,0.2541662006486996,68.98194558862875,37.70137880430967,11.187883076790968,3.913375904371593,0.8559239144032215,0.012599763903954685,0.5216648303465021,0.7692090952635899,0.16060320815891593,0.34494362901917874,0.48459106823715015,1,0,2.450648059121364,0,0.0,0,1,0.5714285714285714,62.62082728258581,0.33333333333333326,20.0,82.95416061591914,False,True,False,-3067.875000000049,STOP_HIT,14
2015-01-30 09:45:00+05:30,2015,1,30,9,45,4,BUY,8925.5,8898.96473236115,9005.10580291655,3.0,trend_pullback_buy,STRONG_UPTREND,8925.5,0.2637707371335757,63.573413898859634,39.60650809917416,11.47807818473666,3.7832139110855563,0.6965099492109322,0.012303363047584013,0.3344293623359418,0.6518037371584517,-0.010427388747991095,0.1554185272994335,0.2981837599867587,1,0,2.450648059121364,1,0.02876073220648102,0,1,0.5714285714285714,68.76390485950449,0.33333333333333326,20.0,89.09723819283782,False,True,,,,15
2015-01-30 10:00:00+05:30,2015,1,30,10,0,4,BUY,8925.6,8900.009252661004,9002.372242016989,3.0,trend_pullback_buy,STRONG_UPTREND,8925.6,0.26268742237416903,66.75741288294648,41.38268803939245,11.707316918333163,3.6112073802138536,0.6776608749681595,0.012149881549508277,0.47730547550430824,0.5412529357762041,-0.00744583472843674,0.14228943628826762,0.2875361880252614,1,0,2.450648059121364,1,0.02876073220648102,0,1,0.5714285714285714,64.82961282363547,0.33333333333333326,20.0,85.1629461569688,False,True,,,,16
2015-01-30 10:15:00+05:30,2015,1,30,10,15,4,BUY,8933.85,8901.3363407923,9031.3909776231,3.0,trend_pullback_buy,STRONG_UPTREND,8933.85,0.261085646165989,66.5048818588769,44.07013276274446,12.20679033104534,3.699612713633428,0.7300432421218392,0.012265814683184145,0.6194495908816933,0.5260433662274577,0.06797088312429089,0.2134559872265962,0.3652671684665876,1,0,2.450648059121364,1,0.02876073220648102,0,1,0.5714285714285714,66.44207965764667,0.33333333333333326,20.0,86.77541299098,False,True,,,,17
2015-01-30 10:30:00+05:30,2015,1,30,10,30,4,BUY,8919.35,8902.042758800628,8979.35,3.0,trend_pullback_buy,STRONG_UPTREND,8919.35,0.2659546779914313,58.208414648221975,44.55110450970834,12.03764193959978,3.17741788996908,0.5884955829518214,0.012273748047104153,0.36683827045882467,0.21572670123537474,-0.07556905978398643,0.046184679308836074,0.19441876059584917,1,0,2.450648059121364,1,0.02876073220648102,0,1,0.5714285714285714,76.73066270582501,0.33333333333333326,20.0,97.06399603915834,False,True,,,,18
2015-02-02 09:45:00+05:30,2015,2,2,9,45,0,SELL,8797.8,8842.439999999999,8663.880000000001,3.0,trend_bounce_sell,STRONG_DOWNTREND,8797.8,0.2818886539816749,37.20771918349907,47.56336148095183,-24.12084246715858,-10.2669396821793,0.26445313850495444,0.00993427527040565,-0.45766978757108,-0.6459627329192585,-0.055628249302153154,-0.2944209596099867,-0.6180539756869496,0,1,5.256238847208739,0,0.0,0,2,0.5,73.5380168885711,0.33333333333333326,20.0,93.87135022190442,False,True,True,2343.5999999999694,STOP_HIT,19
2015-02-02 11:30:00+05:30,2015,2,2,11,30,0,SELL,8780.75,8816.435,8673.695000000002,3.0,trend_bounce_sell,STRONG_DOWNTREND,8780.75,0.2257779802408672,37.493826958015696,35.77812414650987,-27.324521515291053,-6.835119093552187,0.2599035109828452,0.009243161080093265,-0.31956316906763815,-0.6151599868705504,-0.08905613328495932,-0.27479276814913467,-0.6259494033760249,0,1,5.256238847208739,1,0.03231628982627867,0,2,0.5,66.46687448790593,0.33333333333333326,20.0,86.80020782123925,False,True,,,,20
2015-02-02 11:45:00+05:30,2015,2,2,11,45,0,SELL,8759.85,8795.94,8651.58,3.0,trend_bounce_sell,STRONG_DOWNTREND,8759.85,0.2288851978058976,34.50693241337231,34.88941155975694,-28.33808553270137,-7.063814799866254,0.05663290408330762,0.00943235607613318,-0.3214574253820546,-0.8247761160234179,-0.2616629220104194,-0.4658163154269479,-0.8289378018659699,0,1,5.256238847208739,1,0.03231628982627867,0,2,0.5,60.93364693585416,0.33333333333333326,20.0,81.2669802691875,False,True,,,,21
2015-02-02 12:15:00+05:30,2015,2,2,12,15,0,SELL,8760.6,8794.388571428572,8659.234285714287,3.0,trend_bounce_sell,STRONG_DOWNTREND,8760.6,0.2142710381872077,30.476615462718925,41.07287758955854,-29.46868906495365,-6.696465503347287,0.028504055339339026,0.006753492724476001,-0.42283298097249844,-0.8785675897377887,-0.17652622983829191,-0.3856252271427829,-0.7611842762089593,0,1,5.256238847208739,1,0.03231628982627867,0,2,0.5,64.64372655373512,0.33333333333333326,20.0,84.97705988706845,False,True,,,,22
2015-02-02 13:00:00+05:30,2015,2,2,13,0,0,SELL,8758.45,8785.867857142857,8676.196428571431,3.0,trend_bounce_sell,STRONG_DOWNTREND,8758.45,0.17391368172613714,37.21506380107688,41.77354202829428,-30.58672610515714,-5.789130723301572,0.13529955745604474,0.0077016589145347085,-0.42237027604711264,-0.5648146045730162,-0.1123587846494245,-0.31383823540473976,-0.6999104396612887,0,1,5.256238847208739,1,0.03231628982627867,0,2,0.5,70.06412521697656,0.33333333333333326,20.0,90.39745855030989,False,True,,,,23
2015-02-05 14:30:00+05:30,2015,2,5,14,30,3,BUY,8792.95,8768.724982238842,8865.625053283477,3.0,trend_pullback_buy,STRONG_UPTREND,8792.95,0.217909965207519,63.39525282415308,50.5209292961434,6.176747767698544,9.929144605093136,0.6931148339009416,0.012698501630650665,0.4707629902590993,0.5747652327084296,-0.04092968216131698,0.166122935458346,0.27626613686968504,1,0,3.113002055957005,0,0.0,1,0,0.5555555555555556,75.0,0.33333333333333326,20.0,95.33333333333333,False,True,False,-1816.8763320868948,STOP_HIT,24
2015-02-06 09:45:00+05:30,2015,2,6,9,45,4,SELL,8710.55,8755.193834915563,8576.61849525331,3.0,trend_bounce_sell,STRONG_DOWNTREND,8710.55,0.3419498686732129,39.33806900839941,38.74192085859737,-7.6487400254263775,-4.300600880289307,0.21883823199970634,0.019283848037864114,-1.1551969678916696,-0.5758475059924772,-0.2146343987648014,-0.40930734392429224,-0.5099125816897865,0,1,4.774546773521079,0,0.0,0,1,0.5,74.02113735461677,0.33333333333333326,20.0,94.3544706879501,False,True,True,10044.862856001737,TARGET_HIT,25
2015-02-06 10:00:00+05:30,2015,2,6,10,0,4,SELL,8695.3,8745.3,8545.3,3.0,trend_bounce_sell,STRONG_DOWNTREND,8695.3,0.3439871457651208,30.634831873623597,36.0595125430925,-9.481757829282287,-5.520256815730695,0.16201556535393924,0.02031381977393369,-1.4601972994566115,-0.5995827498499695,-0.3117096622552107,-0.5308869655533233,-0.6574440276332139,0,1,4.774546773521079,1,0.03215558204196427,0,1,0.5,68.93669402313856,0.33333333333333326,20.0,89.27002735647189,False,True,,,,26
2015-02-11 13:00:00+05:30,2015,2,11,13,0,2,BUY,8638.3,8614.025714285714,8711.122857142856,3.0,trend_pullback_buy,STRONG_UPTREND,8638.3,0.15611537322984967,66.88910189338202,41.5908630559348,2.1517627311332035,10.3024568667579,0.911881577266453,0.009254594340087942,0.343838210182712,1.1551995690689765,0.22962610851193777,0.38491072641140267,0.4535399415986019,1,0,0.0,0,0.0,1,0,0.6,64.95451783356089,0.33333333333333326,20.0,85.28785116689421,False,True,False,-1820.5714285714294,STOP_HIT,27
2015-02-11 13:15:00+05:30,2015,2,11,13,15,2,BUY,8636.55,8611.755,8710.935,3.0,trend_pullback_buy,STRONG_UPTREND,8636.55,0.15949655823216327,67.79857950542268,45.36446087827767,3.4383141555827024,10.430107462086658,0.8536782863917264,0.0092104138894409,0.3328337922141156,0.7019303083479533,0.1673867038972654,0.3313212199819393,0.4161309320335871,1,0,0.0,1,0.015945783970791227,1,0,0.6,67.2186765269666,0.33333333333333326,20.0,87.55200986029993,False,True,False,-1859.6250000000055,STOP_HIT,28
2015-02-13 14:00:00+05:30,2015,2,13,14,0,4,BUY,8797.2,8769.627857142857,8879.91642857143,3.0,trend_pullback_buy,STRONG_UPTREND,8797.2,0.17412196088365983,69.08150330956599,54.67515303036402,42.47720906172799,7.683442045597822,0.9669606599016184,0.007685176878599031,0.48028874433905244,0.8246182057820794,0.1915683231869192,0.46687141615588956,1.0108121015873328,1,0,3.223362527782034,0,3.469446951953614e-18,0,2,0.5,70.0,0.33333333333333326,20.0,90.33333333333333,False,True,True,1447.5375000000895,STOP_HIT,29
2015-02-13 15:30:00+05:30,2015,2,13,15,30,4,BUY,8803.05,8776.037142857142,8884.088571428572,3.0,trend_pullback_buy,STRONG_UPTREND,8803.05,0.17047662863601834,68.55309538940637,56.15691492085822,44.19639390060729,5.035112069677091,0.7424579337274473,0.010272071397954063,0.31165605022960285,0.5752510653855181,0.044802553088540975,0.28540185588652456,0.8382051203529084,1,0,3.223362527782034,1,0.018715412700195683,0,2,0.5,70.0,0.33333333333333326,20.0,90.33333333333333,False,True,True,1418.1749999999738,STOP_HIT,30
2015-02-16 11:30:00+05:30,2015,2,16,11,30,0,BUY,8832.0,8799.484285714287,8929.54714285714,3.0,trend_pullback_buy,STRONG_UPTREND,8832.0,0.20453222049689412,57.09800181114735,50.78368765714145,48.106226337346015,2.3959278728453484,0.5695389519204008,0.012780562884223958,0.32886329170005446,0.6415442642752067,-0.07244642892386688,0.1339973900777336,0.7201147904748018,1,0,1.9812298749302213,0,0.018715412700195683,1,0,0.5,80.0,0.33333333333333326,20.0,100.33333333333333,False,True,True,1707.0749999998952,STOP_HIT,31
2015-02-18 14:30:00+05:30,2015,2,18,14,30,2,BUY,8880.65,8859.532142857142,8944.003571428571,3.0,trend_pullback_buy,STRONG_UPTREND,8880.65,0.13210905572387976,64.77744600757839,31.65634783890503,16.4656260542979,2.206552763559934,1.1878192654467141,0.004463748996092952,0.46381926886245317,0.5474225286731693,0.21477092557768973,0.34000728935701385,0.539195873168441,1,0,0.7133795779093115,0,0.021791316400178826,2,0,0.5,58.99380870334302,0.33333333333333326,20.0,79.32714203667635,False,True,False,-1583.8392857142935,STOP_HIT,32
2015-02-26 11:00:00+05:30,2015,2,26,11,0,3,SELL,8745.3,8773.302857142857,8661.291428571427,3.0,trend_bounce_sell,STRONG_DOWNTREND,8745.3,0.17789147150061252,36.41338153033546,82.62375602625103,-12.95190192371956,-6.1109925606478335,0.2717400402492249,0.01262258062788413,-0.30210447114616956,-0.8143267060598314,-0.05622095384396619,-0.23114548961307158,-0.40351257312639666,0,1,1.3764714001523786,0,5.204170427930421e-18,0,1,0.5,75.0,0.33333333333333326,20.0,95.33333333333333,False,True,True,1470.1500000000578,STOP_HIT,33
2015-02-26 14:00:00+05:30,2015,2,26,14,0,3,SELL,8708.4,8742.56142857143,8605.915714285711,3.0,trend_bounce_sell,STRONG_DOWNTREND,8708.4,0.21793408006719356,36.96228507963993,62.386201115163885,-21.481486052036416,-6.935294383486529,0.18410589012076803,0.008986820826574315,-0.44186325675512617,-0.6514174890194568,-0.07969076756838556,-0.29316602137668957,-0.5724241809318631,0,1,1.3764714001523786,1,0.018507133278033015,0,1,0.5,75.0,0.33333333333333326,20.0,95.33333333333333,False,True,False,-2562.1071428572122,STOP_HIT,34
2015-03-02 11:30:00+05:30,2015,3,2,11,30,0,BUY,8891.7,8841.7,9041.7,3.0,trend_pullback_buy,STRONG_UPTREND,8891.7,0.3155832325170054,67.84510747168378,75.08302014842488,44.66473113910979,17.23427767494422,0.5404898408263986,0.02722944990685695,0.4638077429341525,0.9898291224423872,-0.2578663330850772,0.11646481144143017,0.7125055434171301,1,0,2.325461484494894,0,6.938893903907228e-18,0,1,0.5,70.0,0.33333333333333326,20.0,90.33333333333333,False,True,True,11250.0,TARGET_HIT,35
2015-03-02 14:00:00+05:30,2015,3,2,14,0,0,BUY,8928.25,8888.984285714287,9046.04714285714,3.0,trend_pullback_buy,STRONG_UPTREND,8928.25,0.24432879583664835,45.714771882363614,38.35223941191431,40.47815453106159,3.547935687922397,0.5478318814689873,0.010220177424447197,0.41105750306464905,0.8767717625259186,0.1636061820871504,0.31741756124745724,0.8172782289411318,1,0,2.325461484494894,1,0.03336614101338517,0,1,0.5,73.01134364714859,0.33333333333333326,20.0,93.34467698048192,False,True,,,,36
2015-03-02 14:15:00+05:30,2015,3,2,14,15,0,BUY,8937.0,8898.422142857144,9052.73357142857,3.0,trend_pullback_buy,STRONG_UPTREND,8937.0,0.23981361594654443,53.5524872514073,34.335044767679825,40.72911712384848,3.4190084526383586,0.6437708521972956,0.010220177424447197,0.4879913645767786,0.0,0.2093064597110228,0.3777955527440868,0.8798418245485884,1,0,2.325461484494894,1,0.03336614101338517,0,1,0.5,70.6010268606079,0.33333333333333326,20.0,90.93436019394123,False,True,,,,37
2015-03-02 14:30:00+05:30,2015,3,2,14,30,0,BUY,8936.1,8897.374285714286,9052.277142857143,3.0,trend_pullback_buy,STRONG_UPTREND,8936.1,0.24075699370290737,52.955902176006084,30.87738896606334,40.800260177480595,3.1411363556434253,0.661923649763696,0.009416723869339144,0.36333005756001846,-0.31068892619883215,0.15930843722582466,0.3341492282561198,0.8352926434450625,1,0,2.325461484494894,1,0.03336614101338517,0,1,0.5,68.52643337963801,0.33333333333333326,20.0,88.85976671297134,False,True,,,,38
2015-03-09 13:00:00+05:30,2015,3,9,13,0,0,SELL,8788.9,8816.742142857142,8705.373571428574,3.0,trend_bounce_sell,STRONG_DOWNTREND,8788.9,0.17599309518662132,35.65302960423577,75.55651449238154,-34.325251777459926,-10.464583136528557,0.24057613695104396,0.02273089554924445,-0.40567951318459805,-1.665407960616494,-0.29632348144670306,-0.589660158516847,-1.0292914035431422,0,1,0.0,0,6.938893903907228e-18,1,0,0.6,75.0,0.33333333333333326,20.0,95.33333333333333,False,True,True,1461.712499999976,STOP_HIT,39
2015-03-09 14:30:00+05:30,2015,3,9,14,30,0,SELL,8777.55,8808.709285714285,8684.072142857141,3.0,trend_bounce_sell,STRONG_DOWNTREND,8777.55,0.19721578670259834,33.42626707027149,57.73722967501779,-40.101706373035995,-9.337813099132074,0.16417751302278724,0.00909620114493748,-0.4914464510424099,-0.43500947152305125,-0.10975325630951938,-0.40548968507858607,-0.911975802253262,0,1,0.0,1,0.016889122740835004,1,0,0.6,70.0,0.33333333333333326,20.0,90.33333333333333,False,True,True,1635.8624999999847,STOP_HIT,40
2015-03-10 15:00:00+05:30,2015,3,10,15,0,1,SELL,8717.3,8755.45357142857,8602.839285714286,3.0,trend_bounce_sell,STRONG_DOWNTREND,8717.3,0.2431535976899794,34.891064795799394,30.73944336536122,-40.00002865497663,-1.0165049887059112,0.2970283771215183,0.011952651433152465,-0.46528622238968254,-0.192920890985393,0.024627153434630955,-0.19652248161660113,-0.6749106067552968,0,1,0.0,0,6.938893903907228e-18,3,0,0.7,53.60871590627585,0.33333333333333326,20.0,73.94204923960919,False,True,False,-2861.517857142826,STOP_HIT,41
2015-03-10 15:15:00+05:30,2015,3,10,15,15,1,SELL,8712.05,8751.109999999999,8594.87,3.0,trend_bounce_sell,STRONG_DOWNTREND,8712.05,0.24908029683025326,34.85258239988761,32.963105324499836,-39.65121747635385,-0.6009244290748157,0.2695314078363961,0.012169116131695924,-0.542833006073351,-0.4450919894869232,-0.028492227752807686,-0.23335370988993853,-0.706119754474388,0,1,0.0,1,0.02257840099188442,3,0,0.7,50.78710748544806,0.33333333333333326,20.0,71.12044081878139,False,True,,,,42
2015-03-13 09:45:00+05:30,2015,3,13,9,45,4,BUY,8801.0,8766.806428571428,8903.580714285716,3.0,trend_pullback_buy,STRONG_UPTREND,8801.0,0.21584397876864997,68.5742080744575,28.529255776773095,9.23375994486014,8.25841628810415,0.9272183317371073,0.008849249694228832,0.4376529931014117,0.42561931604230274,0.1613366150682083,0.3370484181406397,0.4820686180757816,1,0,2.2578400991884413,0,6.938893903907228e-18,0,1,0.7,57.11755346606385,0.33333333333333326,20.0,77.45088679939718,False,True,False,-2564.5178571428914,STOP_HIT,43
2015-03-13 11:30:00+05:30,2015,3,13,11,30,4,SELL,8691.95,8741.95,8541.95,3.0,trend_bounce_sell,STRONG_DOWNTREND,8691.95,0.3215619049810481,31.76594789887021,28.145163342970886,-0.4693680457003211,-2.9286094943588323,-0.09692087730060803,0.012984004957481327,-0.9577256153144864,-0.7195929160075165,-0.5415396596938127,-0.6815532233590993,-0.689877509421899,0,1,4.281336558764456,1,6.938893903907228e-18,0,2,0.6,56.88709800578253,0.33333333333333326,20.0,77.22043133911586,False,True,True,2625.0,STOP_HIT,44
2015-03-13 15:15:00+05:30,2015,3,13,15,15,4,SELL,8647.75,8684.714285714286,8536.857142857141,3.0,trend_bounce_sell,STRONG_DOWNTREND,8647.75,0.23746887092843982,36.47113336400571,66.04499302943911,-24.02606051533803,-11.352453060643521,0.1790135711412641,0.014325125595727765,-0.5588551518740714,-1.1369352478507455,-0.16060089428345803,-0.45674073472092847,-0.7811092634153249,0,1,4.281336558764456,2,0.03091230312004947,0,2,0.6,75.0,0.33333333333333326,20.0,95.33333333333333,False,True,,,,45
2015-03-13 15:30:00+05:30,2015,3,13,15,30,4,SELL,8647.75,8684.039285714285,8538.882142857145,3.0,trend_bounce_sell,STRONG_DOWNTREND,8647.75,0.23313248285061614,31.327045505629982,67.14065147574794,-24.965693657832162,-11.062877582823885,0.2044927119235564,0.0138175005187763,-0.48103756811341825,-1.0283144112799847,-0.12852199692204858,-0.4153913280557364,-0.7507074823278947,0,1,4.281336558764456,2,0.03091230312004947,0,2,0.6,70.0,0.33333333333333326,20.0,90.33333333333333,False,True,,,,46
2015-03-18 13:00:00+05:30,2015,3,18,13,0,2,BUY,8722.5,8693.185714285715,8810.442857142854,3.0,trend_pullback_buy,STRONG_UPTREND,8722.5,0.18670924947794815,64.83145019102533,55.40805303120968,14.406350353225207,9.838757270825674,0.7360714466865275,0.013646597856313171,0.35436105710044963,0.95895088342699,0.11503512508015401,0.310026498628857,0.5236056865567607,1,0,2.2101175217854268,0,6.938893903907228e-18,1,0,0.6,75.0,0.33333333333333326,20.0,95.33333333333333,False,True,False,-2198.5714285713584,STOP_HIT,47
2015-03-19 10:45:00+05:30,2015,3,19,10,45,3,BUY,8746.45,8705.853571428572,8868.239285714288,3.0,trend_pullback_buy,STRONG_UPTREND,8746.45,0.2578597194126923,66.30802847801746,28.997109159262042,21.561441267569535,7.787991786470009,0.6807643115321815,0.016768996512903558,0.8009726920173543,0.3470549092494446,-0.011369523160720263,0.22875173240801683,0.518971364795151,1,0,3.944869139695973,0,6.938893903907228e-18,0,1,0.5,57.398265495557226,0.33333333333333326,20.0,77.73159882889055,False,True,False,-3044.732142857174,STOP_HIT,48
2015-03-19 11:00:00+05:30,2015,3,19,11,0,3,BUY,8742.65,8702.914633776536,8861.85609867039,3.0,trend_pullback_buy,STRONG_UPTREND,8742.65,0.255929266297976,62.42356151005974,30.59624893713841,21.607392266991155,7.050548507302466,0.6445007551213667,0.0169193665188262,0.6203423967774402,0.30058108518948856,-0.043853432647456,0.1683408841255396,0.4565753876206946,1,0,3.944869139695973,1,0.02501066535954507,0,1,0.5,63.357749362283045,0.33333333333333326,20.0,83.69108269561639,False,True,,,,49
2015-03-19 11:15:00+05:30,2015,3,19,11,15,3,BUY,8751.4,8711.253571428571,8871.839285714284,3.0,trend_pullback_buy,STRONG_UPTREND,8751.4,0.25485718203454794,66.46670624849696,32.2260624941547,21.935680926686473,6.640953450298005,0.6889132945724566,0.017180840726333135,0.7540957183481245,0.4038457125811634,0.04494434758366417,0.24411624466635917,0.5351517964541808,1,0,3.944869139695973,1,0.02501066535954507,0,1,0.5,59.335637496492815,0.33333333333333326,20.0,79.66897082982615,False,True,,,,50
2015-03-19 11:30:00+05:30,2015,3,19,11,30,3,BUY,8731.35,8705.856568895602,8807.830293313194,3.0,trend_pullback_buy,STRONG_UPTREND,8731.35,0.25335633746704256,66.31556087671837,32.77880191480939,21.36528315146643,5.463500107570164,0.5521156991073166,0.017200570827036944,0.5232618381515008,0.10146173688736493,-0.14746620395117427,0.01313688111410638,0.2928308191462836,1,0,3.944869139695973,1,0.02501066535954507,0,1,0.5,59.667281148885635,0.33333333333333326,20.0,80.00061448221896,False,True,,,,51
2015-03-20 14:00:00+05:30,2015,3,20,14,0,4,SELL,8582.55,8615.104285714286,8484.88714285714,3.0,trend_bounce_sell,STRONG_DOWNTREND,8582.55,0.21072658225952037,45.73946714319495,51.02500270203217,-30.67588527008047,-9.181158438155371,0.17487145098726156,0.004542761507483238,-0.319394196317091,-0.603382881761283,-0.08997519515623331,-0.3005167606127013,-0.7087030436331854,0,1,6.347271873710348,0,6.938893903907228e-18,0,2,0.5,80.0,0.33333333333333326,20.0,100.33333333333333,False,True,False,-2441.5714285714785,STOP_HIT,52
2015-03-23 09:30:00+05:30,2015,3,23,9,30,0,SELL,8565.55,8607.387142857142,8440.038571428571,3.0,trend_bounce_sell,STRONG_DOWNTREND,8565.55,0.27135276944104136,41.74790237046233,32.24010524508837,-30.832740583331542,-3.9815951808157664,0.06238374689522173,0.0054804683104886474,-0.3049436959874363,-0.4463066382301317,-0.15130605381834528,-0.30478794124865205,-0.697170775375533,0,1,6.347271873710348,0,0.020570541420323385,0,2,0.5,69.34406314705302,0.33333333333333326,20.0,89.67739648038635,False,True,False,-3137.785714285701,STOP_HIT,53
2015-03-26 13:15:00+05:30,2015,3,26,13,15,3,SELL,8444.05,8463.380714285713,8384.05,3.0,trend_bounce_sell,STRONG_DOWNTREND,8444.05,0.12718169260349574,31.00556594397993,77.2771950847972,-31.472659056689736,-6.464973860823516,0.268076044721445,0.013659274684940822,-0.32343931676397375,-1.0372045871398394,-0.08814721960050953,-0.32503624345697757,-0.7336436797744761,0,1,10.7495845321449,0,3.469446951953614e-18,0,4,0.4,65.0,0.33333333333333326,20.0,85.33333333333333,False,True,True,4500.0,TARGET_HIT,54
2015-03-27 13:15:00+05:30,2015,3,27,13,15,4,SELL,8314.3,8351.675714285713,8202.172857142858,3.0,trend_bounce_sell,STRONG_DOWNTREND,8314.3,0.24974183893154886,32.27386516664535,39.17426075922249,-53.38825644955614,-5.80173820196331,0.28365259870008314,0.01291153270299119,-0.5430816895343304,-0.8632716086184211,-0.013705909467076616,-0.35292475836752324,-1.0370375086511396,0,1,7.198923325895136,0,3.469446951953614e-18,1,0,0.4,63.50455645553349,0.33333333333333326,20.0,83.83788978886682,False,True,False,-2803.1785714285434,STOP_HIT,55
2015-03-27 13:45:00+05:30,2015,3,27,13,45,4,SELL,8325.9,8367.615,8200.755,3.0,trend_bounce_sell,STRONG_DOWNTREND,8325.9,0.27834828667171335,41.23400281691154,34.16658993945087,-51.099740667645165,-2.765197320640965,0.3998674320361572,0.012958599568842787,-0.3041442649647341,-0.19479390804528762,0.05670574306606557,-0.1890553181470911,-0.8359112054821094,0,1,7.198923325895136,1,0.0238338647794285,1,0,0.4,70.49995396367052,0.33333333333333326,20.0,90.83328729700385,False,True,,,,56
2015-04-01 14:15:00+05:30,2015,4,1,14,15,2,BUY,8529.9,8502.977142857144,8610.668571428567,3.0,trend_pullback_buy,STRONG_UPTREND,8529.9,0.1753495686601536,69.46236132335699,36.911796543285206,14.660217401289628,0.6543316767677627,0.8402497327053562,0.010340132967625234,0.4137849848435682,0.4817999764400893,0.09855117277883796,0.24285476302634557,0.4242435146370349,1,0,9.410731638731134,0,3.469446951953614e-18,0,1,0.3,53.690394693648756,0.33333333333333326,20.0,74.0237280269821,False,True,True,6057.642857142537,TARGET_HIT,57
2015-04-10 10:00:00+05:30,2015,4,10,10,0,4,BUY,8763.9,8729.764285714286,8866.307142857142,3.0,trend_pullback_buy,STRONG_UPTREND,8763.9,0.21639094141062443,57.03726679769539,28.460656281668783,24.05032960268909,1.1420278837522773,0.6553414554210335,0.009110099106197528,0.461965243706719,0.43088135865143595,-0.012202757188695124,0.12807911675922767,0.41821705080953286,1,0,4.631034417804027,0,3.469446951953614e-18,1,0,0.3,63.496672606524044,0.33333333333333326,20.0,83.83000593985739,False,True,True,1792.1250000000327,STOP_HIT,58
2015-04-13 12:00:00+05:30,2015,4,13,12,0,0,BUY,8805.3,8781.642857142855,8876.271428571432,3.0,trend_pullback_buy,STRONG_UPTREND,8805.3,0.14926075366946503,69.79812502393428,50.85895887141838,15.983879793186134,0.38061965316722457,1.0787229081514502,0.005614899564681491,0.3047200277950246,0.7125700560448367,0.2088916593003587,0.315141662643903,0.5042604143097096,1,0,4.631034417804027,0,0.02118165584964294,1,0,0.3,53.80619653167224,0.33333333333333326,20.0,74.13952986500558,False,True,True,1242.0000000000982,STOP_HIT,59
2015-04-16 14:15:00+05:30,2015,4,16,14,15,3,SELL,8665.75,8698.69642857143,8566.910714285712,3.0,trend_bounce_sell,STRONG_DOWNTREND,8665.75,0.21121739524647826,35.20184795685107,55.614643759326476,-36.29028202295194,-9.37053041190584,0.21474255112853036,0.0100692256735359,-0.4194317561550198,-0.9215272656593942,-0.1287042369885416,-0.3811437927211836,-0.8526201557167434,0,1,2.2370010994900205,0,3.469446951953614e-18,3,0,0.5,75.0,0.33333333333333326,20.0,95.33333333333333,False,True,False,-2470.9821428572013,STOP_HIT,60
2015-04-24 14:30:00+05:30,2015,4,24,14,30,4,SELL,8312.35,8347.546428571428,8206.760714285718,3.0,trend_bounce_sell,STRONG_DOWNTREND,8312.35,0.23523517932439283,41.51813387755379,35.02061015623264,-21.57524215466401,-2.273154873004856,-0.17508574642987007,0.0055440320305088055,-0.45149430242931166,-0.6002953644522191,-0.3024267082785914,-0.44190301850784985,-0.715074227232515,0,1,4.186694529707572,0,3.469446951953614e-18,0,1,0.4,71.01236609373959,0.33333333333333326,20.0,91.34569942707292,False,True,True,7919.196428571195,TARGET_HIT,61
2015-04-27 11:30:00+05:30,2015,4,27,11,30,0,SELL,8266.3,8315.864285714286,8117.6071428571395,3.0,trend_bounce_sell,STRONG_DOWNTREND,8266.3,0.3331080929280866,36.28209237456464,49.172584343212,-37.015189683123026,-7.86998227096138,0.3360016884407832,0.018579926587848204,-0.468980464164237,-0.8961701464443972,0.05622933152715781,-0.2499675506607124,-0.7403810581177117,0,1,4.186694529707572,0,0.02173855932877307,0,1,0.4,74.5035506059272,0.33333333333333326,20.0,94.83688393926053,False,True,True,2602.124999999978,STOP_HIT,62
2015-04-29 14:15:00+05:30,2015,4,29,14,15,2,BUY,8284.2,8259.986001029161,8356.841996912519,3.0,trend_pullback_buy,STRONG_UPTREND,8284.2,0.23745719045205094,67.39842095128049,28.36495529729345,1.762860930592069,8.4509455800524,0.7634885404901494,0.011154879742854269,0.5138409459041426,0.16080474918087617,0.08804173815692984,0.23403892394973091,0.2931481841230932,1,0,0.0,0,3.469446951953614e-18,2,0,0.6,57.01897317837607,0.33333333333333326,20.0,77.3523065117094,False,True,False,-1816.0499228129538,STOP_HIT,63
2015-05-04 10:15:00+05:30,2015,5,4,10,15,0,BUY,8270.35,8247.002648393429,8340.392054819715,3.0,trend_pullback_buy,STRONG_UPTREND,8270.35,0.15805169758751397,67.76893290933725,28.430490505760144,2.9195716287504183,4.069004642058044,0.895539453213016,0.007023635068699638,0.3713704906095572,0.3713704906095572,0.12633266313115676,0.23018971525907705,0.2831010562500458,1,0,1.3762938845507235,0,3.469446951953614e-18,0,1,0.6,57.05829430345609,0.33333333333333326,20.0,77.39162763678942,False,True,True,1225.735959345002,STOP_HIT,64
2015-05-04 10:30:00+05:30,2015,5,4,10,30,0,BUY,8270.3,8247.916270025058,8337.451189924823,3.0,trend_pullback_buy,STRONG_UPTREND,8270.3,0.16578255064162847,67.72960160833065,31.569452181763015,3.6224846365985286,4.294725884915538,0.8504297219271164,0.007380580494341035,0.37076367608239735,0.37076367608239735,0.1005565786017737,0.20866895206017588,0.27138648407827315,1,0,1.3762938845507235,1,0.013455534858889923,0,1,0.6,58.94167130905781,0.33333333333333326,20.0,79.27500464239114,False,True,True,1175.1458236843973,STOP_HIT,65
2015-05-04 12:30:00+05:30,2015,5,4,12,30,0,BUY,8286.55,8258.422800020855,8370.931599937432,3.0,trend_pullback_buy,STRONG_UPTREND,8286.55,0.20028152332911128,69.29021429266197,62.459934372456495,10.282167446202948,6.031938648711419,0.731713733766075,0.010006928112489608,0.3287163716492625,0.5679783974028352,0.0337708128288261,0.1864405043557671,0.34058803551537675,1,0,0.44736958366618934,2,0.012900180886684678,1,0,0.7,70.0,0.33333333333333326,20.0,90.33333333333333,False,True,True,1476.6779989051429,STOP_HIT,66
2015-05-04 15:00:00+05:30,2015,5,4,15,0,0,BUY,8329.15,8299.649285714286,8417.652142857141,3.0,trend_pullback_buy,STRONG_UPTREND,8329.15,0.1967702072154498,69.38416098194841,30.707626460308145,13.65389869738101,4.526172545976067,1.2904309708895423,0.006362301804668841,0.5140860792488988,0.8444923360050316,0.38331617935412066,0.5236457449482534,0.71605271121844,1,0,0.0,3,0.016058997180567393,2,0,0.7,58.42457587618489,0.33333333333333326,20.0,78.75790920951823,False,True,False,-2212.5535714285434,STOP_HIT,67
2015-05-07 09:45:00+05:30,2015,5,7,9,45,3,SELL,8090.35,8137.670714285715,7948.387857142857,3.0,trend_bounce_sell,STRONG_DOWNTREND,8090.35,0.3249462101674925,41.14174039868234,38.94844598447048,-50.46963093111572,-11.003447589981405,0.23537672477456492,0.012327159236658369,-0.5739180661296195,-0.7343378076611562,-0.06859320938940039,-0.43744493928826733,-1.1284103656389544,0,1,1.6509905869178592,0,0.0,0,1,0.7,73.36906759068229,0.33333333333333326,20.0,93.70240092401562,False,True,True,2484.3374999999924,STOP_HIT,68
2015-05-07 10:00:00+05:30,2015,5,7,10,0,3,SELL,8103.9,8153.9,7953.9,3.0,trend_bounce_sell,STRONG_DOWNTREND,8103.9,0.3445871740766806,45.059474346000584,35.12344565252207,-49.88042791592852,-9.372820117314788,0.38891300807981544,0.011767636912889443,-0.5924781040700711,-0.569304197391518,0.07900470593713571,-0.2461461220047867,-0.9254086736802392,0,1,1.6509905869178592,1,0.026927334616001407,0,1,0.7,71.07406739151324,0.33333333333333326,20.0,91.40740072484657,False,True,,,,69
2015-05-07 10:30:00+05:30,2015,5,7,10,30,3,SELL,8090.4,8140.4,7940.4,3.0,trend_bounce_sell,STRONG_DOWNTREND,8090.4,0.35668375923493184,38.34704821141301,31.70501820610475,-48.68346586977805,-6.608926599298364,0.2763659225070594,0.011694947859561546,-0.4246206107152095,-0.5378558300498493,-0.10166725840256019,-0.36438656557981064,-1.0179677694032607,0,1,1.6509905869178592,1,0.026927334616001407,0,1,0.7,59.02301092366285,0.33333333333333326,20.0,79.35634425699618,False,True,,,,70
2015-05-07 11:30:00+05:30,2015,5,7,11,30,3,SELL,8064.15,8114.15,7914.15,3.0,trend_bounce_sell,STRONG_DOWNTREND,8064.15,0.3519545501651501,35.82240302747134,34.086993724310844,-48.243855773633186,-4.035730659999004,0.12130192151048613,0.012679187939454203,-0.40570581696924846,-0.7232638589666274,-0.2931212308007525,-0.5373916448734417,-1.174704560505646,0,1,1.6509905869178592,1,0.026927334616001407,0,1,0.7,60.45219623458651,0.33333333333333326,20.0,80.78552956791984,False,True,,,,71
2015-05-07 12:45:00+05:30,2015,5,7,12,45,3,SELL,8066.65,8113.797142857143,7925.20857142857,3.0,trend_bounce_sell,STRONG_DOWNTREND,8066.65,0.3247055114930882,54.47317715052876,32.87334723415252,-50.07367828556926,-3.610536134224276,0.34518031063976146,0.01237741238623224,-0.5768199717752664,-0.7425864402608617,0.03881818381294977,-0.2454554697620348,-0.9060082103399814,0,1,0.0,1,0.0,1,0,0.7,69.72400834049151,0.33333333333333326,20.0,90.05734167382484,False,True,False,-3536.035714285731,STOP_HIT,72
2015-05-07 13:00:00+05:30,2015,5,7,13,0,3,SELL,8065.0,8108.232142857143,7935.303571428571,3.0,trend_bounce_sell,STRONG_DOWNTREND,8065.0,0.29780356035780714,44.67357602238743,30.20237637752849,-49.402879110745744,-2.6457632634606796,0.34717280612176543,0.011454109914180943,-0.3139523385741083,-0.7372398429519089,0.014683985729524451,-0.24174920180040083,-0.8902762601914471,0,1,0.0,2,0.02633222603096592,1,0,0.7,68.1214258265171,0.33333333333333326,20.0,88.45475915985043,False,True,,,,73
2015-05-07 13:15:00+05:30,2015,5,7,13,15,3,SELL,8050.25,8091.842857142857,7925.47142857143,3.0,trend_bounce_sell,STRONG_DOWNTREND,8050.25,0.28703633871175255,38.665606942624294,30.172973803389784,-49.25418332255413,-2.247360727742155,0.21686974698996345,0.011384617927985945,-0.4168754136282371,-0.7055239316924533,-0.13463081545674882,-0.385781584307765,-1.0299488031436876,0,1,0.0,2,0.02633222603096592,1,0,0.7,63.10378428203387,0.33333333333333326,20.0,83.43711761536721,False,True,,,,74
2015-05-07 13:45:00+05:30,2015,5,7,13,45,3,SELL,8051.95,8091.106428571428,7934.480714285714,3.0,trend_bounce_sell,STRONG_DOWNTREND,8051.95,0.27016525721808227,32.347616035232676,31.753700086779073,-48.1415932414493,-0.8832227239739439,0.27500820606133075,0.011116844898856193,-0.5397960633179544,-0.5563789057675739,-0.09124542724706641,-0.3111717182773255,-0.9364767193083767,0,1,0.0,2,0.02633222603096592,1,0,0.7,52.88444729180688,0.33333333333333326,20.0,73.21778062514022,False,True,,,,75
2015-05-07 14:00:00+05:30,2015,5,7,14,0,3,SELL,8033.9,8073.32,7915.639999999999,3.0,trend_bounce_sell,STRONG_DOWNTREND,8033.9,0.27259487919939207,33.30350694497788,31.778877578400785,-48.36940294926717,-0.9999291886126329,0.12158067129678747,0.011490248261407427,-0.3751170303131768,-0.7793009756700053,-0.2523272191102932,-0.48627586511966747,-1.1136194746543038,0,1,0.0,2,0.02633222603096592,1,0,0.7,54.066618433166795,0.33333333333333326,20.0,74.39995176650012,False,True,,,,76
2015-05-07 14:30:00+05:30,2015,5,7,14,30,3,SELL,8025.1,8068.762857142858,7894.111428571428,3.0,trend_bounce_sell,STRONG_DOWNTREND,8025.1,0.3022659263702984,36.148888114943986,30.275382613019286,-47.988961419602674,-0.5344152081577178,0.08248509681220617,0.012253446534308158,-0.4033459094519465,-0.716932346082233,-0.2893339850288834,-0.5220886712015704,-1.1423683621351266,0,1,0.0,2,0.02633222603096592,1,0,0.7,53.50938164938875,0.33333333333333326,20.0,73.84271498272209,False,True,,,,77
2015-05-11 14:30:00+05:30,2015,5,11,14,30,0,BUY,8326.8,8298.874285714284,8410.577142857144,3.0,trend_pullback_buy,STRONG_UPTREND,8326.8,0.18631750149259785,64.39927872807783,63.579428637829885,43.02351451283903,6.876774952294788,0.875553808830957,0.009345415735155023,0.32107853472527204,0.8593906139283014,0.21903081687366655,0.4686365417204019,1.052397984588116,1,0,2.6332226030965877,0,0.0,0,1,0.6,75.0,0.33333333333333326,20.0,95.33333333333333,False,True,False,-2094.428571428625,STOP_HIT,78
2015-05-12 13:45:00+05:30,2015,5,12,13,45,1,SELL,8147.4,8176.720714285714,8059.437857142856,3.0,trend_bounce_sell,STRONG_DOWNTREND,8147.4,0.199932318460929,41.40414571901741,77.35853343055261,-15.733904666067247,-19.185689383777913,0.3060632331389623,0.021028342860046578,-0.4216624500421706,-2.136272184018506,-0.12142720857349909,-0.46206480907586833,-0.7351532657149606,0,1,4.192906130210281,0,0.0,0,2,0.6,80.0,0.33333333333333326,20.0,100.33333333333333,False,True,False,-2199.0535714285897,STOP_HIT,79
2015-05-13 12:15:00+05:30,2015,5,13,12,15,2,SELL,8130.75,8180.75,7980.75,3.0,trend_bounce_sell,STRONG_DOWNTREND,8130.75,0.3955003272409422,50.66177377531959,28.48531881757498,-17.60290110751066,-5.045110507952998,0.3325561864274322,0.02371294133629826,-1.4155804789330095,-0.2043596730245234,-0.1909495604488498,-0.3850678753444803,-0.6323847394001381,0,1,5.83050202504579,0,0.0,0,3,0.5,69.16909368521004,0.33333333333333326,20.0,89.50242701854337,False,True,False,-3750.0,STOP_HIT,80
2015-05-14 12:30:00+05:30,2015,5,14,12,30,3,SELL,8168.1,8191.681525617724,8097.355423146829,3.0,trend_bounce_sell,STRONG_DOWNTREND,8168.1,0.3110532786956915,32.446987616457264,39.31576786247515,-1.164529450396003,-0.2233143213115566,0.14847284140476388,0.011464912315848366,-0.42909560786511536,-0.6833408314385281,-0.21771191377101262,-0.2740711459863876,-0.2878716115119695,0,1,8.623060007907357,0,0.0,0,4,0.4,50.82260393060066,0.33333333333333326,20.0,71.15593726393399,False,True,False,-1768.6144213292891,STOP_HIT,81
2015-05-14 12:45:00+05:30,2015,5,14,12,45,3,SELL,8176.1,8191.070485397421,8116.1,3.0,trend_bounce_sell,STRONG_DOWNTREND,8176.1,0.23753902926124207,49.85755996746674,39.787061914294746,-1.703650828913851,-0.6861921298464639,0.25742073513305674,0.011169141679612566,-0.5612818875611825,-0.6899148538182076,-0.09600956010403783,-0.1603871588948702,-0.182765920817185,0,1,8.623060007907357,1,0.01441343464062769,0,4,0.4,65.73415844704148,0.33333333333333326,20.0,86.06749178037481,False,True,False,-1122.7864048065612,STOP_HIT,82
2015-05-15 11:30:00+05:30,2015,5,15,11,30,4,BUY,8251.35,8213.497910474265,8364.906268577206,3.0,trend_pullback_buy,STRONG_UPTREND,8251.35,0.25744704979012056,67.37015400457243,29.036616160012066,13.813727634678798,6.19222819795048,0.7615955860000734,0.010863419466829111,0.3301232946669508,0.9067896101355055,0.09829845766178291,0.2601633702948858,0.4608522451495789,1,0,10.776234530221545,0,0.0,0,6,0.3,57.42196969600724,0.33333333333333326,20.0,77.75530302934058,False,True,True,8516.720143290422,TARGET_HIT,83
2015-05-18 10:45:00+05:30,2015,5,18,10,45,0,BUY,8287.1,8254.237142857142,8385.688571428575,3.0,trend_pullback_buy,STRONG_UPTREND,8287.1,0.2203079829752629,59.09029766136942,33.936468137989955,23.819059381126863,5.0462855112826475,0.6086090820036922,0.011800436708209914,0.36453917887853127,0.32626526152672586,-0.10826869285555096,0.09259255510267739,0.41467089466324936,1,0,10.776234530221545,0,0.02369417031808331,0,6,0.3,70.36188088279397,0.33333333333333326,20.0,90.6952142161273,False,True,True,7394.142857143061,TARGET_HIT,84
2015-05-19 11:45:00+05:30,2015,5,19,11,45,1,BUY,8377.6,8350.818571428572,8457.944285714286,3.0,trend_pullback_buy,STRONG_UPTREND,8377.6,0.1775994488704582,65.57874120548516,46.22124337099674,31.18618081224122,2.4003468017532796,0.8126110317363693,0.008946502499074976,0.3479646166100858,0.830464819584531,0.14104434324087034,0.3218641698540248,0.7243547796422556,1,0,4.43398524383659,0,0.020571073989252786,1,0,0.3,67.73274602259804,0.33333333333333326,20.0,88.06607935593136,False,True,True,1406.0249999999542,STOP_HIT,85
2015-05-19 12:00:00+05:30,2015,5,19,12,0,1,BUY,8399.25,8374.647857142856,8473.056428571432,3.0,trend_pullback_buy,STRONG_UPTREND,8399.25,0.1627271142406441,61.78976021854875,41.31634086196692,32.169564449844984,3.0453573954213375,1.0358583216306305,0.009129457228961118,0.578377310365874,0.9919740283163447,0.31961327397957984,0.5280148612520463,0.945674902259519,1,0,0.0,1,0.015651734006153283,2,0,0.3,69.78980451718016,0.33333333333333326,20.0,90.12313785051349,False,True,False,-1845.1607142857938,STOP_HIT,86
2015-05-25 14:15:00+05:30,2015,5,25,14,15,0,SELL,8395.9,8418.496428571429,8328.110714285713,3.0,trend_bounce_sell,STRONG_DOWNTREND,8395.9,0.14952025903799984,32.23880217762708,43.4547179365364,-8.596142971793597,-9.39385182786014,0.29229935762049875,0.009517624068907389,-0.359592698962774,-0.40509842764870907,0.0025280724757381634,-0.18419922804360223,-0.32782908631769914,0,1,1.3455415743258776,0,3.469446951953614e-18,0,1,0.3,61.072830761921836,0.33333333333333326,20.0,81.40616409525518,False,True,True,5084.196428571522,TARGET_HIT,87
2015-05-26 10:15:00+05:30,2015,5,26,10,15,1,SELL,8352.45,8379.115714285716,8272.452857142856,3.0,trend_bounce_sell,STRONG_DOWNTREND,8352.45,0.17736455428390255,39.631643107856775,49.58445628917058,-18.669422168590245,-8.840554610863556,0.19341298713021984,0.01094333817408872,-0.5175145011255378,-0.875246255726192,-0.13382697900503615,-0.3389555116974252,-0.6071025577813027,0,1,1.3455415743258776,0,0.01252700559470019,0,1,0.3,74.75067377350234,0.33333333333333326,20.0,95.08400710683567,False,True,True,1399.9500000000808,STOP_HIT,88
2015-05-29 14:45:00+05:30,2015,5,29,14,45,4,BUY,8438.8,8408.302857142857,8530.291428571427,3.0,trend_pullback_buy,STRONG_UPTREND,8438.8,0.2007732988441137,61.07488956662819,55.387150957891556,20.659608757076057,7.1560882372223755,1.014120676076616,0.008691277163735257,0.34244946492270056,1.0144780076729143,0.4136804885793044,0.5844068271717795,0.8760772370542957,1,0,0.0,0,3.469446951953614e-18,2,0,0.5,75.0,0.33333333333333326,20.0,95.33333333333333,False,True,False,-2287.28571428569,STOP_HIT,89
2015-06-03 13:15:00+05:30,2015,6,3,13,15,2,SELL,8153.45,8192.670714285714,8035.787857142857,3.0,trend_bounce_sell,STRONG_DOWNTREND,8153.45,0.2672400727825112,37.381725127007414,74.27017475998403,-64.36302479435653,-11.388430807841345,0.37580392416929204,0.017660240646044666,-0.4559994139766599,-1.236743766314774,0.08470394024961969,-0.32791927550755995,-1.192124998833699,0,1,1.613372810156493,0,3.469446951953614e-18,0,1,0.5,75.0,0.33333333333333326,20.0,95.33333333333333,False,True,True,2059.087499999987,STOP_HIT,90
2015-06-03 13:30:00+05:30,2015,6,3,13,30,2,SELL,8135.15,8176.247857142856,8011.856428571429,3.0,trend_bounce_sell,STRONG_DOWNTREND,8135.15,0.2806603794293016,33.90319901143609,71.2396974640317,-64.26626126154588,-10.162500547527628,0.2672623031901807,0.016389524776826,-0.5014585104236136,-1.2316975451035717,-0.11197617011847738,-0.5017317397923327,-1.3592010047888015,0,1,1.613372810156493,1,0.021088952349727512,0,1,0.5,70.0,0.33333333333333326,20.0,90.33333333333333,False,True,True,2157.63750000001,STOP_HIT,91
2015-06-09 10:15:00+05:30,2015,6,9,10,15,1,SELL,8015.9,8052.131428571428,7907.205714285715,3.0,trend_bounce_sell,STRONG_DOWNTREND,8015.9,0.2511080655768083,38.12156012484805,36.67799360910217,-26.4711029536802,-2.5664419563975294,-0.06574354697842161,0.007318613967318434,-0.7761245760404156,-0.6149649742731467,-0.2565074940384271,-0.4368159917696346,-0.7847175616182867,0,1,0.0,0,3.469446951953614e-18,2,0,0.7,67.0067961654613,0.33333333333333326,20.0,87.34012949879462,False,True,False,-2717.357142857122,STOP_HIT,92
2015-06-09 10:30:00+05:30,2015,6,9,10,30,1,SELL,8023.15,8058.873571428571,7915.979285714285,3.0,trend_bounce_sell,STRONG_DOWNTREND,8023.15,0.24736454598790417,42.871627119068435,32.27916546261669,-26.780816771994978,-2.5885401972410733,0.10844496278459681,0.007604212713686644,-0.5226092023855378,-0.5250759407352312,-0.1330796629837705,-0.3153410731509543,-0.6679098962252938,0,1,0.0,1,0.018909947432742623,2,0,0.7,69.36749927757,0.33333333333333326,20.0,89.70083261090333,False,True,False,-2679.2678571428723,STOP_HIT,93
2015-06-11 09:30:00+05:30,2015,6,11,9,30,3,BUY,8141.65,8112.348571428571,8229.554285714286,3.0,trend_pullback_buy,STRONG_UPTREND,8141.65,0.19994192121463591,67.1389763908216,38.0141335207574,16.792809746346393,8.022561315501024,0.8926281863677851,0.008472866459899881,0.5669641478553533,0.5806304163861409,0.14910798718517082,0.33899785170097285,0.5933133443761562,1,0,3.7554833501541833,0,3.469446951953614e-18,0,2,0.6,62.80848011245444,0.33333333333333326,20.0,83.14181344578778,False,True,False,-2197.6071428571686,STOP_HIT,94
2015-06-11 09:45:00+05:30,2015,6,11,9,45,3,BUY,8132.25,8102.46,8221.619999999999,3.0,trend_pullback_buy,STRONG_UPTREND,8132.25,0.2035107135171691,62.66489176356112,37.64796022385622,17.070673611858183,7.470382662911533,0.7320145347741285,0.008333031993523143,0.34240236905422883,0.4700896938548693,0.026782303612304936,0.20282316989141957,0.45837419228438314,1,0,3.7554833501541833,1,0.015889771874535632,0,2,0.6,67.58877613431373,0.33333333333333326,20.0,87.92210946764706,False,True,False,-2234.2499999999973,STOP_HIT,95
2015-06-16 13:15:00+05:30,2015,6,16,13,15,1,SELL,7959.8,7978.577857142857,7899.8,3.0,trend_bounce_sell,STRONG_DOWNTREND,7959.8,0.13106036404360255,33.104317411805624,49.256029576678124,-9.172668845098997,-3.945691777253005,0.08268429588460122,0.007553449697262816,-0.36799679567415255,-0.7549545842762462,-0.17778321908250572,-0.3140280793236805,-0.4451805086471472,0,1,6.839589751888962,0,3.469446951953614e-18,0,4,0.4,64.55361774600688,0.33333333333333326,20.0,84.88695107934021,False,True,False,-1408.3392857142826,STOP_HIT,96
2015-06-16 13:45:00+05:30,2015,6,16,13,45,1,SELL,7955.95,7976.129285714285,7895.412142857143,3.0,trend_bounce_sell,STRONG_DOWNTREND,7955.95,0.1409098132305274,30.705937658794028,47.17115372699605,-10.463564468141158,-4.315715293171017,0.03469137519046118,0.006363511539262894,-0.4436018720124113,-0.723118581464699,-0.16665210243917983,-0.31081740679848036,-0.46068676668161723,0,1,6.839589751888962,1,0.010520091126196441,0,4,0.4,63.30269223619763,0.33333333333333326,20.0,83.63602556953097,False,True,False,-1513.4464285714103,STOP_HIT,97
2015-06-25 15:00:00+05:30,2015,6,25,15,0,3,BUY,8396.75,8381.43420310748,8456.75,3.0,trend_pullback_buy,STRONG_UPTREND,8396.75,0.16388143371797267,67.22609986101057,40.460331044006765,7.864553916946534,1.0567589742918608,0.6958609648415159,0.00929267719504552,0.3747579314796745,0.34476989447771444,-0.020460253346099577,0.08824187346225809,0.18273479838142315,1,0,8.872845277836815,0,5.204170427930421e-18,0,6,0.3,59.84378836932267,0.33333333333333326,20.0,80.177121702656,False,True,False,-1148.68476693905,STOP_HIT,98
2015-06-30 11:30:00+05:30,2015,6,30,11,30,1,BUY,8343.4,8313.101464460091,8434.295606619726,3.0,trend_pullback_buy,STRONG_UPTREND,8343.4,0.21860735089155345,65.57934013751873,65.39925188879467,-1.8893297172853636,12.651942379898834,0.7424217234062214,0.014498578941226798,0.3005385651086767,1.1511253629469698,0.14978111112393666,0.3429448000724866,0.36446728900687564,1,0,9.672209049975024,0,5.204170427930421e-18,0,7,0.2,70.0,0.33333333333333326,20.0,90.33333333333333,False,True,False,-2272.3901654931524,STOP_HIT,99
2015-07-01 14:00:00+05:30,2015,7,1,14,0,2,BUY,8446.0,8425.08142857143,8508.755714285711,3.0,trend_pullback_buy,STRONG_UPTREND,8446.0,0.1375968336659779,59.62115512538618,40.464295049644626,32.74111337096474,7.274037708684215,0.726017873730345,0.007807278202737023,0.3087885985748162,0.9260918922148642,0.06124597608367921,0.2798754913761803,0.7218817630822327,1,0,11.25355358133743,0,6.938893903907228e-18,0,8,0.2,69.27857702978677,0.33333333333333326,20.0,89.6119103631201,False,True,True,1098.2250000000022,STOP_HIT,100
2015-07-01 14:15:00+05:30,2015,7,1,14,15,2,BUY,8456.7,8435.967857142858,8518.89642857143,3.0,trend_pullback_buy,STRONG_UPTREND,8456.7,0.13619801036878465,62.30390202762351,36.485223141066186,33.15855582710719,6.922332148344001,0.9043042158564913,0.0064666721370371825,0.37864400341849347,0.8406668097588943,0.1503520692605731,0.36978797624200865,0.8158986052581918,1,0,11.25355358133743,1,0.012302288676736325,0,8,0.2,61.891133884639714,0.33333333333333326,20.0,82.22446721797306,False,True,True,1088.4375000000546,STOP_HIT,101
2015-07-06 10:15:00+05:30,2015,7,6,10,15,0,SELL,8427.4,8455.942562321783,8341.77231303465,3.0,trend_bounce_sell,STRONG_DOWNTREND,8427.4,0.24367793489942519,38.60868536604838,43.49734745137534,1.5809124983934453,-9.630178551535307,0.19086925548946015,0.013207004902800377,-0.4741631286499626,-0.6636255407428515,-0.1411595532361143,-0.3200222095575356,-0.3375444205234279,0,1,9.731866487800866,0,8.673617379884035e-18,2,0,0.2,71.0984084708252,0.33333333333333326,20.0,91.43174180415853,False,True,False,-2140.6921741337555,STOP_HIT,102
2015-07-06 10:30:00+05:30,2015,7,6,10,30,0,SELL,8424.15,8454.695795171909,8332.512614484272,3.0,trend_bounce_sell,STRONG_DOWNTREND,8424.15,0.25127588116138766,37.070093299887425,43.25086883885625,0.2295972189767781,-9.883344447856777,0.19604177013471755,0.013480488408209137,-0.5912027613063198,-0.7393748011641499,-0.14378750644391536,-0.3259821168765775,-0.36128792699262613,0,1,9.731866487800866,1,0.01650301744602717,2,0,0.2,70.95052130331375,0.33333333333333326,20.0,91.28385463664708,False,True,False,-2290.9346378931787,STOP_HIT,103
2015-07-09 09:45:00+05:30,2015,7,9,9,45,3,SELL,8360.45,8408.947142857143,8214.958571428573,3.0,trend_bounce_sell,STRONG_DOWNTREND,8360.45,0.3222656333433885,49.578189479104715,31.735140132727334,-31.95205803727731,-5.80922632899853,0.3459939976680114,0.008038235611784352,-0.46905599504752926,-0.11409796893666613,-0.1094072844356031,-0.2876723930622993,-0.7117888795556193,0,1,12.815812603505409,0,6.938893903907228e-18,0,2,0.2,69.0410840796364,0.33333333333333326,20.0,89.37441741296973,False,True,False,-3637.28571428569,STOP_HIT,104
2015-07-09 10:00:00+05:30,2015,7,9,10,0,3,SELL,8350.7,8399.35142857143,8204.745714285713,3.0,trend_bounce_sell,STRONG_DOWNTREND,8350.7,0.323668332338267,49.03957223142452,29.133343474518664,-32.36560515956262,-5.600496106155454,0.22860451705195908,0.008290957483926392,-0.32466369854019517,-0.3056242016164501,-0.18080185430026097,-0.36736893297915074,-0.7953833485809914,0,1,12.815812603505409,1,0.02903242366410056,0,2,0.2,67.48000608471119,0.33333333333333326,20.0,87.81333941804452,False,True,,,,105
2015-07-16 15:00:00+05:30,2015,7,16,15,0,3,BUY,8607.6,8586.919285714286,8669.642142857143,3.0,trend_pullback_buy,STRONG_UPTREND,8607.6,0.13347838786985466,69.25350174907618,52.614647055549185,31.903091246002077,1.3091397135505751,0.9150672760080507,0.006965718980880363,0.47977587112590925,0.4024215278020771,0.13166247944420562,0.307780759816878,0.7024762265975149,1,0,15.34698086881078,0,6.938893903907228e-18,0,3,0.2,63.09139713550575,0.33333333333333326,20.0,83.42473046883909,False,True,False,-1551.0535714285652,STOP_HIT,106
2015-07-22 09:45:00+05:30,2015,7,22,9,45,2,SELL,8553.2,8581.07613308238,8469.57160075286,3.0,trend_bounce_sell,STRONG_DOWNTREND,8553.2,0.2150406531223128,32.08770760596235,58.613709263041805,-11.059057881686385,-10.67055571141674,0.34696124934188577,0.017111703249575644,-0.6169898795068574,-0.7012166805981157,0.10764122554973721,-0.15132455841981862,-0.32485591142712433,0,1,16.426351005275173,0,6.938893903907228e-18,0,4,0.2,70.0,0.33333333333333326,20.0,90.33333333333333,False,True,False,-2090.7099811784974,STOP_HIT,107
2015-07-22 15:30:00+05:30,2015,7,22,15,30,2,BUY,8633.5,8610.72357142857,8701.829285714288,3.0,trend_pullback_buy,STRONG_UPTREND,8633.5,0.1465636350098052,66.15459697810289,64.15719545778133,10.849828106527639,7.227724291102765,0.7626473728709526,0.009350053020935712,0.37961364283762844,0.7280279077364504,0.06415947921170062,0.23448997287724982,0.3907750674657873,1,0,17.881265238581552,1,6.938893903907228e-18,0,5,0.2,65.0,0.33333333333333326,20.0,85.33333333333333,False,True,False,-1708.2321428571959,STOP_HIT,108
2015-07-23 15:15:00+05:30,2015,7,23,15,15,3,SELL,8589.8,8607.048163153666,8529.8,3.0,trend_bounce_sell,STRONG_DOWNTREND,8589.8,0.2260155732879205,47.190946653655445,32.41576790824618,1.039223438659974,-4.868742779716067,0.20030285112114402,0.007803143286813535,-0.437551796280522,-0.5188427952655728,-0.10617800320240622,-0.1964730342124632,-0.20039580151887115,0,1,19.070015127761984,0,6.938893903907228e-18,0,6,0.2,69.44946074494771,0.33333333333333326,20.0,89.78279407828104,False,True,True,905.5285655675107,STOP_HIT,109
2015-07-23 15:30:00+05:30,2015,7,23,15,30,3,SELL,8589.8,8606.37176459862,8529.8,3.0,trend_bounce_sell,STRONG_DOWNTREND,8589.8,0.21154658515249106,39.301388724142015,33.632266937030764,0.2865854555657279,-5.059242686529282,0.22444707607486325,0.007507857505283201,-0.39830012233089684,-0.5390008510539834,-0.08496044442258821,-0.1786437571759003,-0.19255227466220548,0,1,19.070015127761984,1,0.011123417952422845,0,6,0.2,65.17936016221846,0.33333333333333326,20.0,85.51269349555179,False,True,True,4500.0,TARGET_HIT,110
2015-07-24 13:15:00+05:30,2015,7,24,13,15,4,SELL,8546.55,8568.259285714284,8481.422142857144,3.0,trend_bounce_sell,STRONG_DOWNTREND,8546.55,0.14111792811969956,32.68063719839209,31.737185998951844,-10.120529833944602,-4.730729682287917,-0.21551516636598275,0.0045171004609938815,-0.4084319940337644,-0.6469275301667188,-0.24162184519841423,-0.3503364943973519,-0.4919824445698273,0,1,18.43986249512996,0,0.010687205483700196,1,0,0.3,54.042311599371104,0.33333333333333326,20.0,74.37564493270443,False,True,True,4884.5892857141735,TARGET_HIT,111
2015-07-28 09:30:00+05:30,2015,7,28,9,30,1,SELL,8367.15,8396.708571428571,8278.474285714285,3.0,trend_bounce_sell,STRONG_DOWNTREND,8367.15,0.19626071686809185,36.18015179252145,61.11016086745279,-51.56012723399908,-5.546502494817879,0.22845808809714188,0.012443342941870645,-0.45861736678683984,-0.8290763413969393,-0.10068260282865005,-0.38981467743206544,-1.0493397223458212,0,1,11.909175480461553,0,5.204170427930421e-18,3,0,0.4,75.0,0.33333333333333326,20.0,95.33333333333333,False,True,True,1551.8250000000535,STOP_HIT,112
2015-07-31 12:45:00+05:30,2015,7,31,12,45,4,BUY,8510.25,8487.409285714286,8578.772142857142,3.0,trend_pullback_buy,STRONG_UPTREND,8510.25,0.14910591010000818,65.06926853433936,43.890825473384176,27.375646217267786,7.811793184436908,0.761633042208854,0.01620876312184806,0.4206688221273014,1.0790555146447556,0.10342155479081683,0.3564786021971633,0.7294497286148394,1,0,10.829268510854952,0,3.469446951953614e-18,4,0,0.4,61.33449528403051,0.33333333333333326,20.0,81.66782861736385,False,True,True,1199.1374999999607,STOP_HIT,113
2015-07-31 13:00:00+05:30,2015,7,31,13,0,4,BUY,8514.0,8491.872857142856,8580.38142857143,3.0,trend_pullback_buy,STRONG_UPTREND,8514.0,0.14438403973287878,68.89765689743159,45.217325780164906,27.951338319031493,7.548736757580553,0.7665795135957401,0.015431138490293522,0.5058345088919447,1.1422156488889668,0.11799049528680161,0.36414025647293347,0.7432636162756134,1,0,10.829268510854952,1,0.01336879350893335,4,0,0.4,62.130395468098946,0.33333333333333326,20.0,82.46372880143228,False,True,True,1161.6749999999683,STOP_HIT,114
2015-08-04 13:15:00+05:30,2015,8,4,13,15,1,SELL,8479.6,8514.753547711192,8374.139356866424,3.0,trend_bounce_sell,STRONG_DOWNTREND,8479.6,0.27410322589340436,38.93972376226885,38.69627590447009,-1.8160835845883412,-11.961954333111816,0.1979437965670133,0.012875709713951666,-0.3150568983353641,-0.7909022837888524,-0.13323997579631763,-0.34472636558565695,-0.41285455314958863,0,1,9.186391335474847,0,5.204170427930421e-18,6,0,0.6,68.21776554268206,0.33333333333333326,20.0,88.55109887601539,False,True,False,-2636.5160783394003,STOP_HIT,115
2015-08-04 13:30:00+05:30,2015,8,4,13,30,1,SELL,8487.95,8513.702428193106,8410.692715420684,3.0,trend_bounce_sell,STRONG_DOWNTREND,8487.95,0.2771996940200096,42.78642266087219,36.922632412557384,-2.7131768981780624,-11.573142882031382,0.29572170333509806,0.01254633023814936,-0.4275960771432441,-0.6897237594917338,-0.02792159157968266,-0.22422680932099315,-0.3024821270218081,0,1,9.186391335474847,1,0.020203336181723285,6,0,0.6,72.15357944753443,0.33333333333333326,20.0,92.48691278086775,False,True,False,-1931.4321144829137,STOP_HIT,116
2015-08-06 14:30:00+05:30,2015,8,6,14,30,3,BUY,8591.25,8568.357857142857,8659.926428571429,3.0,trend_pullback_buy,STRONG_UPTREND,8591.25,0.14803267444035303,65.47653927191061,28.51823321511023,10.88442290421699,0.6995289401820379,0.8264414781899778,0.006175615738115151,0.4231418869556691,0.43840420868039853,0.06956887900904096,0.1641392004025688,0.2972967536628346,1,0,12.365202793100877,0,8.673617379884035e-18,0,2,0.6,44.10622933088652,0.33333333333333326,20.0,64.43956266421986,False,True,False,-1716.9107142857229,STOP_HIT,117
2015-08-10 10:00:00+05:30,2015,8,10,10,0,0,BUY,8610.05,8584.592857142858,8686.421428571424,3.0,trend_pullback_buy,STRONG_UPTREND,8610.05,0.1642598723916456,62.964187383440084,28.468164588772225,5.339199084701249,0.24558790634499061,0.960957629604959,0.0072002737819527604,0.515415776509176,0.3081457663451026,0.22344384915606863,0.30016504554835066,0.3633859415091756,1,0,13.55999205513064,0,8.673617379884035e-18,0,3,0.6,49.53677781671325,0.33333333333333326,20.0,69.87011115004658,False,True,False,-1909.2857142856246,STOP_HIT,118
2015-08-10 10:15:00+05:30,2015,8,10,10,15,0,BUY,8620.15,8593.702857142858,8699.491428571424,3.0,trend_pullback_buy,STRONG_UPTREND,8620.15,0.17044781289022587,67.71902024121488,28.3768571107338,6.602614526551406,1.358103013375632,1.0186632446846615,0.008247558978145988,0.5810731183673923,0.43458757871801534,0.27262265511311945,0.3796938969150787,0.4621624575386729,1,0,13.55999205513064,1,0.015370915140409998,0,3,0.6,55.6071444001966,0.33333333333333326,20.0,75.94047773352995,False,True,False,-1983.5357142856083,STOP_HIT,119
2015-08-11 14:45:00+05:30,2015,8,11,14,45,1,SELL,8467.8,8500.257857142857,8370.426428571427,3.0,trend_bounce_sell,STRONG_DOWNTREND,8467.8,0.2129495601826053,43.71792139175398,48.75189533245998,-30.167518602784185,-8.091998328315771,0.29147228218087645,0.010294891166356497,-0.3354401327636758,-0.638332824857446,-0.030200841511018872,-0.2564916953900154,-0.6591722060902416,0,1,16.26898629877786,0,1.214306433183765e-17,0,5,0.5,79.25113719947599,0.33333333333333326,20.0,99.58447053280932,False,True,True,7303.017857142913,TARGET_HIT,120
2015-08-12 10:45:00+05:30,2015,8,12,10,45,2,SELL,8423.6,8460.654285714287,8312.437142857141,3.0,trend_bounce_sell,STRONG_DOWNTREND,8423.6,0.24438143175974886,39.75520572009325,45.483855019403556,-38.33280685567115,-7.440230422988282,0.29241688925186937,0.01377302764659969,-0.5219773731075295,-0.8556665842778477,-0.020294732036330032,-0.29634854276158196,-0.797749613530796,0,1,16.26898629877786,0,0.02023197868220699,0,5,0.5,72.29031301164213,0.33333333333333326,20.0,92.62364634497546,False,True,True,1945.3500000000076,STOP_HIT,121
2015-08-12 14:45:00+05:30,2015,8,12,14,45,2,SELL,8370.45,8399.082857142857,8284.55142857143,3.0,trend_bounce_sell,STRONG_DOWNTREND,8370.45,0.1900392793355559,30.704835858342463,30.849943611055046,-39.78886738360961,-2.858437642032648,0.11022650933462791,0.009861328887923269,-0.5695856694858725,-0.25500932452319214,-0.15350016892700102,-0.39233952150737883,-0.895048431853207,0,1,11.18685404604974,1,0.023097073702563333,1,0,0.5,58.50996616663303,0.33333333333333326,20.0,78.84329949996636,False,True,False,-2147.46428571425,STOP_HIT,122
2015-08-17 13:00:00+05:30,2015,8,17,13,0,0,BUY,8497.85,8466.118571428571,8593.044285714288,3.0,trend_pullback_buy,STRONG_UPTREND,8497.85,0.20744742998018767,67.90677845227503,37.64820183139005,14.190560771521632,0.15958550100338442,0.6783553526989723,0.01375888846586534,0.6389227726524505,-0.04469720583650805,0.14193186192135165,0.23114258906582474,0.41221528378252437,1,0,11.327504329296795,0,1.0408340855860843e-17,0,1,0.4,49.18477610886787,0.33333333333333326,20.0,69.51810944220121,False,True,False,-2379.8571428571904,STOP_HIT,123
2015-08-25 09:30:00+05:30,2015,8,25,9,30,1,SELL,7842.45,7892.45,7692.45,3.0,trend_bounce_sell,STRONG_DOWNTREND,7842.45,0.5992114344733732,31.341769905164725,61.0225106229253,-124.26588451451153,-12.368024934532002,0.24801284491356082,0.03429279271415515,-1.283293892553239,-1.991426928940998,-0.22675354110576196,-0.9694404489709041,-2.6194619541703434,0,1,12.983634572874156,0,1.0408340855860843e-17,0,2,0.3,66.4164694627662,0.33333333333333326,20.0,86.74980279609953,False,True,True,11250.0,TARGET_HIT,124
2015-08-25 12:15:00+05:30,2015,8,25,12,15,1,SELL,7791.35,7841.35,7641.35,3.0,trend_bounce_sell,STRONG_DOWNTREND,7791.35,0.6666733896289739,48.021815016158236,34.92329774148697,-127.88279761143167,-5.94208972576989,0.4526449087386328,0.032433420216820774,-0.713616698630748,-1.5671981201202612,0.41319735930656076,-0.30324535033778854,-2.004646516607622,0,1,5.154817916309265,1,1.0408340855860843e-17,1,0,0.3,60.95397864489218,0.33333333333333326,20.0,81.28731197822552,False,True,False,-3750.0,STOP_HIT,125
2015-08-31 15:30:00+05:30,2015,8,31,15,30,0,SELL,7971.3,7992.148439068145,7908.754682795565,3.0,trend_bounce_sell,STRONG_DOWNTREND,7971.3,0.262190608809103,35.22775378567472,37.7938292866074,2.3104116285785494,-8.537635111611433,0.1896892912734431,0.011421516317196411,-0.5743793148608956,-0.40667928559381394,-0.12493460151602465,-0.25716585431738714,-0.26086150960649146,0,1,7.764423468497565,0,1.0408340855860843e-17,0,1,0.3,67.67629757196444,0.33333333333333326,20.0,88.00963090529777,False,True,True,4690.898790332653,TARGET_HIT,126
2015-09-09 13:30:00+05:30,2015,9,9,13,30,2,BUY,7817.35,7787.161428571429,7907.915714285716,3.0,trend_pullback_buy,STRONG_UPTREND,7817.35,0.21454109860027398,56.268740122011394,35.76208166450206,48.56378436433624,16.652925385377397,0.6075071525779691,0.021664435050347534,0.37299539052169095,1.8076329515338108,-0.05365964455142924,0.37124331254545506,1.1098743548344503,1,0,4.500051327696099,0,1.0408340855860843e-17,1,0,0.4,71.45724899870123,0.33333333333333326,20.0,91.79058233203456,False,True,False,-2264.1428571428833,STOP_HIT,127
2015-09-11 11:15:00+05:30,2015,9,11,11,15,4,BUY,7813.15,7771.790541848447,7937.228374454658,3.0,trend_pullback_buy,STRONG_UPTREND,7813.15,0.333275128652151,69.10909388645062,44.12027388509656,22.40889040419097,5.843847985834337,0.6436865836171093,0.020144578332602765,0.32164456029069033,1.0881026775606317,-0.0286612659905483,0.21046743973911486,0.5321741229237453,1,0,6.075656599948769,0,1.0408340855860843e-17,0,1,0.4,66.47216433105794,0.33333333333333326,20.0,86.80549766439127,False,True,False,-3101.9593613664483,STOP_HIT,128
2015-09-11 11:30:00+05:30,2015,9,11,11,30,4,BUY,7816.7,7773.551697070076,7946.14490878977,3.0,trend_pullback_buy,STRONG_UPTREND,7816.7,0.33390049509383557,69.11793494499784,45.187515388048034,22.55673118122104,5.392519886577965,0.6478373682244862,0.019622289501992473,0.3672269231262959,0.9010055635157332,0.013409095371486046,0.23267247627793974,0.555065491443063,1,0,6.075656599948769,1,0.022982725823927904,0,1,0.4,67.11250923282881,0.33333333333333326,20.0,87.44584256616214,False,True,True,2265.28590382095,STOP_HIT,129
2015-09-14 13:45:00+05:30,2015,9,14,13,45,0,BUY,7838.25,7814.985,7908.045000000001,3.0,trend_pullback_buy,STRONG_UPTREND,7838.25,0.16489650113226786,65.60861834810633,41.320803289882285,15.382043452560538,2.232474284750925,0.7649372664777762,0.011528367778029066,0.31290793212008783,0.6284261743674024,0.07853025886312981,0.23244813808460663,0.4443287153987896,1,0,8.234294032504607,0,0.023976755507107303,0,2,0.4,64.79248197392937,0.33333333333333326,20.0,85.1258153072627,False,True,True,1221.4124999999967,STOP_HIT,130
2015-09-16 13:15:00+05:30,2015,9,16,13,15,2,BUY,7896.95,7875.5878571428575,7961.036428571427,3.0,trend_pullback_buy,STRONG_UPTREND,7896.95,0.15028406084446594,64.84074480483265,42.21837016099057,18.89521837360735,5.237354383225831,0.7443979459464156,0.012358430235265179,0.5033471631837427,0.8898342979060336,0.057223299054864896,0.26708581373995344,0.5368931548801026,1,0,5.8079186955933455,0,1.0408340855860843e-17,2,0,0.5,70.33102209659434,0.33333333333333326,20.0,90.66435542992767,False,True,True,4806.482142857021,TARGET_HIT,131
2015-09-16 13:30:00+05:30,2015,9,16,13,30,2,BUY,7899.65,7878.782857142857,7962.251428571427,3.0,trend_pullback_buy,STRONG_UPTREND,7899.65,0.14675152877478148,69.00681935246912,43.538777592992815,19.299387846969694,5.077371470929357,0.7529672545297094,0.011530466092175642,0.4392823994608941,0.8953260404493069,0.07313324975459778,0.2738954577941488,0.5487415708164134,1,0,5.8079186955933455,1,0.011836826585555073,2,0,0.5,61.123266555795695,0.33333333333333326,20.0,81.45659988912902,False,True,True,4695.107142857046,TARGET_HIT,132
2015-09-22 11:00:00+05:30,2015,9,22,11,0,1,BUY,7997.55,7972.883059659653,8071.550821021043,3.0,trend_pullback_buy,STRONG_UPTREND,7997.55,0.19077270985667802,69.36844840371933,32.7339175494926,8.848643009879197,0.919363282130992,0.798707317013234,0.007755677010798656,0.31860915813175517,0.43955767938663737,0.10110502410531907,0.19541014327595363,0.3093854526119211,1,0,0.0,0,1.214306433183765e-17,4,0,0.6,53.83398335100548,0.33333333333333326,20.0,74.16731668433881,False,True,False,-1850.0205255260653,STOP_HIT,133
2015-09-29 11:30:00+05:30,2015,9,29,11,30,1,SELL,7763.95,7813.95,7613.95,3.0,trend_bounce_sell,STRONG_DOWNTREND,7763.95,0.43180339904301407,35.843357194131826,61.31785002540956,-30.548307625481357,-11.909165931256027,0.4166459431562273,0.03253506467011282,-0.4072758058929926,-1.4038986602323944,0.10478083296190377,-0.19409740443764312,-0.6504679832527782,0,1,1.2771490101147678,0,1.214306433183765e-17,0,1,0.6,70.0,0.33333333333333326,20.0,90.33333333333333,False,True,False,-3750.0,STOP_HIT,134
2015-09-30 14:30:00+05:30,2015,9,30,14,30,2,BUY,7915.65,7887.6792857142855,7999.562142857142,3.0,trend_pullback_buy,STRONG_UPTREND,7915.65,0.19631092474131118,63.35938582686112,29.044510210577254,19.605792401953295,4.537536250779903,0.8331324665909644,0.0057096049095925186,0.31365243508345575,0.21712983477875092,0.09759010547878422,0.23724896924470773,0.5207487794608889,1,0,3.865935848881621,0,1.0408340855860843e-17,0,2,0.5,62.42670612634635,0.33333333333333326,20.0,82.76003945967969,False,True,True,6293.410714285687,TARGET_HIT,135
2015-09-30 14:45:00+05:30,2015,9,30,14,45,2,BUY,7933.35,7903.508571428572,8022.874285714284,3.0,trend_pullback_buy,STRONG_UPTREND,7933.35,0.2089731504165486,69.16382613139558,32.19603381751379,20.49317363776936,4.882425737936371,1.1224589586658094,0.0060731492626843004,0.4393155792445702,0.7236854634443679,0.2569676031945356,0.41926699547389923,0.7160754115019374,1,0,3.865935848881621,1,0.015064424385499672,0,2,0.5,59.31762029050827,0.33333333333333326,20.0,79.65095362384162,False,True,True,1566.674999999941,STOP_HIT,136
2015-10-06 11:00:00+05:30,2015,10,6,11,0,1,BUY,8137.75,8104.848571428572,8236.454285714284,3.0,trend_pullback_buy,STRONG_UPTREND,8137.75,0.2246145608868709,69.83704972807479,68.6630252963296,44.883284303166874,4.2921678686363975,0.7265843020761867,0.012622144329858628,0.3112480739599466,0.9070505666741058,0.06727163552648907,0.3248828273538118,0.9265121126811993,1,0,0.0,0,8.673617379884035e-18,2,0,0.6,70.0,0.33333333333333326,20.0,90.33333333333333,False,True,False,-2467.6071428571277,STOP_HIT,137
2015-10-08 13:00:00+05:30,2015,10,8,13,0,3,SELL,8125.25,8139.191439909302,8065.25,3.0,trend_bounce_sell,STRONG_DOWNTREND,8125.25,0.16214885695824727,34.31614510714729,36.0855810756722,2.9523780726258337,-9.769063269357135,0.2632148241934082,0.010160346472907084,-0.3800766283524881,-0.4404989462333919,-0.026647392221057498,-0.166987280920039,-0.17128777486351554,0,1,1.677325724808533,0,1.0408340855860843e-17,0,1,0.6,61.65134864540332,0.33333333333333326,20.0,81.98468197873666,False,True,True,731.9255952383855,STOP_HIT,138
2015-10-08 13:15:00+05:30,2015,10,8,13,15,3,SELL,8116.7,8138.309422657958,8051.871732026126,3.0,trend_bounce_sell,STRONG_DOWNTREND,8116.7,0.1621436579609244,32.80032029653752,38.18001519049652,1.8802032317598787,-9.75711429920078,0.1947132068251434,0.010490246502106556,-0.4055339120832002,-0.506861321026475,-0.10550532772813925,-0.24736944540663108,-0.265527169534685,0,1,1.677325724808533,1,0.007228640076331245,0,1,0.6,62.90800911429791,0.33333333333333326,20.0,83.24134244763124,False,True,False,-1620.7066993468516,STOP_HIT,139
2015-10-12 09:30:00+05:30,2015,10,12,9,30,0,BUY,8203.45,8167.654250451414,8310.837248645763,3.0,trend_pullback_buy,STRONG_UPTREND,8203.45,0.24959011147748864,61.27337985975039,36.94845951004548,10.518785492886309,0.2587097703201948,0.9479748046652035,0.007203536815947883,0.5250839399063789,0.0994472441521621,0.23145269066511265,0.30475390747473075,0.4382623021366161,1,0,2.281463791907316,0,8.673617379884035e-18,0,1,0.6,54.756173409229234,0.33333333333333326,20.0,75.08950674256258,False,True,False,-2684.681216144031,STOP_HIT,140
2015-10-12 09:45:00+05:30,2015,10,12,9,45,0,BUY,8202.35,8169.01486808077,8302.355395757691,3.0,trend_pullback_buy,STRONG_UPTREND,8202.35,0.23991382260658828,65.67752067808692,37.91188721792572,11.141666169729433,0.7934314024469877,0.9136910069672907,0.007400468305996292,0.5559642025254385,0.061605650641083365,0.17433411601677218,0.26475175202744783,0.4080679550417132,1,0,2.281463791907316,1,0.018674851646100207,0,1,0.6,55.68144635522531,0.33333333333333326,20.0,76.01477968855865,False,True,False,-2500.1348939422996,STOP_HIT,141
2015-10-13 11:30:00+05:30,2015,10,13,11,30,1,SELL,8117.85,8143.332857142857,8041.401428571429,3.0,trend_bounce_sell,STRONG_DOWNTREND,8117.85,0.17439522604067467,34.584784364130755,67.64561643422046,-12.441631957292884,-8.217940516897961,0.25601018766355255,0.010519863495211737,-0.31619922393044675,-0.8621900359652823,-0.07063690642520326,-0.25049370713073893,-0.4434831264919836,0,1,5.805779023780124,0,6.938893903907228e-18,0,3,0.4,70.0,0.33333333333333326,20.0,90.33333333333333,False,True,False,-1911.2142857142771,STOP_HIT,142
2015-10-13 13:45:00+05:30,2015,10,13,13,45,1,SELL,8098.1,8120.079285714286,8032.162142857143,3.0,trend_bounce_sell,STRONG_DOWNTREND,8098.1,0.15078492838708182,35.698623113640494,40.055166922330095,-15.368413046193382,-5.366495685382503,0.010855494284818556,0.005769253663858621,-0.31083235364720574,-0.5587209587897268,-0.17787572210717917,-0.3239712938861161,-0.5446651355760501,0,1,5.805779023780124,1,0.013791976652564833,0,3,0.4,69.03310015339805,0.33333333333333326,20.0,89.36643348673138,False,True,False,-1648.446428571424,STOP_HIT,143
2015-10-21 13:15:00+05:30,2015,10,21,13,15,2,SELL,8240.3,8260.06172460891,8180.299999999999,3.0,trend_bounce_sell,STRONG_DOWNTREND,8240.3,0.16105516269345352,31.666256178160168,31.66889438095987,1.5979692625405733,-7.8483784594609105,0.21563365215137242,0.01079885834364524,-0.5557332239164547,-0.2554046529643972,-0.08253860781956002,-0.22797663801635837,-0.23924427283679162,0,1,8.225414785066064,0,6.938893903907228e-18,0,5,0.3,59.00133662857593,0.33333333333333326,20.0,79.33466996190927,False,True,False,-1482.1293456682724,STOP_HIT,144
2015-10-21 13:30:00+05:30,2015,10,21,13,30,2,SELL,8251.85,8259.739696192873,8191.85,3.0,trend_bounce_sell,STRONG_DOWNTREND,8251.85,0.16697554401221135,33.543026022184534,34.3030228263818,1.1813631726508902,-7.438486094415534,0.35085073792340243,0.010888204329767648,-0.451186778055912,-0.09927300682197604,0.046003110221115584,-0.08012585708352393,-0.09551991325477127,0,1,8.225414785066064,1,0.010977540926563929,0,5,0.3,60.581813695829084,0.33333333333333326,20.0,80.91514702916243,False,True,True,414.2090501257826,STOP_HIT,145
2015-10-21 14:15:00+05:30,2015,10,21,14,15,2,SELL,8247.35,8257.34110800066,8187.35,3.0,trend_bounce_sell,STRONG_DOWNTREND,8247.35,0.19919818400542982,36.27691212049973,40.86813706679993,-1.2203089978975186,-7.329095138183488,0.3617282739303049,0.01182763368612103,-0.32751421544634507,-0.39733099846018805,0.04478003806942521,-0.07505977179571577,-0.12099667277860604,0,1,7.943861257700253,2,0.010977540926563927,1,0,0.4,69.52088224007996,0.33333333333333326,20.0,89.85421557341328,False,True,False,-749.3331000495346,STOP_HIT,146
2015-10-28 11:00:00+05:30,2015,10,28,11,0,2,SELL,8197.7,8218.830714285716,8134.307857142856,3.0,trend_bounce_sell,STRONG_DOWNTREND,8197.7,0.14320218737311288,30.200445855507297,29.841012530720803,-17.310085461893323,-2.727868520266581,0.17684333625028822,0.007400706183783763,-0.4311810717582465,-0.38459902665458623,-0.07860482773479616,-0.21323073094161593,-0.44428225171407876,0,1,9.460670517626818,0,3.469446951953614e-18,0,2,0.2,52.904607518432485,0.33333333333333326,20.0,73.23794085176581,False,True,True,4754.410714285859,TARGET_HIT,147
2015-10-28 11:15:00+05:30,2015,10,28,11,15,2,SELL,8191.75,8213.189285714285,8127.432142857146,3.0,trend_bounce_sell,STRONG_DOWNTREND,8191.75,0.14539889871778583,30.98795169033029,32.38149797839669,-17.731396486406084,-2.8342615903014075,0.12697253119685983,0.007694461094446842,-0.49982387737006473,-0.4913631835961274,-0.12093984233417787,-0.2597559092666013,-0.4963851553587362,0,1,9.460670517626818,1,0.011898153194608982,0,2,0.2,54.428898787038015,0.33333333333333326,20.0,74.76223212037135,False,True,True,4823.839285714075,TARGET_HIT,148
2015-10-29 14:45:00+05:30,2015,10,29,14,45,3,SELL,8119.15,8140.525,8055.025,3.0,trend_bounce_sell,STRONG_DOWNTREND,8119.15,0.1462591527438209,35.93494040995539,29.456487508702928,-24.403451040688196,-0.22250045872859658,0.20231417563006057,0.006016423392875648,-0.3577433329651658,-0.2163025778105565,-0.060454939543364006,-0.1853484151596363,-0.4977907935478365,0,1,2.949972422854196,0,3.469446951953614e-18,2,0,0.3,44.898897092507724,0.33333333333333326,20.0,65.23223042584107,False,True,True,4809.375,TARGET_HIT,149
2015-11-02 12:45:00+05:30,2015,11,2,12,45,0,SELL,8010.85,8035.477857142858,7936.966428571428,3.0,trend_bounce_sell,STRONG_DOWNTREND,8010.85,0.170795144799152,34.094434970427656,55.474368439847126,-35.11423605161326,-5.102185753500759,0.2324553251898135,0.010142666113867504,-0.338390530041488,-0.722504848713923,-0.06843827661129342,-0.3175538982936321,-0.788857872009896,0,1,0.0,0,3.469446951953614e-18,3,0,0.4,70.0,0.33333333333333326,20.0,90.33333333333333,False,True,False,-1847.0892857143099,STOP_HIT,150
2015-11-04 09:30:00+05:30,2015,11,4,9,30,2,BUY,8093.5,8068.028827061075,8169.913518816774,3.0,trend_pullback_buy,STRONG_UPTREND,8093.5,0.20801525033316043,63.69515794476942,42.79832184505603,-0.1891949004093476,5.067603993902529,0.8954358398633516,0.007260341239910514,0.6134893058931112,0.12247018655053843,0.21647939345201817,0.2934513963150476,0.31570503136393313,1,0,1.2515421253696466,0,3.469446951953614e-18,0,1,0.4,70.67899310703362,0.33333333333333326,20.0,91.01232644036695,False,True,False,-1910.3379704193458,STOP_HIT,151
2015-11-04 09:45:00+05:30,2015,11,4,9,45,2,BUY,8092.65,8068.994363254759,8163.616910235721,3.0,trend_pullback_buy,STRONG_UPTREND,8092.65,0.20989063268168398,61.88686164848226,41.749315835581434,0.779289228046764,5.432479310122776,0.8662971833674054,0.007453686766053376,0.4574343950942028,0.07048392780961699,0.16469568306844984,0.2571323408681714,0.29316709964459786,1,0,1.2515421253696466,1,0.013108031268564291,0,1,0.4,70.04958950134886,0.33333333333333326,20.0,90.38292283468219,False,True,False,-1774.172755893028,STOP_HIT,152
2015-11-05 14:15:00+05:30,2015,11,5,14,15,3,SELL,7997.35,8019.31,7931.47,3.0,trend_bounce_sell,STRONG_DOWNTREND,7997.35,0.1525505323638465,46.95529044637424,39.593281687231865,-18.240393402780683,-3.803057779470155,0.254243041325234,0.004485233556138151,-0.34082270988322616,-0.17350600717740416,-0.07077148644135667,-0.20019936997279775,-0.45261031389259854,0,1,3.748075682800214,0,1.734723475976807e-18,0,3,0.4,73.75596901233912,0.33333333333333326,20.0,94.08930234567245,False,True,True,4941.000000000008,TARGET_HIT,153
2015-11-05 14:30:00+05:30,2015,11,5,14,30,3,SELL,7990.35,8012.155714285715,7924.932857142858,3.0,trend_bounce_sell,STRONG_DOWNTREND,7990.35,0.15161145274344434,47.817830712250746,35.52297174931921,-18.627404798784482,-3.771062257926559,0.10631307386063857,0.0045773700121451944,-0.3386342376052287,-0.3491990247370125,-0.12663090365774288,-0.26148029175844245,-0.5186865321222034,0,1,3.748075682800214,1,0.011594225988107595,0,3,0.4,71.31378304959152,0.33333333333333326,20.0,91.64711638292485,False,True,True,4906.285714285696,TARGET_HIT,154
2015-11-10 13:45:00+05:30,2015,11,10,13,45,1,SELL,7840.85,7862.102857142858,7777.091428571428,3.0,trend_bounce_sell,STRONG_DOWNTREND,7840.85,0.15058498577505072,41.6984077982133,46.963765050555494,-26.33073874069032,-0.8185737967821645,0.37564815498556337,0.01119952611783505,-0.3051552159290982,-0.9393319183343407,0.06303495436266182,-0.11728885113083676,-0.4651079243436995,0,1,0.0,0,1.734723475976807e-18,2,0,0.5,71.36399699815493,0.33333333333333326,20.0,91.69733033148826,False,True,True,4781.89285714293,TARGET_HIT,155
2015-11-16 09:45:00+05:30,2015,11,16,9,45,0,SELL,7721.4,7745.738571428571,7648.384285714285,3.0,trend_bounce_sell,STRONG_DOWNTREND,7721.4,0.17511628165136867,30.74106037606046,28.525172291593698,-11.88230703440422,-0.15765343813754562,-0.1588204367180772,0.006467777144841612,-0.4685636943701499,-0.25963960472776826,-0.3190850331974415,-0.4205351843556637,-0.5765239797801192,0,1,0.0,0,1.734723475976807e-18,3,0,0.6,43.69163775633167,0.33333333333333326,20.0,64.024971089665,False,True,False,-1825.392857142856,STOP_HIT,156
2015-11-16 10:00:00+05:30,2015,11,16,10,0,0,SELL,7728.9,7753.540714285715,7654.977857142854,3.0,trend_bounce_sell,STRONG_DOWNTREND,7728.9,0.17711816318345364,31.9671749717252,30.671796750057126,-12.51148363494849,-0.708147034813635,0.03848586017938292,0.006963121089692031,-0.45400977569984846,-0.1614695016405321,-0.17788893568776443,-0.294460333146751,-0.46121651612852643,0,1,0.0,1,0.011650255516633075,3,0,0.6,50.48454839817063,0.33333333333333326,20.0,70.81788173150397,False,True,False,-1848.0535714286361,STOP_HIT,157
2015-11-17 09:30:00+05:30,2015,11,17,9,30,1,BUY,7835.35,7804.987857142858,7926.436428571427,3.0,trend_pullback_buy,STRONG_UPTREND,7835.35,0.2152789236327284,62.42916151105286,74.28971612341272,12.109450629856838,8.586326407434806,0.9024678182939877,0.010337793057325875,0.4403281630560141,0.9560438852489694,0.22053676582911574,0.42130080695401695,0.6222333739147601,1,0,2.344513913925762,0,1.734723475976807e-18,0,2,0.5,75.0,0.33333333333333326,20.0,95.33333333333333,False,True,False,-2277.1607142856737,STOP_HIT,158
2015-11-17 09:45:00+05:30,2015,11,17,9,45,1,BUY,7830.0,7799.721428571429,7920.835714285713,3.0,trend_pullback_buy,STRONG_UPTREND,7830.0,0.21483305966064423,65.1036898925973,72.7635150440768,12.912822705082363,8.450728634394297,0.807885409443169,0.010078879198777197,0.3177368933531488,0.7443242860727173,0.12164770444018647,0.32056343134230225,0.5317058111053763,1,0,2.344513913925762,1,0.014882508538648252,0,2,0.5,70.0,0.33333333333333326,20.0,90.33333333333333,False,True,False,-2270.892857142826,STOP_HIT,159
2015-11-20 12:30:00+05:30,2015,11,20,12,30,4,BUY,7883.9,7854.0199999999995,7973.54,3.0,trend_pullback_buy,STRONG_UPTREND,7883.9,0.21055568944304184,63.84063654967233,33.01242774472412,21.6706653260826,8.698291196644567,0.7055097194691551,0.016589591887877144,0.8119789269091182,0.7939348998951656,0.011480943551811507,0.27466906594646456,0.5995150035445374,1,0,5.247230773101638,0,1.734723475976807e-18,0,4,0.3,64.80745664683448,0.33333333333333326,20.0,85.14078998016781,False,True,False,-2241.000000000008,STOP_HIT,160
2015-11-25 09:45:00+05:30,2015,11,25,9,45,2,SELL,7831.6,7847.5264466765875,7771.6,3.0,trend_bounce_sell,STRONG_DOWNTREND,7831.6,0.1415510787797395,35.49450269480333,28.358679213986534,-4.058916495088852,-3.0455578429252075,0.21270108218375047,0.006151313492580516,-0.32264428308693693,-0.19879702314200554,-0.052825855418592305,-0.13543660265031843,-0.202948620623411,0,1,6.677510425539845,0,1.734723475976807e-18,0,5,0.3,57.01520752839192,0.33333333333333326,20.0,77.34854086172525,False,True,False,-1194.483500744036,STOP_HIT,161
2015-11-25 10:00:00+05:30,2015,11,25,10,0,2,SELL,7831.6,7846.901880140251,7771.6,3.0,trend_bounce_sell,STRONG_DOWNTREND,7831.6,0.13931654177580605,34.27671991259163,30.192001938017352,-4.385291903812686,-3.034739926484137,0.24012047041233117,0.0062751607140669905,-0.32708436740356284,-0.2731422822979557,-0.0422651497202553,-0.12313934565904017,-0.19500537121507344,0,1,6.677510425539845,1,0.008169076123026593,0,5,0.3,53.11520116281041,0.33333333333333326,20.0,73.44853449614374,False,True,False,-1147.6410105187824,STOP_HIT,162
2015-11-26 14:45:00+05:30,2015,11,26,14,45,3,BUY,7894.2,7879.761428571428,7954.2,3.0,trend_pullback_buy,STRONG_UPTREND,7894.2,0.10161167149842314,69.84245565295865,53.473156495137225,11.171022039799027,4.513750415704449,1.04390087763634,0.0039298350818532035,0.324068778832598,0.3100459986276505,0.12018343903550388,0.24699744580178873,0.4146988049236633,1,0,8.172331055587136,0,0.0,0,7,0.3,65.0,0.33333333333333326,20.0,85.33333333333333,False,True,True,758.0249999999978,STOP_HIT,163
2015-11-27 11:30:00+05:30,2015,11,27,11,30,4,BUY,7922.3,7895.6728571428575,8002.181428571428,3.0,trend_pullback_buy,STRONG_UPTREND,7922.3,0.18672427379494558,65.98940325505023,44.154252278925604,20.057557769181585,6.049092703906881,0.7025670087725425,0.011016533044187565,0.4883431847586106,0.626829841419041,-0.009536924039166284,0.19266631938148482,0.4841358399250817,1,0,8.172331055587136,0,0.007526464767721435,0,7,0.3,66.49255136735536,0.33333333333333326,20.0,86.82588470068869,False,True,True,1397.9250000000093,STOP_HIT,164
2015-12-02 12:45:00+05:30,2015,12,2,12,45,2,SELL,7917.7,7939.134420614298,7853.3967381571065,3.0,trend_bounce_sell,STRONG_DOWNTREND,7917.7,0.15476175440558973,30.06365609543097,28.889890263941847,-2.586241923442685,-5.943506219158113,0.20210708171139244,0.009017000689911571,-0.3392219921582451,-0.41693655395336204,-0.09756586774046783,-0.21072871967301454,-0.2699843519293754,0,1,6.7963331008016965,0,0.0,2,0,0.3,57.33393415836511,0.33333333333333326,20.0,77.66726749169845,False,True,False,-1607.5815460723334,STOP_HIT,165
2015-12-03 09:30:00+05:30,2015,12,3,9,30,3,SELL,7899.4,7923.442857142857,7827.271428571427,3.0,trend_bounce_sell,STRONG_DOWNTREND,7899.4,0.16909060000940315,37.62647574269558,33.546626135664944,-4.90211121930588,-3.1025093308516802,-0.15079493611743472,0.00490561280624617,-0.5100819909570675,-0.26576772784374647,-0.27695238915126374,-0.3509422432288689,-0.43032802384476154,0,1,7.822344334618029,0,0.0,0,1,0.2,65.12797568139896,0.33333333333333326,20.0,85.4613090147323,False,True,True,5409.6428571429215,TARGET_HIT,166
2015-12-03 09:45:00+05:30,2015,12,3,9,45,3,SELL,7883.65,7909.216428571428,7806.950714285715,3.0,trend_bounce_sell,STRONG_DOWNTREND,7883.65,0.18016491635944507,35.26569128543633,30.255849308870836,-6.518111099991074,-4.246658290383187,-0.23004474184176724,0.006752756442437388,-0.6333581214787221,-0.502934309333003,-0.38098847673158076,-0.499908654989456,-0.6043404205578917,0,1,7.822344334618029,1,0.012485351814722854,0,1,0.2,63.1535095853225,0.33333333333333326,20.0,83.48684291865584,False,True,True,5752.446428571375,TARGET_HIT,167
2015-12-07 14:15:00+05:30,2015,12,7,14,15,0,SELL,7756.9,7776.166428571428,7696.9,3.0,trend_bounce_sell,STRONG_DOWNTREND,7756.9,0.13798774547269219,33.730321770039495,47.1927354517159,-25.594709330988735,-0.1878080321028115,0.2043485258565404,0.009023812946542718,-0.36095054592164555,-0.7358210483210503,-0.06501756193685315,-0.22652995602410186,-0.567447863430548,0,1,0.6983330967529324,0,1.734723475976807e-18,2,0,0.4,50.19372159205765,0.33333333333333326,20.0,70.52705492539098,False,True,True,4500.0,TARGET_HIT,168
2015-12-09 12:00:00+05:30,2015,12,9,12,0,2,SELL,7666.1,7693.01,7585.370000000001,3.0,trend_bounce_sell,STRONG_DOWNTREND,7666.1,0.1950144141088699,32.087080385344606,72.14776963961319,-30.526646725837963,-4.168541458291905,0.24510997884537764,0.01419860553287992,-0.38333593222100726,-0.9054891645068786,-0.08671123050748575,-0.3280467744744442,-0.7534550601430601,0,1,0.0,0,1.734723475976807e-18,3,0,0.5,70.0,0.33333333333333326,20.0,90.33333333333333,False,True,True,1412.774999999965,STOP_HIT,169
2015-12-09 12:15:00+05:30,2015,12,9,12,15,2,SELL,7664.95,7690.548571428571,7588.154285714285,3.0,trend_bounce_sell,STRONG_DOWNTREND,7664.95,0.18553843888647234,30.188223573984175,72.8860917412915,-30.662610711682646,-3.8740548997229283,0.25700929832175895,0.013633806030076478,-0.32963603500514305,-0.9094669889984974,-0.08137601708436693,-0.31191423524293826,-0.7384345371631684,0,1,0.0,1,0.012607090865111527,3,0,0.5,70.0,0.33333333333333326,20.0,90.33333333333333,False,True,True,1343.9249999999902,STOP_HIT,170
2015-12-14 09:30:00+05:30,2015,12,14,9,30,0,SELL,7579.85,7622.2528571428575,7452.641428571429,3.0,trend_bounce_sell,STRONG_DOWNTREND,7579.85,0.3107863989016001,38.27372606771369,63.0428068545017,-18.87866849367856,-4.045787077087562,0.1152350994168703,0.01087593061448119,-0.45243817553812793,-1.1328211616471129,-0.254531546047565,-0.43864409375429236,-0.7077592659477494,0,1,0.0,0,3.469446951953614e-18,5,0,0.7,75.0,0.33333333333333326,20.0,95.33333333333333,False,True,False,-3180.2142857142826,STOP_HIT,171
2015-12-21 13:45:00+05:30,2015,12,21,13,45,0,BUY,7826.6,7811.377142857144,7886.6,3.0,trend_pullback_buy,STRONG_UPTREND,7826.6,0.10805640836561081,69.61303917982096,29.75224282312738,10.792229902010149,1.400971230130935,0.8159591539420828,0.011046782957100557,0.3230189453175214,0.8329092560503515,0.15173507258579022,0.27183133353738675,0.4173911143300568,1,0,1.9529066240207424,0,3.469446951953614e-18,0,1,0.7,51.861057995185774,0.33333333333333326,20.0,72.19439132851912,False,True,False,-1141.7142857142608,STOP_HIT,172
2015-12-21 14:15:00+05:30,2015,12,21,14,15,0,BUY,7831.5,7817.511428571429,7891.5,3.0,trend_pullback_buy,STRONG_UPTREND,7831.5,0.09923295117702335,67.94179652764088,32.90088724512425,11.859235076772165,2.05612610571316,0.8565839361195094,0.008994425399638318,0.3073967339096928,1.0216322897720564,0.1515788503968052,0.28385696955075534,0.44658899380680683,1,0,1.9529066240207424,1,0.007150687619190039,0,1,0.7,49.74053234707455,0.33333333333333326,20.0,70.07386568040789,False,True,False,-1049.1428571428287,STOP_HIT,173
2015-12-22 15:30:00+05:30,2015,12,22,15,30,1,SELL,7786.1,7809.463779841507,7716.008660475481,3.0,trend_bounce_sell,STRONG_DOWNTREND,7786.1,0.17260612776981657,32.61819648289209,32.6863261239916,1.1595992541006126,-6.474159294306828,0.14480300094500592,0.010323238886736731,-0.6266591790892284,-0.4990319674383126,-0.14554518095472035,-0.2884423312620399,-0.29917265128772685,0,1,3.2982686160689645,0,3.469446951953614e-18,0,3,0.6,59.611795674394955,0.33333333333333326,20.0,79.9451290077283,False,True,False,-1752.2834881129938,STOP_HIT,174
2015-12-28 15:00:00+05:30,2015,12,28,15,0,0,BUY,7926.25,7907.812857142857,7986.25,3.0,trend_pullback_buy,STRONG_UPTREND,7926.25,0.1292270259310155,67.48057537600073,36.97346300621715,15.519037430717617,3.302672805339231,0.9755106611041043,0.005076517738203327,0.3716648305031045,0.31640563202024463,0.11884726651696376,0.2558166484743385,0.4746006984230444,1,0,4.37431121057905,0,3.469446951953614e-18,0,4,0.5,57.18407780373029,0.33333333333333326,20.0,77.51741113706362,False,True,False,-1382.7857142857283,STOP_HIT,175
2015-12-29 10:15:00+05:30,2015,12,29,10,15,1,BUY,7933.2,7912.692857142857,7994.721428571428,3.0,trend_pullback_buy,STRONG_UPTREND,7933.2,0.14360985658822678,66.43895360686034,42.647000098163495,17.33249518773755,2.735473479392091,0.815411795122764,0.006102269863226096,0.3332553418870843,0.3751478765871008,0.06641569590009055,0.19370816190584783,0.4343772474837415,1,0,4.37431121057905,0,0.008879845347807674,0,4,0.5,60.588200058898096,0.33333333333333326,20.0,80.92153339223142,False,True,False,-1538.0357142857065,STOP_HIT,176
2016-01-06 14:45:00+05:30,2016,1,6,14,45,2,SELL,7753.6,7781.043571428571,7671.269285714287,3.0,trend_bounce_sell,STRONG_DOWNTREND,7753.6,0.19663676964801502,39.68515675445214,34.25303648478754,-19.404530049752793,-0.16266629844914604,0.24479808681055995,0.01064325488688173,-0.40142070817035247,-0.16288427490744883,-0.05339568410722695,-0.2109510908292811,-0.4672157432954238,0,1,0.0,0,0.0,0,0,0.5,52.178484875363985,0.33333333333333326,20.0,72.51181820869732,False,True,True,6174.80357142847,TARGET_HIT,177
2016-01-06 15:00:00+05:30,2016,1,6,15,0,2,SELL,7738.7,7767.197857142857,7653.206428571428,3.0,trend_bounce_sell,STRONG_DOWNTREND,7738.7,0.20458401097267973,32.86655175333729,37.009618146771736,-20.04343751442684,-0.7214163868108727,0.1122889697901205,0.011421913887961018,-0.5749378488973389,-0.41052171003527205,-0.1964659484169462,-0.36623817917186274,-0.632827106595002,0,1,0.0,1,0.02058267857142823,0,0,0.5,54.41993475617177,0.33333333333333326,20.0,74.7532680895051,False,True,True,6412.017857142905,TARGET_HIT,178
2016-01-11 11:30:00+05:30,2016,1,11,11,30,0,SELL,7555.15,7591.902142857142,7444.893571428572,3.0,trend_bounce_sell,STRONG_DOWNTREND,7555.15,0.2702508506496519,35.10517684341197,42.69357101756138,-31.660682954348886,-0.45082099864734104,0.4163866285750875,0.02307518761233568,-0.6077867747176557,-0.8321793517139131,0.12632346325573973,-0.07950792587043676,-0.5095502362329252,0,1,0.0,0,0.0,2,0,1.0,60.12435259701024,0.33333333333333326,20.0,80.45768593034357,False,True,False,-2756.4107142856983,STOP_HIT,179
2016-01-14 14:00:00+05:30,2016,1,14,14,0,3,BUY,7554.15,7533.701486036666,7615.49554189,3.0,trend_pullback_buy,STRONG_UPTREND,7554.15,0.29175070278305026,66.73749429319425,48.90804436545985,6.886631970143753,9.207618559821459,0.664627094340196,0.020586233100630236,0.31405617156894383,-0.1090923516343989,-0.07994037087394323,0.13508737078411492,0.27142718624084683,1,0,2.4482534272756333,0,0.0,0,1,0.6666666666666666,69.3448266192759,0.33333333333333326,20.0,89.67815995260924,False,True,False,-1533.638547250007,STOP_HIT,180
2016-01-18 13:00:00+05:30,2016,1,18,13,0,0,SELL,7402.6,7438.162857142857,7295.9114285714295,3.0,trend_bounce_sell,STRONG_DOWNTREND,7402.6,0.26689464319486145,39.37533026539251,61.89888193629817,-31.271491564900316,-7.072064025367656,0.18888443296345267,0.008457701714002381,-0.4297502875089898,-0.6595766095212507,-0.13514192029441263,-0.38325124918999753,-0.8513712257382733,0,1,3.8104364321693276,0,0.0,0,2,0.5,75.0,0.33333333333333326,20.0,95.33333333333333,False,True,True,1867.0500000000175,STOP_HIT,181
2016-01-19 09:30:00+05:30,2016,1,19,9,30,1,SELL,7374.6,7413.84,7256.880000000001,3.0,trend_bounce_sell,STRONG_DOWNTREND,7374.6,0.295609253383235,39.36813097166663,30.81614957741556,-36.01791831581795,-5.001283063680187,0.3184850090904886,0.01400883059703558,-0.5280728376327759,-0.7543081695410181,0.013287964424457677,-0.2602242784561337,-0.7883559622878566,0,1,3.8104364321693276,0,0.024628751460850487,0,2,0.5,63.489689746449336,0.33333333333333326,20.0,83.82302307978267,False,True,False,-2942.9999999999836,STOP_HIT,182
2016-01-25 11:00:00+05:30,2016,1,25,11,0,0,BUY,7459.55,7431.572857142857,7543.481428571429,3.0,trend_pullback_buy,STRONG_UPTREND,7459.55,0.20836186020412897,69.71758632601278,42.33697874719601,34.25140109678159,9.162859732528176,0.6719369953464508,0.015547342216371447,0.485619990570485,0.5845311615112925,-0.03897355911529621,0.26311929572921944,0.7949732480185601,1,0,4.766098903449401,0,0.0,0,1,0.5,65.4021872483176,0.33333333333333326,20.0,85.73552058165093,False,True,False,-2098.2857142857256,STOP_HIT,183
2016-01-25 11:15:00+05:30,2016,1,25,11,15,0,BUY,7460.75,7433.550714285714,7542.347857142858,3.0,trend_pullback_buy,STRONG_UPTREND,7460.75,0.2025361295541909,67.4364734072317,42.255045770859475,34.10175356708169,8.111890982545443,0.6632155082136911,0.015234287535451146,0.5160021286771954,0.6971157090604807,-0.01831529253282227,0.25379773796330163,0.7791287538360558,1,0,4.766098903449401,1,0.019569759603380744,0,1,0.5,65.35302746251568,0.33333333333333326,20.0,85.68636079584901,False,True,False,-2039.946428571443,STOP_HIT,184
2016-01-27 12:15:00+05:30,2016,1,27,12,15,2,BUY,7469.8,7442.774285714286,7550.877142857144,3.0,trend_pullback_buy,STRONG_UPTREND,7469.8,0.20099983552820466,68.23744680297546,71.93241987778849,6.091515710648309,0.20409253044933262,1.2181272555784135,0.005719867430448157,0.5654433345001264,0.45251911271291245,0.28245304672882554,0.36942569846807327,0.45172441444847333,1,0,8.44169085137787,0,0.0,0,3,0.375,57.04092530449333,0.33333333333333326,20.0,77.37425863782667,False,True,False,-2026.9285714285843,STOP_HIT,185
2016-01-27 12:45:00+05:30,2016,1,27,12,45,2,BUY,7468.4,7446.298571428571,7534.704285714284,3.0,trend_pullback_buy,STRONG_UPTREND,7468.4,0.16440698715349297,67.68715309661951,74.03201122889307,7.714029418679274,1.5452306940660288,0.9647559568051202,0.007481274276221509,0.42356358159985064,0.43369216597297644,0.16621659924189736,0.28836339463942373,0.39891824285507305,1,0,8.44169085137787,1,0.019663151371663815,0,3,0.375,70.0,0.33333333333333326,20.0,90.33333333333333,False,True,False,-1657.607142857114,STOP_HIT,186
2016-01-28 14:00:00+05:30,2016,1,28,14,0,3,BUY,7461.45,7445.989285714285,7521.45,3.0,trend_pullback_buy,STRONG_UPTREND,7461.45,0.11511550321031228,67.57075001720972,35.366068665938606,2.2629839611417992,0.4057132089973796,1.1127715760006367,0.004680736377320255,0.31122702768104915,0.31864475143692506,0.1890805882670321,0.24539139912795882,0.27604075526919125,1,0,11.714308079161748,0,0.0,0,5,0.3,45.27677328953696,0.33333333333333326,20.0,65.61010662287029,False,True,False,-1159.5535714286143,STOP_HIT,187
2016-01-28 14:15:00+05:30,2016,1,28,14,15,3,BUY,7454.25,7441.43319075463,7514.25,3.0,trend_pullback_buy,STRONG_UPTREND,7454.25,0.1290251486448301,61.80469715698421,36.95308012650994,2.63557576938274,0.7004745155144882,0.8648257703130782,0.004978653771005977,0.30545444759169094,0.1679712433231506,0.07390805643205933,0.1351259356812351,0.17223576314968625,1,0,11.714308079161748,1,0.011665757237193798,0,5,0.3,54.176593231050845,0.33333333333333326,20.0,74.50992656438419,False,True,False,-961.2606934027326,STOP_HIT,188
2016-01-29 11:00:00+05:30,2016,1,29,11,0,4,BUY,7486.95,7446.506600014117,7608.280199957649,3.0,trend_pullback_buy,STRONG_UPTREND,7486.95,0.3014292487976697,56.79957589649991,35.065020441036516,5.278788867047297,2.4069271640173526,1.0545430223882255,0.008571692138190957,0.8710238066367504,0.7203971264831743,0.3594512256226867,0.46082062003254265,0.5431191048136164,1,0,13.598022565387694,0,0.0,0,7,0.1,71.0390122646219,0.33333333333333326,20.0,91.37234559795523,False,True,True,2123.2784992588677,STOP_HIT,189
2016-02-03 15:00:00+05:30,2016,2,3,15,0,2,SELL,7356.1,7388.262142857143,7259.613571428573,3.0,trend_bounce_sell,STRONG_DOWNTREND,7356.1,0.2428985079438441,40.14117831041717,35.94172176004224,-36.809616499377626,-3.1583539051422633,-0.12532804273181897,0.007255015076945946,-0.4492983097181047,-0.47825528144003204,-0.47198294971754207,-0.65072138853558,-1.18688650685157,0,1,11.712119337712023,0,0.0,1,0,0.2,71.56503305602534,0.33333333333333326,20.0,91.89836638935867,False,True,False,-2412.1607142856874,STOP_HIT,190
2016-02-05 15:15:00+05:30,2016,2,5,15,15,4,BUY,7489.1,7458.384285714286,7581.2471428571425,3.0,trend_pullback_buy,STRONG_UPTREND,7489.1,0.22785495873049924,59.753760146740916,39.87309522379741,10.630253028715742,5.95586053973603,1.1254189748145775,0.004555680536912815,0.36653600026803623,0.44663215215001717,0.22177689628124497,0.359731634509064,0.5398022419216941,1,0,13.854608737162769,0,0.0,0,1,0.2,73.92385713427845,0.33333333333333326,20.0,94.25719046761178,False,True,False,-2303.6785714285543,STOP_HIT,191
2016-02-12 13:00:00+05:30,2016,2,12,13,0,4,SELL,6939.9,6989.9,6789.9,3.0,trend_bounce_sell,STRONG_DOWNTREND,6939.9,0.4419063263571132,40.22705056648962,33.88641008765865,-79.32165844628707,-4.760011821198233,0.3863195513830959,0.01638409378018225,-0.4846781478985318,-0.8245684234594819,0.07978412224294296,-0.39272912511907343,-1.5852116227667579,0,1,15.900743926164509,0,0.0,0,2,0.1,65.3318460525952,0.33333333333333326,20.0,85.66517938592852,False,True,False,-3750.0,STOP_HIT,192
2016-02-15 14:15:00+05:30,2016,2,15,14,15,0,BUY,7165.25,7139.407142857142,7242.778571428573,3.0,trend_pullback_buy,STRONG_UPTREND,7165.25,0.20037183429947297,60.29338745032496,69.39698498827191,24.40413108643679,22.96735808457104,0.7043361267390499,0.010129339268615563,0.34099343220042044,1.1155485309474855,0.04303888591550287,0.4561606165728538,0.9355973827407826,1,0,19.231506756500842,0,0.0,0,3,0.1,75.0,0.33333333333333326,20.0,95.33333333333333,False,True,False,-1938.2142857143208,STOP_HIT,193
2016-02-18 14:45:00+05:30,2016,2,18,14,45,3,BUY,7180.5,7143.040714285715,7292.877857142856,3.0,trend_pullback_buy,STRONG_UPTREND,7180.5,0.28982263471505115,54.48486593315487,34.594390029929784,23.44152823639797,3.977154089950094,0.6496299299493207,0.009824325173576213,0.4012975754355441,-0.12726627860882855,0.23428904265778705,0.35819121652649333,0.7280004923730488,1,0,20.953035316523284,0,0.0,0,4,0.1,70.75663401795788,0.33333333333333326,20.0,91.08996735129121,False,True,True,1966.6124999999738,STOP_HIT,194
2016-02-18 15:00:00+05:30,2016,2,18,15,0,3,BUY,7202.45,7163.055714285714,7320.632857142857,3.0,trend_pullback_buy,STRONG_UPTREND,7202.45,0.30386485551047576,59.37254424852906,31.83249969333227,24.650198078629728,4.6672415389636654,0.926635328626656,0.010392202946614004,0.5388164185458955,0.19405995687555855,0.43208815075970186,0.6041576697757511,0.9948866500555598,1,0,20.953035316523284,1,0.03156806766906017,0,4,0.1,69.09949981599937,0.33333333333333326,20.0,89.4328331493327,False,True,,,,195
2016-02-18 15:15:00+05:30,2016,2,18,15,15,3,BUY,7191.75,7151.532857142857,7312.401428571428,3.0,trend_pullback_buy,STRONG_UPTREND,7191.75,0.31067344030113797,57.96920510977484,30.43474126334311,25.227562160389425,4.720145058651024,0.7783614156458322,0.010488026976760921,0.5318925870528624,0.04381938068607205,0.22618057665386715,0.4131924473456783,0.8114479410813891,1,0,20.953035316523284,1,0.03156806766906017,0,4,0.1,68.26084475800587,0.33333333333333326,20.0,88.5941780913392,False,True,,,,196
2016-02-18 15:30:00+05:30,2016,2,18,15,30,3,BUY,7191.75,7151.301428571429,7313.095714285713,3.0,trend_pullback_buy,STRONG_UPTREND,7191.75,0.3124612030650194,57.23046486185125,29.12084434696583,25.668901281041144,4.645335761372468,0.7816226440700559,0.010417478993223714,0.4006673135047212,-0.028496761099838785,0.18086264608792035,0.3754884530480229,0.7793784433788975,1,0,20.953035316523284,1,0.03156806766906017,0,4,0.1,67.4725066081795,0.33333333333333326,20.0,87.80583994151283,False,True,,,,197
2016-02-23 14:15:00+05:30,2016,2,23,14,15,1,SELL,7129.35,7157.481428571429,7044.955714285714,3.0,trend_bounce_sell,STRONG_DOWNTREND,7129.35,0.2192145346850906,33.81133528181198,72.2467379505565,-17.241870361698602,-12.690159995660524,0.27491252727461546,0.013348357563650676,-0.4642169044760336,-1.0128708884661775,-0.0238615996180358,-0.32579157156449323,-0.6357709750395402,0,1,19.20628336541002,0,0.0,1,0,0.2,70.0,0.33333333333333326,20.0,90.33333333333333,False,True,True,6329.571428571489,TARGET_HIT,198
2016-02-23 14:45:00+05:30,2016,2,23,14,45,1,SELL,7125.45,7155.085714285714,7036.542857142857,3.0,trend_bounce_sell,STRONG_DOWNTREND,7125.45,0.23106310077659256,31.461238268095684,67.02074455447634,-18.14570610955434,-11.063851951417307,0.26985145566808244,0.012167721183586703,-0.35380904100968946,-0.8653732443844597,-0.07013599976035678,-0.32471817524067914,-0.6420186250244209,0,1,19.20628336541002,1,0.023194654374858074,1,0,0.2,70.0,0.33333333333333326,20.0,90.33333333333333,False,True,True,6668.035714285679,TARGET_HIT,199
2016-02-25 12:30:00+05:30,2016,2,25,12,30,3,SELL,6993.8,7021.397857142857,6911.00642857143,3.0,trend_bounce_sell,STRONG_DOWNTREND,6993.8,0.21922478276677768,36.042035214693975,31.81774068365616,-35.152290619458654,-1.0281969900785697,0.19982018341394106,0.009907828882559406,-0.36257434911136643,-1.0336995974161045,-0.11111031205874866,-0.34048174173608725,-0.8654028780491596,0,1,7.661764230811957,0,0.0,3,0,0.4,59.372614310979394,0.33333333333333326,20.0,79.70594764431273,False,True,False,-2069.8392857142608,STOP_HIT,200
2016-03-09 10:45:00+05:30,2016,3,9,10,45,2,SELL,7442.85,7470.936254488156,7358.591236535533,3.0,trend_bounce_sell,STRONG_DOWNTREND,7442.85,0.24280253627882473,48.54071512034159,37.25079364448343,-5.522276532982687,-7.488474353932777,0.2526051702164479,0.010289707576973162,-0.30539872616582864,-0.6633255700662644,-0.11298044864014312,-0.26163315150680155,-0.37594022397504645,0,1,9.50020256617915,0,0.0,0,1,0.4,72.35047618669006,0.33333333333333326,20.0,92.68380952002339,False,True,False,-2106.4690866116734,STOP_HIT,201
2016-03-09 11:00:00+05:30,2016,3,9,11,0,2,SELL,7435.55,7466.535714285715,7342.592857142857,3.0,trend_bounce_sell,STRONG_DOWNTREND,7435.55,0.23151328031262847,42.50325328984778,32.24118821588544,-6.494149023235877,-7.614312159767371,0.18197246798904645,0.009818243928743323,-0.6015600457185633,-0.8017983763916381,-0.1688315060862311,-0.326886136163973,-0.45516215563309315,0,1,9.50020256617915,1,0.020673781631594168,0,1,0.4,69.34471292953125,0.33333333333333326,20.0,89.67804626286458,False,True,False,-2323.928571428587,STOP_HIT,202
2016-03-10 09:30:00+05:30,2016,3,10,9,30,3,BUY,7511.4,7483.836447566257,7594.090657301226,3.0,trend_pullback_buy,STRONG_UPTREND,7511.4,0.20773186661037285,63.86245949743808,60.42639998810687,10.56638876188299,7.77998772000635,0.6819396789674018,0.016353266623206124,0.4775472531000524,1.0200993874023956,-0.035850834734152404,0.19363712942810363,0.3683077874143903,1,0,13.435296924315063,0,0.0,0,3,0.3,75.0,0.33333333333333326,20.0,95.33333333333333,False,True,False,-2067.266432530664,STOP_HIT,203
2016-03-11 11:00:00+05:30,2016,3,11,11,0,4,BUY,7520.6,7494.0459373834365,7600.262187849692,3.0,trend_pullback_buy,STRONG_UPTREND,7520.6,0.21707044650692608,60.606622950045505,42.08049170071041,11.35580797923285,5.955230347654158,0.6910653525071317,0.013960912793288335,0.5138897242102924,0.8265238404869368,-0.028000138429029597,0.1733644138017354,0.35433546629466406,1,0,15.271450042681769,0,0.0,0,4,0.3,70.24829502042624,0.33333333333333326,20.0,90.58162835375957,False,True,False,-1991.5546962422923,STOP_HIT,204
2016-03-11 11:15:00+05:30,2016,3,11,11,15,4,BUY,7519.6,7495.048057486047,7593.255827541861,3.0,trend_pullback_buy,STRONG_UPTREND,7519.6,0.20864521669085534,63.80915334978084,44.32508003987588,11.535594258116362,5.521514963883902,0.662838727633119,0.013000240180581312,0.44682513708649285,0.8374513051232713,-0.03303730981669695,0.14547388012380313,0.3275755182040596,1,0,15.271450042681769,1,0.020877327607336304,0,4,0.3,71.59504802392553,0.33333333333333326,20.0,91.92838135725886,False,True,False,-1841.3956885465268,STOP_HIT,205
2016-03-14 11:30:00+05:30,2016,3,14,11,30,0,BUY,7545.9,7518.475714285714,7628.172857142856,3.0,trend_pullback_buy,STRONG_UPTREND,7545.9,0.2019071851696184,69.81771751282488,46.73813681866041,16.646401070209322,4.827238014972012,0.6141150986156652,0.015571601030022808,0.4753535192138614,0.449272179069915,-0.05624114508189226,0.11617975348217069,0.3673976323029793,1,0,18.6758896885959,0,0.0,0,6,0.3,68.04288209119625,0.33333333333333326,20.0,88.37621542452958,False,True,False,-2056.821428571402,STOP_HIT,206
2016-03-15 10:45:00+05:30,2016,3,15,10,45,1,SELL,7502.4,7521.333485982872,7442.4,3.0,trend_bounce_sell,STRONG_DOWNTREND,7502.4,0.2185015080888419,33.382693216039016,33.649558266463444,1.486322491460669,-6.46169061131845,0.13816206771944997,0.008265405587595073,-0.37182619781154225,-0.40158509953336363,-0.10766981123208064,-0.24633830188627304,-0.2517304413925725,0,1,20.50276551870921,0,0.0,0,7,0.3,60.189734959878066,0.33333333333333326,20.0,80.5230682932114,False,True,True,4500.0,TARGET_HIT,207
2016-03-15 11:00:00+05:30,2016,3,15,11,0,1,SELL,7499.45,7520.4753100619755,7436.374069814073,3.0,trend_bounce_sell,STRONG_DOWNTREND,7499.45,0.21668255672082792,30.85643190683838,35.01343285898722,0.5218016688741045,-6.683590290514513,0.13644074223078873,0.008790836101810773,-0.556922077319344,-0.37461890497033634,-0.1175931404843289,-0.2596694020664536,-0.27957421831895646,0,1,20.50276551870921,1,0.0158654453257205,0,7,0.3,61.008059715392335,0.33333333333333326,20.0,81.34139304872568,False,True,True,4730.69476394453,TARGET_HIT,208
2016-03-16 11:00:00+05:30,2016,3,16,11,0,2,SELL,7435.65,7458.927857142857,7365.816428571428,3.0,trend_bounce_sell,STRONG_DOWNTREND,7435.65,0.17392081199549295,33.332703565653816,66.52341296443385,-20.23739868145458,-6.427376974701875,0.18256729965862922,0.008486529081630771,-0.31103990561548445,-0.6818758598581498,-0.07668170253370965,-0.28162188955325185,-0.5937894462961335,0,1,12.304030847262098,0,0.0,2,0,0.3,70.0,0.33333333333333326,20.0,90.33333333333333,False,True,True,1222.0874999999978,STOP_HIT,209
2016-03-16 12:45:00+05:30,2016,3,16,12,45,2,SELL,7416.0,7437.387857142857,7351.83642857143,3.0,trend_bounce_sell,STRONG_DOWNTREND,7416.0,0.16022306981044618,31.110601697749672,70.2983793055413,-24.569657927945627,-5.813408736905828,0.23235754299596137,0.010500254345305276,-0.3078412130825714,-0.620452139420824,-0.06015929100207096,-0.27718714952009726,-0.6480151619823404,0,1,12.304030847262098,1,0.01768223148461254,2,0,0.3,70.0,0.33333333333333326,20.0,90.33333333333333,False,True,False,-1604.089285714258,STOP_HIT,210
2016-03-29 09:30:00+05:30,2016,3,29,9,30,1,SELL,7637.65,7673.000714285714,7531.597857142857,3.0,trend_bounce_sell,STRONG_DOWNTREND,7637.65,0.25713780697316363,37.990352682880705,68.17951910214762,-21.60167193963207,-8.88457731351894,0.3947163596573628,0.015789191912929858,-0.37371352542948655,-0.6116088566167632,0.12007136012672781,-0.12847886534037567,-0.46134884631204853,0,1,12.643326140323213,0,0.0,0,1,0.3,75.0,0.33333333333333326,20.0,95.33333333333333,False,True,True,1855.9124999999995,STOP_HIT,211
2016-03-29 10:00:00+05:30,2016,3,29,10,0,1,SELL,7614.7,7653.232857142857,7499.101428571428,3.0,trend_bounce_sell,STRONG_DOWNTREND,7614.7,0.2811291693322509,30.700512410406347,66.5667908384777,-22.408238140169487,-7.907257722939276,0.24777044075744023,0.015427968787003267,-0.3989431277141242,-0.8373486131006636,-0.14469211314417363,-0.3693296105102495,-0.709117133104975,0,1,12.643326140323213,1,0.02695726381657647,0,1,0.3,70.0,0.33333333333333326,20.0,90.33333333333333,False,True,,,,212
2016-03-29 12:00:00+05:30,2016,3,29,12,0,1,SELL,7603.35,7637.138571428572,7501.984285714287,3.0,trend_bounce_sell,STRONG_DOWNTREND,7603.35,0.2468836574855625,44.60704497601678,42.852854345611824,-26.407186252272368,-5.58271516155402,0.3285731511964284,0.008629898162660727,-0.449091016215708,-0.8211262277761033,-0.034270868935126764,-0.23145582083210492,-0.6183839783778788,0,1,12.643326140323213,1,0.02695726381657647,0,1,0.3,75.71171260736709,0.33333333333333326,20.0,96.04504594070042,False,True,,,,213
2016-03-31 11:30:00+05:30,2016,3,31,11,30,3,BUY,7759.85,7735.845714285714,7831.862857142859,3.0,trend_pullback_buy,STRONG_UPTREND,7759.85,0.17185531016339753,67.36521232446265,90.21977793579471,29.648251478292877,8.966879708756668,0.7033544173431807,0.011412630773875998,0.3186730789120018,0.7275630208468664,0.010391131241482832,0.26986228276626445,0.715203914296425,1,0,10.994898307961453,0,0.0,1,0,0.4,70.0,0.33333333333333326,20.0,90.33333333333333,False,True,False,-1800.3214285714648,STOP_HIT,214
2016-04-04 10:30:00+05:30,2016,4,4,10,30,0,BUY,7723.25,7716.426106860768,7783.25,3.0,trend_pullback_buy,STRONG_UPTREND,7723.25,0.232415110219142,68.4775165487329,34.459961082602725,2.698315955181897,1.8774719483122075,0.6550013678120232,0.012338528738888825,0.3084615884148212,0.08163847115765233,-0.06071742947528769,0.04972819202733181,0.08843333746388904,1,0,12.593949960479812,0,0.0,0,1,0.4,60.67597664956163,0.33333333333333326,20.0,81.00930998289496,False,True,True,358.25438980964464,STOP_HIT,215
2016-04-04 10:45:00+05:30,2016,4,4,10,45,0,BUY,7728.75,7716.909396787797,7788.75,3.0,trend_pullback_buy,STRONG_UPTREND,7728.75,0.22462512418844147,65.99587609525477,34.82248265243367,2.999781070957397,1.9610433576789363,0.6974286495391739,0.012551652322093628,0.466014116913005,0.2952245003893017,0.008362125193772663,0.10996713204189934,0.1534371158631309,1,0,12.593949960479812,1,0.005200731440458186,0,1,0.4,60.8934895914602,0.33333333333333326,20.0,81.22682292479354,False,True,False,-888.0452409152213,STOP_HIT,216
2016-04-06 09:30:00+05:30,2016,4,6,9,30,2,SELL,7615.85,7650.313571428572,7512.459285714286,3.0,trend_bounce_sell,STRONG_DOWNTREND,7615.85,0.2514023854386381,35.26781097624054,57.71209431124341,-27.657167130809285,-10.091588840044814,0.27832913101009116,0.01240206076315646,-0.3519675509469744,-1.1544751323850022,-0.037744936742722945,-0.3309722699607942,-0.7500676780455073,0,1,13.064512007070395,0,0.0,0,1,0.5,75.0,0.33333333333333326,20.0,95.33333333333333,False,True,True,1809.3374999999924,STOP_HIT,217
2016-04-06 10:45:00+05:30,2016,4,6,10,45,2,SELL,7611.75,7646.605714285714,7507.182857142857,3.0,trend_bounce_sell,STRONG_DOWNTREND,7611.75,0.25439991742090423,44.29987544222167,34.242619602154235,-28.032653989223945,-6.216386419186012,0.29618964954001736,0.007732663457145463,-0.40561316280134374,-0.5519989547948745,-0.05717022489926116,-0.2563539446101659,-0.6673617387975561,0,1,13.064512007070395,1,0.02640808382516074,0,1,0.5,70.54557176129254,0.33333333333333326,20.0,90.87890509462586,False,True,,,,218
2016-04-07 10:45:00+05:30,2016,4,7,10,45,3,SELL,7576.35,7611.0771428571425,7472.168571428574,3.0,trend_bounce_sell,STRONG_DOWNTREND,7576.35,0.2546458009840751,42.97759615137327,41.738178106055436,-25.598779673059653,-2.474269743786955,0.27852833335246235,0.013022951314485205,-0.5356334061952239,-0.614571308636791,-0.011335632263176354,-0.22596076057854741,-0.5854839241339449,0,1,13.064512007070395,0,0.02640808382516074,0,1,0.5,75.04290686363326,0.33333333333333326,20.0,95.37624019696659,False,True,,,,219
2016-04-07 11:00:00+05:30,2016,4,7,11,0,3,SELL,7567.2,7601.3099999999995,7464.870000000001,3.0,trend_bounce_sell,STRONG_DOWNTREND,7567.2,0.2504228776826288,37.81589252829876,42.86267334907537,-25.869499346154043,-2.4704904751932126,0.2171047299365189,0.013325892584990714,-0.5258176464402187,-0.6381470101630815,-0.10570192318185567,-0.3150614344929914,-0.6780664736720232,0,1,13.064512007070395,0,0.02640808382516074,0,1,0.5,70.71760400944522,0.33333333333333326,20.0,91.05093734277855,False,True,,,,220
2016-04-07 11:15:00+05:30,2016,4,7,11,15,3,SELL,7573.55,7606.734285714286,7473.997142857143,3.0,trend_bounce_sell,STRONG_DOWNTREND,7573.55,0.24342236184766958,35.718857492082265,44.38301214331941,-25.783160424953167,-2.145736398593101,0.3010570856107638,0.013270424790303407,-0.5358303729143032,-0.5874013887612772,-0.01750143178234076,-0.21041792774225687,-0.571531596682473,0,1,13.064512007070395,0,0.02640808382516074,0,1,0.5,71.62980728599165,0.33333333333333326,20.0,91.96314061932497,False,True,,,,221
2016-04-08 09:30:00+05:30,2016,4,8,9,30,4,SELL,7537.35,7565.237142857143,7453.688571428572,3.0,trend_bounce_sell,STRONG_DOWNTREND,7537.35,0.2055478005248155,35.173675525044516,37.26439153040691,-23.478077693858722,-1.487690057098213,0.09266532965601458,0.010419002109590134,-0.5862723891424171,-0.39446558832857415,-0.17183703999755773,-0.361406658598884,-0.6869945697104529,0,1,11.457452249061422,0,0.0,1,0,0.6,67.23553548922628,0.33333333333333326,20.0,87.56886882255961,False,True,False,-2091.5357142857147,STOP_HIT,222
2016-04-08 09:45:00+05:30,2016,4,8,9,45,4,SELL,7549.9,7577.645714285714,7466.6628571428555,3.0,trend_bounce_sell,STRONG_DOWNTREND,7549.9,0.2041654288703929,34.17271156606061,40.956173269196206,-23.34551413466943,-1.2196138481180263,0.2719573382916451,0.01065681427580692,-0.45881841074795204,-0.3122709957681713,-0.004495260986014937,-0.17776275121111906,-0.5012805975094903,0,1,11.457452249061422,1,0.02098097722105953,1,0,0.6,61.769842442697986,0.33333333333333326,20.0,82.10317577603132,False,True,False,-2080.9285714286034,STOP_HIT,223
2016-04-18 14:00:00+05:30,2016,4,18,14,0,0,BUY,7905.8,7885.421428571429,7966.935714285714,3.0,trend_pullback_buy,STRONG_UPTREND,7905.8,0.14320408524663628,57.96834526938171,65.0115852528504,17.172928334730386,1.918616155595581,0.8787785969909134,0.006746060444036092,0.32995761313738825,0.7050551242285596,0.12349720285740329,0.2623059848007703,0.49338798301126197,1,0,15.163449303398249,0,0.0,0,2,0.5,75.0,0.33333333333333326,20.0,95.33333333333333,False,True,True,1069.8750000000246,STOP_HIT,224
2016-04-18 14:30:00+05:30,2016,4,18,14,30,0,BUY,7903.35,7882.444285714287,7966.067142857141,3.0,trend_pullback_buy,STRONG_UPTREND,7903.35,0.14695395894507532,56.819847262839424,53.99417131843616,17.292057178177856,1.6651714141462577,0.8160065622298933,0.0055160491574328735,0.33642890241658563,0.5233903996336942,0.07182992399183963,0.1975874625910201,0.4295550536513426,1,0,15.163449303398249,1,0.01600163790071641,0,2,0.5,75.0,0.33333333333333326,20.0,95.33333333333333,False,True,True,1097.5499999999329,STOP_HIT,225
2016-04-21 10:15:00+05:30,2016,4,21,10,15,3,BUY,7956.15,7926.012857142857,8046.561428571428,3.0,trend_pullback_buy,STRONG_UPTREND,7956.15,0.21043918406336046,69.92875567534836,30.001949716389955,12.084585778685323,4.958917296892931,0.8208272089314095,0.013862254070787743,0.6629764352364287,0.7107594936708761,0.11757427999110615,0.33073058187012006,0.5051830169348515,1,0,13.238335002720488,0,0.0,2,0,0.5,58.00116982983397,0.33333333333333326,20.0,78.33450316316731,False,True,False,-2260.2857142857147,STOP_HIT,226
2016-04-21 10:30:00+05:30,2016,4,21,10,30,3,BUY,7940.9,7917.129148434557,8012.212554696329,3.0,trend_pullback_buy,STRONG_UPTREND,7940.9,0.22127754500659252,59.50880518998263,29.52100615568843,12.188254328810217,4.556327262316041,0.6634504470531393,0.013719606992789877,0.3862028860922573,0.5597274810996922,-0.05947020304386541,0.1258214669363822,0.30024584820804723,1,0,13.238335002720488,1,0.02313917678833276,2,0,0.5,67.71260369341306,0.33333333333333326,20.0,88.04593702674639,False,True,False,-1782.813867408231,STOP_HIT,227
2016-04-22 09:30:00+05:30,2016,4,22,9,30,4,SELL,7893.8,7920.932451653411,7812.402645039769,3.0,trend_bounce_sell,STRONG_DOWNTREND,7893.8,0.21486121114943804,35.548054538933044,52.947623743986874,0.8884591852165613,-6.017281519206629,0.05746478704516587,0.009227089772138273,-0.5505511811023545,-0.5799857679930964,-0.19243626078406795,-0.3307824351636346,-0.3425411316030913,0,1,16.82942988433504,0,0.0,0,2,0.4,75.0,0.33333333333333326,20.0,95.33333333333333,False,True,True,1424.4537118040853,STOP_HIT,228
2016-04-22 09:45:00+05:30,2016,4,22,9,45,4,SELL,7893.4,7919.8527476670015,7814.041756998994,3.0,trend_bounce_sell,STRONG_DOWNTREND,7893.4,0.21758684470570416,36.18144978887506,50.43849963071795,-0.25690973103792203,-6.446385391915001,0.10518965078804622,0.009652157226008944,-0.5944135203888923,-0.6469640519585207,-0.15805745273123062,-0.3053959122920169,-0.33400554921673153,0,1,16.82942988433504,1,0.021731668145931363,0,2,0.4,75.0,0.33333333333333326,20.0,95.33333333333333,False,True,False,-1983.9560750251394,STOP_HIT,229
2016-04-22 14:30:00+05:30,2016,4,22,14,30,4,SELL,7887.45,7907.500714285714,7827.2978571428575,3.0,trend_bounce_sell,STRONG_DOWNTREND,7887.45,0.14122797246620356,41.001078607920434,29.483209007260633,-3.8499359798861406,-2.5361642673098066,-0.027866103203303037,0.004681548566485594,-0.39400655414748575,-0.08044287922167603,-0.1982038028993438,-0.26195079352193673,-0.3248951260491517,0,1,18.591586458125363,2,0.021731668145931363,0,3,0.4,62.68992540435638,0.33333333333333326,20.0,83.02325873768972,False,True,True,4511.410714285671,TARGET_HIT,230
2016-04-29 09:30:00+05:30,2016,4,29,9,30,4,SELL,7869.85,7904.442142857143,7766.073571428572,3.0,trend_bounce_sell,STRONG_DOWNTREND,7869.85,0.24419597759623235,41.280522358018956,65.43893522704393,-21.198982290169624,-14.589763876792796,0.3547635316457663,0.01560123090995026,-0.3538960216769249,-0.7729017859957166,0.10746166819910474,-0.22656300554558806,-0.5660756630528785,0,1,13.31933136576923,0,3.469446951953614e-18,2,0,0.5,80.0,0.33333333333333326,20.0,100.33333333333333,False,True,True,1816.0875000000033,STOP_HIT,231
2016-04-29 09:45:00+05:30,2016,4,29,9,45,4,SELL,7876.4,7911.114285714285,7772.257142857144,3.0,trend_bounce_sell,STRONG_DOWNTREND,7876.4,0.2448544295073166,38.03362640680521,63.69042191122924,-21.130788591184682,-13.069413160027068,0.42502395092124096,0.014961053681513748,-0.33090584684690727,-0.6251616525463799,0.1525658987731493,-0.13049206179566175,-0.46445216257126054,0,1,13.31933136576923,1,0.02658452581542625,2,0,0.5,75.0,0.33333333333333326,20.0,95.33333333333333,False,True,,,,232
2016-04-29 12:00:00+05:30,2016,4,29,12,0,4,SELL,7838.15,7874.2528571428575,7729.841428571426,3.0,trend_bounce_sell,STRONG_DOWNTREND,7838.15,0.25589128630025026,47.675245905921784,42.49379741585476,-24.016617184423012,-6.876335725037393,0.17640420967165138,0.00871709503726707,-0.40280310298164146,-0.7552736205019173,-0.19383990294175035,-0.3768307802136883,-0.726734561797926,0,1,13.31933136576923,1,0.02658452581542625,2,0,0.5,75.49627844951286,0.33333333333333326,20.0,95.82961178284619,False,True,,,,233
2016-04-29 12:15:00+05:30,2016,4,29,12,15,4,SELL,7841.4,7876.512857142857,7736.061428571428,3.0,trend_bounce_sell,STRONG_DOWNTREND,7841.4,0.24877117424366837,47.75552851753014,38.29792208862103,-24.389615637829593,-6.524400760599576,0.2253750696940653,0.007352403496968028,-0.4443654461429025,-0.7738008617471648,-0.12200232857290105,-0.30511412349356615,-0.6588639873822189,0,1,13.31933136576923,1,0.02658452581542625,2,0,0.5,72.97875325317261,0.33333333333333326,20.0,93.31208658650594,False,True,,,,234
2016-04-29 12:30:00+05:30,2016,4,29,12,30,4,SELL,7840.85,7877.120000000001,7732.039999999999,3.0,trend_bounce_sell,STRONG_DOWNTREND,7840.85,0.25698744396334694,47.554877182367896,33.70924545688598,-24.673621056134834,-6.127565561014336,0.23656259178051964,0.006930926566647775,-0.3038875997329771,-0.5258617408624322,-0.10323289560426607,-0.2838139604531609,-0.6398878572980604,0,1,13.31933136576923,1,0.02658452581542625,2,0,0.5,70.22554727413159,0.33333333333333326,20.0,90.55888060746491,False,True,,,,235
2016-04-29 12:45:00+05:30,2016,4,29,12,45,4,SELL,7809.8,7846.8607142857145,7698.617857142857,3.0,trend_bounce_sell,STRONG_DOWNTREND,7809.8,0.26363396904255987,44.76761830517335,29.212215353138824,-26.09423663862708,-6.793363029155923,-0.14518091698945773,0.008344830399909204,-0.6412050583954554,-0.7920326721416626,-0.3994601828105737,-0.6173745826346,-0.9932355647452207,0,1,13.31933136576923,1,0.02658452581542625,2,0,0.5,67.5273292118833,0.33333333333333326,20.0,87.86066254521663,False,True,,,,236
2016-05-03 10:45:00+05:30,2016,5,3,10,45,1,BUY,7850.3,7836.349713959879,7910.3,3.0,trend_pullback_buy,STRONG_UPTREND,7850.3,0.23252068619761673,62.30995463835295,42.69907145231036,-3.0319641285195758,11.422342729042171,0.6758309413258843,0.01635641396207147,0.6300353153060767,0.4484821342887413,-0.026190964841132924,0.17279287769251805,0.17802020774122518,1,0,11.706276234665639,0,3.469446951953614e-18,3,0,0.5,70.61944287138621,0.33333333333333326,20.0,90.95277620471954,False,True,False,-1046.271453009058,STOP_HIT,237
2016-05-03 11:00:00+05:30,2016,5,3,11,0,1,BUY,7846.4,7836.743842824198,7906.4,3.0,trend_pullback_buy,STRONG_UPTREND,7846.4,0.23081558785830827,62.12164559903362,43.74905478438039,-2.442168803442655,10.810924248707183,0.6295808573971747,0.016193284719435187,0.5400903353941722,0.5594181538560061,-0.06069527506938899,0.11183058775023902,0.12321644511379404,1,0,11.706276234665639,1,0.010525118260611217,3,0,0.5,71.24943287062824,0.33333333333333326,20.0,91.58276620396157,False,True,False,-724.2117881851527,STOP_HIT,238
2016-05-12 10:30:00+05:30,2016,5,12,10,30,3,BUY,7889.1,7861.958571428572,7970.524285714285,3.0,trend_pullback_buy,STRONG_UPTREND,7889.1,0.19113170613341685,68.18456769988703,40.78344045798742,10.590608782727031,0.851842783673673,0.7755594816070621,0.013156318725643589,0.5243407514064158,0.14026313618218378,0.08107434894903953,0.21904196959274813,0.35791507266522693,1,0,13.278825507066466,0,3.469446951953614e-18,0,2,0.5,57.98849211152918,0.33333333333333326,20.0,78.32182544486253,False,True,False,-2035.6071428571113,STOP_HIT,239
2016-05-12 10:45:00+05:30,2016,5,12,10,45,3,BUY,7888.4,7862.197142857142,7967.0085714285715,3.0,trend_pullback_buy,STRONG_UPTREND,7888.4,0.18453859917274568,65.85784080018489,41.92765549746374,10.922643141363551,1.0654894280791734,0.7463113445583672,0.013508458375662618,0.670635604305847,0.4168973923227126,0.05774698459497518,0.19100853786317984,0.33527774553920864,1,0,13.278825507066466,1,0.020848809296351932,0,2,0.5,60.81148757926998,0.33333333333333326,20.0,81.14482091260331,False,True,False,-1965.2142857142962,STOP_HIT,240
2016-05-16 10:45:00+05:30,2016,5,16,10,45,0,SELL,7784.25,7812.098571428572,7700.704285714285,3.0,trend_bounce_sell,STRONG_DOWNTREND,7784.25,0.19875297647722937,40.097057668141936,43.35093339063102,-16.186508444242463,-2.937739378316932,-0.0856519353113865,0.004790897783641151,-0.42978568276444973,-0.2786318216756345,-0.24046311429986034,-0.3539940717925294,-0.5851770399090461,0,1,16.832368788426137,0,6.938893903907228e-18,0,4,0.3,76.01056003437861,0.33333333333333326,20.0,96.34389336771194,False,True,False,-2088.6428571428723,STOP_HIT,241
2016-05-16 11:00:00+05:30,2016,5,16,11,0,0,SELL,7776.8,7805.8378571428575,7689.686428571428,3.0,trend_bounce_sell,STRONG_DOWNTREND,7776.8,0.20743934339500755,32.049404889731136,41.19560843785429,-17.111238925300313,-3.4762228734373046,-0.12557651509428383,0.005796496249235207,-0.5695947630524167,-0.2693067275385319,-0.2689319291984904,-0.40867726808827554,-0.6538181616385863,0,1,16.832368788426137,1,0.022306030661444293,0,4,0.3,64.71736506271257,0.33333333333333326,20.0,85.0506983960459,False,True,False,-2177.839285714299,STOP_HIT,242
2016-05-17 14:00:00+05:30,2016,5,17,14,0,1,BUY,7939.4,7920.757142857142,7999.4,3.0,trend_pullback_buy,STRONG_UPTREND,7939.4,0.13045246312244063,69.72470492907769,42.782175918759215,26.27639860551244,8.930042872629986,0.989817946934571,0.006268421916086788,0.40912856248536134,1.0005406608784018,0.19360941967063727,0.4209735831430583,0.8113012917521534,1,0,20.62187282515211,0,6.938893903907228e-18,0,6,0.3,60.669305551255526,0.33333333333333326,20.0,81.00263888458886,False,True,False,-1398.2142857143344,STOP_HIT,243
2016-05-19 11:00:00+05:30,2016,5,19,11,0,3,SELL,7843.1,7852.657000046481,7783.1,3.0,trend_bounce_sell,STRONG_DOWNTREND,7843.1,0.1750856530854244,47.75839169399174,30.79323839022195,-4.959963703340691,-1.432238474410378,0.3695250266472507,0.006058790706344231,-0.3088695121641116,0.07081294537196747,-0.012494968950438334,-0.04753324983942653,-0.1217040301954353,0,1,21.863771537606127,0,6.938893903907228e-18,0,7,0.3,67.79832777823694,0.33333333333333326,20.0,88.13166111157027,False,True,True,4500.0,TARGET_HIT,244
2016-05-20 09:30:00+05:30,2016,5,20,9,30,4,SELL,7803.95,7829.5228302400665,7727.2315092798,3.0,trend_bounce_sell,STRONG_DOWNTREND,7803.95,0.22644210395285141,38.43974327973598,42.65892245234686,-15.994091603738525,-5.64473757111039,0.3797284304557422,0.01221845521776458,-0.37595424719789605,-0.499164871033142,0.09411009463144993,-0.09004394198344201,-0.3266205462904681,0,1,21.863771537606127,0,0.008147846690516963,0,7,0.3,70.59535347140812,0.33333333333333326,20.0,90.92868680474145,False,True,True,1342.5735876035333,STOP_HIT,245
2016-05-23 09:30:00+05:30,2016,5,23,9,30,0,SELL,7766.5,7797.712838117004,7672.861485648988,3.0,trend_bounce_sell,STRONG_DOWNTREND,7766.5,0.24854917180932848,36.15231576914636,28.133694679610468,-17.72139473565494,-1.9525166194794643,0.3031324472552443,0.010480506456318437,-0.40203389395795375,-0.34388513210065197,-0.02142801711917386,-0.15519309215493715,-0.4002819642758393,0,1,17.866856141202526,0,0.021802186797667066,1,0,0.3,61.88021680776628,0.33333333333333326,20.0,82.21355014109962,False,True,True,1638.6740011427037,STOP_HIT,246
2016-06-09 10:30:00+05:30,2016,6,9,10,30,3,SELL,8235.6,8255.76253306716,8175.112400798522,3.0,trend_bounce_sell,STRONG_DOWNTREND,8235.6,0.14961178992943683,30.26615397160971,33.28843908651244,1.3363903995741566,-6.5708363385346855,0.14580543073684948,0.008595613199183973,-0.40692928621095525,-0.46049530439827846,-0.10378509336208541,-0.2366681376532509,-0.2442237526382507,0,1,15.21890183276898,0,6.938893903907228e-18,3,0,0.3,54.973063451907464,0.33333333333333326,20.0,75.30639678524079,False,True,True,1058.5329860258753,STOP_HIT,247
2016-06-09 14:15:00+05:30,2016,6,9,14,15,3,SELL,8200.8,8218.98,8140.799999999999,3.0,trend_bounce_sell,STRONG_DOWNTREND,8200.8,0.12315871622280881,32.01468233417788,52.53643268260404,-10.937794689512884,-7.043720557609711,0.0866436257235305,0.006316338638593181,-0.3160402586667943,-0.6896551724138056,-0.12874156882828336,-0.2877363920328002,-0.45501164803374294,0,1,15.21890183276898,1,0.015842355703639413,3,0,0.3,65.0,0.33333333333333326,20.0,85.33333333333333,False,True,False,-1363.5000000000218,STOP_HIT,248
2016-06-10 13:45:00+05:30,2016,6,10,13,45,4,SELL,8185.9,8218.910714285714,8086.867857142857,3.0,trend_bounce_sell,STRONG_DOWNTREND,8185.9,0.22403505679626895,44.45361786698132,28.335640012213705,-10.294000651590977,-1.9968480896005634,0.257501357111046,0.013269054522615089,-0.7216144759502274,-0.2157589351016731,-0.15472902209673345,-0.2872616714943321,-0.4258422655685212,0,1,15.489774578001972,0,6.938893903907228e-18,0,1,0.4,67.00138400732823,0.33333333333333326,20.0,87.33471734066156,False,True,True,7427.410714285679,TARGET_HIT,249
2016-06-17 11:00:00+05:30,2016,6,17,11,0,4,BUY,8170.45,8141.315714285714,8257.852857142856,3.0,trend_pullback_buy,STRONG_UPTREND,8170.45,0.19810064666834973,69.3720178623278,45.17247810571886,8.842269081034829,6.623530003339987,0.7479398183410547,0.01292517866605074,0.37777805078811344,0.8753572729349068,0.06399976313773426,0.2450908258666784,0.3835244842876673,1,0,8.89272296925941,0,6.938893903907228e-18,1,0,0.5,67.10348686343131,0.33333333333333326,20.0,87.43682019676464,False,True,False,-2185.071428571405,STOP_HIT,250
2016-06-17 11:30:00+05:30,2016,6,17,11,30,4,BUY,8167.0,8141.176909303234,8244.469272090297,3.0,trend_pullback_buy,STRONG_UPTREND,8167.0,0.17868075355524704,67.29500506836123,47.48622156727905,9.475348920506804,5.913126027797846,0.6800081129359262,0.011473297508069262,0.32245186254338254,0.7096658836295955,0.023912457053332226,0.17269138649089744,0.3171911258586846,1,0,8.89272296925941,1,0.021302227244218614,1,0,0.5,68.49173294036743,0.33333333333333326,20.0,88.82506627370076,False,True,True,1355.71226158022,STOP_HIT,251
2016-06-20 13:45:00+05:30,2016,6,20,13,45,0,BUY,8220.2,8201.807857142858,8280.2,3.0,trend_pullback_buy,STRONG_UPTREND,8220.2,0.12430180704675099,65.56093438313724,28.706572721287845,17.930753075601388,4.3557146852294455,0.8073308194952598,0.00996479943681397,0.43496322361509243,0.6119801228856137,0.1066512662038166,0.27329958333990323,0.5199595704598714,1,0,10.833510888170226,0,0.018881168104315078,0,1,0.5,52.2239436327727,0.33333333333333326,20.0,72.55727696610603,False,True,True,965.5874999999924,STOP_HIT,252
2016-06-22 14:15:00+05:30,2016,6,22,14,15,2,SELL,8183.75,8205.382142857143,8118.853571428572,3.0,trend_bounce_sell,STRONG_DOWNTREND,8183.75,0.1468502476597803,31.8682467681257,46.50171082858459,-2.1083902395894256,-6.885983796199188,0.16142366526094,0.008987939580287815,-0.3518961601919002,-0.3670607141552651,-0.09009543353550864,-0.2326191190890503,-0.2867738736205383,0,1,8.77172449778623,0,3.469446951953614e-18,2,0,0.7,62.90102649715075,0.33333333333333326,20.0,83.2343598304841,False,True,False,-1622.4107142857065,STOP_HIT,253
2016-06-30 13:15:00+05:30,2016,6,30,13,15,3,BUY,8282.3,8263.027142857143,8342.3,3.0,trend_pullback_buy,STRONG_UPTREND,8282.3,0.12927740913927668,56.626309676806336,55.082449102131484,33.70292603933558,2.7762467100828765,0.8085257061165703,0.011286333375263746,0.31005123112137767,0.9273476152177551,0.2613102800963496,0.43903692328639554,0.8834651550797323,1,0,10.212755245168168,0,3.469446951953614e-18,0,1,0.7,75.0,0.33333333333333326,20.0,95.33333333333333,False,True,True,1011.8249999999989,STOP_HIT,254
2016-06-30 14:45:00+05:30,2016,6,30,14,45,3,BUY,8305.1,8283.615714285716,8369.552857142855,3.0,trend_pullback_buy,STRONG_UPTREND,8305.1,0.14371547947302166,69.01384328378867,30.10429814376591,37.397745007825506,3.93178600876319,0.9149881956455406,0.009432465156246201,0.5606141328038161,0.43110484977839647,0.18738654735530602,0.4336825563197255,0.9272010555850363,1,0,9.314048818286821,1,3.469446951953614e-18,1,0,0.7,53.062578886259544,0.33333333333333326,20.0,73.39591221959287,False,True,True,4833.964285714092,TARGET_HIT,255
2016-07-05 14:00:00+05:30,2016,7,5,14,0,1,SELL,8328.15,8345.78357142857,8268.15,3.0,trend_bounce_sell,STRONG_DOWNTREND,8328.15,0.11763030890928412,39.54057877956418,39.21894420860549,1.7409593870816025,-8.06952982296285,-0.009570576162414428,0.004275171570640106,-0.32673285101342264,-0.5083206900259318,-0.12650911858810288,-0.22767451542023975,-0.24171200932080472,0,1,5.020505200678871,0,3.469446951953614e-18,2,0,0.7,63.53136652516329,0.33333333333333326,20.0,83.86469985849664,False,True,False,-1322.5178571427932,STOP_HIT,256
2016-07-05 14:15:00+05:30,2016,7,5,14,15,1,SELL,8329.1,8347.19,8269.1,3.0,trend_bounce_sell,STRONG_DOWNTREND,8329.1,0.1206612959383373,39.582563672373034,36.646082423195175,0.8850332613346836,-8.03291035383879,0.08009428597304338,0.0045674342672223055,-0.4065478112183274,-0.293883511997739,-0.09211437127203403,-0.19666902678775466,-0.2213198309380937,0,1,5.020505200678871,1,0.012367562999668324,2,0,0.7,61.9876494539171,0.33333333333333326,20.0,82.32098278725044,False,True,False,-1356.750000000011,STOP_HIT,257
2016-07-08 11:15:00+05:30,2016,7,8,11,15,4,SELL,8311.2,8328.765816446723,8251.2,3.0,trend_bounce_sell,STRONG_DOWNTREND,8311.2,0.16436512520110555,30.508843613863235,29.299025171321425,-6.737870143171676,-3.2249936156071963,0.2988641084075732,0.008874900635607965,-0.32022451696469556,-0.23946273923767247,-0.015367742900829207,-0.11435056923579934,-0.2109053950350659,0,1,7.400240078301847,0,3.469446951953614e-18,0,2,0.5,57.57941510279285,0.33333333333333326,20.0,77.91274843612618,False,True,False,-1317.4362335041678,STOP_HIT,258
2016-07-08 11:30:00+05:30,2016,7,8,11,30,4,SELL,8306.75,8327.902451095872,8243.292646712385,3.0,trend_bounce_sell,STRONG_DOWNTREND,8306.75,0.16161555361603577,31.676897468947928,30.27062176491366,-7.114414199539169,-3.24138390477722,0.26118920118914907,0.009085525803216697,-0.3735952697921485,-0.3000570108320555,-0.05512897518408222,-0.15259742016597855,-0.25399494314547466,0,1,7.400240078301847,1,0.012636656629504616,0,2,0.5,58.16237305894819,0.33333333333333326,20.0,78.49570639228153,False,True,False,-1586.4338321903688,STOP_HIT,259
2016-07-12 10:30:00+05:30,2016,7,12,10,30,1,BUY,8486.9,8467.749285714286,8546.9,3.0,trend_pullback_buy,STRONG_UPTREND,8486.9,0.12536127106818162,67.70079298576798,29.931071893485647,35.11768181647858,3.0007569964694127,0.8300083829201971,0.006978429806537116,0.4759255093705006,0.338129411347432,0.0789031032271792,0.26634883396481346,0.7181278271445102,1,0,9.979467406019626,0,3.469446951953614e-18,0,4,0.4,52.95864313609139,0.33333333333333326,20.0,73.29197646942472,False,True,True,4500.0,TARGET_HIT,260
2016-07-12 10:45:00+05:30,2016,7,12,10,45,1,BUY,8486.8,8467.842142857142,8546.8,3.0,trend_pullback_buy,STRONG_UPTREND,8486.8,0.12410028346541428,66.66558267345106,33.73091745101838,34.94634013725408,2.5464737855204262,0.796142462131954,0.007236022431103251,0.3660187917240654,0.2960380535941054,0.06216944548755876,0.24100318444237878,0.6886321313332111,1,0,9.979467406019626,1,0.01417154186477478,0,4,0.4,55.23855047061103,0.33333333333333326,20.0,75.57188380394436,False,True,True,4500.0,TARGET_HIT,261
2016-07-15 09:45:00+05:30,2016,7,15,9,45,4,BUY,8574.5,8551.550000000001,8643.349999999997,3.0,trend_pullback_buy,STRONG_UPTREND,8574.5,0.14869671700973666,66.04407018939943,49.331333509403734,18.992556766374037,2.771237797539534,0.8747594511309972,0.0074834605426781714,0.33290233499687627,0.7531960894905154,0.12032562451964601,0.27356521946979573,0.5130987077225813,1,0,1.9856366132124197,0,3.469446951953614e-18,2,0,0.5,64.59880010564224,0.33333333333333326,20.0,84.93213343897557,False,True,False,-1721.2499999999181,STOP_HIT,262
2016-07-22 09:45:00+05:30,2016,7,22,9,45,4,SELL,8506.35,8535.246428571429,8419.660714285716,3.0,trend_bounce_sell,STRONG_DOWNTREND,8506.35,0.18872455787231066,33.96756767983743,44.854230661764696,-7.38349293668216,-7.176010928181662,0.1819865446134547,0.009695968861662935,-0.4587182802745171,-0.7033128662479848,-0.09897438988826224,-0.261065806490024,-0.3766338321437024,0,1,3.5144567523367205,0,3.469446951953614e-18,0,1,0.4,66.91253839705882,0.33333333333333326,20.0,87.24587173039215,False,True,False,-2167.2321428571195,STOP_HIT,263
2016-07-22 10:15:00+05:30,2016,7,22,10,15,4,SELL,8501.0,8528.906428571428,8417.280714285715,3.0,trend_bounce_sell,STRONG_DOWNTREND,8501.0,0.1823735022770424,36.80126633882338,37.995466020549266,-8.797907881917126,-7.035125561625882,0.1486917209631134,0.0084721990243048,-0.3428973359514642,-0.727523267899044,-0.12145643734251532,-0.2769357303948783,-0.40982581914085214,0,1,3.5144567523367205,1,0.019950584714671878,0,1,0.4,67.79727961232956,0.33333333333333326,20.0,88.13061294566289,False,True,False,-2092.982142857136,STOP_HIT,264
2016-07-28 10:15:00+05:30,2016,7,28,10,15,3,BUY,8641.45,8613.537142857143,8725.188571428573,3.0,trend_pullback_buy,STRONG_UPTREND,8641.45,0.17945070395758678,69.81285517186595,43.935357527509346,4.87426003904875,1.3471939377425821,0.8923999966740044,0.010164495350436764,0.5369213407327322,0.5497893928463338,0.16358576814921033,0.27316725370554185,0.3325067206802812,1,0,7.298393656903354,0,0.0,0,3,0.3,64.83315389393142,0.33333333333333326,20.0,85.16648722726475,False,True,True,1465.4250000000502,STOP_HIT,265
2016-07-28 10:30:00+05:30,2016,7,28,10,30,3,BUY,8638.2,8613.807436682097,8711.377689953713,3.0,trend_pullback_buy,STRONG_UPTREND,8638.2,0.17579720642858826,67.87949003813924,43.37652381781688,5.539552347581775,1.811237621648047,0.8219681289015698,0.010125548272984158,0.6296488295288505,0.7017952902774516,0.10070649152360556,0.21400427244846476,0.28317980750334204,1,0,7.298393656903354,1,0.02005814369943562,0,3,0.3,66.02591429069012,0.33333333333333326,20.0,86.35924762402345,False,True,True,1280.6095741899298,STOP_HIT,266
2016-08-02 10:45:00+05:30,2016,8,2,10,45,1,BUY,8665.9,8651.394147944951,8725.9,3.0,trend_pullback_buy,STRONG_UPTREND,8665.9,0.1982730340431253,65.50143254158395,42.095134787059855,1.2385356496961322,0.011227647219351544,0.8426549931511162,0.00821657621113499,0.4538209638623947,0.3084758514917407,0.10476691082774714,0.1556584352153001,0.16767068760235038,1,0,4.8593563527619,0,0.0,2,0,0.4,50.36935734442943,0.33333333333333326,20.0,70.70269067776277,False,True,False,-1087.938904128623,STOP_HIT,267
2016-08-02 11:00:00+05:30,2016,8,2,11,0,1,BUY,8673.9,8652.276730378482,8738.769808864552,3.0,trend_pullback_buy,STRONG_UPTREND,8673.9,0.20142529394423336,67.32728490382732,41.358433510250485,2.0533666941282718,0.7434528224863421,0.8980536847137793,0.008810180132237585,0.4347901601949866,0.46736278819257127,0.1576814057322906,0.22551094365876878,0.24991421674711578,1,0,4.8593563527619,1,0.010156658814808312,2,0,0.4,57.24958833101371,0.33333333333333326,20.0,77.58292166434705,False,True,False,-1621.74522161381,STOP_HIT,268
2016-08-03 10:15:00+05:30,2016,8,3,10,15,2,SELL,8592.6,8628.715714285714,8484.25285714286,3.0,trend_bounce_sell,STRONG_DOWNTREND,8592.6,0.23350657210024542,37.346076622864345,41.56325900623414,-12.9370267784725,-7.352554360759333,0.20429119427094017,0.01161916848982509,-0.3791172480957061,-0.7857377910433838,-0.09839440617421813,-0.2914682206669128,-0.4745172452917057,0,1,7.266107064221973,0,0.0,0,2,0.4,69.93795540374049,0.33333333333333326,20.0,90.27128873707382,False,True,True,1896.074999999928,STOP_HIT,269
2016-08-03 10:30:00+05:30,2016,8,3,10,30,2,SELL,8577.4,8613.650714285714,8468.647857142858,3.0,trend_bounce_sell,STRONG_DOWNTREND,8577.4,0.23479475965077576,30.56138066557763,42.5729984961528,-14.210964468089514,-7.763842845338711,0.10365932160690176,0.012032104552458508,-0.5086269392489573,-0.8610825367838304,-0.22021456882455048,-0.42549826550432046,-0.6252210361437971,0,1,7.266107064221973,1,0.02594367063123509,0,2,0.4,65.54379909769168,0.33333333333333326,20.0,85.877132431025,False,True,True,1903.1625000000076,STOP_HIT,270
2016-08-03 12:30:00+05:30,2016,8,3,12,30,2,SELL,8572.85,8610.560000000001,8459.719999999998,3.0,trend_bounce_sell,STRONG_DOWNTREND,8572.85,0.2443761409566256,36.43236104469794,41.748468742348756,-21.714880539155274,-7.648483996166446,0.35170106891903513,0.012369687465076992,-0.38288131260311165,-0.4626888199983803,0.025024379725113732,-0.17612740169075103,-0.46877124019343297,0,1,5.582006761947382,2,0.02604064768414659,1,0,0.5,70.04908124540925,0.33333333333333326,20.0,90.38241457874258,False,True,,,,271
2016-08-03 12:45:00+05:30,2016,8,3,12,45,2,SELL,8556.15,8590.491428571428,8453.125714285716,3.0,trend_bounce_sell,STRONG_DOWNTREND,8556.15,0.2229807966032775,39.33242572200139,39.69107979284301,-22.380232864887148,-7.482452689708488,0.22146532179474657,0.012126454851219874,-0.42420222051533507,-0.8017112448262642,-0.13590647822595558,-0.33700929384619105,-0.6368379592692208,0,1,5.582006761947382,2,0.02604064768414659,1,0,0.5,68.81464787570582,0.33333333333333326,20.0,89.14798120903914,False,True,,,,272
2016-08-03 13:00:00+05:30,2016,8,3,13,0,2,SELL,8547.3,8579.397857142856,8451.006428571429,3.0,trend_bounce_sell,STRONG_DOWNTREND,8547.3,0.20862895718112978,42.815801579342,36.36428480726498,-23.26088726022499,-7.5267963765416965,0.17011761235879486,0.012063438616556638,-0.3509221908736926,-0.8577642453240664,-0.19145181143761514,-0.4002465715598036,-0.7108153340608769,0,1,5.582006761947382,2,0.02604064768414659,1,0,0.5,71.81857088435899,0.33333333333333326,20.0,92.15190421769232,False,True,,,,273
2016-08-05 15:00:00+05:30,2016,8,5,15,0,4,BUY,8684.95,8664.462142857143,8746.413571428575,3.0,trend_pullback_buy,STRONG_UPTREND,8684.95,0.13105593995524306,68.2968551532219,45.25939508440643,20.1079203847803,7.901937029719107,1.3671321511917982,0.00510748504009841,0.41855759502820167,0.6705613705648483,0.367869230380391,0.547425529021317,0.8265727966861425,1,0,3.8916113179233833,0,0.0,2,0,0.5,62.15563705064386,0.33333333333333326,20.0,82.4889703839772,False,True,True,1075.6125000000338,STOP_HIT,274
2016-08-09 13:30:00+05:30,2016,8,9,13,30,1,SELL,8656.75,8675.794548660762,8596.75,3.0,trend_bounce_sell,STRONG_DOWNTREND,8656.75,0.17925730953137312,30.83678448779783,40.87579744039629,3.0976864135300275,-10.61779254667909,0.21965747424685153,0.009965475906729844,-0.3768916508429698,-0.6598387698310226,-0.06469596913737385,-0.2182350491099383,-0.2195135967541062,0,1,2.936248615297983,0,0.0,3,0,0.5,64.52547846423778,0.33333333333333326,20.0,84.85881179757111,False,True,False,-1428.3411495571727,STOP_HIT,275
2016-08-09 13:45:00+05:30,2016,8,9,13,45,1,SELL,8659.95,8675.17319381132,8599.95,3.0,trend_bounce_sell,STRONG_DOWNTREND,8659.95,0.18183047906083166,33.761076407946035,45.22886939800112,2.2699222683568223,-10.301001022667064,0.2786240773400817,0.009620323925224336,-0.40253250449974187,-0.5900348396058019,-0.02220484089137109,-0.16489113612287998,-0.1754799987414679,0,1,2.936248615297983,1,0.013070353019509656,3,0,0.5,67.13732163880067,0.33333333333333326,20.0,87.470654972134,False,True,False,-1141.7395358490012,STOP_HIT,276
2016-08-10 10:00:00+05:30,2016,8,10,10,0,2,SELL,8615.4,8648.442857142856,8516.27142857143,3.0,trend_bounce_sell,STRONG_DOWNTREND,8615.4,0.2130735991032639,39.47001826455716,41.58993097034139,-1.5999787082000694,-6.396399502385258,-0.26402226634411846,0.007317541084294656,-0.6641300588031918,-0.9297110823630939,-0.5141608359120142,-0.6137614397078939,-0.6590739549797942,0,1,5.219003073408982,0,0.0,0,2,0.5,69.95395858220483,0.33333333333333326,20.0,90.28729191553816,False,True,True,1734.74999999994,STOP_HIT,277
2016-08-10 15:00:00+05:30,2016,8,10,15,0,2,SELL,8574.7,8597.219285714287,8507.142142857141,3.0,trend_bounce_sell,STRONG_DOWNTREND,8574.7,0.14590264715633802,35.67262359064563,62.933487251728785,-22.823188314956496,-6.946179406298972,-0.0048795786749677205,0.005141737707053487,-0.3550158333575304,-0.472409870696644,-0.15039601015196524,-0.3324909252090613,-0.6378294538462392,0,1,5.219003073408982,1,0.023223625821277474,0,2,0.5,70.0,0.33333333333333326,20.0,90.33333333333333,False,True,True,1182.2625000000698,STOP_HIT,278
2016-08-16 12:30:00+05:30,2016,8,16,12,30,1,SELL,8624.2,8654.002857142857,8534.79142857143,3.0,trend_bounce_sell,STRONG_DOWNTREND,8624.2,0.19198468098076418,30.54732035498307,49.661665549353266,-1.7175149160138972,-8.179191618899019,0.12082722481103682,0.010284469746819529,-0.6537302944954138,-0.5529194029162188,-0.1411600818306158,-0.3096787443323423,-0.3586976824076382,0,1,2.6281025905752453,0,0.0,2,0,0.6,69.79699932961196,0.33333333333333326,20.0,90.13033266294529,False,True,False,-2235.2142857142553,STOP_HIT,279
2016-08-16 12:45:00+05:30,2016,8,16,12,45,1,SELL,8624.05,8651.249285714286,8542.452142857139,3.0,trend_bounce_sell,STRONG_DOWNTREND,8624.05,0.1752159865227416,31.141078597932804,47.42564777097342,-2.8163916115627217,-8.35026148300306,0.16083927003929582,0.010732812923400158,-0.5156452775775144,-0.5546490777950108,-0.11435021531104317,-0.2831825786482556,-0.3463451510161031,0,1,2.6281025905752453,1,0.020389096125314466,2,0,0.6,68.45538866258406,0.33333333333333326,20.0,88.78872199591738,False,True,False,-2039.9464285715112,STOP_HIT,280
2016-08-22 10:15:00+05:30,2016,8,22,10,15,0,SELL,8630.4,8654.372142857143,8558.483571428571,3.0,trend_bounce_sell,STRONG_DOWNTREND,8630.4,0.15431332432861972,30.844624522215497,28.73520995684499,-1.3842291915443639,-3.9512061426068947,-0.12325730403342655,0.005747642672923389,-0.3297166515570771,-0.5874628516137959,-0.2545928322611024,-0.34061211842169037,-0.3711854676734627,0,1,6.425314964137159,0,0.0,0,2,0.5,57.24112597410699,0.33333333333333326,20.0,77.57445930744032,False,True,True,1258.5375000000568,STOP_HIT,281
2016-08-22 10:30:00+05:30,2016,8,22,10,30,0,SELL,8629.45,8654.540714285715,8554.177857142859,3.0,trend_bounce_sell,STRONG_DOWNTREND,8629.45,0.1615315659084393,31.5451840598391,28.682093501859942,-2.5931478404818336,-4.644112312389928,-0.04459181919464683,0.006238403897184873,-0.4148683269093012,-0.5898175827846908,-0.21257083288506173,-0.3197223954075734,-0.3672208819637146,0,1,6.425314964137159,1,0.017065624610220848,0,2,0.5,57.20925610111597,0.33333333333333326,20.0,77.5425894344493,False,True,True,1317.2625000000153,STOP_HIT,282
2016-08-26 11:45:00+05:30,2016,8,26,11,45,4,SELL,8580.95,8607.647857142858,8500.85642857143,3.0,trend_bounce_sell,STRONG_DOWNTREND,8580.95,0.17284965950323483,35.004187503598345,47.86645043556428,-14.872576826266595,-7.735558486263963,0.22031855162710287,0.008620045135861993,-0.41373627648956246,-0.856720315189885,-0.10031499372672448,-0.2734929935383712,-0.4817341713892809,0,1,4.137480591235669,0,0.0,2,0,0.6,73.71987026133857,0.33333333333333326,20.0,94.0532035946719,False,True,True,1401.6375000000153,STOP_HIT,283
2016-08-26 12:00:00+05:30,2016,8,26,12,0,4,SELL,8575.8,8600.138571428572,8502.784285714282,3.0,trend_bounce_sell,STRONG_DOWNTREND,8575.8,0.1576695885098609,43.382500166855884,42.9926795501,-15.627113144419127,-7.641085323974845,0.16814115876091557,0.007953433850614332,-0.3781212427468761,-0.7390345673725207,-0.1282582745477323,-0.30313324099416894,-0.5203384102456243,0,1,4.137480591235669,1,0.018552450064843202,2,0,0.6,75.79560773006,0.33333333333333326,20.0,96.12894106339333,False,True,True,1277.7750000000196,STOP_HIT,284
2016-08-31 11:30:00+05:30,2016,8,31,11,30,2,BUY,8782.2,8756.942142857144,8857.97357142857,3.0,trend_pullback_buy,STRONG_UPTREND,8782.2,0.15977935889802986,69.0257342096268,84.66478546799769,45.36095678302081,7.8500605917751045,0.7004599873947744,0.014641099393653625,0.43285092659832713,0.8445625900685094,0.046093564897908834,0.3242392335792932,0.9042683480338543,1,0,1.7576172413320232,0,3.469446951953614e-18,4,0,0.6,70.0,0.33333333333333326,20.0,90.33333333333333,False,True,True,1326.0375000000295,STOP_HIT,285
2016-08-31 14:15:00+05:30,2016,8,31,14,15,2,BUY,8807.75,8788.843571428572,8867.75,3.0,trend_pullback_buy,STRONG_UPTREND,8807.75,0.11925374163176186,60.56613615885956,40.42200059433154,42.91678553357815,1.3660451316900009,0.8716228678036051,0.0055810640038035444,0.3172017904532032,0.2213169782551816,0.10718947777683674,0.2986945540488728,0.8225482980379395,1,0,0.5798261968967605,1,3.469446951953614e-18,5,0,0.7,62.91365167349893,0.33333333333333326,20.0,83.24698500683226,False,True,False,-1417.9821428571358,STOP_HIT,286
2016-08-31 14:30:00+05:30,2016,8,31,14,30,2,BUY,8812.6,8793.256428571429,8872.6,3.0,trend_pullback_buy,STRONG_UPTREND,8812.6,0.12194390499317447,63.91869863137641,35.596003821339245,42.82964153851208,1.1510110229615336,0.9099906508161324,0.005959561082606187,0.4553926122665475,0.3644397877138328,0.12980877517685396,0.321645758103406,0.8433420051714657,1,0,0.5798261968967605,2,0.012668018397319944,5,0,0.7,57.867712522418884,0.33333333333333326,20.0,78.20104585575223,False,True,False,-1450.7678571428642,STOP_HIT,287
2016-09-07 09:30:00+05:30,2016,9,7,9,30,2,BUY,8939.1,8915.211428571429,9010.765714285715,3.0,trend_pullback_buy,STRONG_UPTREND,8939.1,0.14846493015436432,66.53333518699851,52.99644137571606,32.20605481984785,4.3695532198719285,0.8808142307335552,0.007954791314662,0.4331193016162027,0.5251675588142657,0.1268281825430373,0.32764363247181905,0.7238798802333912,1,0,3.127859762104058,0,3.469446951953614e-18,0,2,0.6,65.0,0.33333333333333326,20.0,85.33333333333333,False,True,False,-1791.6428571428696,STOP_HIT,288
2016-09-07 10:15:00+05:30,2016,9,7,10,15,2,BUY,8937.15,8910.735,9016.394999999997,3.0,trend_pullback_buy,STRONG_UPTREND,8937.15,0.16420223449309818,68.64585882802703,52.26403288618523,31.68357783612737,2.7874274083435644,0.7856596970477487,0.0076479085614565906,0.394855088744106,0.4642614252713173,0.08172749180299643,0.24516365116087346,0.6294485154668683,1,0,3.127859762104058,1,0.01642725464487974,0,2,0.6,70.0,0.33333333333333326,20.0,90.33333333333333,False,True,False,-1981.124999999929,STOP_HIT,289
2016-09-09 11:15:00+05:30,2016,9,9,11,15,4,SELL,8881.29,8911.749857142859,8789.910428571427,3.0,trend_bounce_sell,STRONG_DOWNTREND,8881.29,0.1905369924542843,30.27219254087629,29.452879310521997,-3.312946268988526,-9.004364819656306,0.19409504441496828,0.012988938002389566,-0.7954202736665583,-0.6233635448136821,-0.1181640857431776,-0.29523890506769623,-0.36753444874976227,0,1,6.4788450810530955,0,6.938893903907228e-18,0,4,0.5,57.671727586313196,0.33333333333333326,20.0,78.00506091964652,False,True,True,6853.467857143005,TARGET_HIT,290
2016-09-22 11:30:00+05:30,2016,9,22,11,30,3,BUY,8845.9,8815.828714699222,8936.113855902331,3.0,trend_pullback_buy,STRONG_UPTREND,8845.9,0.21465957594559412,69.1992119810197,52.00025328411833,15.709083614967312,6.916199317722617,0.6307146064022833,0.019466221782800767,0.7832838677702902,0.4640524063490803,-0.051273051722644514,0.1309581020584094,0.34110559850870636,1,0,0.3915714817259595,0,6.938893903907228e-18,1,0,0.6,70.0,0.33333333333333326,20.0,90.33333333333333,False,True,False,-2255.346397558287,STOP_HIT,291
2016-09-26 14:45:00+05:30,2016,9,26,14,45,0,SELL,8742.54,8765.151857142857,8674.704428571433,3.0,trend_bounce_sell,STRONG_DOWNTREND,8742.54,0.14368985280184768,32.036016753984384,81.83754945823237,-27.22346815892888,-10.34785898468424,0.29475290750863564,0.011318243745985852,-0.3590136356798057,-0.5947798996003284,0.005380670349541816,-0.24564878321001737,-0.608845137781977,0,1,2.394777868531318,0,6.938893903907228e-18,0,1,0.5,65.0,0.33333333333333326,20.0,85.33333333333333,False,True,True,1187.1224999999413,STOP_HIT,292
2016-09-29 10:45:00+05:30,2016,9,29,10,45,3,BUY,8770.65,8750.133917122708,8832.198248631874,3.0,trend_pullback_buy,STRONG_UPTREND,8770.65,0.157782734786718,59.622675853280626,53.734204263686244,4.6886473885224405,8.599748955081195,0.6855069498223554,0.008411255678426566,0.34781613798231525,0.5243613107313472,0.00554846903697559,0.1450403482167406,0.2344659301401597,1,0,1.340371602383119,0,6.938893903907228e-18,1,0,0.5,80.0,0.33333333333333326,20.0,100.33333333333333,False,True,False,-1538.7062157968558,STOP_HIT,293
2016-09-29 11:00:00+05:30,2016,9,29,11,0,3,BUY,8774.35,8751.083567431622,8844.149297705135,3.0,trend_pullback_buy,STRONG_UPTREND,8774.35,0.15710565454990802,62.44185833484298,51.20568666395567,5.2812854156436515,8.273148283982163,0.7136440443074106,0.0084605513425364,0.34376718978899046,0.3505381017189446,0.03818592598578974,0.1702325524193249,0.26586916224828894,1,0,1.340371602383119,1,0.013852516451082158,1,0,0.5,75.0,0.33333333333333326,20.0,95.33333333333333,False,True,False,-1744.9824426283612,STOP_HIT,294
2016-09-30 09:45:00+05:30,2016,9,30,9,45,4,SELL,8591.25,8641.25,8441.25,3.0,trend_bounce_sell,STRONG_DOWNTREND,8591.25,0.43590862796449814,46.58508928808792,60.784871445802544,-40.403375847175994,-14.908883819723115,0.3339178971651843,0.029386968274332865,-0.39823316638842865,-1.963860852299637,-0.11251851146972802,-0.49611502776383265,-1.0325946544217812,0,1,4.256955103684376,0,6.938893903907228e-18,0,2,0.3,75.0,0.33333333333333326,20.0,95.33333333333333,False,True,False,-3750.0,STOP_HIT,295
2016-09-30 12:00:00+05:30,2016,9,30,12,0,4,SELL,8569.9,8613.807142857142,8438.178571428572,3.0,trend_bounce_sell,STRONG_DOWNTREND,8569.9,0.2846340930799326,42.848405013873425,37.054297725439824,-41.54688724068728,-6.5254168604697895,0.06468491391864055,0.006247628385766124,-0.4715173334881917,-0.960360568588936,-0.19941248664521183,-0.43551001976007697,-0.9614758218638664,0,1,4.256955103684376,1,0.03478856175864646,0,2,0.3,72.23257863526389,0.33333333333333326,20.0,92.56591196859722,False,True,,,,296
2016-10-04 10:00:00+05:30,2016,10,4,10,0,1,BUY,8756.54,8732.72342857143,8827.989714285715,3.0,trend_pullback_buy,STRONG_UPTREND,8756.54,0.15110338754152833,69.9663202215457,45.91327586660773,26.217582590721577,10.09532936026666,0.7984510036397422,0.009494740080586038,0.392672107898262,0.5643475664377506,0.06670321879405083,0.2982443004492463,0.6577446982543922,1,0,7.587717934020712,0,6.938893903907228e-18,0,3,0.2,67.54796551996463,0.33333333333333326,20.0,87.88129885329796,False,True,False,-1786.2428571428609,STOP_HIT,297
2016-10-07 10:15:00+05:30,2016,10,7,10,15,4,SELL,8695.25,8729.855,8591.435000000001,3.0,trend_bounce_sell,STRONG_DOWNTREND,8695.25,0.2210977257698151,31.340645939883984,60.30257294202408,-10.950657005985704,-9.075877840994192,0.23914474927528806,0.014474503458933634,-0.33469158514291,-0.80087160385377,-0.10729967241446259,-0.30027116493119843,-0.4647665888736885,0,1,9.174264951227437,0,6.938893903907228e-18,0,4,0.2,70.0,0.33333333333333326,20.0,90.33333333333333,False,True,True,7786.124999999902,TARGET_HIT,298
2016-10-07 11:30:00+05:30,2016,10,7,11,30,4,SELL,8680.85,8707.256,8601.632000000003,3.0,trend_bounce_sell,STRONG_DOWNTREND,8680.85,0.1689926677687086,40.91397202375282,56.13953111598506,-14.863197662718449,-8.222669328604981,0.1748283089248635,0.009315373219667366,-0.3294089010441481,-1.0599679730107114,-0.1449093457899564,-0.32336312905891784,-0.5327250791751448,0,1,9.174264951227437,1,0.025380702436791375,0,4,0.2,80.0,0.33333333333333326,20.0,100.33333333333333,False,True,False,-1980.449999999928,STOP_HIT,299
2016-10-17 13:00:00+05:30,2016,10,17,13,0,0,SELL,8541.65,8570.182571428571,8456.052285714284,3.0,trend_bounce_sell,STRONG_DOWNTREND,8541.65,0.1855780624519671,31.48799820279727,32.46190459898169,-19.034458986085156,-1.9291294941924981,0.20918336142736632,0.010880491433514687,-0.4068074071828631,-0.5025166602794173,-0.061855735307658755,-0.23972208783827886,-0.4733647088073889,0,1,4.017644552557352,0,1.0408340855860843e-17,1,0,0.3,59.47714275938901,0.33333333333333326,20.0,79.81047609272235,False,True,True,1497.9599999999664,STOP_HIT,300
2016-10-17 13:15:00+05:30,2016,10,17,13,15,0,SELL,8533.45,8561.32042857143,8449.838714285715,3.0,trend_bounce_sell,STRONG_DOWNTREND,8533.45,0.1814456219767073,31.85284746963883,35.65934408300937,-19.599020310628475,-2.2443217368622363,0.16173217011323926,0.011204551887667382,-0.5454386527198984,-0.6629493387967811,-0.1262770849770778,-0.30508590493264487,-0.546722225699614,0,1,4.017644552557352,1,0.019802645585259127,1,0,0.3,61.395606449805626,0.33333333333333326,20.0,81.72893978313897,False,True,False,-2090.2821428571315,STOP_HIT,301
2016-10-24 09:45:00+05:30,2016,10,24,9,45,0,BUY,8697.7,8678.511433895299,8757.7,3.0,trend_pullback_buy,STRONG_UPTREND,8697.7,0.1465822655907404,66.66557314818574,30.546363862798565,4.514583473208404,0.9246233737265528,0.8655061198163934,0.006395068728034648,0.3056093735584353,0.4121450011544736,0.08563770620064748,0.16777395722711308,0.2211043478004493,1,0,4.543747106427707,0,1.0408340855860843e-17,0,1,0.3,47.574052054944666,0.33333333333333326,20.0,67.907385388278,False,True,True,1007.3997204968691,STOP_HIT,302
2016-10-24 10:00:00+05:30,2016,10,24,10,0,0,BUY,8702.35,8679.446279624895,8771.061161125315,3.0,trend_pullback_buy,STRONG_UPTREND,8702.35,0.1472016179537727,67.2827254391031,30.302070431793606,5.144973455482614,1.3995120204006861,0.8941135058974008,0.006762829126360691,0.4716273162847173,0.4153997934539966,0.11128574991594586,0.20116503614948655,0.2638845801588907,1,0,4.543747106427707,1,0.01339096409331106,0,1,0.3,52.176362463083024,0.33333333333333326,20.0,72.50969579641637,False,True,True,1202.4453196929699,STOP_HIT,303
2016-10-28 11:45:00+05:30,2016,10,28,11,45,4,BUY,8641.65,8616.789803626438,8716.230589120685,3.0,trend_pullback_buy,STRONG_UPTREND,8641.65,0.174396258651003,68.05518680596421,36.25094961471575,-0.5513161134622351,10.095494645163537,0.8053494072523099,0.009817189891360708,0.574468506067638,0.5907413658638783,0.10038355162347301,0.25821730223671846,0.28850879434356713,1,0,2.5809551809164026,0,1.214306433183765e-17,2,0,0.4,61.75056976882945,0.33333333333333326,20.0,82.0839031021628,False,True,True,1305.1603096119834,STOP_HIT,304
2016-10-28 12:00:00+05:30,2016,10,28,12,0,4,BUY,8638.35,8617.63530152344,8700.494095429682,3.0,trend_pullback_buy,STRONG_UPTREND,8638.35,0.16057133926866185,61.25066018368011,33.44606399012962,0.32001687253614364,9.870144868045724,0.7413798041213198,0.009965738306678367,0.43378475161142127,0.4179066307077095,0.04972027196414874,0.19989780073847996,0.2403756686349734,1,0,2.5809551809164026,1,0.01699943131031429,2,0,0.4,65.06763839407778,0.33333333333333326,20.0,85.4009717274111,False,True,True,1087.521670019396,STOP_HIT,305
2016-11-04 09:30:00+05:30,2016,11,4,9,30,4,SELL,8487.25,8520.096142857143,8388.711571428572,3.0,trend_bounce_sell,STRONG_DOWNTREND,8487.25,0.2150031770344587,32.68218855865692,41.89668642698671,-22.255167064855414,-0.5467624933456676,0.19290012454677136,0.008256613602257662,-0.3247248940093206,-0.4841391375311699,-0.07216152391013031,-0.2147589741202438,-0.4873852255437794,0,1,0.45576686023059987,0,1.3877787807814457e-17,4,0,0.6,55.6056367896487,0.33333333333333326,20.0,75.93897012298203,False,True,True,1724.4224999999915,STOP_HIT,306
2016-11-04 09:45:00+05:30,2016,11,4,9,45,4,SELL,8475.2,8510.264000000001,8370.008,3.0,trend_bounce_sell,STRONG_DOWNTREND,8475.2,0.2298470832546719,31.091801422570825,43.265272602391924,-22.771447784843986,-0.9567388920008177,0.07838057482382618,0.008601449974140477,-0.39547059825945086,-0.6511736951616109,-0.17130272459371376,-0.3241338802912108,-0.604166107849291,0,1,0.45576686023059987,1,0.02198072320168998,4,0,0.6,60.52655248144333,0.33333333333333326,20.0,80.85988581477667,False,True,True,1840.8599999999751,STOP_HIT,307
2016-11-11 14:15:00+05:30,2016,11,11,14,15,4,SELL,8343.54,8379.426857142858,8235.879428571428,3.0,trend_bounce_sell,STRONG_DOWNTREND,8343.54,0.23895304459669292,31.586042458174134,62.11729585543434,-29.3466730066084,-16.60972654098317,-0.14791183438089392,0.006800245487235675,-0.519369031011907,-1.2476106498440664,-0.33209711159387645,-0.6596249661801168,-1.084028008622806,0,1,0.0,0,1.3877787807814457e-17,6,0,0.8,70.0,0.33333333333333326,20.0,90.33333333333333,False,True,True,8074.542857142933,TARGET_HIT,308
2016-11-18 10:15:00+05:30,2016,11,18,10,15,4,SELL,8068.05,8105.239285714286,7956.482142857143,3.0,trend_bounce_sell,STRONG_DOWNTREND,8068.05,0.2560806426052667,34.824133738708596,34.86362327835819,-26.41012713422151,-1.2813099179927434,0.21397271633571316,0.010594270600535265,-0.4675577816295351,-0.8528470221015105,-0.08820795712630725,-0.2681327007840739,-0.6056464062756395,0,1,0.0,0,1.3877787807814457e-17,7,0,0.9,58.73127314694235,0.33333333333333326,20.0,79.06460648027569,False,True,False,-2789.1964285714266,STOP_HIT,309
2016-11-21 14:45:00+05:30,2016,11,21,14,45,0,SELL,7931.1,7967.37,7822.290000000002,3.0,trend_bounce_sell,STRONG_DOWNTREND,7931.1,0.25406311860901887,40.079264476605786,41.74216720712684,-42.818888905977474,-6.035011473359667,0.1426747665077251,0.010856698604144989,-0.37745803056090654,-1.0023216915894806,-0.24182513642850845,-0.5229842509165028,-1.100702517238239,0,1,2.254560841991475,0,1.3877787807814457e-17,0,1,0.8,75.0453003242761,0.33333333333333326,20.0,95.37863365760943,False,True,False,-2720.2499999999645,STOP_HIT,310
2016-11-21 15:15:00+05:30,2016,11,21,15,15,0,SELL,7929.1,7965.505,7819.885000000001,3.0,trend_bounce_sell,STRONG_DOWNTREND,7929.1,0.2550730852177419,42.91750026496328,35.65227129245795,-43.57536079507281,-5.526979088806371,0.08458224812036853,0.007368338965305113,-0.3449987745945182,-1.0482834358737536,-0.1707307922168777,-0.4532263669845049,-1.039917921869682,0,1,2.254560841991475,1,0.022495475425656344,0,1,0.8,71.39136277547476,0.33333333333333326,20.0,91.72469610880809,False,True,,,,311
2016-11-21 15:30:00+05:30,2016,11,21,15,30,0,SELL,7929.1,7964.907142857143,7821.678571428572,3.0,trend_bounce_sell,STRONG_DOWNTREND,7929.1,0.2508841752892149,40.94715853792237,32.34901703692357,-43.7067953590622,-5.092572287516184,0.12339298704190968,0.007346953749946059,-0.6303732110183646,-0.5880140421263724,-0.13663128810963432,-0.41219380371334546,-0.999544452066714,0,1,2.254560841991475,1,0.022495475425656344,0,1,0.8,69.40941022215415,0.33333333333333326,20.0,89.74274355548748,False,True,,,,312
2016-11-23 12:45:00+05:30,2016,11,23,12,45,2,BUY,8017.1,7997.086314849677,8077.141055450969,3.0,trend_pullback_buy,STRONG_UPTREND,8017.1,0.2010434838390105,47.074114277587825,39.60418373320075,2.2060579083081393,8.411602383928653,0.7226828489088035,0.006303358616003682,0.4020037570444668,0.3611554470628775,0.0716268698547573,0.18195070151212356,0.2502622125405862,1,0,4.453390966540447,0,1.3877787807814457e-17,0,2,0.7,73.76251023992045,0.33333333333333326,20.0,94.09584357325377,False,True,True,1050.7184703919847,STOP_HIT,313
2016-11-23 14:30:00+05:30,2016,11,23,14,30,2,BUY,8046.65,8020.325,8125.624999999999,3.0,trend_pullback_buy,STRONG_UPTREND,8046.65,0.18175265483151457,65.5067140242867,31.610757911638107,8.797246700733012,8.485730339973586,0.9164097949547197,0.008983061995313844,0.4751142521788987,0.4832697506852446,0.1838103257728374,0.3489553289231173,0.5037553892622837,1,0,3.6040751223651237,1,1.3877787807814457e-17,1,0,0.8,58.96645474698286,0.33333333333333326,20.0,79.2997880803162,False,True,False,-1974.3749999999864,STOP_HIT,314
2016-11-23 14:45:00+05:30,2016,11,23,14,45,2,BUY,8038.2,8011.772142857143,8117.48357142857,3.0,trend_pullback_buy,STRONG_UPTREND,8038.2,0.1826546099517662,57.49378488973416,31.012267385637895,9.386710292790667,8.167674538828114,0.7759852247494626,0.0085769683669269,0.37586943219989344,0.6397816479072338,0.06287384098597748,0.22138392075115032,0.38253777443462145,1,0,3.6040751223651237,2,0.016555939397068127,1,0,0.8,68.60736043138274,0.33333333333333326,20.0,88.94069376471607,False,True,False,-1982.0892857142553,STOP_HIT,315
2016-12-01 09:30:00+05:30,2016,12,1,9,30,3,BUY,8214.04,8185.717000000001,8299.009000000002,3.0,trend_pullback_buy,STRONG_UPTREND,8214.04,0.19156225194910173,68.37260037203177,35.80859569401516,20.90112182374196,2.900236945463295,0.6824141579176903,0.011759979996785158,0.40140810639026636,0.3756430779758846,-0.035773073728595506,0.14839192767086562,0.422193301949747,1,0,6.802160907910832,0,1.0408340855860843e-17,0,2,0.6,61.485157416409095,0.33333333333333326,20.0,81.81849074974244,False,True,False,-2124.225000000024,STOP_HIT,316
2016-12-06 11:15:00+05:30,2016,12,6,11,15,1,BUY,8165.1,8139.057857142858,8243.226428571428,3.0,trend_pullback_buy,STRONG_UPTREND,8165.1,0.17719142622695247,65.22093592043052,67.28963933828956,5.9474045663318975,12.142733286537123,0.7520761283309516,0.013726546046444417,0.4471782254344303,1.035086525314144,0.09248692685197568,0.3123086225089944,0.43575661338919325,1,0,8.519212620554939,0,1.0408340855860843e-17,0,3,0.5,70.0,0.33333333333333326,20.0,90.33333333333333,False,True,False,-1953.1607142856956,STOP_HIT,317
2016-12-12 14:15:00+05:30,2016,12,12,14,15,0,SELL,8176.9,8193.77757142857,8116.9,3.0,trend_bounce_sell,STRONG_DOWNTREND,8176.9,0.11466972289533525,31.045117819544856,55.77905247660753,-7.26580959979583,-8.288867628693843,-0.22261025022296393,0.004511859235896732,-0.42184535422102876,-0.490434697950648,-0.2283115203266739,-0.37843307477798405,-0.5054310166585085,0,1,10.097989797894162,0,1.0408340855860843e-17,0,4,0.4,65.0,0.33333333333333326,20.0,85.33333333333333,False,True,False,-1265.817857142838,STOP_HIT,318
2016-12-15 12:00:00+05:30,2016,12,15,12,0,3,SELL,8165.2,8195.40240219194,8074.592793424181,3.0,trend_bounce_sell,STRONG_DOWNTREND,8165.2,0.24875604481737723,42.89702637246867,34.665152876173366,-3.9540711785266467,-2.720835017827815,0.09836481456973682,0.008970952780232933,-0.5596049274462112,-0.3533008304705154,-0.20483011255914008,-0.30965850618588364,-0.36852860554915656,0,1,11.121174592114452,0,1.0408340855860843e-17,0,5,0.3,70.79909172570402,0.33333333333333326,20.0,91.13242505903735,False,True,True,1585.6261150767978,STOP_HIT,319
2016-12-15 12:15:00+05:30,2016,12,15,12,15,3,SELL,8177.15,8194.686621713825,8117.15,3.0,trend_bounce_sell,STRONG_DOWNTREND,8177.15,0.2545071152104154,47.70901648553938,34.212842340438236,-4.389764568743885,-2.8408755672405483,0.2836079741199981,0.008991399679415337,-0.4546837908576351,-0.39830203962314403,-0.047027186489201345,-0.1488938803978268,-0.21399990656577605,0,1,11.121174592114452,1,0.02060095259667342,0,5,0.3,70.52770540426295,0.33333333333333326,20.0,90.86103873759627,False,True,True,4500.0,TARGET_HIT,320
2016-12-21 15:30:00+05:30,2016,12,21,15,30,2,SELL,8061.3,8079.949285714286,8001.3,3.0,trend_bounce_sell,STRONG_DOWNTREND,8061.3,0.1285241125589442,35.62418591208994,37.40431607754227,-7.566151434814856,-0.015523248223958674,-0.017644603367110177,0.006720666802464254,-0.31779399035488654,-0.5170796722282489,-0.21080957083930985,-0.3002423417817979,-0.3943715997844155,0,1,6.202046560289092,0,8.673617379884035e-18,2,0,0.3,47.597822128764946,0.33333333333333326,20.0,67.93115546209827,False,True,True,4500.0,TARGET_HIT,321
2016-12-23 10:30:00+05:30,2016,12,23,10,30,4,SELL,7952.7,7980.625714285714,7868.9228571428575,3.0,trend_bounce_sell,STRONG_DOWNTREND,7952.7,0.19508199371641877,38.143355909992636,38.19433424018157,-31.614198371378734,-2.454166017946797,0.16021255422988712,0.007507006164790479,-0.43817369205152445,-0.4431591993089734,-0.09446568644037034,-0.29031678287418927,-0.7118373572722714,0,1,2.564610456816808,0,8.673617379884035e-18,3,0,0.4,67.91660054410895,0.33333333333333326,20.0,88.24993387744227,False,True,False,-2094.428571428557,STOP_HIT,322
2016-12-23 10:45:00+05:30,2016,12,23,10,45,4,SELL,7963.5,7991.676428571428,7878.970714285716,3.0,trend_bounce_sell,STRONG_DOWNTREND,7963.5,0.19656647741032635,36.76421755308766,38.99622622256461,-31.142594993573766,-1.7843063761276454,0.35728548748274525,0.007444772795270073,-0.31232592054778463,-0.2673813534380787,0.032964452128192434,-0.14084538620499076,-0.5544990928552429,0,1,2.564610456816808,1,0.017375275012899538,3,0,0.4,68.39773573353877,0.33333333333333326,20.0,88.7310690668721,False,True,False,-2113.2321428571004,STOP_HIT,323
2016-12-28 13:15:00+05:30,2016,12,28,13,15,2,BUY,8092.15,8073.429999999999,8152.15,3.0,trend_pullback_buy,STRONG_UPTREND,8092.15,0.12851961468831097,60.23568840279526,61.018135942998995,34.83127012240129,10.37991626599515,0.866170256255427,0.009074591997794076,0.4269181843566727,1.0117212367839468,0.15322116782596762,0.44201960476402125,0.9460521320374005,1,0,5.96574312199561,0,6.938893903907228e-18,0,2,0.3,70.0,0.33333333333333326,20.0,90.33333333333333,False,True,False,-1404.000000000019,STOP_HIT,324
2017-01-06 10:00:00+05:30,2017,1,6,10,0,4,BUY,8294.25,8274.410142857143,8354.25,3.0,trend_pullback_buy,STRONG_UPTREND,8294.25,0.13288896352464288,64.0157989318141,34.82809886275464,23.07488270615977,3.195005699136729,0.9039042369691723,0.006431853533826596,0.3412758709127939,0.4486993169597442,0.11003819106050194,0.27512165580290127,0.5796541642469677,1,0,0.0,0,0.0,0,0,0.5,60.89685931765278,0.33333333333333326,20.0,81.23019265098611,False,True,False,-1487.989285714275,STOP_HIT,325
2017-01-06 10:15:00+05:30,2017,1,6,10,15,4,BUY,8292.85,8273.268571428573,8352.85,3.0,trend_pullback_buy,STRONG_UPTREND,8292.85,0.13118013021544156,66.55689853553099,35.81224323917292,23.23578750865272,3.0203194514667118,0.8365639094842087,0.006681391087873411,0.41240908171777946,0.3594270949940581,0.0744984857614428,0.2346686034419898,0.5404921254555939,1,0,0.0,1,0.01487989285714275,0,0,0.5,56.487345943503755,0.33333333333333326,20.0,76.8206792768371,False,True,False,-1468.6071428570813,STOP_HIT,326
2017-01-10 10:15:00+05:30,2017,1,10,10,15,1,BUY,8276.9,8254.324142857144,8344.627571428568,3.0,trend_pullback_buy,STRONG_UPTREND,8276.9,0.15153188823282399,66.41137875231014,32.27032595562146,2.672792425923035,2.5600471450806976,0.9214790347574936,0.007664526369767674,0.4405019052010628,0.406385714632318,0.15996697136220206,0.26402649695296265,0.3031779567239212,1,0,2.956596428571356,0,1.734723475976807e-18,0,2,0.0,59.36219557337287,0.33333333333333326,20.0,79.69552890670622,False,True,True,5079.567857142592,TARGET_HIT,327
2017-01-10 10:30:00+05:30,2017,1,10,10,30,1,BUY,8272.7,8252.69850016852,8332.70449949444,3.0,trend_pullback_buy,STRONG_UPTREND,8272.7,0.1469894955697623,61.31951792352352,35.142638401306606,3.3124046246830403,2.8796934094566327,0.8191536495365431,0.00801850580252078,0.3219684337539386,0.32379335435364087,0.08729467486272569,0.1937341728941222,0.24236314741259424,1,0,2.956596428571356,1,0.017447752483948364,0,2,0.0,61.08558304078396,0.33333333333333326,20.0,81.41891637411729,False,True,True,4500.337462083007,TARGET_HIT,328
2017-01-24 14:00:00+05:30,2017,1,24,14,0,1,BUY,8457.5,8441.582857142857,8517.5,3.0,trend_pullback_buy,STRONG_UPTREND,8457.5,0.10455639542248998,68.74362835417367,51.97317939756509,14.491896599234678,6.629085727632871,1.1195363751319398,0.004029208011438252,0.3006350693476767,0.7865101590895485,0.1706126810639086,0.32131975906402044,0.5290811543577689,1,0,0.0,0,3.469446951953614e-18,2,0,0.5,65.0,0.33333333333333326,20.0,85.33333333333333,False,True,True,4500.0,TARGET_HIT,329
2017-02-09 09:45:00+05:30,2017,2,9,9,45,3,BUY,8802.0,8772.333074560931,8891.000776317207,3.0,trend_pullback_buy,STRONG_UPTREND,8802.0,0.21770214561625642,65.07376761035201,38.420509111226124,2.419411799439331,2.6093327820091443,0.9273758065294478,0.008821543887416494,0.4983815444689954,0.3168380023249817,0.19169278913595544,0.3048161375442726,0.33818740336137854,1,0,0.0,0,3.469446951953614e-18,3,0,0.6,63.052305466735675,0.33333333333333326,20.0,83.38563880006902,False,True,False,-2225.0194079301764,STOP_HIT,330
2017-02-10 10:15:00+05:30,2017,2,10,10,15,4,BUY,8801.1,8772.80901928679,8885.972942139633,3.0,trend_pullback_buy,STRONG_UPTREND,8801.1,0.18000185041805059,69.7410012905233,37.75155010042038,5.65603226998428,4.99387301286526,0.88287095738024,0.007517351243616109,0.3901036854532469,0.6202232803809382,0.11202881307128543,0.23927454357708378,0.3224848580541728,1,0,2.002297654868791,0,3.469446951953614e-18,0,1,0.5,62.65093006025223,0.33333333333333326,20.0,82.98426339358556,False,True,False,-2121.8235534908217,STOP_HIT,331
2017-02-13 15:30:00+05:30,2017,2,13,15,30,0,BUY,8805.04,8787.342616411655,8865.04,3.0,trend_pullback_buy,STRONG_UPTREND,8805.04,0.1452090426132536,67.85286878768142,33.78310751562878,2.524753286561463,0.4291582916350145,0.8552243069835613,0.006531889025805164,0.4740115250756016,0.02146958759081663,0.11651775939263143,0.17143497842651012,0.20139630785867002,1,0,3.911729235581258,0,3.469446951953614e-18,0,2,0.42857142857142855,44.561447425727415,0.33333333333333326,20.0,64.89478075906075,False,True,False,-1327.3037691259105,STOP_HIT,332
2017-02-17 09:45:00+05:30,2017,2,17,9,45,4,BUY,8821.15,8785.350571428571,8928.548285714285,3.0,trend_pullback_buy,STRONG_UPTREND,8821.15,0.22546460981359118,68.47554776050274,48.76449399772734,8.261592498449318,9.600366053459009,0.9651937656471448,0.010557123671874951,0.48538823084474103,0.8085344669958028,0.2510459218006078,0.4636163160214313,0.5962882588324447,1,0,5.106171501903602,0,3.469446951953614e-18,0,3,0.375,69.2586963986364,0.33333333333333326,20.0,89.59202973196973,False,True,True,8054.871428571414,TARGET_HIT,333
2017-02-17 10:30:00+05:30,2017,2,17,10,30,4,BUY,8816.15,8779.725714285714,8925.422857142856,3.0,trend_pullback_buy,STRONG_UPTREND,8816.15,0.22953005887733718,66.23701167117872,50.43020682050154,11.522594163816393,9.626666298047077,0.7944301953588179,0.012036158840524511,0.4666560306317624,0.5439958031350889,0.10059844997358791,0.305992790095555,0.47836277914119485,1,0,5.106171501903602,1,0.025462100294172743,0,3,0.375,70.0,0.33333333333333326,20.0,90.33333333333333,False,True,True,8195.464285714206,TARGET_HIT,334
2017-02-27 12:00:00+05:30,2017,2,27,12,0,0,SELL,8918.1,8935.355616895195,8858.1,3.0,trend_bounce_sell,STRONG_DOWNTREND,8918.1,0.13254745165129647,33.175370353483174,66.37992485342694,-2.6329542140083504,-3.7894021497641734,0.1126268637232689,0.004470149755794383,-0.3391648833038219,-0.23938699032384214,-0.07661452756677622,-0.14658572519552493,-0.19311617393903413,0,1,0.0,0,3.469446951953614e-18,2,0,0.5,65.0,0.33333333333333326,20.0,85.33333333333333,False,True,True,905.9198869977081,STOP_HIT,335
2017-02-27 15:00:00+05:30,2017,2,27,15,0,0,SELL,8899.15,8916.517428571427,8839.15,3.0,trend_bounce_sell,STRONG_DOWNTREND,8899.15,0.10842126976813994,34.17940182967462,53.098080745844065,-5.908855724868772,-3.3968978488967236,-0.13519962033823385,0.003838574444857327,-0.31197490758373414,-0.4318760314396819,-0.16726734950396338,-0.25165893942575845,-0.3346200687482259,0,1,0.0,1,0.010634154534271691,2,0,0.5,65.0,0.33333333333333326,20.0,85.33333333333333,False,True,True,911.7899999999736,STOP_HIT,336
2017-02-28 10:00:00+05:30,2017,2,28,10,0,1,SELL,8900.2,8922.867142857143,8832.198571428573,3.0,trend_bounce_sell,STRONG_DOWNTREND,8900.2,0.14148959734452135,35.57897778362319,45.88321198081111,-8.618231846310664,-3.552179851943232,0.2177344560417872,0.005622346655630709,-0.3236608392783058,-0.2186172180678736,-0.053229125933140775,-0.14104113887088987,-0.2563712800943696,0,1,0.0,0,0.010703060946081028,3,0,0.6,67.52992718848667,0.33333333333333326,20.0,87.86326052182,False,True,True,1190.0250000000142,STOP_HIT,337
2017-03-01 11:15:00+05:30,2017,3,1,11,15,2,BUY,8927.6,8910.846920157202,8987.6,3.0,trend_pullback_buy,STRONG_UPTREND,8927.6,0.15113644364506829,67.06620248446949,42.11549754169374,0.9006350093441142,7.168259440621176,0.7142641174438251,0.011920353524121161,0.5405648903103799,0.42464158562856014,0.014940855540124254,0.15434865361310113,0.1880077168074923,1,0,0.0,0,5.204170427930421e-18,5,0,0.7,65.26929852501624,0.33333333333333326,20.0,85.60263185834957,False,True,True,4500.0,TARGET_HIT,338
2017-03-02 11:30:00+05:30,2017,3,2,11,30,3,BUY,8980.9,8959.231857142857,9045.904428571428,3.0,trend_pullback_buy,STRONG_UPTREND,8980.9,0.1340384275836199,65.14119195245996,50.02786628779528,17.98743980313884,6.049386006346657,0.7023236814585628,0.009411929350343774,0.39247511958138137,0.5688626107210437,0.013578392191959665,0.16991593884319034,0.4035574654165819,1,0,0.0,0,5.204170427930421e-18,6,0,0.7,65.0,0.33333333333333326,20.0,85.33333333333333,False,True,False,-1625.1107142857109,STOP_HIT,339
2017-03-16 11:00:00+05:30,2017,3,16,11,0,3,BUY,9135.1,9110.794857142857,9208.01542857143,3.0,trend_pullback_buy,STRONG_UPTREND,9135.1,0.14781291001584365,67.34297046423512,33.180068458966986,26.784830047192372,0.5832264469604027,0.7222286412089437,0.01148762694376358,0.4889639354721753,0.47293804511610027,0.03034801837762391,0.19405650306330013,0.5010894844696745,1,0,1.2577552196995263,0,5.204170427930421e-18,0,1,0.6,45.740305544984224,0.33333333333333326,20.0,66.07363887831755,False,True,True,1276.0200000000168,STOP_HIT,340
2017-03-16 11:15:00+05:30,2017,3,16,11,15,3,BUY,9137.0,9112.413285714285,9210.760142857145,3.0,trend_pullback_buy,STRONG_UPTREND,9137.0,0.14949420722650697,68.82356534642271,35.5256094517108,26.730408423265544,0.47592434073021295,0.7176167867590445,0.011522653031580824,0.5746968284352061,0.5076532997464467,0.04091839537956332,0.19532162495377037,0.501419661895186,1,0,1.2577552196995263,1,0.014287940073709746,0,1,0.6,46.074609078328606,0.33333333333333326,20.0,66.40794241166194,False,True,True,1290.8024999999725,STOP_HIT,341
2017-03-21 11:45:00+05:30,2017,3,21,11,45,1,SELL,9108.1,9123.923285714285,9048.1,3.0,trend_bounce_sell,STRONG_DOWNTREND,9108.1,0.09651534662238968,34.773568656782274,32.25860883741035,-5.197222694336233,-2.8478757674764523,0.11786245247751244,0.004179298063503364,-0.35446638586510426,-0.16277629494846346,-0.07483966849628487,-0.14304920281905664,-0.21530138684044964,0,1,0.0,0,6.938893903907228e-18,2,0,0.8,49.35516530244621,0.33333333333333326,20.0,69.68849863577955,False,True,True,830.7224999999107,STOP_HIT,342
2017-03-21 12:00:00+05:30,2017,3,21,12,0,1,SELL,9104.29,9120.023285714286,9044.29,3.0,trend_bounce_sell,STRONG_DOWNTREND,9104.29,0.09600654510910737,31.927669670666432,32.17325483854419,-5.735868513023888,-3.0478694275476967,0.07877938665733565,0.004552504242606862,-0.35297826091714724,-0.19458366768836388,-0.09333318075700481,-0.16804665477481162,-0.24698703147616463,0,1,0.0,1,0.009118371514275631,2,0,0.8,49.303952903126515,0.33333333333333326,20.0,69.63728623645986,False,True,True,825.9974999999031,STOP_HIT,343
2017-03-22 11:30:00+05:30,2017,3,22,11,30,2,SELL,9053.79,9083.518285714286,8964.605142857145,3.0,trend_bounce_sell,STRONG_DOWNTREND,9053.79,0.18241768679982612,30.79820704753716,39.89731906176903,-19.59522457865569,-6.880574433277406,0.3028924934821636,0.013832209457554779,-0.7423121197171367,-0.3802670451732104,-0.004813279001691928,-0.204888179326157,-0.45422719381514876,0,1,0.0,0,5.204170427930421e-18,4,0,0.9,63.93839143706142,0.33333333333333326,20.0,84.27172477039475,False,True,True,1560.7349999999315,STOP_HIT,344
2017-03-22 14:45:00+05:30,2017,3,22,14,45,2,SELL,9021.85,9040.591857142857,8961.85,3.0,trend_bounce_sell,STRONG_DOWNTREND,9021.85,0.11541028566361256,34.883089969949026,35.743373799612655,-19.259221641665135,-1.9868333464406867,-0.17288605493128223,0.004552222524848882,-0.36719638656668163,-0.3930466080409034,-0.27224965056742434,-0.38280176116326503,-0.6123577813892722,0,1,0.0,1,0.016915975775643438,4,0,0.9,56.44602427976759,0.33333333333333326,20.0,76.77935761310093,False,True,False,-1405.6392857142782,STOP_HIT,345
2017-03-28 11:30:00+05:30,2017,3,28,11,30,1,BUY,9101.25,9079.149857142856,9167.55042857143,3.0,trend_pullback_buy,STRONG_UPTREND,9101.25,0.13490297643573246,69.67136268926801,34.21642221751927,2.120714967515596,6.693100062683572,0.7553343282233684,0.011701397312003635,0.6196656790341759,0.7315871900300586,0.06675760639147654,0.21141797643811078,0.25630597108368125,1,0,1.05396808378096,0,6.938893903907228e-18,0,1,0.8,55.529853330511564,0.33333333333333326,20.0,75.8631866638449,False,True,True,4972.53214285729,TARGET_HIT,346
2017-03-29 11:00:00+05:30,2017,3,29,11,0,2,BUY,9125.35,9105.447142857143,9185.35,3.0,trend_pullback_buy,STRONG_UPTREND,9125.35,0.12116952069940118,68.90171158668754,28.658588451744475,10.099822452481021,3.6442615332444515,0.8838129077311213,0.005556239452991901,0.3105385232656577,0.20589462587574658,0.09042980976077253,0.18939905045911587,0.31914890942186247,1,0,1.05396808378096,0,0.012560633259482099,0,1,0.8,52.19515307104669,0.33333333333333326,20.0,72.52848640438003,False,True,True,4500.0,TARGET_HIT,347
2017-04-03 09:30:00+05:30,2017,4,3,9,30,0,BUY,9197.4,9171.316714285715,9275.649857142855,3.0,trend_pullback_buy,STRONG_UPTREND,9197.4,0.15755228962222165,67.55162066373543,38.32868514295034,11.462339139479809,1.0606263751719833,0.94640698486836,0.006171053996297112,0.4006244064318043,0.4230972905395536,0.1487057539317327,0.2378559130460811,0.3704346607174669,1,0,0.0,0,6.938893903907228e-18,2,0,0.8,58.60347483749004,0.33333333333333326,20.0,78.93680817082338,False,True,True,1369.372499999963,STOP_HIT,348
2017-04-03 09:45:00+05:30,2017,4,3,9,45,0,BUY,9202.35,9175.109571428571,9284.071285714288,3.0,trend_pullback_buy,STRONG_UPTREND,9202.35,0.16445333451315539,69.66252714712562,40.79081303048266,12.180021402798957,1.6004777746420178,0.9585168573072386,0.0066626315176458225,0.33199228077063214,0.4783513529448946,0.16201862385132326,0.2652055416786814,0.4077404767229842,1,0,0.0,1,0.013831583747481398,2,0,0.8,64.47448781828959,0.33333333333333326,20.0,84.80782115162292,False,True,True,1430.1225000000613,STOP_HIT,349
2017-04-07 15:15:00+05:30,2017,4,7,15,15,4,SELL,9198.29,9217.54742857143,9138.29,3.0,trend_bounce_sell,STRONG_DOWNTREND,9198.29,0.11631043844639977,31.394506121769567,31.85261386702029,-4.685833695972178,-4.513248261208373,-0.012071599871234698,0.0072423969287151654,-0.4487134392164194,-0.5482754892420671,-0.19852738789906121,-0.3211313255834125,-0.38921429648979267,0,1,0.0,0,6.938893903907228e-18,4,0,0.9,54.11156832021217,0.33333333333333326,20.0,74.44490165354551,False,True,False,-1444.3071428571784,STOP_HIT,350
2017-04-10 09:45:00+05:30,2017,4,10,9,45,0,SELL,9210.54,9229.899230247953,9150.54,3.0,trend_bounce_sell,STRONG_DOWNTREND,9210.54,0.14536141668752542,36.91848019818928,30.625482009294558,-7.305098608327171,-4.90812961247042,0.3101351818017403,0.00836494559672941,-0.37220320282964625,-0.2670218295218296,0.005556599137679363,-0.1100763018139106,-0.20974476280855026,0,1,0.0,0,0.010013722738430857,4,0,0.9,58.375289205576735,0.33333333333333326,20.0,78.70862253891008,False,True,True,1016.3595880175308,STOP_HIT,351
2017-04-19 10:15:00+05:30,2017,4,19,10,15,2,SELL,9106.75,9141.957999999999,9001.126000000004,3.0,trend_bounce_sell,STRONG_DOWNTREND,9106.75,0.21478573585526659,30.407487762663322,85.41878942584731,-13.111205328208598,-10.843904844478697,0.28345676223396354,0.01812102456367211,-0.6572488273153709,-1.084548041622313,-0.04123068695907062,-0.28654867268743667,-0.4693383614885249,0,1,0.2967061529776871,0,5.204170427930421e-18,1,0,0.8,70.0,0.33333333333333326,20.0,90.33333333333333,False,True,False,-2640.599999999904,STOP_HIT,352
2017-04-21 10:30:00+05:30,2017,4,21,10,30,4,BUY,9152.35,9130.839264588101,9216.882206235698,3.0,trend_pullback_buy,STRONG_UPTREND,9152.35,0.14726896839141435,65.54130775433417,29.254585107659324,5.338401487628289,5.748424219865701,0.7696016580257056,0.006979065038805782,0.4400669428516579,0.17073904834870035,0.045456079973482666,0.15332743699487672,0.23558333235942364,1,0,2.127496535332956,0,3.469446951953614e-18,0,1,0.7,52.5527510645956,0.33333333333333326,20.0,72.88608439792893,False,True,False,-1613.3051558924308,STOP_HIT,353
2017-04-21 10:45:00+05:30,2017,4,21,10,45,4,BUY,9156.45,9132.053571428572,9229.639285714286,3.0,trend_pullback_buy,STRONG_UPTREND,9156.45,0.14802212023842817,67.50004898407019,31.745113946050918,5.9503395070642,5.72432601537145,0.8019208211121551,0.007268857894584359,0.3804094609038966,0.2710338710207205,0.0722059081414761,0.18014332555293944,0.2694570111499983,1,0,2.127496535332956,1,0.011428568294728748,0,1,0.7,54.04706836763055,0.33333333333333326,20.0,74.38040170096389,False,True,False,-1829.7321428571195,STOP_HIT,354
2017-04-24 09:45:00+05:30,2017,4,24,9,45,0,BUY,9157.75,9130.09279921781,9240.721602346572,3.0,trend_pullback_buy,STRONG_UPTREND,9157.75,0.17562798098409732,66.58694137663537,53.20391610964358,0.34588182992047223,0.3825388137091366,0.8630257729291414,0.00931956381874224,0.7131938105555014,-0.009826775780263919,0.2491917572371216,0.2973574809562063,0.3029235451424972,1,0,4.514635660017272,0,5.204170427930421e-18,0,3,0.5,58.825388137091366,0.33333333333333326,20.0,79.1587214704247,False,True,True,6222.870175992875,TARGET_HIT,355
2017-04-24 10:30:00+05:30,2017,4,24,10,30,0,BUY,9164.54,9137.259714285716,9246.380857142856,3.0,trend_pullback_buy,STRONG_UPTREND,9164.54,0.1653734315711854,69.84189600901135,45.876831504720705,3.6184345318051783,2.924659268636168,0.8920709255791864,0.010144249653688361,0.5528765710461236,0.17762882462186713,0.18074957421068127,0.28715533082870337,0.3382306140975011,1,0,4.514635660017272,1,0.015061515730675502,0,3,0.5,67.52609890283242,0.33333333333333326,20.0,87.85943223616574,False,True,True,6138.064285714154,TARGET_HIT,356
2017-05-02 11:45:00+05:30,2017,5,2,11,45,1,SELL,9289.0,9309.2107626478,9228.367712056603,3.0,trend_bounce_sell,STRONG_DOWNTREND,9289.0,0.15200006151669415,44.22645541964041,40.45833538873848,-1.8718526800730615,-1.0682800455798247,0.24178816527650457,0.008815311431763003,-0.5204763536668988,-0.1616502078667037,-0.12783791548990342,-0.1928404633005476,-0.21710500667675436,0,1,0.0,0,5.204170427930421e-18,2,0,0.6,69.95780168904133,0.33333333333333326,20.0,90.29113502237466,False,True,False,-1515.8071985849347,STOP_HIT,357
2017-05-02 12:00:00+05:30,2017,5,2,12,0,1,SELL,9292.15,9308.5417131322,9232.15,3.0,trend_bounce_sell,STRONG_DOWNTREND,9292.15,0.15639929556515134,45.543334377721315,41.684442043869936,-2.412000278744017,-1.4475848798257023,0.29104599723271724,0.008969171572483456,-0.5203008323742764,-0.1277939475754719,-0.07519028255892346,-0.1445616040922637,-0.17609324464942233,0,1,0.0,1,0.010099850846740302,2,0,0.6,74.48651402457898,0.33333333333333326,20.0,94.81984735791231,False,True,False,-1229.3784849149688,STOP_HIT,358
2017-05-04 10:45:00+05:30,2017,5,4,10,45,3,BUY,9343.2,9321.911362635172,9407.065912094487,3.0,trend_pullback_buy,STRONG_UPTREND,9343.2,0.1274953212726128,65.4292194282094,33.89217694132282,7.037303608010916,3.6352970104216054,0.7596717203674636,0.007402994585956178,0.3404392417977853,0.3059679860865083,0.03570693559089566,0.13777667692278506,0.22837202089434072,1,0,1.8291221981159036,0,5.204170427930421e-18,0,2,0.4,55.33530616479369,0.33333333333333326,20.0,75.66863949812702,False,True,False,-1596.6478023621676,STOP_HIT,359
2017-05-04 11:00:00+05:30,2017,5,4,11,0,3,BUY,9343.25,9322.748171943596,9404.75548416921,3.0,trend_pullback_buy,STRONG_UPTREND,9343.25,0.12727293577104765,66.21422983321997,34.60837669343925,7.3661057905646885,3.56768927367784,0.7356858159416623,0.007364440976426473,0.3447479634631545,0.3840988450174665,0.02899171873491646,0.1257228852140635,0.21991185086498444,1,0,1.8291221981159036,1,0.01083670992213179,0,2,0.4,55.765026016063544,0.33333333333333326,20.0,76.09835934939687,False,True,False,-1537.6371042302708,STOP_HIT,360
2017-05-05 13:00:00+05:30,2017,5,5,13,0,4,SELL,9280.29,9304.790571428572,9206.788285714289,3.0,trend_bounce_sell,STRONG_DOWNTREND,9280.29,0.14667029340061866,32.39861902930319,54.075853767338934,-6.15942945106508,-7.436739112609441,0.08026811299484551,0.010323897206970327,-0.5008041170794342,-0.8182240818224051,-0.21430188489590662,-0.3682270380403474,-0.46102636136127195,0,1,3.917501914040512,0,6.938893903907228e-18,0,4,0.3,65.0,0.33333333333333326,20.0,85.33333333333333,False,True,False,-1837.5428571428074,STOP_HIT,361
2017-05-05 13:15:00+05:30,2017,5,5,13,15,4,SELL,9279.25,9303.987142857142,9205.038571428573,3.0,trend_bounce_sell,STRONG_DOWNTREND,9279.25,0.148103102544462,33.659220814519415,57.475574253414095,-7.4471161967758235,-7.851983272488166,0.11641573769853508,0.010596686859049563,-0.4008973230577695,-0.7609300136892538,-0.18046891817944388,-0.34502110655590945,-0.45374835128254576,0,1,3.917501914040512,1,0.012742780024343462,0,4,0.3,65.0,0.33333333333333326,20.0,85.33333333333333,False,True,False,-1855.2857142856737,STOP_HIT,362
2017-05-18 14:30:00+05:30,2017,5,18,14,30,3,SELL,9443.15,9461.677142857143,9383.15,3.0,trend_bounce_sell,STRONG_DOWNTREND,9443.15,0.10899813243310803,33.92147078786422,35.25093405193881,-6.899844663377735,-6.697565121478172,-0.12245192480123546,0.0033874161568853067,-0.3224716847694209,-0.38345904319848634,-0.15892203907084124,-0.26690927915694607,-0.3678418745622136,0,1,6.378040286521324,0,5.204170427930421e-18,0,6,0.2,56.150560431163285,0.33333333333333326,20.0,76.48389376449663,False,True,False,-1389.5357142857392,STOP_HIT,363
2017-05-19 11:45:00+05:30,2017,5,19,11,45,4,SELL,9436.04,9470.51,9332.630000000003,3.0,trend_bounce_sell,STRONG_DOWNTREND,9436.04,0.20294530332639568,52.24480073694493,29.206506837669487,-6.546844902954035,-1.8330431215810457,0.25772721230856566,0.010534077157725119,-0.44796117529144475,-0.2659282120661244,-0.22168645980780166,-0.28653471775611505,-0.3673678491913135,0,1,7.3038904522684,0,5.204170427930421e-18,0,7,0.2,67.52390410260169,0.33333333333333326,20.0,87.85723743593502,False,True,True,1809.6749999999247,STOP_HIT,364
2017-05-23 10:30:00+05:30,2017,5,23,10,30,1,SELL,9400.85,9432.245857142858,9306.662428571428,3.0,trend_bounce_sell,STRONG_DOWNTREND,9400.85,0.18553793387983952,33.547042769902035,43.14587934082896,-11.888329243189219,-5.0485342439471586,0.19387193587054213,0.009774297607772195,-0.37557133152966715,-0.592688936120711,-0.0706516611013508,-0.23448766476504845,-0.38042836789282664,0,1,6.098100718710151,0,6.938893903907228e-18,1,0,0.3,65.88752760449738,0.33333333333333326,20.0,86.22086093783071,False,True,True,1648.2825000000048,STOP_HIT,365
2017-05-23 11:30:00+05:30,2017,5,23,11,30,1,SELL,9392.5,9423.817428571429,9298.547714285714,3.0,trend_bounce_sell,STRONG_DOWNTREND,9392.5,0.18523898247081633,32.58533667802861,58.72726024398181,-14.953803821572365,-5.677691532862209,0.2482583428798735,0.01078527162162407,-0.4847296903557341,-0.4557257167081774,-0.05084906203870476,-0.21444738389040374,-0.3971597572099639,0,1,6.098100718710151,1,0.016708221583209754,1,0,0.3,70.0,0.33333333333333326,20.0,90.33333333333333,False,True,False,-2348.80714285714,STOP_HIT,366
2017-05-23 15:30:00+05:30,2017,5,23,15,30,1,SELL,9386.15,9416.485142857142,9295.144571428573,3.0,trend_bounce_sell,STRONG_DOWNTREND,9386.15,0.17955026440934047,49.43850052438988,37.253001670601414,-12.056620426585141,-0.29673146560602426,0.24879197884267476,0.00634263949673391,-0.3635726720733756,-0.1563688389879747,-0.13374210226713146,-0.19738091723279227,-0.33196386285899715,0,1,7.663115176535746,2,0.016708221583209757,0,1,0.2,60.3191156584211,0.33333333333333326,20.0,80.65244899175443,False,True,False,-2275.1357142856705,STOP_HIT,367
2017-05-24 15:00:00+05:30,2017,5,24,15,0,2,SELL,9360.54,9392.645571428573,9264.223285714284,3.0,trend_bounce_sell,STRONG_DOWNTREND,9360.54,0.1905491410904595,31.92996377800995,34.51121886453792,-15.571324222039038,-4.394111576385141,0.23924249278590443,0.011267466734180307,-0.3429240637725761,-0.5071081231897479,-0.0497518723593493,-0.20690328678355518,-0.392332239071147,0,1,8.080788609739864,0,1.0408340855860843e-17,1,0,0.2,60.70673131872275,0.33333333333333326,20.0,81.04006465205609,False,True,False,-2407.917857142911,STOP_HIT,368
2017-06-01 12:45:00+05:30,2017,6,1,12,45,3,SELL,9599.5,9617.022000081168,9539.5,3.0,trend_bounce_sell,STRONG_DOWNTREND,9599.5,0.11709687260497124,43.51263202291229,46.131940448162666,1.1274913989291235,-5.020548748239572,0.06711379209413339,0.004536626595079528,-0.3162010186968822,-0.4665871740370142,-0.10112880551098602,-0.17571373037488236,-0.18219777474793863,0,1,9.685188643665638,0,1.0408340855860843e-17,0,1,0.2,72.67916426889761,0.33333333333333326,20.0,93.01249760223094,False,True,False,-1314.1500060875842,STOP_HIT,369
2017-06-02 10:15:00+05:30,2017,6,2,10,15,4,BUY,9646.45,9621.016719219737,9722.749842340792,3.0,trend_pullback_buy,STRONG_UPTREND,9646.45,0.15465348836692605,68.6327114751904,35.612009347249796,4.760993366919138,2.35147644874241,0.8766766406839693,0.007657556567602253,0.4043673758274746,0.31665973377703605,0.11629445769676394,0.2087925457507689,0.26435127931392355,1,0,10.560809175361099,0,1.0408340855860843e-17,0,2,0.2,61.36720560834988,0.33333333333333326,20.0,81.70053894168322,False,True,True,1335.2472409638267,STOP_HIT,370
2017-06-02 10:30:00+05:30,2017,6,2,10,30,4,BUY,9650.6,9625.10942857143,9727.071714285712,3.0,trend_pullback_buy,STRONG_UPTREND,9650.6,0.1467414313247721,67.87050438538475,38.66665287533289,5.598837424819067,2.8703884559781043,0.8822272140588279,0.008200245388613586,0.3791286801225313,0.36200873771161657,0.12745177434749788,0.22895064063310766,0.29539211938807153,1,0,10.560809175361099,1,0.014210415708007903,0,2,0.2,58.19999172519974,0.33333333333333326,20.0,78.53332505853308,False,True,True,1338.254999999981,STOP_HIT,371
2017-06-07 10:45:00+05:30,2017,6,7,10,45,2,BUY,9673.6,9658.247374472994,9733.6,3.0,trend_pullback_buy,STRONG_UPTREND,9673.6,0.1071325197296875,64.95029418921322,42.77125211667664,0.6318838022907585,0.8206542108355379,0.8934063830866972,0.005857112256208968,0.34334318759401405,0.2052043808701054,0.09472851381497893,0.15256896513324847,0.15895871095188419,1,0,8.779449784973735,0,1.0408340855860843e-17,2,0,0.4,58.86929337836136,0.33333333333333326,20.0,79.2026267116947,False,True,False,-1151.446914525468,STOP_HIT,372
2017-06-07 11:00:00+05:30,2017,6,7,11,0,2,BUY,9671.79,9658.778457826995,9731.79,3.0,trend_pullback_buy,STRONG_UPTREND,9671.79,0.1046415842952952,69.03869345324432,41.69673251585191,1.1324411728091945,1.1890904232185766,0.8238549905870588,0.006127186390772243,0.38444173434704076,0.2643503357249166,0.06079081706715783,0.12164856396712498,0.1347120883848696,1,0,8.779449784973735,1,0.008410507993953898,2,0,0.4,56.908943741696916,0.33333333333333326,20.0,77.24227707503024,False,True,False,-975.8656629754569,STOP_HIT,373
2017-06-07 12:45:00+05:30,2017,6,7,12,45,2,SELL,9642.25,9658.004609566467,9582.25,3.0,trend_bounce_sell,STRONG_DOWNTREND,9642.25,0.10211754073404379,37.34739812150684,38.50012713288241,-0.3937798074330203,-0.952314715887813,0.2656397129008698,0.006501400225576403,-0.33025986644891203,0.03070765585431179,-0.12310759834790463,-0.15456788927217247,-0.1631248917696948,0,1,10.196882012318461,2,1.0408340855860843e-17,0,2,0.4,57.62322343860758,0.33333333333333326,20.0,77.95655677194091,False,True,False,-1181.595717485061,STOP_HIT,374
2017-06-07 13:15:00+05:30,2017,6,7,13,15,2,SELL,9641.85,9656.886761848937,9581.85,3.0,trend_bounce_sell,STRONG_DOWNTREND,9641.85,0.09732868395884117,34.33426277459523,41.657537293597144,-1.4238291216024663,-1.6554937769158522,0.24965534137638382,0.006376670033181851,-0.3282128680119123,0.014003423058972508,-0.08694481007295307,-0.13402241563311712,-0.15571024306033632,0,1,10.196882012318461,3,0.008766949149561389,0,2,0.4,54.99452237615829,0.33333333333333326,20.0,75.32785570949162,False,True,False,-1127.757138670222,STOP_HIT,375
2017-06-09 10:15:00+05:30,2017,6,9,10,15,4,SELL,9631.95,9650.007310273146,9571.95,3.0,trend_bounce_sell,STRONG_DOWNTREND,9631.95,0.1384529019120151,36.77550464828044,29.89027980417358,-5.011251173782512,-3.429416138542962,0.22698035421436194,0.0061985468503610724,-0.3625737043550181,-0.2123813125165075,-0.030729506086801806,-0.12246952961976199,-0.18712224449738413,0,1,11.735608007381423,0,1.0408340855860843e-17,0,4,0.3,57.93416788250415,0.33333333333333326,20.0,78.26750121583748,False,True,False,-1354.2982704858787,STOP_HIT,376
2017-06-12 10:15:00+05:30,2017,6,12,10,15,0,SELL,9620.79,9642.64237388422,9555.232878347342,3.0,trend_bounce_sell,STRONG_DOWNTREND,9620.79,0.13052091207835254,42.17398085037675,32.96910289467877,-3.4459860951992596,-0.2639257513537787,0.17490950801020763,0.006282813696359415,-0.3056902953175511,-0.07592359863316522,-0.1443191639675212,-0.1888312683744786,-0.22662225805868408,0,1,12.637979400436883,0,1.0408340855860843e-17,0,5,0.3,52.420719250345044,0.33333333333333326,20.0,72.75405258367837,False,True,False,-1638.928041316467,STOP_HIT,377
2017-06-12 10:45:00+05:30,2017,6,12,10,45,0,SELL,9625.54,9641.3145019977,9565.54,3.0,trend_bounce_sell,STRONG_DOWNTREND,9625.54,0.12594469653502136,39.96932354418009,32.31537687172339,-4.25994546174843,-0.9063863169834687,0.2626894877543925,0.006397224792993117,-0.30357799447945366,-0.014646383330130242,-0.06026796029923176,-0.11506913035436162,-0.16361360263095204,0,1,12.637979400436883,1,0.012499948122967234,0,5,0.3,53.453089292868725,0.33333333333333326,20.0,73.78642262620207,False,True,True,828.1613548791938,STOP_HIT,378
2017-06-15 12:45:00+05:30,2017,6,15,12,45,3,SELL,9578.1,9594.815571428571,9518.1,3.0,trend_bounce_sell,STRONG_DOWNTREND,9578.1,0.09695480911066617,31.340412182917007,39.09973591503056,-6.754498495572989,-1.1972788016795288,-0.08522852183240316,0.004579444050429737,-0.3262413561650246,-0.36719578921088347,-0.15842480868979436,-0.2246095258613301,-0.3007653321564163,0,1,13.178194713582702,0,1.0408340855860843e-17,0,1,0.3,50.43262956581363,0.33333333333333326,20.0,70.76596289914696,False,True,False,-1253.6678571428183,STOP_HIT,379
2017-06-27 14:15:00+05:30,2017,6,27,14,15,1,SELL,9486.1,9509.118142857144,9417.04557142857,3.0,trend_bounce_sell,STRONG_DOWNTREND,9486.1,0.13480626540788027,31.112987500630155,46.92910941798228,-26.06795019760648,-6.237351638287407,0.1399888789978614,0.009573926458984805,-0.46012833225778094,-1.1349661281917611,-0.11844935071314566,-0.33735673800374677,-0.6407255428451886,0,1,14.013515879778202,0,1.0408340855860843e-17,0,2,0.3,63.15746565078937,0.33333333333333326,20.0,83.4907989841227,False,True,False,-1726.3607142857381,STOP_HIT,380
2017-06-27 14:30:00+05:30,2017,6,27,14,30,1,SELL,9487.95,9511.746000000001,9416.562,3.0,trend_bounce_sell,STRONG_DOWNTREND,9487.95,0.13933462971452984,32.183493729735886,48.23210806582672,-26.518106721247023,-6.018757345735157,0.18489025474018,0.0091470882768315,-0.5012715308182258,-0.7391249764609809,-0.07919186081661866,-0.2891020203833583,-0.5971271798979494,0,1,14.013515879778202,1,0.013377419552640572,0,2,0.3,63.93926483949603,0.33333333333333326,20.0,84.27259817282936,False,True,False,-1784.7000000000207,STOP_HIT,381
2017-06-30 10:15:00+05:30,2017,6,30,10,15,4,SELL,9485.2,9516.0780898683,9392.565730395101,3.0,trend_bounce_sell,STRONG_DOWNTREND,9485.2,0.21822719304058583,43.31547030706105,36.57145302967611,-10.085075471537493,-6.995924680328276,0.29730860408872173,0.014310798786574508,-0.5874492335909753,-0.8243378321295181,-0.003928855539159226,-0.19585606385668086,-0.32448335939125883,0,1,16.35294199948789,0,1.214306433183765e-17,0,4,0.1,71.94287181780567,0.33333333333333326,20.0,92.276205151139,False,True,False,-2315.85674012249,STOP_HIT,382
2017-06-30 10:30:00+05:30,2017,6,30,10,30,4,SELL,9486.0,9514.898556932289,9399.304329203134,3.0,trend_bounce_sell,STRONG_DOWNTREND,9486.0,0.21881118038613168,44.11966144132733,33.93923663694793,-10.543357999613363,-6.70878648756373,0.3219485305360184,0.013361318548824386,-0.5117050296860381,-0.8720459378543266,0.003603971775234527,-0.17042757744468728,-0.3037190229551512,0,1,16.35294199948789,1,0.018447266187566702,0,4,0.1,70.36354198216875,0.33333333333333326,20.0,90.69687531550208,False,True,False,-2167.3917699216418,STOP_HIT,383
2017-07-04 09:30:00+05:30,2017,7,4,9,30,1,BUY,9637.5,9615.366428571428,9703.900714285717,3.0,trend_pullback_buy,STRONG_UPTREND,9637.5,0.1275894015193637,66.80200105462514,33.46871725485805,27.019617717596702,5.101672219440577,1.1903991791506041,0.004254352921927365,0.46178543134720584,0.3013985475420755,0.20248948020031854,0.36097163336610283,0.6775295862799346,1,0,19.34013861015098,0,1.3877787807814457e-17,0,6,0.1,55.08123035291483,0.33333333333333326,20.0,75.41456368624816,False,True,False,-1660.0178571429296,STOP_HIT,384
2017-07-21 10:15:00+05:30,2017,7,21,10,15,4,BUY,9909.2,9887.000857142859,9975.797428571426,3.0,trend_pullback_buy,STRONG_UPTREND,9909.2,0.12445865602527956,64.72495596515537,39.16950544803333,4.210309019215856,1.5499240087170358,0.9225413341060428,0.006029803945518807,0.346837199175698,0.11214273446420453,0.11682644933137531,0.18912896759415432,0.23779420474978608,1,0,20.446211518085487,0,1.3877787807814457e-17,0,7,0.1,63.501703268819995,0.33333333333333326,20.0,83.83503660215334,False,True,False,-1664.9357142856388,STOP_HIT,385
2017-07-21 10:30:00+05:30,2017,7,21,10,30,4,BUY,9910.79,9888.909714285715,9976.430857142857,3.0,trend_pullback_buy,STRONG_UPTREND,9910.79,0.12265131524040004,67.50555418129947,39.042489001621114,4.901733734302979,2.017213851423743,0.9062444704421019,0.0064518137335656,0.34464778393703543,0.17476120685300245,0.10628446341158782,0.18651521427703877,0.2438977707525769,1,0,20.446211518085487,1,0.013944649352774558,0,7,0.1,58.42549340097267,0.33333333333333326,20.0,78.75882673430601,False,True,False,-1641.021428571412,STOP_HIT,386
2017-08-03 11:30:00+05:30,2017,8,3,11,30,3,SELL,10040.15,10071.395870881131,9946.412387356604,3.0,trend_bounce_sell,STRONG_DOWNTREND,10040.15,0.184032537931632,30.585724109109236,59.91652522731339,-8.311917195487695,-9.57045563957813,0.2659463389949611,0.01057619214994287,-0.4101572186678615,-0.4975050419460225,-0.03581915591590601,-0.19307183105609083,-0.31024369691863285,0,1,22.648976756286128,0,1.5612511283791264e-17,0,9,0.1,70.0,0.33333333333333326,20.0,90.33333333333333,False,True,True,1640.4082212593948,STOP_HIT,387
2017-08-03 14:30:00+05:30,2017,8,3,14,30,3,SELL,10010.15,10030.304857142857,9949.685428571427,3.0,trend_bounce_sell,STRONG_DOWNTREND,10010.15,0.11185789281022765,31.858539365380807,30.8939881341565,-12.21688904025359,-5.0932359884210365,-0.30574994459658117,0.0034549085389804597,-0.3256047835026976,-0.4192079615689681,-0.23759510358822844,-0.33816859450253034,-0.4835827203148124,0,1,22.648976756286128,1,0.02018639787733814,0,9,0.1,53.536392880493906,0.33333333333333326,20.0,73.86972621382725,False,True,False,-1511.6142857143132,STOP_HIT,388
2017-08-08 11:15:00+05:30,2017,8,8,11,15,1,SELL,10019.85,10043.723240822805,9948.230277531587,3.0,trend_bounce_sell,STRONG_DOWNTREND,10019.85,0.2109455587801084,34.08596233295832,33.40845011811605,-7.784560592042908,-8.870951817199789,0.33794270189332376,0.013980248823962003,-0.37335693121481883,-0.5098697275399244,0.053612206207409585,-0.13231341273890473,-0.2376931368018087,0,1,22.563161123520675,0,1.5612511283791264e-17,0,1,0.1,60.04507007086963,0.33333333333333326,20.0,80.37840340420297,False,True,True,5371.479185130966,TARGET_HIT,389
2017-08-08 11:30:00+05:30,2017,8,8,11,30,1,SELL,10014.9,10042.592917653283,9931.82124704015,3.0,trend_bounce_sell,STRONG_DOWNTREND,10014.9,0.21376006892587254,32.19627124404782,35.465660056888,-8.35044937305247,-8.493156538388416,0.32223819576851365,0.013865641630097236,-0.422574422813049,-0.5870534562102292,0.003346998861131212,-0.1651636240676324,-0.2757546569930547,0,1,22.563161123520675,1,0.015406217384477311,0,1,0.1,61.2793960341328,0.33333333333333326,20.0,81.61272936746613,False,True,True,6230.906471988692,TARGET_HIT,390
2017-08-09 11:15:00+05:30,2017,8,9,11,15,2,SELL,9939.35,9969.041000000001,9850.276999999998,3.0,trend_bounce_sell,STRONG_DOWNTREND,9939.35,0.16595652633220634,30.617902640957922,47.19897183545883,-24.444270534022507,-5.343404905733227,0.11683549116024239,0.00739116744623589,-0.39274282610483047,-0.685455063224738,-0.14004533967025834,-0.2950985844974552,-0.5682428562321484,0,1,18.984134803627324,0,0.017871185254804973,1,0,0.2,68.31938310127529,0.33333333333333326,20.0,88.65271643460862,False,True,True,6680.47500000016,TARGET_HIT,391
2017-08-09 15:15:00+05:30,2017,8,9,15,15,2,SELL,9908.04,9935.680285714287,9825.119142857144,3.0,trend_bounce_sell,STRONG_DOWNTREND,9908.04,0.15498236064563853,37.36837884369672,29.79184539587994,-25.657601310145765,-1.3629073784805925,-0.055778552979543775,0.004984539244964939,-0.3410799692213251,-0.57309724389496,-0.18705272786183613,-0.30349825954707477,-0.5773098109764119,0,1,14.832470524303185,1,0.018314160211484153,2,0,0.3,61.50418102233389,0.33333333333333326,20.0,81.83751435566722,False,True,True,1451.115000000027,STOP_HIT,392
2017-08-10 10:45:00+05:30,2017,8,10,10,45,3,SELL,9876.65,9918.537285714285,9750.988142857144,3.0,trend_bounce_sell,STRONG_DOWNTREND,9876.65,0.23561343457259384,40.31649260823176,35.3354023597929,-35.17362038693136,-6.235613942554387,0.29621234807498414,0.014018799617771497,-0.5727062054413756,-0.7062501885009453,0.00782062574686826,-0.23477225778244515,-0.6231124851620251,0,1,10.38125791966807,0,0.016218128491959704,3,0,0.4,71.20124141587574,0.33333333333333326,20.0,91.53457474920907,False,True,True,9424.639285714147,TARGET_HIT,393
2017-08-10 13:30:00+05:30,2017,8,10,13,30,3,SELL,9842.2,9867.367857142857,9766.696428571431,3.0,trend_bounce_sell,STRONG_DOWNTREND,9842.2,0.14206318564084106,44.1411942685306,42.66460210739779,-33.87439606033149,-1.8795104544610197,0.11001546818532278,0.0073486701010032456,-0.4862344784632211,-0.7006906014639269,-0.19292872088061408,-0.35468176844501986,-0.7167019640031302,0,1,9.414377364202325,1,0.023356923257285788,4,0,0.5,70.59876126443868,0.33333333333333326,20.0,90.93209459777201,False,True,,,,394
2017-08-10 13:45:00+05:30,2017,8,10,13,45,3,SELL,9854.2,9880.537857142857,9775.186428571431,3.0,trend_bounce_sell,STRONG_DOWNTREND,9854.2,0.1484863596957935,46.053950615078776,40.028835198172935,-33.751662043458055,-1.5810987938288221,0.2895926717195737,0.006548097040640977,-0.3115832068791069,-0.5433970795434839,-0.05700011107599989,-0.21203608650972594,-0.5724266523699062,0,1,9.414377364202325,1,0.023356923257285788,4,0,0.5,69.01730111890376,0.33333333333333326,20.0,89.35063445223709,False,True,,,,395
2017-08-10 14:15:00+05:30,2017,8,10,14,15,3,SELL,9838.9,9864.870142857142,9760.989571428572,3.0,trend_bounce_sell,STRONG_DOWNTREND,9838.9,0.14664095724986662,30.220661124116447,37.550816355720926,-33.79735640932449,-1.348544356206233,0.0705663368351555,0.005860973924090839,-0.4124640042916461,-0.30246991766941234,-0.1644312221892652,-0.3181666421369522,-0.6779397089149541,0,1,9.414377364202325,1,0.023356923257285788,4,0,0.5,56.01593337549488,0.33333333333333326,20.0,76.34926670882822,False,True,,,,396
2017-08-10 15:30:00+05:30,2017,8,10,15,30,3,SELL,9820.25,9863.181285714287,9691.45614285714,3.0,trend_bounce_sell,STRONG_DOWNTREND,9820.25,0.24287278109736926,30.350019116322684,44.13025433977286,-37.59345966793626,-3.3402962627307744,0.19946332140592984,0.011006408712289237,-0.3687884260292651,-0.37070892247882403,-0.08207008720207964,-0.2932690388674275,-0.6991465493258686,0,1,9.414377364202325,1,0.023356923257285788,4,0,0.5,66.47815260386372,0.33333333333333326,20.0,86.81148593719705,False,True,,,,397
2017-08-11 11:30:00+05:30,2017,8,11,11,30,4,SELL,9748.04,9798.04,9598.04,3.0,trend_bounce_sell,STRONG_DOWNTREND,9748.04,0.3407937830139627,35.95320318668715,57.118508499040296,-52.52451585281415,-7.7175676519089365,0.3174966487896295,0.020630571764406778,-0.7353173289885606,-1.1013939898139258,-0.04996164697997907,-0.3549302104960961,-0.9347602687277634,0,1,3.134723120647937,0,2.42861286636753e-17,5,0,0.6,75.0,0.33333333333333326,20.0,95.33333333333333,False,True,True,2625.0,STOP_HIT,398
2017-08-11 15:15:00+05:30,2017,8,11,15,15,4,SELL,9710.79,9743.956285714286,9611.291142857144,3.0,trend_bounce_sell,STRONG_DOWNTREND,9710.79,0.18974475079487962,30.63707993691257,35.560482349672945,-50.391493836021255,-0.856194894633731,0.25224875739560937,0.008556520541005622,-0.3500292460671628,-0.40317535204766886,-0.034640184670176044,-0.2415893868076613,-0.7808502633700254,0,1,1.3856808613524696,1,2.42861286636753e-17,6,0,0.7,54.89823835614108,0.33333333333333326,20.0,75.2315716894744,False,True,False,-2487.4714285714163,STOP_HIT,399
2017-08-17 13:30:00+05:30,2017,8,17,13,30,3,BUY,9926.15,9898.948142857142,10007.755571428574,3.0,trend_pullback_buy,STRONG_UPTREND,9926.15,0.15224576353513797,50.801222807968,30.714714408795782,30.956496195118234,2.9609683555814357,0.6310710007503414,0.0062747537900067875,0.3274794693619576,0.3082162364271168,0.04124020927904759,0.17372161651358908,0.5152410337860402,1,0,3.043087584156839,0,2.42861286636753e-17,0,1,0.7,68.42882864527746,0.33333333333333326,20.0,88.76216197861079,False,True,False,-2040.1392857143492,STOP_HIT,400
2017-08-21 12:15:00+05:30,2017,8,21,12,15,0,SELL,9830.25,9848.226219383236,9770.25,3.0,trend_bounce_sell,STRONG_DOWNTREND,9830.25,0.17534069399484523,47.59263024518735,30.887208487326422,-5.7855506404212065,-0.1695613395253348,0.3084936406351456,0.007132679503737274,-0.4712057257469371,0.26733877054765376,-0.08873928958894606,-0.11747081178564711,-0.18253255949639557,0,1,4.402436089133314,0,2.42861286636753e-17,0,2,0.7,55.2279384876492,0.33333333333333326,20.0,75.56127182098254,False,True,True,4500.0,TARGET_HIT,401
2017-08-21 12:30:00+05:30,2017,8,21,12,30,0,SELL,9829.15,9847.478132348599,9769.15,3.0,trend_bounce_sell,STRONG_DOWNTREND,9829.15,0.1749170288667579,47.242757870340064,31.174092876481506,-6.1133198935367545,-0.4475975333767943,0.2830626678089571,0.006975294676025171,-0.4229604190094105,0.07126749235146779,-0.07995142466085126,-0.11696605786973846,-0.18612006142355586,0,1,4.402436089133314,1,0.009396882418157736,0,2,0.7,58.18043105965685,0.33333333333333326,20.0,78.51376439299018,False,True,True,4500.0,TARGET_HIT,402
2017-08-22 09:30:00+05:30,2017,8,22,9,30,1,SELL,9764.9,9805.973428571428,9641.679714285716,3.0,trend_bounce_sell,STRONG_DOWNTREND,9764.9,0.23367951979612048,33.72981908459505,76.0116938713501,-20.449663356770543,-7.022074184445948,0.20037511940371508,0.01236360400748171,-0.4916871748622986,-0.871507245641201,-0.14005756820728577,-0.3239823871729386,-0.5643462935111754,0,1,0.0,0,2.6020852139652106e-17,2,0,0.8,70.0,0.33333333333333326,20.0,90.33333333333333,False,True,False,-3080.5071428570955,STOP_HIT,403
2017-09-08 14:15:00+05:30,2017,9,8,14,15,4,SELL,9913.54,9934.083142857144,9851.910571428572,3.0,trend_bounce_sell,STRONG_DOWNTREND,9913.54,0.11512393295288513,36.393858112414556,35.626439100429444,0.6457009314071911,-2.787202965209254,-0.012174679665793222,0.005241467146017069,-0.30631536604986964,-0.4334769552160833,-0.15478176087677653,-0.21041218527311223,-0.2114779496572683,0,1,2.0203376507316126,0,2.42861286636753e-17,0,1,0.7,61.37586346025766,0.33333333333333326,20.0,81.70919679359099,False,True,False,-1540.7357142857109,STOP_HIT,404
2017-09-11 10:45:00+05:30,2017,9,11,10,45,0,BUY,9972.29,9946.116138060128,10050.81158581962,3.0,trend_pullback_buy,STRONG_UPTREND,9972.29,0.15560260338540938,66.15618299690648,39.49561523729574,9.461447810588652,4.679726829563297,0.728806796045455,0.010385597222700584,0.3617022347240262,0.274005936627697,0.019197494148714966,0.15018899243737227,0.2631566088366455,1,0,3.030822687462044,0,2.42861286636753e-17,0,2,0.6,63.69736914237744,0.33333333333333326,20.0,84.03070247571077,False,True,True,5889.118936471414,TARGET_HIT,405
2017-09-11 13:00:00+05:30,2017,9,11,13,0,0,BUY,10010.7,9996.177857142859,10070.7,3.0,trend_pullback_buy,STRONG_UPTREND,10010.7,0.08059233762731072,69.58798401543325,57.85436675446906,18.29887383213827,6.8696859032823525,0.7584307513808674,0.010780878091646155,0.30158507504558507,0.7822410147991565,0.08768475125624509,0.25527943660896835,0.4690441315023497,1,0,3.030822687462044,1,0.013276912614573812,0,2,0.6,60.0,0.33333333333333326,20.0,80.33333333333334,False,True,True,762.4124999999367,STOP_HIT,406
2017-09-12 10:45:00+05:30,2017,9,12,10,45,1,BUY,10057.04,10033.51142857143,10127.625714285714,3.0,trend_pullback_buy,STRONG_UPTREND,10057.04,0.12997292017759143,66.82221825222884,54.22888185149707,24.57065388468436,4.2173650579336694,1.0014105953707584,0.006598565638786028,0.307093878568776,0.5035651291890986,0.18092121792903093,0.33759408488842624,0.6094280459851609,1,0,0.0,0,2.6020852139652106e-17,2,0,0.6,65.0,0.33333333333333326,20.0,85.33333333333333,False,True,True,5293.928571428478,TARGET_HIT,407
2017-09-12 11:00:00+05:30,2017,9,12,11,0,1,BUY,10058.54,10035.384285714286,10128.007142857145,3.0,trend_pullback_buy,STRONG_UPTREND,10058.54,0.12789416470268658,66.38240139548452,53.02781734903003,25.252936203543868,4.409682639113861,0.9536455096515389,0.007035824746848712,0.5130306179550681,0.5322184564365395,0.15662914621894508,0.3204058181721203,0.5997993878713581,1,0,0.0,1,0.011421255505996555,2,0,0.6,65.0,0.33333333333333326,20.0,85.33333333333333,False,True,True,1215.6750000000557,STOP_HIT,408
2017-09-15 10:30:00+05:30,2017,9,15,10,30,4,SELL,10061.04,10080.780326487904,10001.04,3.0,trend_bounce_sell,STRONG_DOWNTREND,10061.04,0.15031817216283075,39.52462955457038,38.58752971230016,-2.186866571279097,-6.453006264215608,0.17385336057414966,0.0048913563244956946,-0.3141859255405999,-0.15788507435284815,-0.0612181445434512,-0.14975523989098072,-0.1958214131105862,0,1,0.0,0,2.7755575615628914e-17,4,0,0.6,68.1525178273801,0.33333333333333326,20.0,88.48585116071342,False,True,False,-1480.5244865927307,STOP_HIT,409
2017-09-15 10:45:00+05:30,2017,9,15,10,45,4,SELL,10057.79,10079.878745057005,9991.523764828988,3.0,trend_bounce_sell,STRONG_DOWNTREND,10057.79,0.14873332724470886,35.885676408611474,36.30286726214732,-2.914679924448137,-6.462737655646183,0.15094654983170044,0.005165700210052669,-0.320214864074686,-0.22974025265475317,-0.07481494490856333,-0.165490735638385,-0.21913701162165067,0,1,0.0,1,0.00919496135502221,4,0,0.6,61.78172035728839,0.33333333333333326,20.0,82.11505369062172,False,True,False,-1656.6558792753312,STOP_HIT,410
2017-09-21 12:00:00+05:30,2017,9,21,12,0,3,SELL,10091.29,10120.073285714287,10004.940142857144,3.0,trend_bounce_sell,STRONG_DOWNTREND,10091.29,0.15846055643742357,30.191775883578316,40.74135971635928,-11.641127590179167,-7.830746109148489,0.24864549177689452,0.011328629091963532,-0.5371686187078617,-0.559809225372232,-0.05917694121545525,-0.21683444825933984,-0.36195835738058735,0,1,1.9483806238340389,0,2.7755575615628914e-17,0,2,0.6,64.44481582981557,0.33333333333333326,20.0,84.7781491631489,False,True,False,-2158.7464285714304,STOP_HIT,411
2017-09-22 14:00:00+05:30,2017,9,22,14,0,4,SELL,9981.35,10007.302142857143,9903.493571428573,3.0,trend_bounce_sell,STRONG_DOWNTREND,9981.35,0.1444479668868156,31.3040324477483,58.041441978192594,-33.929452254033095,-7.458716663217011,0.030903513725778056,0.00675321556516498,-0.31111111111110645,-1.3885732915756899,-0.19590994446629928,-0.40950253926644864,-0.7858299224045462,0,1,3.289094010593905,0,2.7755575615628914e-17,0,3,0.5,65.0,0.33333333333333326,20.0,85.33333333333333,False,True,True,5839.232142857054,TARGET_HIT,412
2017-09-22 14:15:00+05:30,2017,9,22,14,15,4,SELL,9983.25,10009.496571428572,9904.510285714285,3.0,trend_bounce_sell,STRONG_DOWNTREND,9983.25,0.14605893442945594,32.45612641383265,57.476564752243405,-34.5031933539467,-7.229211986817553,0.07763192827295384,0.006252233350295667,-0.31991085630072025,-0.6740622823599662,-0.1415794827011818,-0.3551669978261174,-0.7370894610197576,0,1,3.289094010593905,1,0.012499520364479313,0,3,0.5,65.0,0.33333333333333326,20.0,85.33333333333333,False,True,True,5905.478571428648,TARGET_HIT,413
2017-09-27 14:00:00+05:30,2017,9,27,14,0,2,SELL,9779.4,9808.800428571429,9691.198714285712,3.0,trend_bounce_sell,STRONG_DOWNTREND,9779.4,0.16702017944425593,35.271086796137155,36.93686338455246,-25.962083989405073,-1.4400927932023144,0.09865121933355153,0.010379896195389128,-0.4610827811536322,-0.9329889074608744,-0.22483373759163428,-0.3867587398593053,-0.6593417012142333,0,1,0.0,0,2.949029909160572e-17,2,0,0.6,66.56304596275461,0.33333333333333326,20.0,86.89637929608794,False,True,True,1543.5224999999718,STOP_HIT,414
2017-09-27 14:15:00+05:30,2017,9,27,14,15,2,SELL,9758.5,9790.388285714285,9662.835142857144,3.0,trend_bounce_sell,STRONG_DOWNTREND,9758.5,0.1815413668669821,32.435939020433935,40.10281903436281,-27.50681054196866,-2.68633741118931,-0.05372029197692428,0.010270892689369884,-0.6702733514176495,-1.2137593132491076,-0.35076153706369295,-0.5454307170392747,-0.8377512564910372,0,1,0.0,1,0.013167236906681689,2,0,0.6,64.06169142061768,0.33333333333333326,20.0,84.395024753951,False,True,True,1674.1349999999784,STOP_HIT,415
2017-09-28 10:00:00+05:30,2017,9,28,10,0,3,SELL,9745.25,9789.181571428571,9613.455285714286,3.0,trend_bounce_sell,STRONG_DOWNTREND,9745.25,0.25044435567511214,34.51114751644458,66.8892665602336,-39.09955039512897,-7.330946385080971,0.3477209322549554,0.015503455143155213,-0.3492034276131428,-0.8086760918908587,0.0707035644851306,-0.20183251504465316,-0.6360109746781029,0,1,0.0,0,0.013167236906681689,3,0,0.7,70.0,0.33333333333333326,20.0,90.33333333333333,False,True,False,-3294.8678571428445,STOP_HIT,416
2017-10-25 10:00:00+05:30,2017,10,25,10,0,2,BUY,10250.95,10209.352430623858,10375.74270812843,3.0,trend_pullback_buy,STRONG_UPTREND,10250.95,0.2262717114023588,65.3360569555559,41.67623849033641,11.543336341368558,5.822122884177309,0.8596862187993685,0.0084219257163229,0.48325515970457644,0.4059944169646057,0.12730558215756638,0.2705356784935109,0.40744571860764633,1,0,1.9304222427772064,0,3.122502256758253e-17,0,1,0.6,65.00574309420185,0.33333333333333326,20.0,85.33907642753518,False,True,True,2183.872392247531,STOP_HIT,417
2017-10-25 10:15:00+05:30,2017,10,25,10,15,2,BUY,10253.25,10211.139,10379.583000000002,3.0,trend_pullback_buy,STRONG_UPTREND,10253.25,0.22817155536049719,68.20239561842287,44.980143504233105,12.433541928574414,6.041095624244848,0.8457833097115975,0.008901884489904617,0.41917839076630603,0.35136312253176705,0.11978099294760458,0.2663229834492187,0.41304270700683876,1,0,1.9304222427772064,1,0.018638425583779403,0,1,0.6,66.98808610253987,0.33333333333333326,20.0,87.3214194358732,False,True,True,2210.827500000096,STOP_HIT,418
2017-10-27 10:15:00+05:30,2017,10,27,10,15,4,BUY,10348.45,10315.603857142858,10446.988428571429,3.0,trend_pullback_buy,STRONG_UPTREND,10348.45,0.17633420601981065,62.26896222596344,31.248059901412834,24.651656679319785,1.8533374565597462,0.8126863242403354,0.006153049113120964,0.41043454636311427,0.4752657896014423,0.06963120050624827,0.1979386940427652,0.45346645920216755,1,0,0.0,0,3.122502256758253e-17,2,0,0.6,63.7488359408477,0.33333333333333326,20.0,84.08216927418103,False,True,True,1724.4224999999915,STOP_HIT,419
2017-10-27 10:30:00+05:30,2017,10,27,10,30,4,BUY,10349.0,10316.610285714285,10446.169142857145,3.0,trend_pullback_buy,STRONG_UPTREND,10349.0,0.1738746324696646,61.24344166948388,32.05958766587665,24.734701684385072,1.7427442154625297,0.7949375255969949,0.005963972949541216,0.32280892232228187,0.43672360248447895,0.05995077890783573,0.1847513330907713,0.4407336999549649,1,0,0.0,1,0.014340702690400296,2,0,0.6,64.235752599526,0.33333333333333326,20.0,84.56908593285932,False,True,True,1700.460000000021,STOP_HIT,420
2017-11-07 11:15:00+05:30,2017,11,7,11,15,1,SELL,10409.7,10445.410910668943,10302.567267993174,3.0,trend_bounce_sell,STRONG_DOWNTREND,10409.7,0.20250343429685705,30.382070031705155,28.577065784745894,-0.383121264856527,-6.322673513201078,0.057566750090353405,0.00959153448878421,-0.40270613933115484,-0.6447302488725493,-0.19709944792795087,-0.31975458002111434,-0.34188133884198724,0,1,0.0,0,3.2959746043559335e-17,4,0,0.8,57.14623947084753,0.33333333333333326,20.0,77.47957280418086,False,True,True,8034.9549005120025,TARGET_HIT,421
2017-11-07 11:45:00+05:30,2017,11,7,11,45,1,SELL,10423.65,10443.764012501395,10363.307962495814,3.0,trend_bounce_sell,STRONG_DOWNTREND,10423.65,0.20497344294670497,32.301761660237034,29.338222246886662,-1.9088707440132566,-6.423013027144855,0.2516600737244181,0.00976166113092154,-0.4426934097421231,-0.5134837197982467,-0.041629377410612456,-0.15446538091490325,-0.1925935177903182,0,1,0.0,1,0.015286688813332137,4,0,0.8,57.602933348132,0.33333333333333326,20.0,77.93626668146533,False,True,True,4525.652812813951,TARGET_HIT,422
2017-11-07 14:45:00+05:30,2017,11,7,14,45,1,SELL,10367.15,10401.554428571428,10263.936714285715,3.0,trend_bounce_sell,STRONG_DOWNTREND,10367.15,0.1843666912176543,35.675958080244015,45.88200784675263,-16.664580053557074,-11.11561522099972,0.17009582432022746,0.011076966338119661,-0.7191936603701321,-0.8208209165833646,-0.11019973233239444,-0.3400978818753342,-0.5402463395024926,0,1,0.0,2,0.01528668881333214,5,0,0.9,72.52920470805158,0.33333333333333326,20.0,92.86253804138491,False,True,True,1806.2324999999873,STOP_HIT,423
2017-11-13 14:45:00+05:30,2017,11,13,14,45,0,SELL,10248.29,10268.849857142859,10186.610428571426,3.0,trend_bounce_sell,STRONG_DOWNTREND,10248.29,0.11145413388129373,37.345119350236445,33.495409793148085,-13.2852073938393,-1.7011522996082835,-0.08194644474009304,0.00398840198269904,-0.3264004045964386,-0.4855174985361699,-0.15426099352410239,-0.24658357586302415,-0.3837764649259223,0,1,0.0,0,3.642919299551295e-17,7,0,0.9,60.09724587588885,0.33333333333333326,20.0,80.43057920922219,False,True,True,4625.967857143087,TARGET_HIT,424
2017-11-13 15:00:00+05:30,2017,11,13,15,0,0,SELL,10228.1,10250.776142857143,10160.071571428572,3.0,trend_bounce_sell,STRONG_DOWNTREND,10228.1,0.12316908460865127,30.933914016486156,35.23224677256498,-14.699838550828645,-2.8042051109378647,-0.24038551049659504,0.005441924466972848,-0.5203470276999633,-0.516476675874411,-0.2809696716194465,-0.402986206876943,-0.557409428758382,0,1,0.0,1,0.00813402371214168,7,0,0.9,56.13934806353899,0.33333333333333326,20.0,76.47268139687233,False,True,True,5102.13214285709,TARGET_HIT,425
2017-11-15 14:00:00+05:30,2017,11,15,14,0,2,SELL,10125.85,10148.636714285716,10057.489857142853,3.0,trend_bounce_sell,STRONG_DOWNTREND,10125.85,0.12501948690022144,40.10575924776508,39.739387466525834,-28.46184950474344,-0.703291848216498,-0.10070756916750333,0.004125593597097267,-0.3331791293050057,-0.5963717040032956,-0.1627467082256695,-0.2873201557026417,-0.5797913341434091,0,1,0.0,0,3.8163916471489756e-17,9,0,0.9,60.87655096208048,0.33333333333333326,20.0,81.20988429541381,False,True,False,-1709.0035714286842,STOP_HIT,426
2017-11-15 15:30:00+05:30,2017,11,15,15,30,2,SELL,10118.04,10144.917857142858,10037.406428571428,3.0,trend_bounce_sell,STRONG_DOWNTREND,10118.04,0.1475794013182685,35.507194857202265,45.17038407992933,-30.598132418992463,-1.5915206831023703,0.22819759504242834,0.0072202550206469564,-0.3492391786083515,-0.28245636512364003,-0.04537027721470688,-0.19233444668753652,-0.5097844721547284,0,1,0.0,1,0.008574993669676751,9,0,0.9,67.1022304479576,0.33333333333333326,20.0,87.43556378129092,False,True,False,-2015.8392857143099,STOP_HIT,427
2017-11-16 13:30:00+05:30,2017,11,16,13,30,3,BUY,10193.65,10174.897509422362,10253.65,3.0,trend_pullback_buy,STRONG_UPTREND,10193.65,0.12192464356311457,64.02216774122974,49.338532590845695,-2.9512176338794234,11.288724227567767,0.7298989643441,0.009913017149196181,0.31540308612816315,0.7038844542796241,0.0437720064088154,0.1780645479773746,0.1843015181260732,1,0,1.8689547789440992,0,3.8163916471489756e-17,0,2,0.8,69.60311955450742,0.33333333333333326,20.0,89.93645288784074,False,True,True,4500.0,TARGET_HIT,428
2017-11-30 15:00:00+05:30,2017,11,30,15,0,3,SELL,10222.04,10253.572142857143,10127.443571428574,3.0,trend_bounce_sell,STRONG_DOWNTREND,10222.04,0.17137339653197542,33.63768297839415,42.48004147811752,-26.795363237124548,-4.5463948322340215,-0.33495312925501014,0.0064826998618900955,-0.5333346307477393,-0.6594816276154214,-0.4779775024609578,-0.6216875105128805,-0.9079222962701583,0,1,0.0,0,3.8163916471489756e-17,1,0,0.8,65.4880248868705,0.33333333333333326,20.0,85.82135822020383,False,True,False,-2364.910714285679,STOP_HIT,429
2017-12-07 14:30:00+05:30,2017,12,7,14,30,3,BUY,10143.54,10125.28542857143,10203.54,3.0,trend_pullback_buy,STRONG_UPTREND,10143.54,0.09997918449997023,60.11571032176838,50.66402674998399,5.542816724491786,9.054070820259133,0.9856029314170044,0.005584202448553225,0.3987825699651282,0.5535454067825185,0.15838868020325858,0.2939169500504546,0.38299805271080345,1,0,1.1820061220575877,0,3.8163916471489756e-17,0,1,0.7,65.0,0.33333333333333326,20.0,85.33333333333333,False,True,True,4500.0,TARGET_HIT,430
2017-12-07 14:45:00+05:30,2017,12,7,14,45,3,BUY,10143.04,10123.808285714287,10203.04,3.0,trend_pullback_buy,STRONG_UPTREND,10143.04,0.10533612915147182,65.8043218755857,50.37523964767884,6.624730198127509,9.12238586450537,0.9188326424820769,0.005843724329169218,0.372970753115931,0.4291216570789347,0.12272363749836757,0.2626339294383495,0.36317059899635407,1,0,1.1820061220575877,1,0.006924714121187524,0,1,0.7,65.0,0.33333333333333326,20.0,85.33333333333333,False,True,True,4500.0,TARGET_HIT,431
2017-12-11 11:00:00+05:30,2017,12,11,11,0,0,BUY,10305.15,10278.716999999999,10384.449000000002,3.0,trend_pullback_buy,STRONG_UPTREND,10305.15,0.14250156475160616,66.03483424445159,33.531522078691175,43.135314905199266,3.0805297807871455,0.7444547618561831,0.010246508219312694,0.4048287150707264,0.47776212321388734,0.060350932665809154,0.24809819062356908,0.7031299511202294,1,0,0.0,0,3.8163916471489756e-17,2,0,0.7,55.11891324721471,0.33333333333333326,20.0,75.45224658054804,False,True,False,-1982.4750000000677,STOP_HIT,432
2017-12-11 11:15:00+05:30,2017,12,11,11,15,0,BUY,10297.85,10271.442714285715,10377.071857142857,3.0,trend_pullback_buy,STRONG_UPTREND,10297.85,0.1424638568799737,61.17359361340107,34.75907249923419,42.544260295984714,2.240527654415331,0.6568092441008003,0.01009798938161747,0.3136674248586324,0.4227412355551241,-0.008424326358369427,0.16095961028037564,0.6068669238491919,1,0,0.0,1,0.00959055892347294,2,0,0.7,60.85544349954051,0.33333333333333326,20.0,81.18877683287386,False,True,False,-1980.5464285714152,STOP_HIT,433
2017-12-13 12:15:00+05:30,2017,12,13,12,15,2,BUY,10284.45,10263.110353787855,10348.468938636437,3.0,trend_pullback_buy,STRONG_UPTREND,10284.45,0.1566095276988919,68.07790312549545,49.304259174697,1.1315585820284468,0.6843794552842895,0.8410294301152056,0.008825104838069668,0.4453625162982311,0.26029099948818857,0.1155013947659489,0.20096878391733242,0.20792572111698604,1,0,1.9171788055687626,0,3.642919299551295e-17,0,2,0.5,61.4263500576611,0.33333333333333326,20.0,81.75968339099444,False,True,False,-1600.473465910909,STOP_HIT,434
2017-12-13 12:30:00+05:30,2017,12,13,12,30,2,BUY,10284.1,10263.933477168724,10344.599568493828,3.0,trend_pullback_buy,STRONG_UPTREND,10284.1,0.1584276421160546,67.88398276572136,46.16101478505137,1.905056644594879,1.3120897660656494,0.8111250743792694,0.009201174362594024,0.5607842178600331,0.22473355527314887,0.08965531465803256,0.17956661228459847,0.19647947715302205,1,0,1.9171788055687626,1,0.00789390195252634,0,2,0.5,65.81750653168731,0.33333333333333326,20.0,86.15083986502064,False,True,False,-1512.4892123456902,STOP_HIT,435
2017-12-14 11:00:00+05:30,2017,12,14,11,0,3,SELL,10163.54,10200.712571428572,10052.022285714287,3.0,trend_bounce_sell,STRONG_DOWNTREND,10163.54,0.20319129527141627,36.97986900674509,53.32212890936371,-18.417438769194632,-8.339228399755337,0.15899162938997397,0.015350211428861957,-0.3260830123990033,-1.1722950963137246,-0.29645603601774484,-0.47830612338501943,-0.6932880230529737,0,1,3.423127278683976,0,3.642919299551295e-17,0,4,0.3,75.0,0.33333333333333326,20.0,95.33333333333333,False,True,False,-2787.9428571428434,STOP_HIT,436
2017-12-14 11:45:00+05:30,2017,12,14,11,45,3,SELL,10172.0,10206.125428571428,10069.623714285717,3.0,trend_bounce_sell,STRONG_DOWNTREND,10172.0,0.18637997865288344,48.10533580747948,45.37155726931503,-21.931270413633683,-8.858842980352863,0.27258408824827385,0.011606048247780675,-0.38291662994193176,-1.0702156381418582,-0.08041354486111318,-0.2814617188807378,-0.5344854622507778,0,1,3.423127278683976,1,0.013965192558282975,0,4,0.3,77.22293436158901,0.33333333333333326,20.0,97.55626769492234,False,True,False,-2559.4071428570714,STOP_HIT,437
2018-01-11 12:30:00+05:30,2018,1,11,12,30,3,BUY,10657.35,10639.967142857144,10717.35,3.0,trend_pullback_buy,STRONG_UPTREND,10657.35,0.09061486070310892,69.00836565817184,31.798470341300636,6.623765272343007,0.9667827001159344,1.2396112838852413,0.00353864992262674,0.3087189575087912,0.2827623196860918,0.18369448737856064,0.24734029067816632,0.3122836586251232,1,0,0.0,0,0.0,0,0,0.5,43.74690920593972,0.33333333333333326,20.0,64.08024253927306,False,True,False,-1303.7142857142499,STOP_HIT,438
2018-01-12 09:45:00+05:30,2018,1,12,9,45,4,BUY,10685.15,10661.145714285714,10757.162857142856,3.0,trend_pullback_buy,STRONG_UPTREND,10685.15,0.12480605593477244,62.97666521413799,50.08175790008723,12.731790625895883,3.495395522058514,0.995924103927393,0.0059359474535877815,0.3079132773519344,0.5051051361761427,0.17938836010662484,0.2896556623318114,0.4233711575484689,1,0,1.3037142857142463,0,0.0,0,1,0.0,70.0,0.33333333333333326,20.0,90.33333333333333,False,True,False,-1800.3214285713966,STOP_HIT,439
2018-01-12 10:45:00+05:30,2018,1,12,10,45,4,BUY,10675.4,10651.646428571428,10746.660714285714,3.0,trend_pullback_buy,STRONG_UPTREND,10675.4,0.12361530782386207,59.40364614357707,36.842238540212364,14.295199779458926,3.426929501854149,0.7224171088404662,0.005697057962563625,0.4100904832671892,0.29358849696781153,0.03064429850525574,0.1312744367003571,0.280450627852491,1,0,1.3037142857142463,1,0.018241025136276328,0,1,0.0,67.10534312412742,0.33333333333333326,20.0,87.43867645746074,False,True,False,-1781.5178571428532,STOP_HIT,440
2018-01-16 15:00:00+05:30,2018,1,16,15,0,1,SELL,10698.25,10720.939509593945,10630.181471218164,3.0,trend_bounce_sell,STRONG_DOWNTREND,10698.25,0.1464191406471681,32.40578041419255,39.5844059280066,2.07388315139724,-8.860386032307684,0.12930492351973258,0.005995541547828018,-0.3868787128251894,-0.5086976132131271,-0.10195204993771467,-0.20450837297179003,-0.21163732500907306,0,1,4.885553571428492,0,0.0,0,3,0.0,58.750643556803965,0.33333333333333326,20.0,79.08397689013731,False,True,False,-1701.7132195458998,STOP_HIT,441
2018-01-22 10:15:00+05:30,2018,1,22,10,15,0,BUY,10894.65,10856.361428571428,11009.515714285713,3.0,trend_pullback_buy,STRONG_UPTREND,10894.65,0.19524655286244644,69.74165990025173,48.622138816994216,22.659377549493,4.661548340492356,0.72334088003512,0.013211709569403754,0.5449629000701339,0.44068093501798966,0.008243401548946316,0.19168633208188623,0.4197576791733715,1,0,6.5872667909743905,0,0.0,0,4,0.0,69.17328329019654,0.33333333333333326,20.0,89.50661662352987,False,True,True,8614.928571428527,TARGET_HIT,442
2018-02-01 11:30:00+05:30,2018,2,1,11,30,3,BUY,11078.2,11051.041859234187,11159.674422297443,3.0,trend_pullback_buy,STRONG_UPTREND,11078.2,0.18981938788405636,69.73298648252923,44.01382990267563,1.002573045589088,10.576993684775124,0.7451522461882762,0.012646551271494317,0.4579377386036976,0.6002488172101694,0.05534884606834822,0.20815892763239585,0.24575185861883675,1,0,0.0,0,0.0,1,0,0.2,66.40829794160538,0.33333333333333326,20.0,86.74163127493871,False,True,False,-2036.8605574360572,STOP_HIT,443
2018-02-01 12:45:00+05:30,2018,2,1,12,45,3,SELL,10996.35,11041.686959915292,10860.339120254124,3.0,trend_bounce_sell,STRONG_DOWNTREND,10996.35,0.39340976129092275,39.72923405072537,49.1159887101921,-8.104863425398435,-0.9317489457461949,0.19531439397965128,0.014418852493211289,-0.7451100741048267,0.07143832188196697,-0.20226054980497787,-0.3340409259332211,-0.410598127621975,0,1,1.9963807088111327,1,0.0,0,1,0.16666666666666666,63.78708268357721,0.33333333333333326,20.0,84.12041601691054,False,True,False,-3400.271993646902,STOP_HIT,444
2018-02-19 10:45:00+05:30,2018,2,19,10,45,0,SELL,10395.6,10444.113857142858,10250.058428571427,3.0,trend_bounce_sell,STRONG_DOWNTREND,10395.6,0.25926490878008823,30.880958272637088,69.1202452567168,-35.49994005874214,-13.744382960874201,0.14824241878259242,0.015606289228632133,-0.5177182120060908,-1.138341274143384,-0.2160969378050437,-0.520848478561764,-0.9152894140006085,0,1,5.329076895619475,0,0.0,0,2,0.14285714285714285,70.0,0.33333333333333326,20.0,90.33333333333333,False,True,True,2546.9775000000936,STOP_HIT,445
2018-02-19 11:45:00+05:30,2018,2,19,11,45,0,SELL,10400.7,10443.635142857143,10271.894571428573,3.0,trend_bounce_sell,STRONG_DOWNTREND,10400.7,0.22933895932828732,32.07983534399119,65.7634572833187,-39.6413485779467,-12.045512544429286,0.2940621603229005,0.012940147229843033,-0.3802536301291015,-1.1241616321020609,-0.013587781173340918,-0.2912590998891962,-0.7243886727274496,0,1,5.329076895619475,1,0.037669731336433525,0,2,0.14285714285714285,70.0,0.33333333333333326,20.0,90.33333333333333,False,True,,,,446
2018-02-28 10:30:00+05:30,2018,2,28,10,30,2,SELL,10501.5,10535.377077762696,10399.868766711912,3.0,trend_bounce_sell,STRONG_DOWNTREND,10501.5,0.187701076716931,31.081061934136017,56.41842919245009,-1.3108580759999313,-14.121405324742282,0.2198763320361796,0.01126454680765685,-0.4620743584275222,-0.45641324593707067,-0.07539219963097477,-0.26405851880815234,-0.3215554366269524,0,1,2.8327171285194996,0,0.0,1,0,0.25,70.0,0.33333333333333326,20.0,90.33333333333333,False,True,True,7622.342496606598,TARGET_HIT,447
2018-02-28 10:45:00+05:30,2018,2,28,10,45,2,SELL,10505.2,10534.193662948472,10418.219011154588,3.0,trend_bounce_sell,STRONG_DOWNTREND,10505.2,0.17879580724647867,34.774135431738884,57.996431341477795,-2.369982788879497,-13.662477033859663,0.27199709302839103,0.0115091899855966,-0.4633270482561236,-0.3608944111161083,-0.03215114456682766,-0.208151038534643,-0.2752338135803334,0,1,2.8327171285194996,1,0.02562885547584028,1,0,0.25,70.0,0.33333333333333326,20.0,90.33333333333333,False,True,True,1522.167304794766,STOP_HIT,448
2018-03-12 11:00:00+05:30,2018,3,12,11,0,0,BUY,10327.79,10283.17442857143,10461.636714285713,3.0,trend_pullback_buy,STRONG_UPTREND,10327.79,0.23999741059247381,66.74311036322655,30.205864987604542,18.62892585219197,8.211626987056361,0.7733327433448037,0.014925526401439338,0.9958976916570217,0.3921282727984199,0.13904468284691163,0.33896439074696527,0.5586958220185068,1,0,0.0,0,0.0,3,0,0.4,58.12351899256272,0.33333333333333326,20.0,78.45685232589605,False,True,True,10038.503571428373,TARGET_HIT,449
2018-03-12 11:15:00+05:30,2018,3,12,11,15,0,BUY,10318.4,10275.930285714285,10445.809142857144,3.0,trend_pullback_buy,STRONG_UPTREND,10318.4,0.2286622510688243,61.00977334788819,31.524497546385675,19.144221459040637,7.854230334514526,0.6962797504972411,0.01517369857672066,0.8951925568478902,0.37598190617476046,0.03839513177781306,0.22516425637955084,0.44886162513404493,1,0,0.0,1,0.030902341536942515,3,0,0.4,63.914698527831405,0.33333333333333326,20.0,84.24803186116473,False,True,,,,450
2018-03-12 11:30:00+05:30,2018,3,12,11,30,0,BUY,10321.25,10281.430142857143,10440.70957142857,3.0,trend_pullback_buy,STRONG_UPTREND,10321.25,0.21433588816415447,69.37371725471378,32.85290368328886,19.66139527065934,7.534263731519907,0.6996642655447993,0.015445713540301474,0.9230603753844102,0.341723296487495,0.05281406421056012,0.22980809368111643,0.457830156275163,1,0,0.0,1,0.030902341536942515,3,0,0.4,59.711742209973316,0.33333333333333326,20.0,80.04507554330665,False,True,,,,451
2018-03-12 13:45:00+05:30,2018,3,12,13,45,0,BUY,10366.54,10344.317714285715,10433.206857142859,3.0,trend_pullback_buy,STRONG_UPTREND,10366.54,0.11909194664482232,68.13795791609775,43.34621691459985,25.098790878020736,6.684915840332415,0.886795277502119,0.01034916989910159,0.4665452008063342,1.365914235566179,0.2428117579514666,0.4278355879508977,0.7080315995761532,1,0,0.0,1,0.030902341536942515,3,0,0.4,61.00773014875991,0.33333333333333326,20.0,81.34106348209325,False,True,,,,452
2018-03-12 14:00:00+05:30,2018,3,12,14,0,0,BUY,10371.0,10347.452142857142,10441.643571428573,3.0,trend_pullback_buy,STRONG_UPTREND,10371.0,0.12614157609818435,69.1982707599918,44.186061399997236,26.319266698437787,7.114852494674519,1.098037591694769,0.006244264553364067,0.48201525977957793,1.4095249270303034,0.22862066208200194,0.42803733242349207,0.7216815373853436,1,0,0.0,1,0.030902341536942515,3,0,0.4,61.51163683999834,0.33333333333333326,20.0,81.84497017333167,False,True,,,,453
2018-03-14 12:45:00+05:30,2018,3,14,12,45,2,SELL,10361.7,10383.524441894384,10296.226674316851,3.0,trend_bounce_sell,STRONG_DOWNTREND,10361.7,0.14527401046987712,35.31133330264525,53.21755441474735,1.4668575447394687,-14.83244256664242,0.2966498537081957,0.009887059635961544,-0.3050012507937572,-0.42370641729267966,-0.010756207821172037,-0.1782890518584046,-0.21018337286642375,0,1,0.0,0,0.0,4,0,0.5,70.0,0.33333333333333326,20.0,90.33333333333333,False,True,False,-1636.83314207874,STOP_HIT,454
2018-03-19 12:00:00+05:30,2018,3,19,12,0,0,SELL,10151.0,10192.24057142857,10027.278285714288,3.0,trend_bounce_sell,STRONG_DOWNTREND,10151.0,0.2257061232531631,34.62827394954925,69.81574991136924,-52.502537828318964,-7.822406170673595,0.21665951078780546,0.011677611766826504,-0.4276773978380777,-1.0932262841998663,-0.11160117981993123,-0.3839739728849989,-0.9451374940601331,0,1,1.3833890695078979,0,0.0,0,1,0.5,70.0,0.33333333333333326,20.0,90.33333333333333,False,True,True,2165.1299999999537,STOP_HIT,455
2018-03-19 14:30:00+05:30,2018,3,19,14,30,0,SELL,10114.65,10148.221285714286,10013.936142857141,3.0,trend_bounce_sell,STRONG_DOWNTREND,10114.65,0.1843930762380712,33.084797603517316,54.816571189886716,-56.48930094418938,-4.631893056643008,0.2611554227643633,0.009939191210476189,-0.3580927987390403,-0.7842387146136276,-0.02324302651691701,-0.28353283968948206,-0.877662445900107,0,1,1.3833890695078979,1,0.026507928723574423,0,1,0.5,70.0,0.33333333333333326,20.0,90.33333333333333,False,True,,,,456
2018-03-19 15:00:00+05:30,2018,3,19,15,0,0,SELL,10087.15,10127.691142857142,9965.526571428572,3.0,trend_bounce_sell,STRONG_DOWNTREND,10087.15,0.2232826630203476,35.411338321869195,46.58963711776245,-55.65928510741469,-3.125993689549098,0.044414545848462786,0.009848426035308699,-0.39301072879792676,-0.833665128121952,-0.26308084478857685,-0.49687680287048286,-1.0770271484387584,0,1,0.0,1,0.0,1,0,0.6,72.95378227065747,0.33333333333333326,20.0,93.2871156039908,False,True,False,-3040.5857142856803,STOP_HIT,457
2018-03-22 10:00:00+05:30,2018,3,22,10,0,3,BUY,10186.8,10170.102605671404,10246.8,3.0,trend_pullback_buy,STRONG_UPTREND,10186.8,0.19419388676662339,54.66965031018639,41.4574275949584,1.7561647129496123,2.3776522528735806,0.7173963135110013,0.006439102908908202,0.30919510802134287,-0.12304705692030016,0.1020488896801286,0.13266299878880172,0.16418117865677484,1,0,2.5583643085870205,0,0.0,0,1,0.6,74.87445655697505,0.33333333333333326,20.0,95.20778989030838,False,True,False,-1252.304574644677,STOP_HIT,458
2018-03-22 10:30:00+05:30,2018,3,22,10,30,3,BUY,10190.05,10171.468764404859,10250.05,3.0,trend_pullback_buy,STRONG_UPTREND,10190.05,0.1813744079483673,51.99516150143021,39.35059164068535,2.8010161078436795,2.824636316804923,0.7817194022266571,0.006252399959385026,0.4604001636540067,-0.02354684104411975,0.0927090456488866,0.1396209859764186,0.182679965160637,1,0,2.5583643085870205,1,0.010813605917063854,0,1,0.6,73.6103549844112,0.33333333333333326,20.0,93.94368831774453,False,True,False,-1393.5926696355182,STOP_HIT,459
2018-03-22 14:45:00+05:30,2018,3,22,14,45,3,SELL,10112.65,10145.699285714285,10013.502142857144,3.0,trend_bounce_sell,STRONG_DOWNTREND,10112.65,0.1815618486322995,32.614203620446816,29.69410924196089,-9.38517126419356,-5.2525502544658815,0.0839060193648156,0.009081926957341911,-0.39987196217959875,-0.7230299519943473,-0.20389532301354762,-0.32615193031746426,-0.4350163742687263,0,1,4.784635727988677,2,0.0,0,3,0.5,57.816465545176534,0.33333333333333326,20.0,78.14979887850987,False,True,True,7436.089285714206,TARGET_HIT,460
2018-03-22 15:00:00+05:30,2018,3,22,15,0,3,SELL,10111.2,10145.747142857143,10007.558571428575,3.0,trend_bounce_sell,STRONG_DOWNTREND,10111.2,0.1898177975201453,31.916994383527665,30.21281063068356,-10.518232858705233,-5.747050664079799,0.10953050405788028,0.00909347292390389,-0.41856663088332136,-0.7421368830250796,-0.17463986610020132,-0.30959003646663374,-0.43174923504201157,0,1,4.784635727988677,3,0.021903899830638986,0,3,0.5,58.12768637841013,0.33333333333333326,20.0,78.46101971174346,False,True,True,7773.107142856907,TARGET_HIT,461
2018-03-27 13:45:00+05:30,2018,3,27,13,45,1,BUY,10184.95,10154.722857142859,10275.631428571427,3.0,trend_pullback_buy,STRONG_UPTREND,10184.95,0.1648791318843677,60.169496081590495,31.904928836788848,36.055337850129945,10.238411695211855,0.7263259532226961,0.006634303350260726,0.36658372545639306,0.5359971966260924,0.09540720248644163,0.29789916372429115,0.7122347064869805,1,0,0.0,0,0.0,2,0,0.6,64.14295730207331,0.33333333333333326,20.0,84.47629063540664,False,True,False,-2267.0357142856574,STOP_HIT,462
2018-03-27 14:00:00+05:30,2018,3,27,14,0,1,BUY,10190.7,10160.620714285715,10280.937857142859,3.0,trend_pullback_buy,STRONG_UPTREND,10190.7,0.1639800434289507,61.97530568496171,28.96294322626978,36.47073841356723,9.588431032784225,0.8050094818357488,0.005806892148163496,0.4242361531980432,0.5927556474658591,0.1214966168209708,0.3221899731632005,0.7387093590770943,1,0,0.0,1,0.017659957053480824,2,0,0.6,62.377765935761865,0.33333333333333326,20.0,82.7110992690952,False,True,False,-2255.946428571451,STOP_HIT,463
2018-03-29 09:45:00+05:30,2018,3,29,9,45,3,SELL,10113.7,10128.756629453554,10053.7,3.0,trend_bounce_sell,STRONG_DOWNTREND,10113.7,0.1997997059151741,41.1016055259419,28.955654474230197,1.507560362584627,-7.60612692102567,0.2247799240748083,0.006087346264618261,-0.30852636766879327,-0.196868847848497,-0.05632193645789263,-0.1398513081791175,-0.1486522976548721,0,1,3.523352979980992,0,3.469446951953614e-18,0,2,0.4,67.37339268453812,0.33333333333333326,20.0,87.70672601787145,False,True,False,-1129.2472090164665,STOP_HIT,464
2018-03-29 10:45:00+05:30,2018,3,29,10,45,3,SELL,10113.7,10126.53013949334,10053.7,3.0,trend_bounce_sell,STRONG_DOWNTREND,10113.7,0.19280777559152565,37.848967480167694,30.232333350176784,-0.8243408258658746,-6.767267231514106,0.3147320792608261,0.005989379366278854,-0.3978688411577558,-0.27412118522900375,-0.02307713889215801,-0.09556268911613541,-0.12669827983132764,0,1,3.523352979980992,1,0.009117968879192228,0,2,0.4,63.13940001010607,0.33333333333333326,20.0,83.47273334343942,False,True,False,-962.260462000404,STOP_HIT,465
2018-04-02 13:00:00+05:30,2018,4,2,13,0,0,BUY,10175.1,10152.169285714286,10243.892142857143,3.0,trend_pullback_buy,STRONG_UPTREND,10175.1,0.12520059472915127,65.90792586999757,48.23336002507893,12.170182541878603,5.954423154388608,0.8205143280276099,0.008145331816048769,0.3243872138194881,0.6070973036574223,0.11359266450299277,0.23979091854835488,0.383872314435485,1,0,5.152614284266269,0,3.469446951953614e-18,0,4,0.3,63.94001601504736,0.33333333333333326,20.0,84.27334934838069,False,True,True,1203.8624999999683,STOP_HIT,466
2018-04-06 10:00:00+05:30,2018,4,6,10,0,4,BUY,10322.2,10296.01,10400.770000000002,3.0,trend_pullback_buy,STRONG_UPTREND,10322.2,0.1409583228381539,68.49550459468735,60.28125791118133,27.8914395445463,5.749626172133301,0.8527717512124109,0.0074949277733181476,0.3641313595371898,0.5636012022193437,0.12659577994418303,0.29110090772339614,0.5933131197250585,1,0,4.214818734142142,0,3.469446951953614e-18,1,0,0.3,65.0,0.33333333333333326,20.0,85.33333333333333,False,True,True,5892.750000000115,TARGET_HIT,467
2018-04-09 10:15:00+05:30,2018,4,9,10,15,0,BUY,10374.95,10341.425000000001,10475.525,3.0,trend_pullback_buy,STRONG_UPTREND,10374.95,0.17951893744066236,68.63800945739068,31.9110074471944,28.397321479871607,3.8902087569499386,0.8635644483125777,0.010907429985695232,0.5305129745547532,0.6075269338557066,0.1313864347417315,0.3321238298543916,0.6306050986298883,1,0,4.214818734142142,0,0.015974589891739308,1,0,0.3,59.14660446831664,0.33333333333333326,20.0,79.47993780164998,False,True,True,1760.0624999999127,STOP_HIT,468
2018-04-12 15:00:00+05:30,2018,4,12,15,0,3,BUY,10460.2,10438.027857142857,10526.716428571432,3.0,trend_pullback_buy,STRONG_UPTREND,10460.2,0.11775928895104484,68.92455653576675,35.38556736424936,16.684653361489836,2.736036649878546,0.8406736947868606,0.005552036992604026,0.3034937743022992,0.34390633468752707,0.08408938548962741,0.1845983340780677,0.3588493795003256,1,0,0.0,0,3.469446951953614e-18,3,0,0.5,56.231340418549614,0.33333333333333326,20.0,76.56467375188295,False,True,True,1164.0375000000404,STOP_HIT,469
2018-05-03 11:45:00+05:30,2018,5,3,11,45,3,SELL,10662.6,10691.888571428572,10574.734285714287,3.0,trend_bounce_sell,STRONG_DOWNTREND,10662.6,0.15260282268329278,30.346711175176765,64.70838157394185,-15.532503526173969,-10.464101859082653,0.2394253780369878,0.012365544175645598,-0.31180026084639545,-0.9296037685885827,-0.07368783068596452,-0.26528538916869016,-0.4488528647489498,0,1,0.0,0,3.469446951953614e-18,4,0,0.6,70.0,0.33333333333333326,20.0,90.33333333333333,False,True,False,-2196.6428571428423,STOP_HIT,470
2018-05-04 09:45:00+05:30,2018,5,4,9,45,4,SELL,10642.1,10678.967857142858,10531.496428571429,3.0,trend_bounce_sell,STRONG_DOWNTREND,10642.1,0.1924633564535488,37.76013518764231,28.503065784215625,-14.042437602487553,-2.3530014546748674,0.0067839462383047595,0.006808076775628727,-0.4625147897171056,-0.14590458496948067,-0.24357899579730002,-0.3396641212001894,-0.48551427277780945,0,1,1.66692996746194,0,3.469446951953614e-18,0,1,0.5,62.10183947052937,0.33333333333333326,20.0,82.43517280386271,False,True,False,-2765.0892857142935,STOP_HIT,471
2018-05-04 10:00:00+05:30,2018,5,4,10,0,4,SELL,10641.85,10678.640714285715,10531.477857142856,3.0,trend_bounce_sell,STRONG_DOWNTREND,10641.85,0.19206515515898032,35.977895876419225,31.32102822825798,-15.083501492055802,-3.054658809818804,0.05696449974192797,0.007387112529019016,-0.5453169099642996,-0.21800076886292485,-0.19683475948318874,-0.3110106087568121,-0.4688102658242488,0,1,1.66692996746194,1,0.02133867567722807,0,1,0.5,63.792616936954786,0.33333333333333326,20.0,84.12595027028812,False,True,False,-2759.303571428609,STOP_HIT,472
2018-05-16 11:15:00+05:30,2018,5,16,11,15,2,SELL,10752.9,10792.467857142856,10634.196428571431,3.0,trend_bounce_sell,STRONG_DOWNTREND,10752.9,0.2044299013023717,41.989197585477754,83.15510703797221,-17.887007023404294,-18.48124314003532,0.38580294978129037,0.018404616674403528,-0.4531631155774263,-1.0044190756766769,0.11415842476611981,-0.16739793037797712,-0.3948682866814712,0,1,5.859134437870017,0,0.0,0,3,0.4,80.0,0.33333333333333326,20.0,100.33333333333333,False,True,True,8902.767857142635,TARGET_HIT,473
2018-05-16 11:30:00+05:30,2018,5,16,11,30,2,SELL,10743.8,10781.68357142857,10630.149285714288,3.0,trend_bounce_sell,STRONG_DOWNTREND,10743.8,0.19589371145617396,33.52002585757711,77.9692099049886,-18.58931597299852,-17.265196880666593,0.35867979562120067,0.017608875826075645,-0.5374079440096047,-0.9121344314608093,0.023545399211943874,-0.2290384439803339,-0.46045828804192057,0,1,5.859134437870017,1,0.02392123012652872,0,3,0.4,70.0,0.33333333333333326,20.0,90.33333333333333,False,True,True,1988.8875000000098,STOP_HIT,474
2018-05-17 15:00:00+05:30,2018,5,17,15,0,3,SELL,10672.7,10699.025000000001,10593.724999999999,3.0,trend_bounce_sell,STRONG_DOWNTREND,10672.7,0.13703186635059544,31.77883453503007,35.4843894044322,-20.446893116852152,-0.5032970035750601,-0.30615424942778624,0.00448462035947535,-0.3501335175813747,-0.4607306404528888,-0.3218237677353075,-0.39979211209792975,-0.6013024319171945,0,1,4.349860335855674,0,0.023921230126528723,1,0,0.5,46.323603678409924,0.33333333333333326,20.0,66.65693701174325,False,True,,,,475
2018-05-18 10:30:00+05:30,2018,5,18,10,30,4,SELL,10650.05,10682.494999999999,10552.715,3.0,trend_bounce_sell,STRONG_DOWNTREND,10650.05,0.16924803169938196,31.4265436828951,50.67599609099667,-29.320358490565923,-5.836138512903943,0.19746039634643706,0.011662397325958864,-0.6752188165951023,-0.4882128140680009,-0.09142116320624005,-0.2990737342894345,-0.6011661801185508,0,1,4.349860335855674,0,0.023921230126528723,1,0,0.5,70.0,0.33333333333333326,20.0,90.33333333333333,False,True,,,,476
2018-05-18 10:45:00+05:30,2018,5,18,10,45,4,SELL,10664.0,10696.805,10565.585,3.0,trend_bounce_sell,STRONG_DOWNTREND,10664.0,0.17090210052513102,39.09221917604067,50.31080189288075,-29.175965778507816,-5.122571220761252,0.3276370972097831,0.011655873009397907,-0.5298112081187911,-0.42811057110977435,0.03155302205815058,-0.15318725945192568,-0.45258256210689574,0,1,4.349860335855674,0,0.023921230126528723,1,0,0.5,75.0,0.33333333333333326,20.0,95.33333333333333,False,True,,,,477
2018-05-18 13:15:00+05:30,2018,5,18,13,15,4,SELL,10616.95,10640.337142857143,10546.788571428575,3.0,trend_bounce_sell,STRONG_DOWNTREND,10616.95,0.12237843394625562,34.706631352669675,60.97863779630881,-32.31844206979804,-3.7171030976681187,0.05918074240929924,0.006527421109326898,-0.4412040510127446,-0.9686777106185929,-0.16593671352059802,-0.3327147817385301,-0.6590281800446296,0,1,0.0,0,3.469446951953614e-18,2,0,0.6,65.0,0.33333333333333326,20.0,85.33333333333333,False,True,True,5262.107142856939,TARGET_HIT,478
2018-05-18 13:30:00+05:30,2018,5,18,13,30,4,SELL,10614.55,10638.245714285713,10543.462857142858,3.0,trend_bounce_sell,STRONG_DOWNTREND,10614.55,0.12402113810086658,35.495843658556026,58.492917620873094,-32.85273098919242,-3.8262528153562556,0.07710460091207354,0.006693197995880513,-0.35578669695705,-0.5448480703102443,-0.1508605278810693,-0.3230542690267235,-0.6549347121048599,0,1,0.0,1,0.012997827824250152,2,0,0.6,70.0,0.33333333333333326,20.0,90.33333333333333,False,True,True,5331.535714285565,TARGET_HIT,479
2018-05-21 12:45:00+05:30,2018,5,21,12,45,0,SELL,10537.35,10568.740714285716,10443.177857142855,3.0,trend_bounce_sell,STRONG_DOWNTREND,10537.35,0.16549972919458705,30.14429216159529,81.16555399812084,-41.382759555044686,-4.157918600575435,0.1633001486813234,0.010046448149707154,-0.3838172802858808,-0.8333411758062792,-0.11101932125743286,-0.32965474548821705,-0.7470581819168598,0,1,0.0,0,1.734723475976807e-18,4,0,0.7,70.0,0.33333333333333326,20.0,90.33333333333333,False,True,True,1648.0125000000044,STOP_HIT,480
2018-05-23 14:15:00+05:30,2018,5,23,14,15,2,SELL,10466.1,10491.383571428572,10390.249285714284,3.0,trend_bounce_sell,STRONG_DOWNTREND,10466.1,0.1342088129430129,37.89947670781915,34.83015817247904,-19.87676505190211,-0.17191965710691903,-0.07810740597710572,0.005446367220659848,-0.42859249463663707,-0.49580491051267606,-0.21618628821068464,-0.3287067156700796,-0.5215010147022414,0,1,0.0,0,0.0,5,0,0.7,47.61729147455661,0.33333333333333326,20.0,67.95062480788994,False,True,True,1327.3875000000317,STOP_HIT,481
2018-05-24 09:30:00+05:30,2018,5,24,9,30,3,SELL,10446.0,10478.94642857143,10347.160714285712,3.0,trend_bounce_sell,STRONG_DOWNTREND,10446.0,0.1752208637619321,31.29025452942608,37.53170195505804,-27.054968187709164,-4.437677995465201,0.23774147026108772,0.01204683000099107,-0.37813583325783107,-0.5403346742519854,-0.07139908726581101,-0.25570544769395465,-0.5331805976738657,0,1,0.0,0,0.012883127215963306,5,0,0.7,62.51902117303482,0.33333333333333326,20.0,82.85235450636816,False,True,False,-2470.9821428572013,STOP_HIT,482
2018-05-25 14:45:00+05:30,2018,5,25,14,45,4,BUY,10600.7,10577.235714285714,10671.09285714286,3.0,trend_pullback_buy,STRONG_UPTREND,10600.7,0.12297031597643944,64.53209725048754,67.38884441352525,27.510639552641805,10.463047319636235,0.7154944872487463,0.008216892491216437,0.3445566672661826,0.3649825082961522,-0.006820320448586159,0.2059763023131822,0.5150086668661347,1,0,1.6637659176899768,0,3.469446951953614e-18,0,1,0.6,70.0,0.33333333333333326,20.0,90.33333333333333,False,True,True,5279.464285714403,TARGET_HIT,483
2018-05-28 11:30:00+05:30,2018,5,28,11,30,0,BUY,10666.95,10633.958571428571,10765.924285714289,3.0,trend_pullback_buy,STRONG_UPTREND,10666.95,0.17182579302023152,66.28397192191788,43.35588503640071,40.75212035637378,9.130012689376077,0.7140537621002709,0.012574779942577352,0.5827357463119354,0.810875944486189,0.03537011118972533,0.27810462251545154,0.7128306618025437,1,0,0.0,0,3.469446951953614e-18,1,0,0.7,66.01353102184042,0.33333333333333326,20.0,86.34686435517375,False,True,True,1732.050000000072,STOP_HIT,484
2018-05-30 11:30:00+05:30,2018,5,30,11,30,2,SELL,10584.9,10617.756428571427,10486.330714285717,3.0,trend_bounce_sell,STRONG_DOWNTREND,10584.9,0.1724491627561065,35.71188441970962,72.23458503825901,-14.886700447237672,-15.686255231965346,0.310515106774837,0.013005865444466752,-0.45517384067034206,-0.697516241761853,-0.0033413687184791208,-0.2270509680677324,-0.4232538181007772,0,1,0.0,0,3.469446951953614e-18,2,0,0.8,75.0,0.33333333333333326,20.0,95.33333333333333,False,True,False,-2464.232142857054,STOP_HIT,485
2018-06-04 14:45:00+05:30,2018,6,4,14,45,0,SELL,10644.8,10678.434285714286,10543.89714285714,3.0,trend_bounce_sell,STRONG_DOWNTREND,10644.8,0.17553842520023338,35.14761266600094,32.539624874582906,-7.083210675826194,-9.14800230415492,0.1510667664945245,0.007968472071020586,-0.557244884136987,-0.19548738239113517,-0.09494411330858155,-0.2422441317795787,-0.33952477060639197,0,1,1.6099994668263593,0,3.469446951953614e-18,0,1,0.8,64.52377492474974,0.33333333333333326,20.0,84.85710825808307,False,True,True,1765.7999999999902,STOP_HIT,486
2018-06-04 15:00:00+05:30,2018,6,4,15,0,0,SELL,10635.6,10671.02142857143,10529.335714285711,3.0,trend_bounce_sell,STRONG_DOWNTREND,10635.6,0.18502549389382536,32.95617582291101,36.90788988813237,-8.349171780990218,-9.372567068387049,0.09967963225171765,0.008594809689151136,-0.597224169353705,-0.4045398359366126,-0.14508398953244628,-0.29869095576360305,-0.40903429227809873,0,1,1.6099994668263593,1,0.01675084128344077,0,1,0.8,62.14473393287942,0.33333333333333326,20.0,82.47806726621275,False,True,True,1859.6250000000055,STOP_HIT,487
2018-06-06 15:15:00+05:30,2018,6,6,15,15,2,BUY,10684.65,10652.211428571429,10781.965714285712,3.0,trend_pullback_buy,STRONG_UPTREND,10684.65,0.16866653162647957,61.40277309471704,34.93591699395964,9.61401065274731,9.831325443253947,0.908644522853711,0.006383071101760974,0.3390132928896561,0.4408827054593223,0.1321145830516679,0.2769319028657291,0.4020476561587216,1,0,0.0,0,6.938893903907228e-18,2,0,0.8,65.96155019637578,0.33333333333333326,20.0,86.29488352970911,False,True,True,7298.678571428445,TARGET_HIT,488
2018-06-11 13:30:00+05:30,2018,6,11,13,30,0,BUY,10844.55,10826.337857142857,10904.55,3.0,trend_pullback_buy,STRONG_UPTREND,10844.55,0.09329900404218937,64.81769446078127,65.35757354312292,28.299307914427118,5.824742880175776,0.8019719562100134,0.007854272722665452,0.33214138675967675,0.667430947816916,0.09235274592214182,0.2701470062366873,0.5601695103205184,1,0,0.0,0,6.938893903907228e-18,3,0,0.8,65.0,0.33333333333333326,20.0,85.33333333333333,False,True,False,-1365.910714285701,STOP_HIT,489
2018-06-13 11:15:00+05:30,2018,6,13,11,15,2,BUY,10876.5,10848.182142857144,10961.453571428568,3.0,trend_pullback_buy,STRONG_UPTREND,10876.5,0.14464343177623987,68.90117772827736,29.86478932881659,18.775417422601095,1.376397746005015,0.9134581975144755,0.005746897140054986,0.31034276043659936,0.5175361582181903,0.10438084766093425,0.2116849052537395,0.3946062386927851,1,0,0.8456718405159614,0,6.938893903907228e-18,0,1,0.7,51.6828510573401,0.33333333333333326,20.0,72.01618439067343,False,True,False,-2123.8392857142117,STOP_HIT,490
2018-06-15 14:15:00+05:30,2018,6,15,14,15,4,SELL,10782.4,10806.072770932156,10711.38168720353,3.0,trend_bounce_sell,STRONG_DOWNTREND,10782.4,0.1296424861679331,30.215446927826576,38.448431383952745,-10.90108775382214,-3.285821793604936,0.2860406084883626,0.007979445331367074,-0.3373725609812417,-0.29728467666245706,7.860596473729942e-05,-0.10367070569187176,-0.21906914226818008,0,1,2.1605975226453915,0,6.938893903907228e-18,0,2,0.6,58.069058830371645,0.33333333333333326,20.0,78.40239216370497,False,True,False,-1775.4578199117532,STOP_HIT,491
2018-06-19 10:00:00+05:30,2018,6,19,10,0,1,SELL,10760.25,10789.236428571428,10673.290714285715,3.0,trend_bounce_sell,STRONG_DOWNTREND,10760.25,0.14965796732019562,33.35808206841202,28.719843497208796,-7.298018111116107,-4.634725185714619,0.06870640513924586,0.00840381149547937,-0.5071612837606709,-0.4399600288680361,-0.16539971094682304,-0.2976002559503699,-0.3793384881548123,0,1,3.2598309253999687,0,6.938893903907228e-18,0,3,0.5,52.23190609832528,0.33333333333333326,20.0,72.56523943165863,False,True,True,1521.7874999999367,STOP_HIT,492
2018-06-25 10:00:00+05:30,2018,6,25,10,0,0,BUY,10803.65,10771.140714285713,10901.177857142859,3.0,trend_pullback_buy,STRONG_UPTREND,10803.65,0.16717233792018607,64.35718691220538,66.70856563249187,13.182816391294182,9.173689678591252,0.6799956396518387,0.011278284983480262,0.34831392837737507,0.6380907579307316,-0.020853311805002495,0.1517514280130028,0.30620552541864576,1,0,2.31765159951912,0,6.938893903907228e-18,1,0,0.6,75.0,0.33333333333333326,20.0,95.33333333333333,False,True,False,-2438.196428571473,STOP_HIT,493
2018-06-25 10:15:00+05:30,2018,6,25,10,15,0,BUY,10812.7,10779.541428571429,10912.175714285717,3.0,trend_pullback_buy,STRONG_UPTREND,10812.7,0.17036844240040455,65.93418291512938,63.33800479307321,13.87205981392799,8.876639791102553,0.7321795213678614,0.0108508341397001,0.45570043619034273,0.7012870899845591,0.05031143559486306,0.2141782387163227,0.3748695088599874,1,0,2.31765159951912,1,0.01545368859630336,1,0,0.6,70.0,0.33333333333333326,20.0,90.33333333333333,False,True,False,-2486.8928571429024,STOP_HIT,494
2018-06-28 10:45:00+05:30,2018,6,28,10,45,3,SELL,10658.6,10694.87642857143,10549.770714285713,3.0,trend_bounce_sell,STRONG_DOWNTREND,10658.6,0.1890827259543611,40.32548231041952,40.23370721028665,-31.061800358180335,-7.055221168338235,0.31943757739128836,0.008049954461553283,-0.3086535223914111,-0.6269899355295872,-0.021886517087643664,-0.1937745675779201,-0.5193407963449137,0,1,5.366906047408542,0,5.204170427930421e-18,0,2,0.4,74.14022432617199,0.33333333333333326,20.0,94.47355765950532,False,True,True,1904.5125000000098,STOP_HIT,495
2018-06-28 11:15:00+05:30,2018,6,28,11,15,3,SELL,10636.1,10672.569285714286,10526.692142857144,3.0,trend_bounce_sell,STRONG_DOWNTREND,10636.1,0.1904900695340798,39.25938557078806,31.668037991615712,-31.84540508239479,-6.414901441545357,0.05226058830998056,0.006445270166549157,-0.33079071162170903,-0.7173560970601067,-0.1779934323278054,-0.34931840690850535,-0.6803474978826718,0,1,5.366906047408542,1,0.0178000944217324,0,2,0.4,64.00082279496942,0.33333333333333326,20.0,84.33415612830275,False,True,True,1914.6375000000262,STOP_HIT,496
2018-07-16 11:00:00+05:30,2018,7,16,11,0,0,SELL,10980.2,11009.45,10892.45,3.0,trend_bounce_sell,STRONG_DOWNTREND,10980.2,0.1479936613176409,31.38746376425354,37.0949309366175,-0.0371856105812185,-8.692496428576481,0.026723402382371607,0.0062015912903797465,-0.40951080918065763,-0.48713289438505614,-0.15162148550666998,-0.2542322984280476,-0.2827584003547101,0,1,3.0023681783315403,0,3.469446951953614e-18,2,0,0.5,57.25695856197051,0.33333333333333326,20.0,77.59029189530384,False,True,True,1535.6250000000273,STOP_HIT,497
2018-07-16 11:15:00+05:30,2018,7,16,11,15,0,SELL,10969.25,10998.545,10881.365,3.0,trend_bounce_sell,STRONG_DOWNTREND,10969.25,0.14836930510289797,30.395704904434467,41.12111600867572,-1.675499151344411,-9.297728972405706,-0.02890856955923201,0.00689339994937217,-0.45058944177730487,-0.5678985487540644,-0.2010572016356127,-0.3216522676810607,-0.3672681369606856,0,1,3.0023681783315403,1,0.0140024993278945,2,0,0.5,59.67266960520543,0.33333333333333326,20.0,80.00600293853876,False,True,True,1537.987499999963,STOP_HIT,498
2018-07-19 09:30:00+05:30,2018,7,19,9,30,3,SELL,10947.8,10985.722142857141,10834.033571428574,3.0,trend_bounce_sell,STRONG_DOWNTREND,10947.8,0.19243918543320856,34.053174810330205,52.983577814518796,-3.4946214412175323,-7.172421066832229,0.09380892871355898,0.010901839904348983,-0.44830000636532086,-0.9334039155004858,-0.25797110556297076,-0.3845246875320507,-0.43579016746972954,0,1,1.0994125072742869,0,3.469446951953614e-18,4,0,0.5,70.0,0.33333333333333326,20.0,90.33333333333333,False,True,False,-2844.1607142856355,STOP_HIT,499
2018-08-02 10:15:00+05:30,2018,8,2,10,15,3,SELL,11294.75,11324.210035488832,11206.369893533505,3.0,trend_bounce_sell,STRONG_DOWNTREND,11294.75,0.21795840671867353,31.739582176344356,49.8923105763231,2.697875645910244,-11.125693003896826,0.17741898331849498,0.010279456787379104,-0.34630315863772854,-0.48283852663761895,-0.09880191918719694,-0.2537352812074567,-0.26015091027548065,0,1,2.8603084434562533,0,3.469446951953614e-18,0,1,0.5,69.93538634579386,0.33333333333333326,20.0,90.26871967912719,False,True,True,1546.6518631636063,STOP_HIT,500
2018-08-02 10:30:00+05:30,2018,8,2,10,30,3,SELL,11286.7,11322.739053704956,11178.582838885135,3.0,trend_bounce_sell,STRONG_DOWNTREND,11286.7,0.21786071849420977,31.332103643684775,49.795145613459674,1.0398983966988453,-11.505303227797402,0.14957097805327962,0.010508702988291378,-0.40766264592468904,-0.6880834851164419,-0.1360490994259722,-0.2953840350923054,-0.3182891836861934,0,1,2.8603084434562533,1,0.014082422400660776,0,1,0.5,69.8770873680758,0.33333333333333326,20.0,90.21042070140913,False,True,True,1892.05031951019,STOP_HIT,501
2018-08-06 11:30:00+05:30,2018,8,6,11,30,0,BUY,11403.75,11371.17,11501.49,3.0,trend_pullback_buy,STRONG_UPTREND,11403.75,0.15871971939055227,67.39366354033977,53.8476704418842,25.25419324224822,9.178070692558158,0.7204837054504329,0.010891734635703308,0.3780543623688626,0.7069244151646448,0.042677395375423366,0.22531247673998056,0.48444515660706067,1,0,0.7313159892688534,0,3.469446951953614e-18,2,0,0.7,70.0,0.33333333333333326,20.0,90.33333333333333,False,True,False,-2443.4999999999945,STOP_HIT,502
2018-08-09 09:30:00+05:30,2018,8,9,9,30,3,BUY,11477.0,11449.016428571427,11560.950714285718,3.0,trend_pullback_buy,STRONG_UPTREND,11477.0,0.1354572499035358,67.72631498140481,41.50335429189481,18.540429645525364,2.980605768591156,1.0849321009810335,0.005117093287350641,0.30457562608425803,0.37870505610606564,0.20335232022292704,0.31871475922122805,0.4958238319622499,1,0,2.2441521656666312,0,3.469446951953614e-18,0,1,0.6,59.90201257513688,0.33333333333333326,20.0,80.23534590847021,False,True,False,-2098.767857142957,STOP_HIT,503
2018-08-09 10:00:00+05:30,2018,8,9,10,0,3,BUY,11479.2,11449.808571428572,11567.374285714288,3.0,trend_pullback_buy,STRONG_UPTREND,11479.2,0.14224485529106082,66.2031003527944,38.05549250961615,20.024055352199866,3.6940320944541796,0.9721036499356285,0.005945817850928355,0.3755601705104361,0.4137544940036264,0.15539550942431646,0.2858989967812864,0.47839076430080674,1,0,2.2441521656666312,1,0.0132923330850173,0,1,0.6,57.83329550576969,0.33333333333333326,20.0,78.16662883910303,False,True,False,-2204.3571428571795,STOP_HIT,504
2018-08-13 15:15:00+05:30,2018,8,13,15,15,0,SELL,11355.75,11382.627857142857,11275.116428571428,3.0,trend_bounce_sell,STRONG_DOWNTREND,11355.75,0.1314941140580118,50.165667232467634,32.33322077345762,-17.692141502104278,-1.7869191797084767,0.191972598041407,0.005513966495565578,-0.33963903479325985,0.007926128482549366,-0.12829955580825336,-0.20769292229285696,-0.3773141894102938,0,1,4.908331896201483,0,3.469446951953614e-18,0,3,0.6,64.39993246407457,0.33333333333333326,20.0,84.7332657974079,False,True,False,-2015.8392857143099,STOP_HIT,505
2018-08-13 15:30:00+05:30,2018,8,13,15,30,0,SELL,11355.75,11379.040714285715,11285.877857142856,3.0,trend_bounce_sell,STRONG_DOWNTREND,11355.75,0.11394479197134103,37.453808708063356,33.059074875211266,-18.100798676441627,-1.9760187186412423,0.2049244107506007,0.005646686089634458,-0.31514310920718325,-0.06468305304010435,-0.1026659886480874,-0.18884740414736312,-0.3625712028685335,0,1,4.908331896201483,1,0.013124809141139088,0,3,0.6,59.83544492512676,0.33333333333333326,20.0,80.1687782584601,False,True,False,-1746.8035714286088,STOP_HIT,506
2018-08-16 15:00:00+05:30,2018,8,16,15,0,3,SELL,11382.15,11409.677142857143,11299.56857142857,3.0,trend_bounce_sell,STRONG_DOWNTREND,11382.15,0.1343582464021082,30.933003381296587,34.025701545433414,-7.1062187714251195,-6.133617102761945,0.09849130690423698,0.007327345140701575,-0.36197312557447736,-0.45608388795116417,-0.12301658978370877,-0.2362953141789248,-0.31750761319998544,0,1,7.237884682430465,0,1.734723475976807e-18,0,5,0.4,55.415420927260044,0.33333333333333326,20.0,75.74875426059339,False,True,False,-2064.5357142857392,STOP_HIT,507
2018-08-28 11:30:00+05:30,2018,8,28,11,30,1,BUY,11727.3,11698.77,11812.889999999996,3.0,trend_pullback_buy,STRONG_UPTREND,11727.3,0.13515472444637483,65.36855649281604,57.119557861061324,36.78406507351974,4.229626486547517,0.688713182654774,0.007327890845319336,0.30234477567898654,0.39336206859650336,-0.0031505794819697286,0.15158550747320643,0.49451058436214,1,0,8.5160939380215,0,1.734723475976807e-18,0,6,0.3,65.0,0.33333333333333326,20.0,85.33333333333333,False,True,False,-2139.7499999999127,STOP_HIT,508
2018-08-31 12:15:00+05:30,2018,8,31,12,15,4,SELL,11655.8,11680.041465050852,11583.075604847441,3.0,trend_bounce_sell,STRONG_DOWNTREND,11655.8,0.16598113017921318,42.16958212218507,29.49409313842256,-7.909612257748449,-1.2009659588383972,0.2977723673865006,0.00762994663424453,-0.5142518169519605,-0.045021674720546745,-0.0744755982506562,-0.13189927131991297,-0.20754605301178675,0,1,9.840870368734416,0,1.734723475976807e-18,0,7,0.2,64.70611547143751,0.33333333333333326,20.0,85.03944880477084,False,True,False,-1818.109878813948,STOP_HIT,509
2018-08-31 12:30:00+05:30,2018,8,31,12,30,4,SELL,11654.65,11679.04572132337,11581.46283602989,3.0,trend_bounce_sell,STRONG_DOWNTREND,11654.65,0.16912317646359468,41.81102746441075,31.802749332430274,-8.33379853716906,-1.4626370144331071,0.2838477479331266,0.007613952860625786,-0.41229097061412645,0.008581002518526226,-0.06747904794005555,-0.12888259980241568,-0.20888454335638018,0,1,9.840870368734416,1,0.012485041030424344,0,7,0.2,68.70801974378924,0.33333333333333326,20.0,89.04135307712257,False,True,False,-1829.6790992527349,STOP_HIT,510
2018-09-04 15:30:00+05:30,2018,9,4,15,30,1,SELL,11520.3,11556.994285714285,11410.217142857142,3.0,trend_bounce_sell,STRONG_DOWNTREND,11520.3,0.17695471720106584,32.41116104131177,31.961780863328727,-37.193024916205104,-5.863766498323173,0.22035254951067193,0.008636999728156241,-0.45537025835997724,-0.3149688059740363,-0.06482174479062186,-0.24767816184136926,-0.6000327758761359,0,1,12.099314047835847,0,1.734723475976807e-18,0,9,0.1,59.177068517997235,0.33333333333333326,20.0,79.51040185133057,False,True,True,8256.214285714304,TARGET_HIT,511
2018-09-05 14:15:00+05:30,2018,9,5,14,15,2,SELL,11430.25,11470.634285714286,11309.097142857141,3.0,trend_bounce_sell,STRONG_DOWNTREND,11430.25,0.19628367083584508,33.020592558179075,68.78807149731931,-49.713231688825545,-6.932343460566983,0.27757608777508574,0.013833199064326793,-0.3465562336530059,-0.8857653220491812,-0.012486674785294749,-0.2737216529480335,-0.742473225132978,0,1,6.987671055603081,0,3.469446951953614e-18,1,0,0.1,70.0,0.33333333333333326,20.0,90.33333333333333,False,True,False,-3028.821428571473,STOP_HIT,512
2018-09-07 11:45:00+05:30,2018,9,7,11,45,4,BUY,11551.95,11516.058676553337,11659.623970339992,3.0,trend_pullback_buy,STRONG_UPTREND,11551.95,0.22673970319173234,55.01578487232085,30.539825902927152,7.849462333464544,10.859659359554449,0.7601583722351204,0.007432790246075291,0.4124473032291798,0.7878446820483997,0.07078957593131818,0.20632465183840765,0.31166325610807455,1,0,8.862895376860184,0,3.469446951953614e-18,0,1,0.1,68.32389554175629,0.33333333333333326,20.0,88.65722887508961,False,True,True,1884.294480949893,STOP_HIT,513
2018-09-07 12:00:00+05:30,2018,9,7,12,0,4,BUY,11550.6,11517.413238257126,11650.160285228623,3.0,trend_pullback_buy,STRONG_UPTREND,11550.6,0.21229571252946838,57.861726574736736,29.29342658536379,8.607651038088079,10.456063257760185,0.7257178270414001,0.006917654472923633,0.49461663947798495,0.5112318730230658,0.04727038475789147,0.17689070538851048,0.288144230447851,1,0,8.862895376860184,1,0.01828668848747745,0,1,0.1,67.57605595121828,0.33333333333333326,20.0,87.90938928455161,False,True,True,1742.3049915009415,STOP_HIT,514
2018-09-10 11:30:00+05:30,2018,9,10,11,30,0,SELL,11506.05,11532.358638571495,11427.124084285511,3.0,trend_bounce_sell,STRONG_DOWNTREND,11506.05,0.17857065258214952,32.36818255023418,41.31977083668123,1.1995988638464041,-7.888643500947552,0.22207080966560974,0.012711876812262672,-0.7166216531050873,-0.6188621228741531,-0.07836245693551014,-0.22328919288062687,-0.22812886241243557,0,1,6.61757068718196,0,3.469446951953614e-18,2,0,0.3,64.79186250200874,0.33333333333333326,20.0,85.12519583534207,False,True,True,5919.443678586595,TARGET_HIT,515
2018-09-10 13:15:00+05:30,2018,9,10,13,15,0,SELL,11465.5,11498.478571428572,11366.564285714285,3.0,trend_bounce_sell,STRONG_DOWNTREND,11465.5,0.15979615866232008,33.947218099891785,51.69050620182259,-11.517670079005256,-11.981350833328662,0.23340402688121928,0.014815356276839619,-0.380994582665406,-1.1509612897663613,-0.11978853745001627,-0.31665760441002,-0.44994843062154954,0,1,6.61757068718196,1,0.013081996485907701,2,0,0.3,70.0,0.33333333333333326,20.0,90.33333333333333,False,True,True,7420.178571428642,TARGET_HIT,516
2018-09-14 14:00:00+05:30,2018,9,14,14,0,4,BUY,11492.9,11469.564285714287,11562.907142857139,3.0,trend_pullback_buy,STRONG_UPTREND,11492.9,0.11280256257589864,68.82411055868505,60.44825971920608,29.114746178320274,9.766768139080728,0.9778448195004249,0.005607830021733813,0.40624126362873714,1.0818037097951594,0.14032921223834371,0.3364582319361098,0.6353717926635749,1,0,0.0,0,3.469446951953614e-18,4,0,0.5,65.0,0.33333333333333326,20.0,85.33333333333333,False,True,False,-1750.1785714284779,STOP_HIT,517
2018-09-14 14:15:00+05:30,2018,9,14,14,15,4,BUY,11484.55,11459.774285714286,11558.87714285714,3.0,trend_pullback_buy,STRONG_UPTREND,11484.55,0.11985045747796394,65.87940503382231,55.729620630609816,29.506216005724127,9.142414169836123,0.8130555665766827,0.005684144974324975,0.3438122531716159,0.3433738887311355,0.05405166046517085,0.2395428161806601,0.540088256339688,1,0,0.0,1,0.010660842127539873,4,0,0.5,65.0,0.33333333333333326,20.0,85.33333333333333,False,True,True,1300.7249999999203,STOP_HIT,518
2018-09-17 15:30:00+05:30,2018,9,17,15,30,0,SELL,11377.75,11407.32142857143,11289.035714285712,3.0,trend_bounce_sell,STRONG_DOWNTREND,11377.75,0.14439209359119062,31.589709438706507,30.44219277369291,-7.579434034279984,-8.561987052669224,0.14226049103842692,0.004369407504753828,-0.3014331217167654,-0.13648372288975752,-0.09220863975136773,-0.20151751616213076,-0.29518894845376176,0,1,0.27377512482901517,0,5.204170427930421e-18,1,0,0.6,53.26531566421575,0.33333333333333326,20.0,73.59864899754908,False,True,True,1552.5000000000546,STOP_HIT,519
2018-09-19 09:30:00+05:30,2018,9,19,9,30,2,SELL,11289.75,11332.287857142857,11162.136428571428,3.0,trend_bounce_sell,STRONG_DOWNTREND,11289.75,0.2093238810172291,32.50465152771886,37.158698492155146,-26.31748186142613,-9.208534329030147,0.15283665794746007,0.01387886572916205,-0.552303687750233,-0.5247019639977757,-0.1658944954190278,-0.39082496949116585,-0.6578719630937813,0,1,0.0,0,5.204170427930421e-18,2,0,0.7,62.29521909529309,0.33333333333333326,20.0,82.62855242862642,False,True,True,2233.2374999999956,STOP_HIT,520
2018-09-19 09:45:00+05:30,2018,9,19,9,45,2,SELL,11310.15,11353.8,11179.2,3.0,trend_bounce_sell,STRONG_DOWNTREND,11310.15,0.21440918113375806,33.52509270396084,38.57625013759981,-26.536002674461997,-8.484349627859412,0.30322743032318317,0.013863292408838612,-0.40155868172512266,-0.5840936659458951,0.011600159438640567,-0.1917061006358134,-0.4596926175635896,0,1,0.0,1,0.01930357591232177,2,0,0.7,63.145750082559886,0.33333333333333326,20.0,83.47908341589323,False,True,True,2291.625000000022,STOP_HIT,521
2018-09-19 14:45:00+05:30,2018,9,19,14,45,2,SELL,11251.25,11288.65142857143,11139.045714285712,3.0,trend_bounce_sell,STRONG_DOWNTREND,11251.25,0.1846778929325311,33.964816388171926,34.46674906551577,-32.43327524324559,-5.626500611718221,0.1949974900275775,0.010592456247829547,-0.3564628260195768,-0.520771165722822,-0.07303269746848917,-0.2751079237143905,-0.5896570254941835,0,1,0.0,2,0.019303575912321774,3,0,0.8,60.680049439309464,0.33333333333333326,20.0,81.0133827726428,False,True,False,-2805.107142857196,STOP_HIT,522
2018-09-21 11:30:00+05:30,2018,9,21,11,30,4,BUY,11295.9,11280.216831535825,11355.9,3.0,trend_pullback_buy,STRONG_UPTREND,11295.9,0.18426407558747587,67.36195031463801,51.10037943215876,2.425713876255031,14.905255306881017,0.6000042625206912,0.01608401563239023,0.5478732636957195,0.5478732636957195,-0.10248231742917557,0.0736047818821417,0.139032508846193,1,0,1.6520377495738752,0,1.0408340855860843e-17,0,1,0.8,70.0,0.33333333333333326,20.0,90.33333333333333,False,True,False,-1176.2376348131056,STOP_HIT,523
2018-09-24 11:00:00+05:30,2018,9,24,11,0,0,SELL,11083.1,11133.1,10933.1,3.0,trend_bounce_sell,STRONG_DOWNTREND,11083.1,0.4029945206150438,51.24011258039246,50.37291818717495,-50.33702573635128,-12.187851976357557,0.33985706257554943,0.013058045873608865,-0.6004457379114814,-0.8906614681606473,-0.085877820695901,-0.37431109574700416,-0.8766857974183306,0,1,2.344770282136411,0,1.0408340855860843e-17,0,2,0.7,75.0,0.33333333333333326,20.0,95.33333333333333,False,True,True,11250.0,TARGET_HIT,524
2018-09-24 15:00:00+05:30,2018,9,24,15,0,0,SELL,10960.95,11010.95,10810.95,3.0,trend_bounce_sell,STRONG_DOWNTREND,10960.95,0.3444696203991705,31.875196224186908,66.02992599067768,-68.00480997406703,-7.86232235180902,0.20406056948806062,0.01669233416608897,-0.32917619565068224,-0.7573836988211347,-0.22625341104201002,-0.5228455676151156,-1.1843929486768934,0,1,2.344770282136411,1,0.022615504201045213,0,2,0.7,70.0,0.33333333333333326,20.0,90.33333333333333,False,True,False,-3750.0,STOP_HIT,525
2018-09-26 15:30:00+05:30,2018,9,26,15,30,2,BUY,11053.8,11037.996397679775,11113.8,3.0,trend_pullback_buy,STRONG_UPTREND,11053.8,0.25686060126704974,55.813013593333054,32.457920445829366,-2.091840218821744,5.783424182554813,0.7903598920123358,0.0056782877904092794,0.42564016371473556,-0.042953190065608826,0.09130634469134424,0.13978528147615688,0.14317455587815608,1,0,2.1178609410742384,0,1.3877787807814457e-17,0,1,0.6,69.47475226749762,0.33333333333333326,20.0,89.80808560083095,False,True,False,-1185.2701740167959,STOP_HIT,526
2018-09-27 09:30:00+05:30,2018,9,27,9,30,3,BUY,11067.05,11040.533737342997,11146.598787971005,3.0,trend_pullback_buy,STRONG_UPTREND,11067.05,0.26636340694739324,59.01172683518148,34.590330485360276,0.5947503301722463,6.959266215161841,0.8912070802199904,0.006790100047000477,0.480291261695176,0.19963784517880168,0.12345076863904403,0.20859450443246885,0.24017192726213388,1,0,2.1178609410742384,0,0.006838802748706479,0,1,0.6,70.75419829121617,0.33333333333333326,20.0,91.0875316245495,False,True,False,-1988.7196992751342,STOP_HIT,527
2018-09-27 14:15:00+05:30,2018,9,27,14,15,3,SELL,10979.55,11018.976428571428,10861.270714285713,3.0,trend_bounce_sell,STRONG_DOWNTREND,10979.55,0.1994942545784815,30.38088153073386,40.391946196063834,-13.102551367839624,-6.3920915128701825,0.18992152384632363,0.010632266351561864,-0.34038149958472985,-0.8627461603055608,-0.10365824575215843,-0.25777369000064,-0.39468774756584724,0,1,3.910412722410275,1,1.214306433183765e-17,0,3,0.5,64.23516771763829,0.33333333333333326,20.0,84.56850105097162,False,True,True,2069.8875000000044,STOP_HIT,528
2018-09-27 14:30:00+05:30,2018,9,27,14,30,3,SELL,10981.3,11021.118571428571,10861.844285714284,3.0,trend_bounce_sell,STRONG_DOWNTREND,10981.3,0.2014463549072401,32.36413739361794,43.83774220390662,-13.812866119364116,-6.392165637955206,0.22595374662157525,0.010034198487217328,-0.40359883183079814,-0.7748225588571467,-0.07020115443064912,-0.21993568233215077,-0.36401063850067805,0,1,3.910412722410275,2,0.017379550788633007,0,3,0.5,66.30264532234398,0.33333333333333326,20.0,86.6359786556773,False,True,True,2090.4749999999694,STOP_HIT,529
2018-09-28 15:15:00+05:30,2018,9,28,15,15,4,SELL,10930.45,10978.28634157504,10786.940975274883,3.0,trend_bounce_sell,STRONG_DOWNTREND,10930.45,0.3448753580266945,36.25170044066919,30.749042625585783,-22.965570667507563,-5.910084260048567,0.2915642011947542,0.015070176734184062,-0.4798259151518325,-0.23639259424899084,-0.017555471713115445,-0.2028013928954686,-0.4357359617582768,0,1,1.5607942585542895,0,1.0408340855860843e-17,2,0,0.5,63.44942557535147,0.33333333333333326,20.0,83.7827589086848,False,True,True,2511.4079326895535,STOP_HIT,530
2018-09-28 15:30:00+05:30,2018,9,28,15,30,4,SELL,10930.45,10976.410406611314,10792.56878016606,3.0,trend_bounce_sell,STRONG_DOWNTREND,10930.45,0.3313155973842428,38.87384848249483,30.54260484942997,-23.188307374179203,-5.5195388700481836,0.3103349918078217,0.01519157875641794,-0.5169628432956319,-0.5201317849211851,-0.014044870499152484,-0.18439889931735065,-0.4187198265074965,0,1,1.5607942585542895,1,0.020583408535773343,2,0,0.5,63.32556290965798,0.33333333333333326,20.0,83.65889624299132,False,True,True,2412.921347093925,STOP_HIT,531
2018-10-03 14:15:00+05:30,2018,10,3,14,15,2,SELL,10914.15,10960.125161919032,10776.224514242904,3.0,trend_bounce_sell,STRONG_DOWNTREND,10914.15,0.25376624447555063,46.107102248118544,29.75971209824693,-6.240289842140555,-4.566882112697163,0.20410080848121764,0.007939228880180666,-0.35242290748899174,-0.4701022278559619,-0.280117181663464,-0.3476740350243035,-0.41947661399682756,0,1,0.0,0,1.0408340855860843e-17,4,0,0.5,67.85582725894815,0.33333333333333326,20.0,88.18916059228148,False,True,True,10344.411431782191,TARGET_HIT,532
2018-10-04 15:15:00+05:30,2018,10,4,15,15,3,SELL,10599.25,10649.25,10449.25,3.0,trend_bounce_sell,STRONG_DOWNTREND,10599.25,0.3552138122980377,49.936681044733504,46.66424542097973,-85.59129637320075,-7.639510337291014,0.22481652449179562,0.010361267806852014,-0.3150643060355951,-0.5745509122461412,-0.23508115670786145,-0.5278592623749412,-1.386669867409851,0,1,0.0,0,1.0408340855860843e-17,5,0,0.6,72.99854725258784,0.33333333333333326,20.0,93.33188058592117,False,True,True,11250.0,TARGET_HIT,533
2018-10-08 10:45:00+05:30,2018,10,8,10,45,0,SELL,10353.4,10403.4,10203.4,3.0,trend_bounce_sell,STRONG_DOWNTREND,10353.4,0.5845215788326265,41.374090984717995,49.27968473495154,-105.33313322473077,-0.739248274914047,0.44549728174021547,0.026693967699392203,-0.7477423931591121,-0.803372535869129,0.22733459802000144,-0.15967361862145868,-1.2098505540930504,0,1,0.0,0,1.0408340855860843e-17,6,0,0.7,61.96029359011139,0.33333333333333326,20.0,82.29362692344472,False,True,True,2625.0,STOP_HIT,534
2018-10-10 14:00:00+05:30,2018,10,10,14,0,2,BUY,10463.55,10421.91857142857,10588.444285714286,3.0,trend_pullback_buy,STRONG_UPTREND,10463.55,0.22103943144125196,63.17231038853597,44.019872860855074,19.57301263446243,17.670675330408482,0.8060455921673706,0.011352158969896501,0.34860748810801034,1.5775090888792809,0.14579672769112761,0.39596671357351454,0.6585381108324739,1,0,0.0,0,1.0408340855860843e-17,7,0,0.7,71.41192371651304,0.33333333333333326,20.0,91.74525704984637,False,True,False,-3122.357142857163,STOP_HIT,535
2018-10-10 14:30:00+05:30,2018,10,10,14,30,2,BUY,10473.7,10430.050000000001,10604.65,3.0,trend_pullback_buy,STRONG_UPTREND,10473.7,0.23153231427289056,62.42916151105294,37.2295227502894,21.859348506028255,16.297348212433093,0.9204249367369545,0.008292851850575954,0.37808179792511165,0.9031835413465306,0.1860804995701626,0.42333446217721615,0.7049435832410689,1,0,0.0,1,0.015347383819754071,7,0,0.7,67.33771365017364,0.33333333333333326,20.0,87.67104698350697,False,True,False,-3273.7499999999727,STOP_HIT,536
2018-10-15 15:00:00+05:30,2018,10,15,15,0,0,BUY,10515.2,10465.2,10665.2,3.0,trend_pullback_buy,STRONG_UPTREND,10515.2,0.2848937048952262,69.41039961174563,34.92342440744658,28.3141250999779,1.1472540519789867,0.9066110647630155,0.01185933810352598,0.42259775856059445,0.6528189910979254,0.26196737496575473,0.4089194722279865,0.6985201853835887,1,0,3.1438911944542256,0,6.938893903907228e-18,0,2,0.7,57.42659516425782,0.33333333333333326,20.0,77.75992849759115,False,True,True,2625.0,STOP_HIT,537
2018-10-17 10:00:00+05:30,2018,10,17,10,0,2,BUY,10646.55,10596.55,10796.55,3.0,trend_pullback_buy,STRONG_UPTREND,10646.55,0.2721874356347513,66.00294877879978,28.64018245520561,43.34703022176291,2.731040452723782,0.9333738950678941,0.012054555503363155,0.5658069360940488,0.8468194541140228,0.24776170454412494,0.4813347095352194,0.9196948261097626,1,0,3.1438911944542256,0,0.01903075541295391,0,2,0.7,57.184109473123364,0.33333333333333326,20.0,77.5174428064567,False,True,False,-3750.0,STOP_HIT,538
2018-10-19 14:15:00+05:30,2018,10,19,14,15,4,SELL,10304.5,10353.080714285714,10158.757857142858,3.0,trend_bounce_sell,STRONG_DOWNTREND,10304.5,0.26191747017599826,49.36167719117152,37.493588582333686,-54.839903146090364,-8.378637702166621,0.4023504635183391,0.010667393420338938,-0.32404720448829805,-0.5683462956172614,0.08048826047921676,-0.21909376317367224,-0.7990614654834749,0,1,3.6968646695328635,0,6.938893903907228e-18,1,0,0.7,72.49615314940021,0.33333333333333326,20.0,92.82948648273354,False,True,False,-3643.553571428538,STOP_HIT,539
2018-10-19 14:30:00+05:30,2018,10,19,14,30,4,SELL,10287.45,10337.45,10137.45,3.0,trend_bounce_sell,STRONG_DOWNTREND,10287.45,0.27359966339013697,45.37029461881488,31.774771261054603,-54.79047664252357,-7.496290078739847,0.26727434158945645,0.010930080996167118,-0.47116189296787514,-0.3023651349740364,-0.06809687759019578,-0.3493883372300832,-0.9257781178460878,0,1,3.6968646695328635,1,0.01859672675466519,1,0,0.7,69.06486275663276,0.33333333333333326,20.0,89.39819608996609,False,True,False,-3750.0,STOP_HIT,540
2018-10-23 12:45:00+05:30,2018,10,23,12,45,1,SELL,10161.5,10196.368571428571,10056.894285714287,3.0,trend_bounce_sell,STRONG_DOWNTREND,10161.5,0.1906355220334448,47.32196548392162,52.86516815413193,-48.77845812256601,-6.135356661660261,0.20712465347060818,0.014471919271952178,-0.36328693784900556,-1.5048343712894097,-0.23880146931495316,-0.49875754401644823,-1.00905166846188,0,1,7.331032679819901,0,6.938893903907228e-18,0,2,0.5,80.0,0.33333333333333326,20.0,100.33333333333333,False,True,True,1830.5999999999585,STOP_HIT,541
2018-10-23 13:00:00+05:30,2018,10,23,13,0,1,SELL,10178.55,10214.087142857143,10071.938571428569,3.0,trend_bounce_sell,STRONG_DOWNTREND,10178.55,0.19396532062874494,54.64854643416433,46.698456864168286,-48.66193465306969,-5.416949872947548,0.3327623899332459,0.011913473583312264,-0.3046137722644837,-1.1426545715895298,-0.05713773367097552,-0.301731215885781,-0.8101653444502865,0,1,7.331032679819901,1,0.013871162894093516,0,2,0.5,78.01907411850097,0.33333333333333326,20.0,98.3524074518343,False,True,True,1865.7000000000153,STOP_HIT,542
2018-10-23 14:30:00+05:30,2018,10,23,14,30,1,SELL,10155.45,10198.894285714287,10025.117142857143,3.0,trend_bounce_sell,STRONG_DOWNTREND,10155.45,0.23766267655017148,39.29796983880833,43.52991317880209,-53.99900632833669,-6.224871054532713,0.36283619430250436,0.011607834419989797,-0.30872983930341213,-0.09886380404308115,0.08660445714125942,-0.2011735164429318,-0.7686149900997363,0,1,6.431234241171968,2,0.014137129144275578,1,0,0.5,71.11794790728125,0.33333333333333326,20.0,91.45128124061458,False,True,True,2280.8250000000044,STOP_HIT,543
2018-10-23 15:00:00+05:30,2018,10,23,15,0,1,SELL,10148.6,10198.6,9998.6,3.0,trend_bounce_sell,STRONG_DOWNTREND,10148.6,0.27773007395812793,43.57051852335825,40.54003199064588,-54.13588690432698,-5.080946882283065,0.3684059456632783,0.012347999793978838,-0.38135156491565514,-0.48245700052951257,0.07068011370150451,-0.19194869630591027,-0.7582500946013759,0,1,5.310135817797533,3,0.01413712914427558,2,0,0.5,74.32401919438753,0.33333333333333326,20.0,94.65735252772086,False,True,False,-3750.0,STOP_HIT,544
2018-10-26 10:30:00+05:30,2018,10,26,10,30,4,SELL,10087.3,10134.611759154413,9945.364722536757,3.0,trend_bounce_sell,STRONG_DOWNTREND,10087.3,0.2992093311108292,36.60622681811701,29.655131363664214,-30.625265697608484,-4.8674887140767815,0.36048133718011965,0.01597297193224424,-0.5515983535849034,-0.357583839581177,0.08069941781481127,-0.1409616240187428,-0.46683346415986593,0,1,6.236329523655907,0,1.3877787807814457e-17,0,1,0.4,62.79307881819853,0.33333333333333326,20.0,83.12641215153187,False,True,True,2483.867355606799,STOP_HIT,545
2018-10-26 10:45:00+05:30,2018,10,26,10,45,4,SELL,10075.6,10125.6,9925.6,3.0,trend_bounce_sell,STRONG_DOWNTREND,10075.6,0.30792210885703847,34.93839039779705,31.68031436004919,-30.74555184509154,-4.488997375403855,0.30444572159895433,0.016233686896653155,-0.6747797970238611,-0.42348383398643774,-0.028307293598706096,-0.2334959221569899,-0.5595727140374596,0,1,6.236329523655907,1,0.01860148160354601,0,1,0.4,59.008188616029514,0.33333333333333326,20.0,79.34152194936286,False,True,False,-3750.0,STOP_HIT,546
2018-11-12 09:45:00+05:30,2018,11,12,9,45,0,BUY,10610.0,10576.07,10711.79,3.0,trend_pullback_buy,STRONG_UPTREND,10610.0,0.17766258246936706,57.616520375296766,36.77811986878412,16.824865377051538,1.8189557813559798,0.7032433356833271,0.007030922672434193,0.4121535615083438,0.012254093338470717,0.05992403696226667,0.1582640573889682,0.33027193442507485,1,0,6.858674206572002,0,1.3877787807814457e-17,0,1,0.5,72.06687192127046,0.33333333333333326,20.0,92.40020525460379,False,True,False,-2544.750000000022,STOP_HIT,547
2018-11-13 10:45:00+05:30,2018,11,13,10,45,1,SELL,10475.95,10517.131428571429,10352.405714285716,3.0,trend_bounce_sell,STRONG_DOWNTREND,10475.95,0.21839137671114672,33.67559338245512,74.17944381190038,-22.97332030846883,-12.760193490181432,0.25324920084189295,0.01294043853444456,-0.309274916852631,-1.0105925596953447,-0.08533810749536963,-0.31378271224264953,-0.5809227737294975,0,1,8.109500207199895,0,1.3877787807814457e-17,0,2,0.5,70.0,0.33333333333333326,20.0,90.33333333333333,False,True,False,-3088.6071428571086,STOP_HIT,548
2018-11-14 10:30:00+05:30,2018,11,14,10,30,2,BUY,10592.1,10549.086136567124,10721.141590298628,3.0,trend_pullback_buy,STRONG_UPTREND,10592.1,0.26239232204055063,61.54157774539756,63.7520131120312,9.661863126395474,11.57319810299967,0.7207030643146226,0.013932346291370905,0.3106266513878797,0.8420882264736695,0.10582829558261064,0.27885821310784653,0.407749665478363,1,0,9.627649384922911,0,1.3877787807814457e-17,0,3,0.4,75.0,0.33333333333333326,20.0,95.33333333333333,False,True,False,-3226.0397574656963,STOP_HIT,549
2018-11-14 10:45:00+05:30,2018,11,14,10,45,2,BUY,10607.4,10557.475714285714,10757.172857142856,3.0,trend_pullback_buy,STRONG_UPTREND,10607.4,0.26147514269014305,60.58866374881112,62.11839946467158,11.256125696263553,11.850714605580974,0.797598029720355,0.013543730105472671,0.47122228905107644,0.9877518767285709,0.20024245792198414,0.3850410435121798,0.5309929380693745,1,0,9.627649384922911,1,0.017546314683750307,0,3,0.4,75.0,0.33333333333333326,20.0,95.33333333333333,False,True,True,11232.964285714206,TARGET_HIT,550
2018-11-15 12:00:00+05:30,2018,11,15,12,0,3,BUY,10617.9,10583.295,10721.714999999998,3.0,trend_pullback_buy,STRONG_UPTREND,10617.9,0.18106216860207738,65.88607196511484,31.504057588886543,12.039350645327431,1.690531445203364,0.9008287684562114,0.00773661025397172,0.4702787608107162,0.213775040702191,0.1322908480108076,0.22698307665531825,0.35136141313736324,1,0,11.213351087525261,0,0.020365230127986703,0,4,0.4,58.90243455333193,0.33333333333333326,20.0,79.23576788666526,False,True,True,7786.124999999902,TARGET_HIT,551
2018-11-20 15:00:00+05:30,2018,11,20,15,0,1,SELL,10661.9,10692.307142857144,10570.678571428567,3.0,trend_bounce_sell,STRONG_DOWNTREND,10661.9,0.15844133918773767,32.039675798530666,59.55125215219424,-1.8574182954998832,-12.129631146373583,0.18342772214845143,0.009598889540844646,-0.4491129785247461,-0.5823196743858672,-0.06944958049173167,-0.24830488573138743,-0.3028624821184156,0,1,1.8648605140566217,0,1.734723475976807e-17,2,0,0.5,70.0,0.33333333333333326,20.0,90.33333333333333,False,True,True,6841.607142857447,TARGET_HIT,552
2018-11-27 13:15:00+05:30,2018,11,27,13,15,1,BUY,10663.3,10626.579999999998,10773.460000000003,3.0,trend_pullback_buy,STRONG_UPTREND,10663.3,0.1913103823394286,69.00623267086348,30.224929117690632,19.94568654527211,5.772852560380096,1.208858166684946,0.005242800902751924,0.34960921876689977,0.38078293489975934,0.32209779781959824,0.44525453654060687,0.6649043544365352,1,0,0.0,0,1.734723475976807e-17,3,0,0.5,58.13495747061438,0.33333333333333326,20.0,78.46829080394772,False,True,True,8262.000000000262,TARGET_HIT,553
2018-11-27 13:45:00+05:30,2018,11,27,13,45,1,BUY,10661.5,10625.930714285714,10768.207857142857,3.0,trend_pullback_buy,STRONG_UPTREND,10661.5,0.1853464736267366,63.882714172510425,29.763960996728517,22.45441252800083,6.800208723343237,0.9609325542575687,0.0070324441068705685,0.4621929903085409,0.3095421786500463,0.18620197814072093,0.3490975424213616,0.5956837365465706,1,0,0.0,1,0.013337001299948503,3,0,0.5,62.85837659803711,0.33333333333333326,20.0,83.19170993137044,False,True,True,8003.089285714304,TARGET_HIT,554
2018-11-30 11:00:00+05:30,2018,11,30,11,0,4,BUY,10904.6,10864.742857142857,11024.17142857143,3.0,trend_pullback_buy,STRONG_UPTREND,10904.6,0.20305978342036518,59.674612685156866,50.20244633003797,49.20052865339858,1.4178727180834727,0.7946548486300672,0.00980618892070385,0.49581597670218525,0.6902219328984271,0.10541654237330444,0.3038512706393437,0.7834529164043147,1,0,0.0,0,1.734723475976807e-17,5,0,0.6,79.17872718083473,0.33333333333333326,20.0,99.51206051416806,False,True,False,-2989.285714285734,STOP_HIT,555
2018-11-30 11:15:00+05:30,2018,11,30,11,15,4,BUY,10902.35,10863.013571428572,11020.359285714287,3.0,trend_pullback_buy,STRONG_UPTREND,10902.35,0.20044826508570612,60.959510460186195,49.51724482436577,48.90185860096062,1.0072823990809638,0.748738575051259,0.009604937739731916,0.4019818210282855,0.5872475481376815,0.06779754449275366,0.2573474655827024,0.7325305344691779,1,0,0.0,1,0.013419414384875292,5,0,0.6,69.7831708854291,0.33333333333333326,20.0,90.11650421876243,False,True,False,-2950.2321428571577,STOP_HIT,556
2018-12-05 10:15:00+05:30,2018,12,5,10,15,2,SELL,10801.7,10834.325,10703.825,3.0,trend_bounce_sell,STRONG_DOWNTREND,10801.7,0.16779766147921038,32.181887915922275,30.360116497504062,-8.807761999887589,-8.178270117132579,0.12106304059394113,0.011268113711758775,-0.6169062679700965,-0.4199221000714348,-0.17942861477830974,-0.3511875406486342,-0.4614104258443774,0,1,2.6663510614077195,0,1.734723475976807e-17,0,2,0.5,58.21606989850244,0.33333333333333326,20.0,78.54940323183578,False,True,True,1712.8124999999727,STOP_HIT,557
2018-12-10 14:15:00+05:30,2018,12,10,14,15,0,SELL,10494.85,10522.357857142857,10412.32642857143,3.0,trend_bounce_sell,STRONG_DOWNTREND,10494.85,0.1456156386908154,43.98400791519661,40.26878960332795,-44.16901765962393,-3.08461459839409,0.07749027858471133,0.005158802589691132,-0.3721265799953355,-0.31061358055767263,-0.18905504970129217,-0.38929188753987765,-0.8306185703043312,0,1,1.8974402613711336,0,1.734723475976807e-17,1,0,0.6,69.16127376199677,0.33333333333333326,20.0,89.4946070953301,False,True,True,6189.26785714275,TARGET_HIT,558
2018-12-10 14:30:00+05:30,2018,12,10,14,30,0,SELL,10502.9,10532.162857142857,10415.111428571427,3.0,trend_bounce_sell,STRONG_DOWNTREND,10502.9,0.15478718122750046,44.67621153330629,37.07052331505587,-44.13083358416952,-2.7417874706457113,0.241647215303154,0.00529687675216247,-0.3609731570684005,-0.09179504497005553,-0.09001687282601534,-0.2845229328344412,-0.7251757323314956,0,1,1.8974402613711336,1,0.009440691835069298,1,0,0.6,72.24231398903352,0.33333333333333326,20.0,92.57564732236685,False,True,True,6584.142857142979,TARGET_HIT,559
2018-12-11 11:00:00+05:30,2018,12,11,11,0,1,SELL,10454.05,10504.05,10304.05,3.0,trend_bounce_sell,STRONG_DOWNTREND,10454.05,0.3564578867930193,41.75860363311748,41.73681499129727,-59.038189012961084,-7.628899837160553,0.46839815687532477,0.023328163214792346,-0.3674017879267355,-0.6868477677447693,0.28605333074236405,-0.02117012321534162,-0.6282632948549471,0,1,0.0,0,1.5612511283791264e-17,3,0,0.8,70.04208899477837,0.33333333333333326,20.0,90.3754223281117,False,True,False,-3750.0,STOP_HIT,560
2018-12-19 11:30:00+05:30,2018,12,19,11,30,2,BUY,10948.9,10922.74857142857,11027.354285714287,3.0,trend_pullback_buy,STRONG_UPTREND,10948.9,0.13269434763831675,68.61260760008321,71.66186347439472,30.765519191008934,6.4742648340731215,0.7217789039552922,0.01229539957018541,0.36851320505650875,0.8037489872578574,0.07519234101034389,0.2649610944238656,0.5765016084213981,1,0,1.6212361082754132,0,1.3877787807814457e-17,0,1,0.7,65.0,0.33333333333333326,20.0,85.33333333333333,False,True,True,1372.950000000037,STOP_HIT,561
2018-12-19 13:30:00+05:30,2018,12,19,13,30,2,BUY,10977.75,10957.455,11038.635,3.0,trend_pullback_buy,STRONG_UPTREND,10977.75,0.10270774976657474,64.3673423181531,44.63739522251568,33.661035411314515,4.72726259491769,0.893053299043503,0.006435922722829216,0.38773336015764936,0.5933290570878658,0.1371803701248897,0.31019452950733495,0.6456386898257893,1,0,1.6212361082754132,1,0.008619266720945845,0,1,0.7,66.7824371335094,0.33333333333333326,20.0,87.11577046684273,False,True,False,-1522.1250000000055,STOP_HIT,562
2018-12-24 11:15:00+05:30,2018,12,24,11,15,0,SELL,10721.55,10764.492857142857,10592.721428571425,3.0,trend_bounce_sell,STRONG_DOWNTREND,10721.55,0.22251580095362014,35.56049582164114,46.94764574611447,-46.61980676361418,-10.418435217371695,0.2164730066001894,0.012695730251632438,-0.30174818672122905,-1.0237757847947782,-0.1248985883183451,-0.3882903870812138,-0.8721689093705631,0,1,1.6857288806625916,0,1.3877787807814457e-17,0,1,0.6,73.16858744766868,0.33333333333333326,20.0,93.50192078100201,False,True,True,9662.142857143044,TARGET_HIT,563
2019-01-09 10:45:00+05:30,2019,1,9,10,45,2,BUY,10839.6,10802.269285714287,10951.592142857142,3.0,trend_pullback_buy,STRONG_UPTREND,10839.6,0.19132888403894618,69.04532145881959,53.006004166150426,20.152342657411282,7.971277630484606,0.6951901850549911,0.0132182243944147,0.38479169850111905,0.6831660636909653,-0.009621881544896738,0.1854645567743951,0.4034657612274506,1,0,0.0,0,0.0,0,0,0.5,70.0,0.33333333333333326,20.0,90.33333333333333,False,True,False,-2799.803571428538,STOP_HIT,564
2019-01-09 11:00:00+05:30,2019,1,9,11,0,2,BUY,10842.75,10808.685,10944.945000000002,3.0,trend_pullback_buy,STRONG_UPTREND,10842.75,0.17454059163957292,64.90201663172554,53.83084266310219,20.52298292967498,7.507726112473474,0.6962828113201504,0.012791338960135859,0.3075997964753219,0.7227158509793385,0.015547743841448636,0.19503337810975463,0.41560621142158194,1,0,0.0,1,0.02799803571428538,0,0,0.5,75.0,0.33333333333333326,20.0,95.33333333333333,False,True,,,,565
2019-01-09 11:15:00+05:30,2019,1,9,11,15,2,BUY,10837.8,10803.979285714286,10939.26214285714,3.0,trend_pullback_buy,STRONG_UPTREND,10837.8,0.17336807944680105,60.35576635189788,52.10074721600848,20.596535015192785,6.823150378192148,0.6417202700474256,0.01222048824533887,0.33002689279448827,0.6440109765100788,-0.02409103416760594,0.13570132376694577,0.3552118004235494,1,0,0.0,1,0.02799803571428538,0,0,0.5,75.0,0.33333333333333326,20.0,95.33333333333333,False,True,,,,566
2019-01-09 11:30:00+05:30,2019,1,9,11,30,2,BUY,10835.35,10802.853571428572,10932.839285714286,3.0,trend_pullback_buy,STRONG_UPTREND,10835.35,0.16661733519056643,64.63027580673369,50.12967670613102,20.505514262105862,6.058916662594701,0.6040784539229965,0.011292533963625576,0.3073462227427104,0.6628576737272462,-0.03735681017783543,0.10277542074315082,0.3194435677152496,1,0,0.0,1,0.02799803571428538,0,0,0.5,75.0,0.33333333333333326,20.0,95.33333333333333,False,True,,,,567
2019-01-14 10:30:00+05:30,2019,1,14,10,30,0,SELL,10728.75,10769.372142857143,10606.883571428572,3.0,trend_bounce_sell,STRONG_DOWNTREND,10728.75,0.21034936169504553,42.37864824283539,37.324706069469514,-19.80694123350986,-7.437060894851577,0.19968339072161395,0.009828848542147675,-0.5086427538113503,-0.4352405655343228,-0.11587912430223168,-0.29742010889267645,-0.5118955951309734,0,1,2.7998035714285363,0,0.0,0,1,0.0,72.39482364168171,0.33333333333333326,20.0,92.72815697501504,False,True,False,-3046.66071428569,STOP_HIT,568
2019-01-14 10:45:00+05:30,2019,1,14,10,45,0,SELL,10727.75,10768.372142857143,10605.883571428572,3.0,trend_bounce_sell,STRONG_DOWNTREND,10727.75,0.21036896966145804,42.757131677452556,32.63342377623636,-20.576279548506136,-7.385759288863067,0.22032606245166242,0.010109589760540369,-0.5409740313922606,-0.4352809604024177,-0.10017634102174044,-0.27890789285655027,-0.5008330075134904,0,1,2.7998035714285363,1,0.031344182689224905,0,1,0.0,69.58005426574182,0.33333333333333326,20.0,89.91338759907515,False,True,,,,569
2019-01-16 10:45:00+05:30,2019,1,16,10,45,2,BUY,10898.3,10869.949999999999,10983.35,3.0,trend_pullback_buy,STRONG_UPTREND,10898.3,0.14451795234119322,66.97746286255321,70.49023418533459,34.56050032868734,8.932231454223817,0.6745174140432467,0.010719564621145103,0.31618334031360273,0.5262308313155772,-0.01478682872125825,0.18500818863467217,0.5489477409302168,1,0,5.846464285714232,0,0.0,0,2,0.0,65.0,0.33333333333333326,20.0,85.33333333333333,False,True,False,-2126.2500000000273,STOP_HIT,570
2019-01-25 11:00:00+05:30,2019,1,25,11,0,4,BUY,10910.75,10874.227302966825,11020.318091099525,3.0,trend_pullback_buy,STRONG_UPTREND,10910.75,0.18837908877548803,69.80210712673686,44.928556759624875,1.7167313997488236,13.147380443658596,0.7539054549511566,0.016509352149887434,0.47008665064411925,0.8634277341493135,0.08154388924095368,0.2839361072278779,0.33586475632352286,1,0,7.972714285714261,0,0.0,0,3,0.0,66.95713405577493,0.33333333333333326,20.0,87.29046738910826,False,True,False,-2739.2022774881298,STOP_HIT,571
2019-01-25 11:15:00+05:30,2019,1,25,11,15,4,BUY,10899.7,10875.226232262243,10973.121303213275,3.0,trend_pullback_buy,STRONG_UPTREND,10899.7,0.18991348385735457,65.03787809851895,46.687395248628185,2.5787031344170828,12.60841696049417,0.6725335259808357,0.016116965539501427,0.4599163118214289,0.7896951258981266,-0.01585259591598831,0.16576550188893702,0.22504145858734947,1,0,7.972714285714261,1,0.029765109947852274,0,3,0.0,68.01243714917692,0.33333333333333326,20.0,88.34577048251025,False,True,,,,572
2019-01-25 11:30:00+05:30,2019,1,25,11,30,4,BUY,10897.2,10876.087948644115,10960.536154067657,3.0,trend_pullback_buy,STRONG_UPTREND,10897.2,0.18569645675691335,63.4289716611274,49.18702688201391,3.2378383996092452,11.940797003117698,0.6402392781604047,0.01571456716711027,0.4368744124315871,0.695346032831412,-0.031030703869372456,0.12979321529633658,0.19411438612462195,1,0,7.972714285714261,1,0.029765109947852274,0,3,0.0,74.51221612920835,0.33333333333333326,20.0,94.84554946254168,False,True,,,,573
2019-01-28 14:45:00+05:30,2019,1,28,14,45,0,SELL,10654.15,10693.987857142856,10534.63642857143,3.0,trend_bounce_sell,STRONG_DOWNTREND,10654.15,0.20773260050912326,39.4425651517403,61.600282319147155,-54.77094968410893,-9.903835408256526,0.22936853712236333,0.009329235990702274,-0.3339616552149982,-0.5729990527784334,-0.07146103466391107,-0.3476177226580779,-0.9100656128677498,0,1,10.711916563202394,0,0.0,0,4,0.0,75.0,0.33333333333333326,20.0,95.33333333333333,False,True,True,2091.487499999903,STOP_HIT,574
2019-01-31 14:45:00+05:30,2019,1,31,14,45,3,BUY,10822.3,10788.042142857143,10925.07357142857,3.0,trend_pullback_buy,STRONG_UPTREND,10822.3,0.1758604257610943,69.0127681935944,63.52716590513071,32.21788108413966,14.865190796490992,0.9460793241537894,0.013132631405018953,0.6997236463790024,1.2409199552838368,0.30003903046771363,0.5882566463391026,0.9532901818351647,1,0,8.620429063202494,0,0.0,1,0,0.2,70.0,0.33333333333333326,20.0,90.33333333333333,False,True,True,7708.01785714275,TARGET_HIT,575
2019-02-05 11:45:00+05:30,2019,2,5,11,45,1,BUY,10935.05,10903.45357142857,11029.839285714286,3.0,trend_pullback_buy,STRONG_UPTREND,10935.05,0.1605257536871909,56.56220850616228,41.17658710551541,24.54324451683533,1.7228623126251428,0.8150419256828725,0.009270078571939754,0.3243208528674879,0.9103576833634719,0.1659195254435586,0.2954643932517653,0.5328864490774965,1,0,0.9124112060597399,0,0.0,2,0,0.3333333333333333,74.70595226330924,0.33333333333333326,20.0,95.03928559664257,False,True,True,7109.196428571522,TARGET_HIT,576
2019-02-05 12:15:00+05:30,2019,2,5,12,15,1,BUY,10946.85,10916.674285714287,11037.37714285714,3.0,trend_pullback_buy,STRONG_UPTREND,10946.85,0.15314255438126498,67.83407249792323,45.59998480113899,26.363996504042007,2.943783709926464,0.9612985338120378,0.006584581652686617,0.3915940261276729,0.8963464090842033,0.1750459228369028,0.3333210866686809,0.5917274125941896,1,0,0.9124112060597399,1,0.023915529398794856,2,0,0.3333333333333333,67.3599908806834,0.33333333333333326,20.0,87.69332421401673,False,True,True,6789.535714285466,TARGET_HIT,577
2019-02-06 12:45:00+05:30,2019,2,6,12,45,2,BUY,11028.65,11003.263571428572,11104.809285714284,3.0,trend_pullback_buy,STRONG_UPTREND,11028.65,0.12788121328151325,57.40152995448215,60.925437211057044,37.02889132041855,5.107888192953435,0.7913158214665433,0.012428793621865499,0.4284439425948694,0.8684159982439432,0.12868186990593333,0.33778033457996237,0.7047253109401908,1,0,0.0,0,0.022840182095205996,3,0,0.42857142857142855,75.0,0.33333333333333326,20.0,95.33333333333333,False,True,,,,578
2019-02-06 13:00:00+05:30,2019,2,6,13,0,2,BUY,11038.25,11013.365,11112.905,3.0,trend_pullback_buy,STRONG_UPTREND,11038.25,0.12524630262949477,66.65213938922673,59.021968404993125,37.78215957710927,5.275040804679733,0.8269267510824813,0.012441965401458747,0.4929853151373287,0.8533693929108077,0.17259740864288275,0.38632376069811514,0.7610743505359396,1,0,0.0,0,0.0,4,0,0.5,65.0,0.33333333333333326,20.0,85.33333333333333,False,True,True,1306.4624999999978,STOP_HIT,579
2019-02-06 13:15:00+05:30,2019,2,6,13,15,2,BUY,11036.25,11012.342142857142,11107.973571428574,3.0,trend_pullback_buy,STRONG_UPTREND,11036.25,0.12035014481497827,61.20690128397227,57.026332711463695,38.26431780078565,5.181479125520504,0.7906843594338051,0.011741671816356606,0.36284767218213165,0.9471585244267056,0.12351970295783055,0.33455617042867924,0.713479697910091,1,0,0.0,1,0.01651859255638598,4,0,0.5,70.0,0.33333333333333326,20.0,90.33333333333333,False,True,True,1255.1625000000513,STOP_HIT,580
2019-02-08 15:00:00+05:30,2019,2,8,15,0,4,SELL,10935.7,10978.141428571429,10808.375714285716,3.0,trend_bounce_sell,STRONG_DOWNTREND,10935.7,0.21561099361331534,31.520534290503306,48.33086815679603,-11.335499679544228,-10.583938278522943,-0.23696225048832278,0.007229060274270456,-0.455590196390776,-0.6973893303064638,-0.4606499191019964,-0.5936429538157872,-0.736613793197205,0,1,0.0,0,3.469446951953614e-18,6,0,0.6,68.99852089407761,0.33333333333333326,20.0,89.33185422741094,False,True,True,9549.321428571375,TARGET_HIT,581
2019-02-15 13:00:00+05:30,2019,2,15,13,0,4,SELL,10651.35,10690.879285714287,10532.76214285714,3.0,trend_bounce_sell,STRONG_DOWNTREND,10651.35,0.20617775479835387,32.299632359158736,55.759582229793224,-45.36841914935758,-5.357127162405405,0.297599480410831,0.014534980056588067,-0.31819266565905613,-0.9126048309448409,-0.023683395790619066,-0.2629905840891178,-0.717845556523522,0,1,0.0,0,3.469446951953614e-18,7,0,0.7,70.0,0.33333333333333326,20.0,90.33333333333333,False,True,False,-2964.6964285715057,STOP_HIT,582
2019-02-21 09:45:00+05:30,2019,2,21,9,45,3,BUY,10731.25,10690.47357142857,10853.579285714288,3.0,trend_pullback_buy,STRONG_UPTREND,10731.25,0.21109909310258732,66.72833227721623,31.556022594744245,9.842831567873873,9.438719501841458,0.809803660789369,0.01248498761502071,0.45165215763363076,0.5471828049677496,0.10570403579936993,0.29636053762736037,0.42135162033323237,1,0,2.369913021291335,0,3.469446951953614e-18,0,1,0.7,58.933613556846545,0.33333333333333326,20.0,79.26694689017988,False,True,True,9174.696428571588,TARGET_HIT,583
2019-02-21 10:00:00+05:30,2019,2,21,10,0,3,BUY,10730.35,10690.242142857143,10850.673571428571,3.0,trend_pullback_buy,STRONG_UPTREND,10730.35,0.207655322120368,66.41825907334123,32.50438456554596,10.853776908057625,9.404698357822689,0.77413436804033,0.012838390987094233,0.7743310887592836,0.5274474074976387,0.07783161239032221,0.2617032768036154,0.3966720112244193,1,0,2.369913021291335,1,0.025040266649588604,0,1,0.7,59.50263073932758,0.33333333333333326,20.0,79.83596407266091,False,True,,,,584
2019-02-21 10:15:00+05:30,2019,2,21,10,15,3,BUY,10732.6,10692.627142857144,10852.51857142857,3.0,trend_pullback_buy,STRONG_UPTREND,10732.6,0.20691298340703057,68.27763201069983,33.91183120884412,11.81121613662981,9.325923827755386,0.7628034533034179,0.012845594660796466,0.7103379031425661,0.707975396799343,0.07903757452552007,0.2569582403579851,0.40127669086078566,1,0,2.369913021291335,1,0.025040266649588604,0,1,0.7,60.347098725306466,0.33333333333333326,20.0,80.68043205863981,False,True,,,,585
2019-02-21 10:45:00+05:30,2019,2,21,10,45,3,BUY,10743.15,10703.505,10862.085000000001,3.0,trend_pullback_buy,STRONG_UPTREND,10743.15,0.20501435798625317,69.22277461243557,39.02280646238775,13.973273799145318,9.40259126772581,0.7819451817549016,0.012654823783389798,0.47040779586358106,0.8093347971736664,0.11936895194673003,0.2966849191716303,0.46274614634596034,1,0,2.369913021291335,1,0.025040266649588604,0,1,0.7,63.413683877432646,0.33333333333333326,20.0,83.74701721076599,False,True,,,,586
2019-02-27 13:30:00+05:30,2019,2,27,13,30,2,SELL,10816.05,10834.880479472466,10756.05,3.0,trend_bounce_sell,STRONG_DOWNTREND,10816.05,0.3413908034818631,33.786062201711715,38.481662282875284,0.8783131335239887,-12.338036944889042,0.3446761129176272,0.022328682222705364,-1.0076742493925206,-0.187792993983249,0.06293423930077147,-0.148294986655495,-0.1737949902460123,0,1,0.0,0,3.469446951953614e-18,1,0,0.8,68.12736861668778,0.33333333333333326,20.0,88.4607019500211,False,True,True,988.6001723044956,STOP_HIT,587
2019-02-27 13:45:00+05:30,2019,2,27,13,45,2,SELL,10814.6,10834.085166551975,10754.6,3.0,trend_bounce_sell,STRONG_DOWNTREND,10814.6,0.3508154320482109,33.70881204528206,39.868844791488286,0.036754795497472514,-11.861635754624002,0.3442628976122697,0.0225171002603459,-0.4143799034955209,-0.19104224156228922,0.03961191622690041,-0.14700443380056827,-0.17985059423504257,0,1,0.0,1,0.010755581079189025,1,0,0.8,58.92130687489297,0.33333333333333326,20.0,79.2546402082263,False,True,True,1022.9712439786908,STOP_HIT,588
2019-02-28 13:00:00+05:30,2019,2,28,13,0,3,SELL,10791.75,10813.574999999999,10726.275000000003,3.0,trend_bounce_sell,STRONG_DOWNTREND,10791.75,0.11235434475409337,34.15903479263925,28.63388306813812,-5.957799929914472,-3.3593399027805066,0.057307922723891146,0.004848885481686809,-0.4147941716574288,-0.018992384517035887,-0.14461034203282486,-0.20919899469821202,-0.2788718755300623,0,1,0.0,0,1.734723475976807e-18,3,0,0.9,52.18032984088287,0.33333333333333326,20.0,72.5136631742162,False,True,False,-1636.8749999999181,STOP_HIT,589
2019-03-05 11:45:00+05:30,2019,3,5,11,45,1,BUY,10898.3,10874.964285714284,10968.307142857144,3.0,trend_pullback_buy,STRONG_UPTREND,10898.3,0.11895695396792137,69.48379308723098,35.63301519208084,10.164761324878782,2.3752028016943543,0.9496466244570302,0.005840331649260633,0.46599525247170703,0.32033874902195336,0.13106005434810886,0.22502138136086813,0.3288575053326248,1,0,1.2277897219617762,0,1.734723475976807e-18,0,1,0.8,56.379809115248506,0.33333333333333326,20.0,76.71314244858183,False,True,True,5250.535714285843,TARGET_HIT,590
2019-03-05 12:00:00+05:30,2019,3,5,12,0,1,BUY,10899.45,10875.934285714286,10969.997142857146,3.0,trend_pullback_buy,STRONG_UPTREND,10899.45,0.11986188031768527,69.87177644569454,35.63976646315323,10.88994831556738,2.7903508131446575,0.907563994610229,0.00629617072571627,0.4178144664228389,0.33092465595803144,0.11326870713368464,0.21413343733092116,0.32608936204086003,1,0,1.2277897219617762,1,0.013290951328237077,0,1,0.8,56.383859877891936,0.33333333333333326,20.0,76.71719321122526,False,True,True,5291.035714285908,TARGET_HIT,591
2019-03-12 14:30:00+05:30,2019,3,12,14,30,1,BUY,11307.9,11283.477857142856,11381.16642857143,3.0,trend_pullback_buy,STRONG_UPTREND,11307.9,0.11998564846573806,55.53614078355956,41.94271333910662,54.02726302521296,1.6067772292452744,0.9998104042357475,0.004089763902062864,0.32026828013271835,0.36701563477727905,0.17566576338352569,0.35052171918730224,0.862324754659749,1,0,0.0,0,1.734723475976807e-18,2,0,0.8,70.16562800346398,0.33333333333333326,20.0,90.49896133679731,False,True,True,1282.162500000095,STOP_HIT,592
2019-03-12 14:45:00+05:30,2019,3,12,14,45,1,BUY,11318.35,11293.503571428571,11392.889285714287,3.0,trend_pullback_buy,STRONG_UPTREND,11318.35,0.12195745341477829,66.90583516442013,36.749012962035565,54.348031532510504,1.7347911628885342,1.127816725595919,0.004311248521214445,0.3822531651182848,0.5266874203418759,0.21447803260288278,0.40280033774886537,0.9177190805714552,1,0,0.0,1,0.012878745501427409,2,0,0.8,57.04940777722134,0.33333333333333326,20.0,77.38274111055468,False,True,True,1304.4374999999945,STOP_HIT,593
2019-03-19 14:00:00+05:30,2019,3,19,14,0,1,BUY,11509.75,11486.266428571429,11580.200714285713,3.0,trend_pullback_buy,STRONG_UPTREND,11509.75,0.11335110294688135,68.47992549081228,40.4998488103602,18.222684784326702,0.3501036753909865,1.1791932391500646,0.004209704113735158,0.3329977204475476,0.4148418279213306,0.20286080197620127,0.29722474369409113,0.46093174530486003,1,0,0.0,0,1.734723475976807e-18,4,0,0.8,47.800946040125986,0.33333333333333326,20.0,68.13427937345932,False,True,True,1232.8875000000153,STOP_HIT,594
2019-03-22 12:00:00+05:30,2019,3,22,12,0,4,SELL,11487.55,11516.745068694083,11399.964793917748,3.0,trend_bounce_sell,STRONG_DOWNTREND,11487.55,0.1842678129179605,39.0160352626271,41.66243747419288,0.8445336830973247,-5.580373907647772,0.13182149306801175,0.007892299256332136,-0.6679752351964607,-0.290772108444981,-0.15809365496244343,-0.24466382768271178,-0.25350104148301744,0,1,0.0,0,1.734723475976807e-18,5,0,0.8,69.99746248451572,0.33333333333333326,20.0,90.33079581784905,False,True,True,6568.8904561688105,TARGET_HIT,595
2019-03-22 12:15:00+05:30,2019,3,22,12,15,4,SELL,11498.85,11516.043301294314,11438.85,3.0,trend_bounce_sell,STRONG_DOWNTREND,11498.85,0.18961523481540699,43.22307379546245,43.20305096813397,0.09122183937324735,-5.700317176234664,0.2736273390156067,0.00807867657589722,-0.5332814324639945,-0.1926907703724834,-0.047911181691306926,-0.13323332521817388,-0.14929868570727756,0,1,0.0,1,0.014993048701826021,5,0,0.8,75.92183058088038,0.33333333333333326,20.0,96.25516391421371,False,True,True,4500.0,TARGET_HIT,596
2019-03-27 11:30:00+05:30,2019,3,27,11,30,2,BUY,11519.45,11482.543571428572,11630.169285714286,3.0,trend_pullback_buy,STRONG_UPTREND,11519.45,0.17799088870190308,66.5050363474983,72.85022382838733,31.946781088734497,19.524663010698234,0.6614910968108565,0.017448172441807703,0.315241765179719,1.2436335192191894,-0.019042176694028523,0.2737466177531678,0.6240954254526976,1,0,0.0,0,3.469446951953614e-18,7,0,0.9,70.0,0.33333333333333326,20.0,90.33333333333333,False,True,False,-2767.982142857136,STOP_HIT,597
2019-03-28 13:45:00+05:30,2019,3,28,13,45,3,BUY,11550.8,11520.174285714284,11642.677142857146,3.0,trend_pullback_buy,STRONG_UPTREND,11550.8,0.14729963045231523,69.96302413965623,37.023240851151414,18.61913456079128,1.5856372498171893,1.0275085470737755,0.007499816421080786,0.4819319031960534,0.9239802359972238,0.24588164676186963,0.36090645595800996,0.5351063791603883,1,0,1.7617901068556399,0,3.469446951953614e-18,0,1,0.8,57.21394451069085,0.33333333333333326,20.0,77.5472778440242,False,True,True,6890.785714286039,TARGET_HIT,598
2019-03-28 14:15:00+05:30,2019,3,28,14,15,3,BUY,11546.55,11514.767142857141,11641.898571428574,3.0,trend_pullback_buy,STRONG_UPTREND,11546.55,0.15292137354571858,67.15812732172695,39.93152502721444,20.79217824207808,3.1072321139053116,0.9008127759667112,0.0069629560254376105,0.38296022603780955,0.5849608864574751,0.11420978882394905,0.25752811801900144,0.4550273549998707,1,0,1.7617901068556399,1,0.014881884607943712,0,1,0.8,63.95891501632867,0.33333333333333326,20.0,84.292248349662,False,True,True,7151.142857143077,TARGET_HIT,599
2019-04-04 12:00:00+05:30,2019,4,4,12,0,3,SELL,11613.05,11644.492142857142,11518.723571428573,3.0,trend_bounce_sell,STRONG_DOWNTREND,11613.05,0.15041575764210918,34.72773240407162,65.33228187011179,-17.421641575525427,-13.84551817539062,0.22863572587782938,0.011952733747772074,-0.3441129651639341,-1.0303435756927715,-0.1292001894106165,-0.32627160269619315,-0.5223417966862098,0,1,0.0,0,1.734723475976807e-18,2,0,0.9,70.0,0.33333333333333326,20.0,90.33333333333333,False,True,False,-2358.1607142856683,STOP_HIT,600
2019-04-10 14:45:00+05:30,2019,4,10,14,45,2,SELL,11613.6,11633.28451395618,11553.6,3.0,trend_bounce_sell,STRONG_DOWNTREND,11613.6,0.15379136775603053,33.206679382565994,42.924460363296554,0.7072597792375745,-4.763099770631605,0.19105768097703715,0.008115212806207223,-0.357349692198794,-0.4717769407772021,-0.06207505530617663,-0.16637210342429487,-0.16920856644195847,0,1,1.4004505603724686,0,1.734723475976807e-18,0,1,0.8,65.75467621797793,0.33333333333333326,20.0,86.08800955131126,False,True,True,1033.436982699368,STOP_HIT,601
2019-04-12 14:00:00+05:30,2019,4,12,14,0,4,BUY,11634.55,11609.517142857143,11709.648571428568,3.0,trend_pullback_buy,STRONG_UPTREND,11634.55,0.119533139288951,65.02088989602501,28.439312497816324,-0.4695818001891894,4.276094343556235,1.059209125861032,0.004619065994935505,0.4099404076102209,0.3263859546250192,0.21486280367455368,0.275321471437473,0.2826398009236675,1,0,0.7867191073958302,0,1.734723475976807e-18,1,0,0.8,52.0635874986898,0.33333333333333326,20.0,72.39692083202314,False,True,True,5632.392857142668,TARGET_HIT,602
2019-04-30 11:15:00+05:30,2019,4,30,11,15,1,SELL,11701.0,11721.245828234365,11640.262515296905,3.0,trend_bounce_sell,STRONG_DOWNTREND,11701.0,0.14028105045966943,30.107214311457085,51.94882842524043,-3.9075753847228043,-10.494368161125308,0.34769143837305605,0.012701512603011994,-0.45641512082452707,-0.45641512082452707,0.03501786304993537,-0.11040771133328242,-0.17272761386504243,0,1,0.0,0,1.734723475976807e-18,2,0,0.8,65.0,0.33333333333333326,20.0,85.33333333333333,False,True,False,-1518.4371175773776,STOP_HIT,603
2019-04-30 11:30:00+05:30,2019,4,30,11,30,1,SELL,11703.35,11720.544031048703,11643.35,3.0,trend_bounce_sell,STRONG_DOWNTREND,11703.35,0.14199231111482932,31.304345290937633,54.4990885805301,-4.307869237349223,-9.805195812376555,0.37913339335381946,0.012539807866058808,-0.4364230325870966,-0.4364230325870966,0.04408206097556988,-0.08213959346827782,-0.1466999398931801,0,1,0.0,1,0.008792669469593988,2,0,0.8,65.0,0.33333333333333326,20.0,85.33333333333333,False,True,True,902.6866300569509,STOP_HIT,604
2019-05-01 10:00:00+05:30,2019,5,1,10,0,2,BUY,11748.15,11722.172920199182,11826.081239402452,3.0,trend_pullback_buy,STRONG_UPTREND,11748.15,0.14917242289211624,69.79172753611127,34.254717019139186,3.7910944069990364,4.802673433685006,0.7978417417647448,0.008393802169530003,0.3399283417390153,0.38279637881459827,0.07140498981974552,0.17827936819312384,0.22160635214700797,1,0,0.874694828174046,0,1.734723475976807e-18,0,1,0.7,55.55283021148351,0.33333333333333326,20.0,75.88616354481684,False,True,True,1363.796689542869,STOP_HIT,605
2019-05-08 14:45:00+05:30,2019,5,8,14,45,2,SELL,11375.3,11412.354285714284,11264.137142857146,3.0,trend_bounce_sell,STRONG_DOWNTREND,11375.3,0.1809685396052331,36.50527717344289,33.73089349429892,-58.61213261228295,-2.2999088814203716,-0.22186988148784914,0.00435030167428877,-0.32639506508186367,-0.45722836478510054,-0.26256910094973884,-0.4548440172408186,-0.9936992821901858,0,1,0.08908052961996013,0,1.734723475976807e-18,1,0,0.7,65.23853609657935,0.33333333333333326,20.0,85.57186942991268,False,True,True,8337.214285714026,TARGET_HIT,606
2019-05-15 10:45:00+05:30,2019,5,15,10,45,2,BUY,11275.55,11227.359750383242,11420.12074885027,3.0,trend_pullback_buy,STRONG_UPTREND,11275.55,0.27911213707028343,62.615078601705164,45.536614215512465,0.9189936607890559,18.91299638198234,0.7532822710938996,0.0156576244611137,0.474501661869664,1.322747756855236,0.1373810322666813,0.36530195891970596,0.4292215684556844,1,0,0.0,0,3.469446951953614e-18,2,0,0.7,72.32196852930748,0.33333333333333326,20.0,92.65530186264081,False,True,False,-3614.268721256758,STOP_HIT,607
2019-05-15 11:00:00+05:30,2019,5,15,11,0,2,BUY,11272.95,11229.147603309391,11404.357190071829,3.0,trend_pullback_buy,STRONG_UPTREND,11272.95,0.2605795288722095,56.428340017770644,41.68193277429738,2.607548791473164,18.5413963613998,0.7279834991778477,0.013638303046628662,0.3418027424329617,1.257073565076805,0.0914115944523397,0.310956896401815,0.39007766428948987,1,0,0.0,1,0.01988278575844192,2,0,0.7,75.00915966457843,0.33333333333333326,20.0,95.34249299791176,False,True,False,-3285.179751795704,STOP_HIT,608
2019-05-16 09:30:00+05:30,2019,5,16,9,30,3,SELL,11177.05,11222.12661935749,11041.820141927526,3.0,trend_bounce_sell,STRONG_DOWNTREND,11177.05,0.30662320175205793,36.760397594488865,31.243970531340526,-9.715268692032623,-7.2930389133658515,0.21603627865754457,0.014865109052256919,-0.5224395345215127,-0.8507089980883564,-0.100410961420494,-0.2990369605132437,-0.4016762676669172,0,1,3.7955189948745987,0,6.938893903907228e-18,0,2,0.6,63.746382318804315,0.33333333333333326,20.0,84.07971565213765,False,True,False,-3380.7464518118195,STOP_HIT,609
2019-05-16 09:45:00+05:30,2019,5,16,9,45,3,SELL,11163.1,11213.1,11013.1,3.0,trend_bounce_sell,STRONG_DOWNTREND,11163.1,0.3035511129141009,36.03420359288424,32.42592183902307,-11.367355591179148,-8.050613231261138,0.1674580520013482,0.01487474783633823,-0.8068314095557971,-1.0350314942131345,-0.1801570715202594,-0.38512376650202684,-0.5054616844672566,0,1,3.7955189948745987,1,0.019331880127171824,0,2,0.6,64.45555310341385,0.33333333333333326,20.0,84.78888643674718,False,True,False,-3750.0,STOP_HIT,610
2019-05-23 11:15:00+05:30,2019,5,23,11,15,3,BUY,11896.3,11846.3,12046.3,3.0,trend_pullback_buy,STRONG_UPTREND,11896.3,0.49664301385425064,64.81653690366281,39.81327223365849,57.8674377353218,19.172653365657723,0.6411327663152868,0.03758907842211957,1.3494747782823113,1.5766352307317932,-0.15662819850974508,0.325758218780714,0.8783807976812996,1,0,7.718279446118645,0,3.469446951953614e-18,0,4,0.5,70.63533723160666,0.33333333333333326,20.0,90.96867056493998,False,True,False,-3750.0,STOP_HIT,611
2019-05-23 11:30:00+05:30,2019,5,23,11,30,3,BUY,11872.85,11822.85,12022.85,3.0,trend_pullback_buy,STRONG_UPTREND,11872.85,0.49308175495232764,64.0555999672752,42.02743133075137,56.83603638349632,16.327126812449016,0.5731624200868223,0.03653910754365382,1.1496945790984814,1.3093673737563316,-0.28295166527080307,0.1163464354187127,0.6527070800798729,1,0,7.718279446118645,1,0.022354881815967877,0,4,0.5,70.96493169394323,0.33333333333333326,20.0,91.29826502727656,False,True,False,-3750.0,STOP_HIT,612
2019-05-24 09:30:00+05:30,2019,5,24,9,30,4,SELL,11690.6,11740.6,11540.6,3.0,trend_bounce_sell,STRONG_DOWNTREND,11690.6,0.4662476079683058,36.332915702151396,51.105949965028785,-5.908646400523139,-27.35814747744148,0.22086041258629424,0.026685782248421233,-1.114414646834172,-1.8310219882186396,-0.19483693727732065,-0.5854224857944845,-0.7116152509871188,0,1,11.844173359631027,0,6.938893903907228e-18,0,6,0.3,75.57207323417086,0.33333333333333326,20.0,95.90540656750419,False,True,False,-3750.0,STOP_HIT,613
2019-05-27 13:30:00+05:30,2019,5,27,13,30,0,BUY,11929.1,11891.12,12043.039999999999,3.0,trend_pullback_buy,STRONG_UPTREND,11929.1,0.176878389819851,63.48206154158379,38.87719065093906,43.369317978680556,12.198212726236392,0.6971727254150767,0.010992698423740871,0.3355986946135925,0.764448498977921,0.014568156201777427,0.26134715397385655,0.6770616403421581,1,0,13.90712031638722,0,6.938893903907228e-18,0,7,0.2,68.32631439056344,0.33333333333333326,20.0,88.65964772389677,False,True,False,-2848.4999999999673,STOP_HIT,614
2019-05-30 11:00:00+05:30,2019,5,30,11,0,3,BUY,11920.25,11895.513914147314,11994.458257558059,3.0,trend_pullback_buy,STRONG_UPTREND,11920.25,0.15906305896029202,62.53833210849379,32.96223135508372,2.2038354593696567,0.853029092484876,0.8703039108388998,0.007430689233212813,0.49106390153430546,0.2459843579177612,0.12197373070406137,0.19103265727153929,0.20794465906401882,1,0,15.474134824739206,0,6.938893903907228e-18,0,8,0.2,58.30762973789899,0.33333333333333326,20.0,78.64096307123233,False,True,True,1298.6445072660445,STOP_HIT,615
2019-05-31 10:30:00+05:30,2019,5,31,10,30,4,BUY,12013.05,11972.800714285713,12133.797857142858,3.0,trend_pullback_buy,STRONG_UPTREND,12013.05,0.18613686187699513,63.8365061057807,35.62941991667252,27.84503298688651,10.756789005138,0.7845003564399678,0.012130173777523458,0.49649899194390557,0.708384506079951,0.08658301997288564,0.31980419620165623,0.5908655628983128,1,0,14.759725562293163,0,6.938893903907228e-18,1,0,0.2,66.37765195000351,0.33333333333333326,20.0,86.71098528333684,False,True,False,-3018.6964285714566,STOP_HIT,616
2019-05-31 10:45:00+05:30,2019,5,31,10,45,4,BUY,12012.9,11973.743571428571,12130.369285714285,3.0,trend_pullback_buy,STRONG_UPTREND,12012.9,0.18108509542717835,68.80087635726198,33.44032002651104,28.598193145337063,10.3589542472297,0.7562192330253248,0.012271473676236001,0.666619180699457,0.5882279058667894,0.06825498856091183,0.28950848864470746,0.5663566474772175,1,0,14.759725562293163,1,0.01948190383562794,1,0,0.2,60.06419201590663,0.33333333333333326,20.0,80.39752534923997,False,True,False,-2936.732142857136,STOP_HIT,617
2019-06-10 11:00:00+05:30,2019,6,10,11,0,0,BUY,11920.1,11897.940167209004,11986.579498372988,3.0,trend_pullback_buy,STRONG_UPTREND,11920.1,0.24975821152028013,69.01397846763892,50.17278912905965,-1.821404355512641,18.697209968462218,0.6556657593832137,0.01713480655158362,0.48259903817380323,0.567798326133917,-0.056885352779778575,0.15369231203721245,0.18624932113937565,1,0,18.035921094988485,0,3.469446951953614e-18,0,2,0.1,70.0,0.33333333333333326,20.0,90.33333333333333,False,True,False,-1661.9874593247005,STOP_HIT,618
2019-06-10 11:15:00+05:30,2019,6,10,11,15,0,BUY,11925.05,11899.003297906691,12003.190106279924,3.0,trend_pullback_buy,STRONG_UPTREND,11925.05,0.2303674078635225,62.43823643998508,51.91618163774302,-0.6567862681567931,17.87564525023626,0.6612139158422685,0.016858543883557998,0.45827313584343443,0.7327910257384884,-0.012306361015324008,0.17749815456820084,0.21889818366460645,1,0,18.035921094988485,1,0.011154779076182886,0,2,0.1,75.0,0.33333333333333326,20.0,95.33333333333333,False,True,False,-1953.5026569981255,STOP_HIT,619
2019-06-10 15:00:00+05:30,2019,6,10,15,0,0,BUY,11922.3,11899.364238909582,11991.10728327125,3.0,trend_pullback_buy,STRONG_UPTREND,11922.3,0.1747625398263272,57.49212870401429,37.89459525065773,0.37704521340492647,4.9415267380053685,0.6799047977511185,0.006665670457593541,0.3045574242181992,-0.21342841359915932,0.14326251616039176,0.17196772200664956,0.1927477857633697,1,0,20.02487158369522,2,5.204170427930421e-18,0,4,0.1,72.73675715039464,0.33333333333333326,20.0,93.07009048372797,False,True,True,1204.1274572468865,STOP_HIT,620
2019-06-11 09:45:00+05:30,2019,6,11,9,45,1,BUY,11945.15,11905.183571428572,12065.049285714284,3.0,trend_pullback_buy,STRONG_UPTREND,11945.15,0.18587938559642578,67.87416788247094,34.294450765581765,4.946314485679977,6.351658062222623,1.0636712413185618,0.005783922797385848,0.3680254761014412,0.16855275239935352,0.19094082598778428,0.2755115304389433,0.3394438969405167,1,0,20.02487158369522,0,0.011832493296182522,0,4,0.1,60.57667045934906,0.33333333333333326,20.0,80.9100037926824,False,True,True,2098.237499999914,STOP_HIT,621
2019-06-11 10:30:00+05:30,2019,6,11,10,30,1,BUY,11937.25,11909.059419956702,12021.821740129893,3.0,trend_pullback_buy,STRONG_UPTREND,11937.25,0.1762190980813382,58.60272106688619,28.280493165699795,7.896554272527283,6.97300877927691,0.7846528437193835,0.006947235444532531,0.34802052816738094,0.4049928085389176,0.04279806886686721,0.14555802508622318,0.23671542016203695,1,0,19.362457964102145,1,0.020618565753257857,1,0,0.2,66.96829589941987,0.33333333333333326,20.0,87.3016292327532,False,True,True,1480.0054522731898,STOP_HIT,622
2019-06-14 15:00:00+05:30,2019,6,14,15,0,4,SELL,11807.2,11840.487142857144,11707.33857142857,3.0,trend_bounce_sell,STRONG_DOWNTREND,11807.2,0.15662356141046976,36.56755978779737,34.591949301454584,-10.050358654951197,-1.0150177576752686,-0.36196199355883707,0.00473038908402721,-0.41034594735931407,-0.6190686614902186,-0.35224763677218496,-0.4140097438978807,-0.5036515903768524,0,1,17.3939978550552,0,6.938893903907228e-18,3,0,0.4,60.90534715762543,0.33333333333333326,20.0,81.23868049095876,False,True,True,7489.607142857267,TARGET_HIT,623
2019-06-14 15:15:00+05:30,2019,6,14,15,15,4,SELL,11823.3,11858.464285714284,11717.807142857144,3.0,trend_bounce_sell,STRONG_DOWNTREND,11823.3,0.16523064022492898,43.47135463359481,33.252138500255626,-11.059777912036225,-1.821993313284267,-0.0011258191849810094,0.004966543902044828,-0.343894606417694,-0.46135324673138856,-0.17317131909583283,-0.2529883508673003,-0.35360128429858806,0,1,17.3939978550552,1,0.016625816108558632,3,0,0.4,69.95128310015338,0.33333333333333326,20.0,90.2846164334867,False,True,True,7911.964285714157,TARGET_HIT,624
2019-06-18 09:30:00+05:30,2019,6,18,9,30,1,SELL,11673.1,11709.1,11565.1,3.0,trend_bounce_sell,STRONG_DOWNTREND,11673.1,0.17133409291447746,33.63104911766068,73.2809797923097,-45.96981864161353,-6.438843725613225,0.13832981939084288,0.007749176086347171,-0.3044731504216913,-0.643898287051814,-0.11556658945706122,-0.3237011899101305,-0.7495520743266426,0,1,8.921297879632665,0,6.938893903907228e-18,5,0,0.6,70.0,0.33333333333333326,20.0,90.33333333333333,False,True,False,-2700.0,STOP_HIT,625
2019-06-24 10:30:00+05:30,2019,6,24,10,30,0,SELL,11703.0,11747.054652494995,11570.836042515015,3.0,trend_bounce_sell,STRONG_DOWNTREND,11703.0,0.23232748623674004,32.661536932385474,31.94184238114917,-6.698156909760655,-10.326120117213968,0.15490244127255287,0.009802871230431349,-0.3512357110926678,-0.6439508101385161,-0.13450132149136484,-0.2898948059511741,-0.3750272199988247,0,1,10.40661968849712,0,6.938893903907228e-18,0,1,0.5,59.1651054286895,0.33333333333333326,20.0,79.49843876202283,False,True,False,-3304.098937124627,STOP_HIT,626
2019-06-24 10:45:00+05:30,2019,6,24,10,45,0,SELL,11703.25,11745.336822985388,11576.989531043837,3.0,trend_bounce_sell,STRONG_DOWNTREND,11703.25,0.20983182327253375,39.5458921434413,30.575852429194697,-7.934445889995914,-10.406168187704303,0.18755214802165382,0.009665379755443255,-0.5172516384593817,-0.6831441603903698,-0.10592243373734878,-0.26167281320725877,-0.35832793575595323,0,1,10.40661968849712,1,0.02028775138955957,0,1,0.5,63.34551145751682,0.33333333333333326,20.0,83.67884479085015,False,True,False,-3156.5117239040774,STOP_HIT,627
2019-06-26 11:15:00+05:30,2019,6,26,11,15,2,BUY,11814.35,11775.322142857143,11931.433571428572,3.0,trend_pullback_buy,STRONG_UPTREND,11814.35,0.18352378977381467,61.683125486065585,61.67396473594231,23.48230322186646,10.378805194213534,0.7112529004980152,0.008174723061974757,0.3099037600241106,0.7156618700129735,0.04035908525397147,0.2081126148670176,0.44673543748336986,1,0,13.960725582351996,0,6.938893903907228e-18,0,3,0.5,75.0,0.33333333333333326,20.0,95.33333333333333,False,True,True,2048.9624999999705,STOP_HIT,628
2019-06-27 09:45:00+05:30,2019,6,27,9,45,3,BUY,11869.9,11836.889285714286,11968.932142857142,3.0,trend_pullback_buy,STRONG_UPTREND,11869.9,0.15450244495982143,66.15640987509528,28.294074665688118,29.593955358852327,4.182681002985635,0.9007921062668706,0.006865577423288414,0.416643754785051,0.470190911899504,0.12376308834594063,0.2695441460611736,0.5452983573588588,1,0,12.83355199465,0,6.938893903907228e-18,1,0,0.6,56.976444799412874,0.33333333333333326,20.0,77.3097781327462,False,True,True,1733.0625000000055,STOP_HIT,629
2019-06-27 11:30:00+05:30,2019,6,27,11,30,3,BUY,11893.3,11866.512142857142,11973.663571428571,3.0,trend_pullback_buy,STRONG_UPTREND,11893.3,0.1251304756219312,65.51646994905012,48.379758963778784,33.87862504941586,4.681096683468084,0.8082957904169661,0.008946205417696123,0.43871686927587916,0.649938645114867,0.08997136616732959,0.2564127189972565,0.5703437983871407,1,0,12.83355199465,1,0.015625129653529624,1,0,0.6,64.02785537826728,0.33333333333333326,20.0,84.3611887116006,False,True,False,-2009.089285714299,STOP_HIT,630
2019-06-28 12:15:00+05:30,2019,6,28,12,15,4,SELL,11814.15,11838.457121870819,11741.228634387542,3.0,trend_bounce_sell,STRONG_DOWNTREND,11814.15,0.13083584394258327,33.80154329734299,41.777752590290326,0.15698303553654114,-12.314487187875852,0.2514720259894011,0.007641760827443901,-0.30211097937122844,-0.5722870019314708,-0.04270348388790701,-0.17289077316106072,-0.2053233932478693,0,1,12.985399626002664,0,5.204170427930421e-18,0,1,0.6,60.0666515541742,0.33333333333333326,20.0,80.39998488750754,False,True,True,1276.1238982180203,STOP_HIT,631
2019-06-28 12:30:00+05:30,2019,6,28,12,30,4,SELL,11805.7,11835.078571428572,11717.564285714287,3.0,trend_bounce_sell,STRONG_DOWNTREND,11805.7,0.13825040930591417,30.970828947864064,40.18997560819954,-1.121809110414688,-12.233951400444372,0.19309236273441294,0.007906646813844212,-0.3284197018050383,-0.3734192971278305,-0.09137874346020203,-0.2221325272613428,-0.2658787711301125,0,1,12.985399626002664,1,0.011525491785374669,0,1,0.6,59.11398536491973,0.33333333333333326,20.0,79.44731869825307,False,True,False,-2203.3928571428532,STOP_HIT,632
2019-07-05 13:45:00+05:30,2019,7,5,13,45,4,SELL,11859.4,11909.4,11709.4,3.0,trend_bounce_sell,STRONG_DOWNTREND,11859.4,0.28660206852189607,36.30599409399737,30.58495951804597,-8.876561053990372,-13.855103451214527,0.17207743066285444,0.015107491157393417,-0.6101138096914371,-0.6584017423354016,-0.15917936227944907,-0.38452300734891365,-0.49816019772880304,0,1,13.495508073178256,0,5.204170427930421e-18,0,1,0.5,63.35097571082758,0.33333333333333326,20.0,83.68430904416093,False,True,True,11250.0,TARGET_HIT,633
2019-07-05 14:00:00+05:30,2019,7,5,14,0,4,SELL,11846.1,11896.1,11696.1,3.0,trend_bounce_sell,STRONG_DOWNTREND,11846.1,0.30133485764452916,35.013844062014854,34.130959700939876,-11.087775569223595,-14.459686169802975,0.1436706059375953,0.015958997785024426,-0.4893169303657907,-0.7698106885575484,-0.21703623639995895,-0.45133006261267594,-0.585977248165559,0,1,13.495508073178256,1,0.02384785935164311,0,1,0.5,65.47857582056392,0.33333333333333326,20.0,85.81190915389725,False,True,,,,634
2019-07-05 14:45:00+05:30,2019,7,5,14,45,4,SELL,11831.9,11881.9,11681.9,3.0,trend_bounce_sell,STRONG_DOWNTREND,11831.9,0.34280812283499734,36.20343690560743,42.76324537309343,-16.246161703236794,-14.703024566819707,0.1599524641075391,0.015573592306778114,-0.8322716910285743,-1.092158444478808,-0.2268721208651403,-0.4572042018980982,-0.6385408304351192,0,1,13.495508073178256,1,0.02384785935164311,0,1,0.5,70.65794722385606,0.33333333333333326,20.0,90.99128055718938,False,True,,,,635
2019-07-09 11:00:00+05:30,2019,7,9,11,0,1,SELL,11506.8,11556.8,11356.8,3.0,trend_bounce_sell,STRONG_DOWNTREND,11506.8,0.24833142142037823,35.95600907971185,72.64269006948741,-93.1790790725172,-7.813303124000669,0.3145512962751392,0.01583144494744447,-0.4597770751603725,-0.8927302559332495,0.02689259634669483,-0.3419765509174222,-1.2020256504386206,0,1,7.306667202909681,0,6.938893903907228e-18,1,0,0.5,75.0,0.33333333333333326,20.0,95.33333333333333,False,True,False,-3750.0,STOP_HIT,636
2019-07-11 13:15:00+05:30,2019,7,11,13,15,3,BUY,11574.85,11551.880714285715,11643.757857142857,3.0,trend_pullback_buy,STRONG_UPTREND,11574.85,0.11024518059166545,65.3141384839922,58.54116999014623,-3.8472714601557527,12.884466064187876,0.8002853188431611,0.00879894910129558,0.3350323330039373,0.6132489590848778,0.09724540171986984,0.22092581621602214,0.22711943657927058,1,0,9.369614159665872,0,6.938893903907228e-18,0,1,0.4,65.0,0.33333333333333326,20.0,85.33333333333333,False,True,True,1205.8874999999716,STOP_HIT,637
2019-07-16 11:30:00+05:30,2019,7,16,11,30,1,BUY,11627.25,11600.590714285714,11707.227857142858,3.0,trend_pullback_buy,STRONG_UPTREND,11627.25,0.12737933978983898,69.415521310566,47.5618924812237,12.431350322731305,6.729866756560512,0.7970917364752627,0.008175421190893813,0.34174314895600855,0.5004602678629233,0.07554034884258432,0.20892811363797392,0.33908334065073653,1,0,8.706232306781793,0,6.938893903907228e-18,1,0,0.5,63.53713548873422,0.33333333333333326,20.0,83.87046882206755,False,True,True,1399.612500000012,STOP_HIT,638
2019-07-17 09:30:00+05:30,2019,7,17,9,30,2,BUY,11674.0,11646.517857142857,11756.44642857143,3.0,trend_pullback_buy,STRONG_UPTREND,11674.0,0.13078513913703113,68.48905203671839,31.889630557409184,22.114753393447245,5.393849325714733,0.9074049779161701,0.006311841282231609,0.48157823386885124,0.4115721885576962,0.12058967210435423,0.2554074167502085,0.47039268330522077,1,0,8.706232306781793,0,0.012048290638719136,1,0,0.5,54.13377833444551,0.33333333333333326,20.0,74.46711166777885,False,True,False,-2061.160714285734,STOP_HIT,639
2019-07-26 09:45:00+05:30,2019,7,26,9,45,4,SELL,11223.9,11272.185,11079.045,3.0,trend_bounce_sell,STRONG_DOWNTREND,11223.9,0.23899892194335143,41.05124334762653,45.69239647171316,-16.054975547418508,-1.6648939462876555,-0.05151680666065571,0.007336310093133168,-0.5229152079695876,-0.7989888901655418,-0.28543577445726553,-0.40469624113201874,-0.5520215319176125,0,1,9.07016267355732,0,6.938893903907228e-18,0,1,0.6,77.41543788302789,0.33333333333333326,20.0,97.74877121636122,False,True,False,-3621.374999999989,STOP_HIT,640
2019-07-26 10:00:00+05:30,2019,7,26,10,0,4,SELL,11229.75,11278.806428571428,11082.580714285716,3.0,trend_bounce_sell,STRONG_DOWNTREND,11229.75,0.24269081171505372,41.53579167681305,43.12758045019887,-17.149915959456848,-2.483850922493396,0.05543629295559948,0.007126305746557028,-0.4216434784921841,-0.7174495398244107,-0.18685814970207382,-0.32081766551310675,-0.4806673854617416,0,1,9.07016267355732,1,0.021909066756464042,0,1,0.6,75.87654827011932,0.33333333333333326,20.0,96.20988160345264,False,True,False,-3679.2321428571086,STOP_HIT,641
2019-07-29 10:15:00+05:30,2019,7,29,10,15,0,SELL,11238.65,11275.990481504365,11126.628555486905,3.0,trend_bounce_sell,STRONG_DOWNTREND,11238.65,0.1907003319539518,32.576532890585696,33.856642687174705,-7.52439528389732,-0.7878095792229027,0.005637180724102919,0.0066193220132036365,-0.46893265790499683,-0.567998336702702,-0.1799590932249573,-0.26342052655574655,-0.331150346088116,0,1,13.08636675031187,0,6.938893903907228e-18,0,3,0.4,53.19208140453385,0.33333333333333326,20.0,73.52541473786718,False,True,True,1960.3752789791088,STOP_HIT,642
2019-07-29 10:30:00+05:30,2019,7,29,10,30,0,SELL,11238.25,11274.51046262184,11129.46861213448,3.0,trend_bounce_sell,STRONG_DOWNTREND,11238.25,0.18056954724140475,35.12194813948409,35.79789816758071,-8.492758013549974,-1.5805550779879995,0.06690384565162019,0.007084377288331597,-0.4010280498072394,-0.47996670341688974,-0.14686336997790095,-0.24275918805917174,-0.3216145192472264,0,1,13.08636675031187,1,0.017725972279157273,0,3,0.4,66.47873890054842,0.33333333333333326,20.0,86.81207223388175,False,True,True,1903.6742876466633,STOP_HIT,643
2019-08-02 11:15:00+05:30,2019,8,2,11,15,4,SELL,10915.8,10965.8,10765.8,3.0,trend_bounce_sell,STRONG_DOWNTREND,10915.8,0.3300262005533242,48.260061679202316,35.092681047887986,-55.71347239951683,-5.589736266739969,0.45172422958840314,0.016534351174235674,-0.5846994535519179,-0.5770027734387506,0.16413027514117218,-0.09211721590142163,-0.6364715157238465,0,1,10.960678938518353,0,6.938893903907228e-18,2,0,0.5,71.05560862873278,0.33333333333333326,20.0,91.38894196206611,False,True,False,-3750.0,STOP_HIT,644
2019-08-02 11:30:00+05:30,2019,8,2,11,30,4,SELL,10925.05,10975.05,10775.05,3.0,trend_bounce_sell,STRONG_DOWNTREND,10925.05,0.32399328672572103,51.52711601892415,33.1562363116948,-54.05700338965471,-3.5399405311900622,0.5142385238661411,0.016171142226365353,-0.5004553734061945,-0.36206935862651557,0.19910796887772086,-0.006777976645266914,-0.5307285522669125,0,1,10.960678938518353,1,0.023168943026101098,2,0,0.5,69.89374178701688,0.33333333333333326,20.0,90.22707512035021,False,True,False,-3750.0,STOP_HIT,645
2019-08-06 13:15:00+05:30,2019,8,6,13,15,1,BUY,10946.55,10909.990714285714,11056.227857142856,3.0,trend_pullback_buy,STRONG_UPTREND,10946.55,0.18554443441736723,60.99973373729071,38.37836638546037,-0.695354944697101,14.53173334957468,0.8269899970366218,0.010126535266131647,0.33731295400902805,0.8489644752358361,0.1218632181669177,0.29922494249476905,0.3378764296848802,1,0,15.086572852030733,0,6.938893903907228e-18,0,2,0.4,68.02701983127622,0.33333333333333326,20.0,88.36035316460955,False,True,True,1919.3625000000338,STOP_HIT,646
2019-08-06 13:30:00+05:30,2019,8,6,13,30,1,BUY,10948.35,10912.909285714286,11054.672142857144,3.0,trend_pullback_buy,STRONG_UPTREND,10948.35,0.17983792730672374,63.719529536192965,35.70520748845736,0.8433179973435472,14.463365662453795,0.8210099030044324,0.00955178880545736,0.5625924258985338,0.8214270914390198,0.11063082862046159,0.2869337205585465,0.3404311361076884,1,0,15.086572852030733,1,0.017763943757455384,0,2,0.4,66.42312449307443,0.33333333333333326,20.0,86.75645782640775,False,True,True,1860.6375000000753,STOP_HIT,647
2019-08-07 14:45:00+05:30,2019,8,7,14,45,2,SELL,10893.85,10930.455324362618,10784.034026912148,3.0,trend_bounce_sell,STRONG_DOWNTREND,10893.85,0.3075457384540039,35.78781402416111,45.24050499855103,-0.6248426909169211,-6.020556456224236,0.05091082581002984,0.008232926966449571,-0.5786123342992,-0.5591003277012563,-0.19981529718220425,-0.31707688896712716,-0.33489295071751357,0,1,13.007122319620429,0,6.938893903907228e-18,2,0,0.5,72.14430299913062,0.33333333333333326,20.0,92.47763633246394,False,True,True,1921.7795290373488,STOP_HIT,648
2019-08-08 10:00:00+05:30,2019,8,8,10,0,3,SELL,10874.4,10913.800916269065,10756.197251192803,3.0,trend_bounce_sell,STRONG_DOWNTREND,10874.4,0.3117413374531011,33.867978290471214,46.02637903466573,-13.645588785653672,-10.956612856039996,0.3035338338057064,0.014163946947674633,-0.43581761582127676,-0.6768050417865545,-0.0030452933663993598,-0.20271889930600917,-0.36101919552454786,0,1,11.94991452469137,0,6.938893903907228e-18,3,0,0.5,67.61582742079943,0.33333333333333326,20.0,87.94916075413276,False,True,False,-2955.0687201799064,STOP_HIT,649
2019-08-13 13:00:00+05:30,2019,8,13,13,0,1,SELL,11052.8,11083.122269270825,10961.833192187521,3.0,trend_bounce_sell,STRONG_DOWNTREND,11052.8,0.18191899660848823,45.165105007230444,33.953682754939564,-0.25660809711553156,-10.42710850400022,0.1639591054992943,0.0075731799053764684,-0.5546833176630517,-0.5117172908237433,-0.1259401986498765,-0.23742769615650028,-0.27358959446741604,0,1,13.57555453090485,0,6.938893903907228e-18,0,1,0.5,70.37220965296373,0.33333333333333326,20.0,90.70554298629706,False,True,True,6822.510585935834,TARGET_HIT,650
2019-08-16 10:15:00+05:30,2019,8,16,10,15,4,SELL,10968.1,11018.1,10818.1,3.0,trend_bounce_sell,STRONG_DOWNTREND,10968.1,0.25994214390563186,31.2535550154317,28.131842158644293,-12.445223039494522,-6.356761074103446,0.12490622178340695,0.010869887369646105,-0.5557872595064017,-0.5557872595064017,-0.16569263120312927,-0.33592360969306734,-0.46937326345770636,0,1,9.822360544053314,0,6.938893903907228e-18,1,0,0.6,56.87910529518658,0.33333333333333326,20.0,77.21243862851992,False,True,False,-3750.0,STOP_HIT,651
2019-08-16 10:30:00+05:30,2019,8,16,10,30,4,SELL,10984.5,11018.438848904272,10882.683453287184,3.0,trend_bounce_sell,STRONG_DOWNTREND,10984.5,0.26007426048392324,37.520552925102635,31.565573064254604,-12.934310079210263,-6.161263302437268,0.2834560012685583,0.01101261591938055,-0.4070937675666797,-0.4070937675666797,-0.013133112864882612,-0.16993920866759105,-0.3080186709721322,0,1,9.822360544053314,1,0.022876479903468493,1,0,0.6,63.93934383855276,0.33333333333333326,20.0,84.27267717188609,False,True,False,-2545.4136678204122,STOP_HIT,652
2019-08-19 09:30:00+05:30,2019,8,19,9,30,0,BUY,11079.65,11036.122142857143,11210.233571428571,3.0,trend_pullback_buy,STRONG_UPTREND,11079.65,0.21825728120602245,69.26163274394861,56.058791205833195,8.25460548317642,7.7042328959061885,0.957203294230465,0.007100525628483137,0.3577849938632971,0.5686666061541112,0.17412997394248286,0.3133619030159407,0.4135426519128904,1,0,13.285588402067042,0,6.938893903907228e-18,0,2,0.5,70.0,0.33333333333333326,20.0,90.33333333333333,False,True,True,2285.2124999999432,STOP_HIT,653
2019-08-20 11:30:00+05:30,2019,8,20,11,30,1,SELL,11013.4,11051.849285714285,10898.052142857145,3.0,trend_bounce_sell,STRONG_DOWNTREND,11013.4,0.19395204283613018,35.271243873666265,65.14568207429407,-7.547454132141866,-13.718802720894576,0.2486295292553054,0.013675348859419158,-0.3663865242131692,-1.1013779571751203,-0.08447321667170993,-0.2921487507470566,-0.4001258856986878,0,1,12.02844915608942,0,6.938893903907228e-18,1,0,0.5,75.0,0.33333333333333326,20.0,95.33333333333333,False,True,True,8651.089285714124,TARGET_HIT,654
2019-08-20 11:45:00+05:30,2019,8,20,11,45,1,SELL,11007.45,11044.388571428572,10896.634285714288,3.0,trend_bounce_sell,STRONG_DOWNTREND,11007.45,0.18643217613006208,32.537206329543906,63.209311389829445,-8.966779015085194,-13.624314843454115,0.2228324960073506,0.012348176222006724,-0.5978155350764958,-1.102855294603866,-0.11079282043316985,-0.31465899168394706,-0.4362111002786495,0,1,12.02844915608942,1,0.018032838160252584,1,0,0.5,70.0,0.33333333333333326,20.0,90.33333333333333,False,True,False,-2770.392857142815,STOP_HIT,655
2019-08-22 14:00:00+05:30,2019,8,22,14,0,3,SELL,10796.65,10843.488571428572,10656.134285714283,3.0,trend_bounce_sell,STRONG_DOWNTREND,10796.65,0.24101391238420047,40.62829934129318,60.25022714393318,-47.834606462498414,-4.741884668460685,-0.050036255449064655,0.00814547416088093,-0.4219545488083787,-1.1178070649436433,-0.32946861620754,-0.5410663008313832,-1.0129332584678186,0,1,8.793365209175242,0,6.938893903907228e-18,1,0,0.6,80.0,0.33333333333333326,20.0,100.33333333333333,False,True,True,10538.678571428773,TARGET_HIT,656
2019-08-23 10:15:00+05:30,2019,8,23,10,15,4,SELL,10749.95,10799.95,10599.95,3.0,trend_bounce_sell,STRONG_DOWNTREND,10749.95,0.34365608345022375,32.124211104112234,57.91917883777688,-66.17540879296212,-11.062119490676757,0.38313484589962316,0.024120045672653617,-0.41363274229707647,-0.7593102047598776,0.18332482091079072,-0.1980317505911544,-0.8670022019204859,0,1,2.9958359059323896,0,6.938893903907228e-18,2,0,0.6,70.0,0.33333333333333326,20.0,90.33333333333333,False,True,False,-3750.0,STOP_HIT,657
2019-08-26 11:30:00+05:30,2019,8,26,11,30,0,BUY,10898.55,10848.55,11048.55,3.0,trend_pullback_buy,STRONG_UPTREND,10898.55,0.42980815927675786,59.496077665990605,29.386095017146722,-1.8688161598511215,16.882838206584115,1.103288319890804,0.009141420045725684,0.6390041876936259,0.9770130916974651,0.42583160766096473,0.6059292057100096,0.6416573949126647,1,0,5.058782862688581,0,6.938893903907228e-18,0,1,0.5,62.63165701028804,0.33333333333333326,20.0,82.96499034362137,False,True,True,11250.0,TARGET_HIT,658
2019-08-28 14:45:00+05:30,2019,8,28,14,45,2,SELL,11024.15,11043.137562936978,10964.15,3.0,trend_bounce_sell,STRONG_DOWNTREND,11024.15,0.19803923982477525,34.60260735960895,62.58953313026446,4.589106478188114,-18.746354387741885,0.31211842212486024,0.009926020758469082,-0.3002527730423754,-0.4366674192820108,0.02872600916365986,-0.15938973777546162,-0.17193992946989978,0,1,0.0,0,6.938893903907228e-18,1,0,0.5,70.0,0.33333333333333326,20.0,90.33333333333333,False,True,False,-1424.067220273355,STOP_HIT,659
2019-08-29 11:15:00+05:30,2019,8,29,11,15,3,SELL,10965.3,11011.630714285713,10826.307857142858,3.0,trend_bounce_sell,STRONG_DOWNTREND,10965.3,0.23473398552055916,40.85398394182132,31.821640220388183,-12.525972698724217,-15.3850066867975,0.14984092084447287,0.010306849606976906,-0.731479888829556,-0.6869755414970369,-0.15993643937022295,-0.36584150481582256,-0.533523542302694,0,1,0.7746526789121394,0,6.938893903907228e-18,0,1,0.5,69.09298413223291,0.33333333333333326,20.0,89.42631746556624,False,True,False,-3474.803571428538,STOP_HIT,660
2019-09-05 10:45:00+05:30,2019,9,5,10,45,3,BUY,10900.5,10862.28923949787,11015.13228150639,3.0,trend_pullback_buy,STRONG_UPTREND,10900.5,0.23878327992818368,65.77651003856754,35.21672138687458,-5.051841314556441,18.65487298235839,0.8085460907694152,0.014022087080196567,0.6983898234625752,0.905329223249729,0.10998254808891605,0.347512629309743,0.35177447092078484,1,0,2.6648484905844807,0,6.938893903907228e-18,0,2,0.4,61.130032832124755,0.33333333333333326,20.0,81.4633661654581,False,True,False,-2865.8070376597607,STOP_HIT,661
2019-09-05 11:00:00+05:30,2019,9,5,11,0,3,BUY,10889.15,10863.342602654817,10966.572192035548,3.0,trend_pullback_buy,STRONG_UPTREND,10889.15,0.2430991268503853,61.96463524988671,34.89287916897412,-3.6614476685826958,18.040739965498922,0.7127152872475101,0.013460735381515694,0.3196845533398607,0.836667037078187,0.004595440146548668,0.22088494667453773,0.23756405637871403,1,0,2.6648484905844807,1,0.016015989408345137,0,2,0.4,65.93572750138446,0.33333333333333326,20.0,86.26906083471779,False,True,False,-1935.5548008887126,STOP_HIT,662
2019-09-06 09:45:00+05:30,2019,9,6,9,45,4,BUY,10899.5,10858.063453978597,11023.80963806421,3.0,trend_pullback_buy,STRONG_UPTREND,10899.5,0.23932945810096304,69.91144752182815,49.59549524083916,-0.9695758554444183,6.225814609100605,1.1081665379389107,0.007546097536504568,0.5386907232660887,0.10378207600887368,0.27591467876837417,0.36966346329965205,0.3816200393102376,1,0,5.276654841933612,0,8.673617379884035e-18,0,4,0.4,69.7572971445035,0.33333333333333326,20.0,90.09063047783683,False,True,True,2175.418666123687,STOP_HIT,663
2019-09-06 10:00:00+05:30,2019,9,6,10,0,4,BUY,10885.15,10859.125671469634,10963.222985591097,3.0,trend_pullback_buy,STRONG_UPTREND,10885.15,0.23245955663056267,59.690617290486884,49.33840239804903,0.15182184216791939,6.612491076041647,0.8852167766805078,0.00809126648575619,0.5157304719603406,0.29854184423303565,0.1150820816820941,0.2158800752392498,0.23965399533720788,1,0,5.276654841933612,1,0.017846962913904918,0,4,0.4,79.60304143882942,0.33333333333333326,20.0,99.93637477216275,False,True,True,5855.473919332326,TARGET_HIT,664
2019-09-09 10:00:00+05:30,2019,9,9,10,0,0,BUY,10987.0,10944.095714285715,11115.712857142855,3.0,trend_pullback_buy,STRONG_UPTREND,10987.0,0.2169447008802592,63.76276232346611,43.537026997103844,20.594805089936926,4.998178127691208,1.2780860808972956,0.00652860600738123,0.5675057208238021,0.691469131333311,0.42845901452530644,0.5496164913176615,0.7663947865673704,1,0,0.9080742252230575,0,5.204170427930421e-18,2,0,0.5,71.12221619826231,0.33333333333333326,20.0,91.45554953159564,False,True,True,2252.4749999999585,STOP_HIT,665
2019-09-13 09:30:00+05:30,2019,9,13,9,30,4,SELL,10985.7,11022.799058992177,10874.40282302347,3.0,trend_bounce_sell,STRONG_DOWNTREND,10985.7,0.23377793729250693,32.49434257532721,58.15532795969868,-4.336649716629836,-9.62988603831248,0.16207517150849823,0.009390046293246468,-0.4192368529589041,-0.43051879781024205,-0.12657210114411788,-0.26692590636281377,-0.33656659069650763,0,1,0.0,0,3.469446951953614e-18,3,0,0.5,70.0,0.33333333333333326,20.0,90.33333333333333,False,True,False,-2782.429424413249,STOP_HIT,666
2019-09-13 09:45:00+05:30,2019,9,13,9,45,4,SELL,10980.0,11021.120664521895,10856.638006434314,3.0,trend_bounce_sell,STRONG_DOWNTREND,10980.0,0.2367616445485315,30.296326931030322,57.94594382355526,-5.694544954882076,-9.889003148908248,0.1507624572810941,0.009888471598552818,-0.3512211059380932,-0.47496464957760276,-0.14276458537687553,-0.28978671865735883,-0.37310783334645325,0,1,0.0,1,0.015087776896276718,3,0,0.5,70.0,0.33333333333333326,20.0,90.33333333333333,False,True,False,-3084.0498391421534,STOP_HIT,667
2019-09-19 13:30:00+05:30,2019,9,19,13,30,3,SELL,10709.75,10743.564285714285,10608.307142857146,3.0,trend_bounce_sell,STRONG_DOWNTREND,10709.75,0.17540758921276553,33.907400182398646,75.09133883059039,-45.74313374753365,-6.109273029734972,0.20205770457315017,0.013772484050418596,-0.3498536848618561,-1.176953669271863,-0.16243135569817824,-0.420586915249066,-0.8765957747417397,0,1,3.1811096273833743,0,3.469446951953614e-18,0,2,0.4,70.0,0.33333333333333326,20.0,90.33333333333333,False,True,False,-2536.0714285713584,STOP_HIT,668
2019-09-19 13:45:00+05:30,2019,9,19,13,45,3,SELL,10689.95,10725.59,10583.030000000002,3.0,trend_bounce_sell,STRONG_DOWNTREND,10689.95,0.18522069794526438,30.73037912698986,74.47460891421385,-46.962812825517176,-6.596056896946649,0.08061159579354855,0.01251250643827818,-0.5821874811091199,-1.3901380452279066,-0.2778002550018588,-0.5500183598860064,-1.0187139330287587,0,1,3.1811096273833743,1,0.014203732234412502,0,2,0.4,70.0,0.33333333333333326,20.0,90.33333333333333,False,True,False,-2672.9999999999563,STOP_HIT,669
2019-09-25 14:15:00+05:30,2019,9,25,14,15,2,SELL,11432.1,11472.702857142856,11310.291428571432,3.0,trend_bounce_sell,STRONG_DOWNTREND,11432.1,0.1973140792780213,31.737231790261603,41.09631840821245,-0.38772768040144,-25.647284957806583,0.03928291047732485,0.008293197363038686,-0.4709999825878053,-0.7048400755651052,-0.2125208213990426,-0.44021533452407446,-0.5297742362735169,0,1,6.005738595919647,0,5.204170427930421e-18,0,4,0.3,64.65779104492746,0.33333333333333326,20.0,84.99112437826079,False,True,False,-3045.2142857142007,STOP_HIT,670
2019-09-25 14:45:00+05:30,2019,9,25,14,45,2,SELL,11426.5,11468.562142857143,11300.31357142857,3.0,trend_bounce_sell,STRONG_DOWNTREND,11426.5,0.20450581667927176,33.836843891574276,40.339184099793975,-4.819691535851234,-24.565706301309795,0.0762296366226487,0.0085809670970219,-0.548326733104143,-0.8021599284653846,-0.1778505027624333,-0.40980731498763134,-0.5366847239017369,0,1,6.005738595919647,1,0.01756780956401511,0,4,0.3,64.20351045987638,0.33333333333333326,20.0,84.53684379320971,False,True,False,-3154.6607142857283,STOP_HIT,671
2019-09-30 11:30:00+05:30,2019,9,30,11,30,0,SELL,11442.0,11482.59,11320.23,3.0,trend_bounce_sell,STRONG_DOWNTREND,11442.0,0.19708092990735818,33.4205996910501,54.58825898350928,-23.345641536934636,-15.078052871797468,0.3208561301008941,0.019249045392669775,-0.6115145408429168,-0.8659715212767427,0.01790018546465877,-0.23775622605614055,-0.4931070370836732,0,1,9.367632700548327,0,6.938893903907228e-18,0,6,0.3,70.0,0.33333333333333326,20.0,90.33333333333333,False,True,False,-3044.250000000011,STOP_HIT,672
2019-10-01 15:15:00+05:30,2019,10,1,15,15,1,SELL,11359.9,11409.9,11209.9,3.0,trend_bounce_sell,STRONG_DOWNTREND,11359.9,0.4155909320127296,33.707885999906395,35.12902655156621,-32.501854031892435,-14.90745206364203,0.3001397962023174,0.02894223838812088,-0.9741405987804708,-0.7621984511428592,-0.006426342804899399,-0.35537940755050457,-0.6889848528826681,0,1,11.018383099228293,0,6.938893903907228e-18,0,7,0.3,56.07741593093972,0.33333333333333326,20.0,76.41074926427305,False,True,True,2625.0,STOP_HIT,673
2019-10-01 15:30:00+05:30,2019,10,1,15,30,1,SELL,11359.9,11409.9,11209.9,3.0,trend_bounce_sell,STRONG_DOWNTREND,11359.9,0.408800127767723,35.45387048039326,37.90046267676486,-33.239635076701234,-14.080709797605746,0.3192388425575651,0.02894183095642787,-0.9547142832231903,-1.1056072569622821,-0.0051411403213963425,-0.32317659805314314,-0.6621447440241512,0,1,11.018383099228293,1,0.022852413341197125,0,7,0.3,62.74027760605892,0.33333333333333326,20.0,83.07361093939225,False,True,True,2625.0,STOP_HIT,674
2019-10-07 10:45:00+05:30,2019,10,7,10,45,0,SELL,11166.4,11216.4,11016.4,3.0,trend_bounce_sell,STRONG_DOWNTREND,11166.4,0.31043385257814093,40.50434363893077,48.86555150473891,-42.88718275177416,-8.247437462623417,0.20849257116392805,0.013032896589637548,-0.3324809325532252,-1.3843320984001761,-0.25672532456771924,-0.46922336484995775,-0.8876227754563315,0,1,8.171560534370013,0,6.938893903907228e-18,2,0,0.3,79.31933090284335,0.33333333333333326,20.0,99.65266423617668,False,True,False,-3750.0,STOP_HIT,675
2019-10-10 10:00:00+05:30,2019,10,10,10,0,3,BUY,11284.35,11241.831428571428,11411.905714285718,3.0,trend_pullback_buy,STRONG_UPTREND,11284.35,0.20932910244213457,65.60292780425931,74.02976468580498,30.340215050608094,16.88437739398848,0.6792165568820392,0.013559230332106638,0.3155878156433811,1.1110762655293094,0.05875668214370133,0.3017559616624421,0.6392368891589228,1,0,10.2050052235545,0,6.938893903907228e-18,0,1,0.2,70.0,0.33333333333333326,20.0,90.33333333333333,False,True,False,-3188.892857142946,STOP_HIT,676
2019-10-14 11:15:00+05:30,2019,10,14,11,15,0,BUY,11360.25,11310.25,11510.25,3.0,trend_pullback_buy,STRONG_UPTREND,11360.25,0.2506232571592017,63.88589505913584,45.21887463935644,29.25357425351649,8.137571574383394,0.8000231585787951,0.012452667375610252,0.48827736277150535,0.842853718942238,0.09181285410493345,0.3210392187778188,0.6137272677140038,1,0,11.934188488817348,0,6.938893903907228e-18,0,2,0.2,72.13132478361386,0.33333333333333326,20.0,92.46465811694719,False,True,True,2625.0,STOP_HIT,677
2019-10-14 13:45:00+05:30,2019,10,14,13,45,0,BUY,11402.1,11367.160714285714,11506.91785714286,3.0,trend_pullback_buy,STRONG_UPTREND,11402.1,0.17023806391554436,65.04548570844605,51.34920381210848,32.94223229164527,4.993579803761168,0.9882323965952617,0.008097888524299638,0.36838978015449886,0.8584659068292533,0.26510622650384175,0.4322615047525735,0.7518574205093165,1,0,11.934188488817348,1,0.02309005792703425,0,2,0.2,70.0,0.33333333333333326,20.0,90.33333333333333,False,True,False,-2620.446428571495,STOP_HIT,678
2019-10-18 14:00:00+05:30,2019,10,18,14,0,4,BUY,11671.25,11640.875,11762.375,3.0,trend_pullback_buy,STRONG_UPTREND,11671.25,0.144586055478205,63.25646567996545,44.12540050735294,52.66016239149758,4.11714932931045,0.9739189597764137,0.006121671675691764,0.3671996938569455,0.7327588066992519,0.16813155280435144,0.3714986314243607,0.8606279815615236,1,0,11.931719305980524,0,6.938893903907228e-18,0,1,0.3,66.47524030441176,0.33333333333333326,20.0,86.80857363774508,False,True,False,-2278.125,STOP_HIT,679
2019-10-25 12:30:00+05:30,2019,10,25,12,30,4,SELL,11525.7,11575.129285714287,11377.412142857142,3.0,trend_bounce_sell,STRONG_DOWNTREND,11525.7,0.238256368686625,33.303716988240424,35.13072613546874,-12.07146714015289,-1.5729988969948714,-0.2565501411410197,0.006120198630805198,-0.5487820662162357,-0.2600437011877177,-0.3545440893751195,-0.4363094462329631,-0.5491884383381218,0,1,13.1670369546601,0,6.938893903907228e-18,0,2,0.3,61.07843568128125,0.33333333333333326,20.0,81.41176901461458,False,True,False,-3707.1964285714785,STOP_HIT,680
2019-10-25 13:45:00+05:30,2019,10,25,13,45,4,SELL,11534.35,11574.162142857143,11414.913571428571,3.0,trend_bounce_sell,STRONG_DOWNTREND,11534.35,0.19175642444400634,40.55157940122599,46.41738411221677,-19.470204720162656,-6.000911202548675,0.27782487170378145,0.0111123622084254,-0.3916336347228322,-0.4165731355654123,-0.005691201357138631,-0.17100914516836596,-0.362135585327239,0,1,13.1670369546601,1,0.023150590513286065,0,2,0.3,77.85043046733006,0.33333333333333326,20.0,98.18376380066339,False,True,False,-2985.9107142857283,STOP_HIT,681
2019-10-30 11:00:00+05:30,2019,10,30,11,0,2,BUY,11825.75,11781.56,11958.320000000002,3.0,trend_pullback_buy,STRONG_UPTREND,11825.75,0.20759782677631594,58.71566592317811,45.13690956088146,57.45110624978952,6.022571739667249,0.7084004310887843,0.007301615903072525,0.32875201493169914,0.5035482088981524,0.004457671881574754,0.2282272418577369,0.7617109387736409,1,0,16.796387134336303,0,3.469446951953614e-18,0,4,0.3,77.08214573652887,0.33333333333333326,20.0,97.4154790698622,False,True,True,2319.9750000000677,STOP_HIT,682
2019-10-30 11:15:00+05:30,2019,10,30,11,15,2,BUY,11843.2,11797.287142857143,11980.938571428573,3.0,trend_pullback_buy,STRONG_UPTREND,11843.2,0.2153737406878463,62.823724445227285,41.87313380183331,57.4870770913094,5.452688323068415,0.8699958917444348,0.007355171293128723,0.4780751430619734,0.5561357480662554,0.12158191416609121,0.3418134544405538,0.8743803610244738,1,0,16.796387134336303,1,0.021599523799559886,0,4,0.3,70.12388028109999,0.33333333333333326,20.0,90.45721361443331,False,True,True,2410.424999999941,STOP_HIT,683
2019-11-04 10:45:00+05:30,2019,11,4,10,45,0,BUY,11953.65,11910.218571428572,12083.944285714284,3.0,trend_pullback_buy,STRONG_UPTREND,11953.65,0.20185107836159982,68.205284749289,40.109773570541634,21.48856666172287,4.780275829234817,0.7975900911161253,0.012422436252437103,0.47574818967728305,0.5632345394432248,0.09792792247020898,0.27737303032009386,0.4725733890530215,1,0,14.231318665611429,0,6.938893903907228e-18,2,0,0.4,64.06586414232498,0.33333333333333326,20.0,84.39919747565831,False,True,False,-3257.3571428571086,STOP_HIT,684
2019-11-04 11:00:00+05:30,2019,11,4,11,0,0,BUY,11981.75,11937.174285714285,12115.477142857144,3.0,trend_pullback_buy,STRONG_UPTREND,11981.75,0.2066833785906536,69.93848489536838,44.160594106427766,23.295509579429563,5.928496872247358,0.9233285237127296,0.01328447295602668,0.7835237117911342,0.8624245536353214,0.2664086627330864,0.4662368004429096,0.6807752459626837,1,0,14.231318665611429,1,0.02059385929648337,2,0,0.4,66.49635646385666,0.33333333333333326,20.0,86.82968979718999,False,True,False,-3343.178571428598,STOP_HIT,685
2019-11-05 13:30:00+05:30,2019,11,5,13,30,1,SELL,11895.8,11915.927007747248,11835.418976758252,3.0,trend_bounce_sell,STRONG_DOWNTREND,11895.8,0.14464889168566075,31.987932625783273,40.587695312906895,-0.4993785250971996,-9.461571306946535,0.25606703813321025,0.008680566732848033,-0.38520156090371405,-0.341805874369594,-0.010345583249071755,-0.13837678816812637,-0.16890845113571862,0,1,17.810471810674578,0,6.938893903907228e-18,0,2,0.3,59.35261718774414,0.33333333333333326,20.0,79.68595052107747,False,True,False,-1509.525581043681,STOP_HIT,686
2019-11-05 13:45:00+05:30,2019,11,5,13,45,1,SELL,11898.4,11915.239674110102,11838.4,3.0,trend_bounce_sell,STRONG_DOWNTREND,11898.4,0.14962996225182737,31.103355297677567,40.420065853012375,-1.1286430983927858,-9.081752292217908,0.3020007837536042,0.008685643078979866,-0.3442355207504577,-0.3592573672883126,0.00920667537718245,-0.10596629938348645,-0.14132887437163788,0,1,17.810471810674578,1,0.009959214492274993,0,2,0.3,59.252039511807425,0.33333333333333326,20.0,79.58537284514077,False,True,False,-1262.9755582576763,STOP_HIT,687
2019-11-06 10:00:00+05:30,2019,11,6,10,0,2,SELL,11862.3,11899.855714285713,11749.632857142857,3.0,trend_bounce_sell,STRONG_DOWNTREND,11862.3,0.175887355017878,45.83292515206593,29.24693230663374,-6.355527759968027,-6.802737047650234,0.022371271435781034,0.005808726620032433,-0.3917221921328151,-0.49032149822788584,-0.20877487762792635,-0.309016589520561,-0.3850184838741555,0,1,19.313865868666657,0,6.938893903907228e-18,0,4,0.2,67.54815938398025,0.33333333333333326,20.0,87.88149271731358,False,True,False,-2816.678571428565,STOP_HIT,688
2019-11-14 10:15:00+05:30,2019,11,14,10,15,3,SELL,11822.5,11862.453571428572,11702.639285714284,3.0,trend_bounce_sell,STRONG_DOWNTREND,11822.5,0.18774733407848232,30.40888659612905,66.8338303080898,-22.988970592476107,-9.913636076928368,0.23434232583954603,0.01209036473383613,-0.47730486901474967,-0.6667030755722836,-0.0608943643283677,-0.26562014748916507,-0.49188052818400774,0,1,20.841215223922976,0,6.938893903907228e-18,0,5,0.2,70.0,0.33333333333333326,20.0,90.33333333333333,False,True,False,-2996.517857142908,STOP_HIT,689
2019-11-19 11:30:00+05:30,2019,11,19,11,30,1,BUY,11922.9,11899.003427538879,11994.589717383362,3.0,trend_pullback_buy,STRONG_UPTREND,11922.9,0.14824413523555555,63.40994079025506,45.46449642482871,2.1901549315771263,2.5838600346092933,0.9551903799916062,0.0047868031432702655,0.323109933106136,0.26827012025900654,0.1129655066816948,0.17623704958622533,0.20082835177452907,1,0,22.466082776630632,0,6.938893903907228e-18,0,6,0.2,67.27869785489722,0.33333333333333326,20.0,87.61203118823055,False,True,True,5376.728803752167,TARGET_HIT,690
2019-11-19 12:30:00+05:30,2019,11,19,12,30,1,BUY,11936.6,11905.807142857144,12028.97857142857,3.0,trend_pullback_buy,STRONG_UPTREND,11936.6,0.143316713780665,69.42507684483542,54.659283119597276,6.423585133125016,4.9523359560420435,0.8882500029393836,0.0064630760202199645,0.34466525437977236,0.33960424337182715,0.10009389532317226,0.20337907115310916,0.2714380307073938,1,0,22.466082776630632,1,0.012534477839108098,0,6,0.2,65.0,0.33333333333333326,20.0,85.33333333333333,False,True,True,1616.6250000000218,STOP_HIT,691
2019-11-22 13:15:00+05:30,2019,11,22,13,15,4,SELL,11902.55,11931.922142857142,11814.433571428572,3.0,trend_bounce_sell,STRONG_DOWNTREND,11902.55,0.137095472338761,33.38986553533863,66.1309613440171,-18.707004201758537,-10.65794088229952,0.26965650178978856,0.008725268970295264,-0.33410229894201837,-0.5688914135823953,-0.02727543853214831,-0.19506642561821774,-0.38876806693530774,0,1,18.673923269476493,0,6.938893903907228e-18,2,0,0.4,65.0,0.33333333333333326,20.0,85.33333333333333,False,True,False,-2202.91071428569,STOP_HIT,692
2019-12-02 12:15:00+05:30,2019,12,2,12,15,0,SELL,12045.85,12068.833401007385,11976.899796977847,3.0,trend_bounce_sell,STRONG_DOWNTREND,12045.85,0.2030634142523282,47.11174430100812,41.502771587209345,-8.72430960737438,-0.2814376547140771,0.34196142269233276,0.00632475188404341,-0.33715023248886977,0.09223290886806179,-0.08558279025072668,-0.11148823822626497,-0.1904359787207488,0,1,19.868455827532976,0,6.938893903907228e-18,0,1,0.3,62.716039499466376,0.33333333333333326,20.0,83.04937283279972,False,True,True,5171.265226661535,TARGET_HIT,693
2019-12-03 11:00:00+05:30,2019,12,3,11,0,1,SELL,12008.85,12044.695714285715,11901.312857142855,3.0,trend_bounce_sell,STRONG_DOWNTREND,12008.85,0.16583008126744575,32.17327803020618,33.57941734233249,-14.440865578411831,-3.3262234485251394,0.1382860331820314,0.005581206873412953,-0.3237092095270122,-0.2852231964926344,-0.08191779808701671,-0.18480959948702358,-0.3186936635357518,0,1,19.868455827532976,0,0.011664688407170817,0,1,0.3,60.147650405399496,0.33333333333333326,20.0,80.48098373873283,False,True,True,1881.9000000000415,STOP_HIT,694
2019-12-06 14:45:00+05:30,2019,12,6,14,45,4,SELL,11921.8,11960.04357142857,11807.069285714286,3.0,trend_bounce_sell,STRONG_DOWNTREND,11921.8,0.17821493877961905,32.80890333707384,52.238958517911996,-23.62094835462085,-13.449442825492438,0.19571378026928837,0.012815638115263683,-0.5596843747132763,-1.0639004149377684,-0.1038110080728849,-0.3464554598609393,-0.585748300153599,0,1,16.043863461640782,0,6.938893903907228e-18,2,0,0.4,70.0,0.33333333333333326,20.0,90.33333333333333,False,True,False,-2868.267857142837,STOP_HIT,695
2019-12-06 15:00:00+05:30,2019,12,6,15,0,4,SELL,11918.8,11957.442142857142,11802.87357142857,3.0,trend_bounce_sell,STRONG_DOWNTREND,11918.8,0.18011760531980753,32.86632122611286,53.29627437825799,-24.78434233985172,-13.151553129650976,0.19939066756126334,0.012193824484070203,-0.5519422275437225,-0.967574416817274,-0.10318570767314794,-0.33787072094341175,-0.5869539082549058,0,1,16.043863461640782,1,0.01852543254687394,2,0,0.4,70.0,0.33333333333333326,20.0,90.33333333333333,False,True,False,-2898.160714285723,STOP_HIT,696
2019-12-10 11:15:00+05:30,2019,12,10,11,15,1,SELL,11891.5,11922.852142857142,11797.443571428574,3.0,trend_bounce_sell,STRONG_DOWNTREND,11891.5,0.14647317111261857,30.16773259321748,29.77006099595877,-17.241956288486108,-1.8141531714785657,0.02898685315973472,0.007395078349330017,-0.3853403141361289,-0.6865045892247235,-0.17910956239587383,-0.29104493308464985,-0.444651263479634,0,1,19.170720409409604,0,1.0408340855860843e-17,0,2,0.4,52.86203659757526,0.33333333333333326,20.0,73.1953699309086,False,True,True,1645.987500000001,STOP_HIT,697
2019-12-13 11:15:00+05:30,2019,12,13,11,15,4,BUY,12040.4,12002.027857142857,12155.516428571427,3.0,trend_pullback_buy,STRONG_UPTREND,12040.4,0.17705273199276766,69.18237504248003,58.46681485849693,35.06021620333195,11.23477758778369,0.7112559594709029,0.013382927844661956,0.5730132477989924,0.7417323822871191,0.00582908421058459,0.24170522210604783,0.5807973308680658,1,0,18.278180531985864,0,1.0408340855860843e-17,1,0,0.5,70.0,0.33333333333333326,20.0,90.33333333333333,False,True,True,2014.5375000000513,STOP_HIT,698
2019-12-13 11:30:00+05:30,2019,12,13,11,30,4,BUY,12047.65,12009.81142857143,12161.165714285711,3.0,trend_pullback_buy,STRONG_UPTREND,12047.65,0.1744857177244402,68.87834720665984,56.7680505258961,35.52122043503914,10.526203637541794,0.7321044827331897,0.013266144811615116,0.6335722280693012,0.7042312386110972,0.052830253899172064,0.2745288938627688,0.6160546401073885,1,0,18.278180531985864,1,0.01909591113203859,1,0,0.5,70.0,0.33333333333333326,20.0,90.33333333333333,False,True,True,1986.5249999999378,STOP_HIT,699
2019-12-18 09:45:00+05:30,2019,12,18,9,45,2,BUY,12188.05,12159.102142857142,12274.89357142857,3.0,trend_pullback_buy,STRONG_UPTREND,12188.05,0.13195008928534674,66.06706316613045,34.023958787319344,29.76904033098799,2.3484153578529607,0.9767370599630659,0.0057402040116891866,0.36520994425091047,0.3933181222869342,0.133504963805664,0.27639818533609084,0.5374179308102578,1,0,16.108596720860476,0,6.938893903907228e-18,3,0,0.7,55.41437527239161,0.33333333333333326,20.0,75.74770860572494,False,True,True,1519.7625000000698,STOP_HIT,700
2019-12-18 12:45:00+05:30,2019,12,18,12,45,2,BUY,12211.4,12186.315714285714,12286.652857142855,3.0,trend_pullback_buy,STRONG_UPTREND,12211.4,0.114120529060664,67.13301287617834,44.34393936185568,30.104854424414953,1.2209705767337482,0.9357334121453117,0.005742182132540904,0.318748665034585,0.5405182882901371,0.13532548001204958,0.2568171737536984,0.5176939670063163,1,0,16.108596720860476,1,0.014033348846138867,3,0,0.7,58.81606938445089,0.33333333333333326,20.0,79.14940271778423,False,True,True,5643.9642857141735,TARGET_HIT,701
2019-12-30 10:15:00+05:30,2019,12,30,10,15,0,BUY,12276.25,12245.894285714285,12367.317142857146,3.0,trend_pullback_buy,STRONG_UPTREND,12276.25,0.13737326719711535,68.82369854505237,42.73182902119483,14.914533550030683,10.58328866956585,0.8994995598111266,0.008628097685656883,0.5001985239641016,0.6254123992311289,0.14554516387292882,0.31820460386737803,0.4742779946141029,1,0,12.224052137612667,0,5.204170427930421e-18,5,0,0.7,60.63909741271689,0.33333333333333326,20.0,80.97243074605024,False,True,False,-2276.678571428647,STOP_HIT,702
2019-12-30 10:30:00+05:30,2019,12,30,10,30,0,BUY,12272.0,12241.753571428571,12362.739285714286,3.0,trend_pullback_buy,STRONG_UPTREND,12272.0,0.13692610355746054,67.96003808585654,40.45408336656332,15.934611873342874,10.443030293590237,0.8213966550212041,0.008906207039266124,0.5415413857233098,0.47363099356074745,0.08868040237710595,0.2576379237003268,0.42218628138339653,1,0,12.224052137612667,1,0.014064596852309192,5,0,0.7,59.27245001993799,0.33333333333333326,20.0,79.60578335327133,False,True,False,-2268.4821428571468,STOP_HIT,703
2019-12-31 11:30:00+05:30,2019,12,31,11,30,1,SELL,12211.6,12224.533310114753,12151.6,3.0,trend_bounce_sell,STRONG_DOWNTREND,12211.6,0.1142356447967502,37.23351441823562,30.103505954631633,-0.5606675059007102,-5.647158828078728,0.29120758344160214,0.0059042281533039625,-0.36105206901194675,-0.19574109868374379,-0.0120573065601981,-0.08782452291364873,-0.10579798661149997,0,1,14.688674248533845,0,6.938893903907228e-18,0,2,0.6,58.06210357277898,0.33333333333333326,20.0,78.39543690611231,False,True,False,-969.9982586064834,STOP_HIT,704
2020-01-21 10:00:00+05:30,2020,1,21,10,0,1,SELL,12205.5,12246.212142857143,12083.363571428572,3.0,trend_bounce_sell,STRONG_DOWNTREND,12205.5,0.1853087308414833,31.819792439757876,68.38151143221151,-31.75776029331064,-10.103261703211615,0.12796171011607466,0.00944715337233581,-0.4185431760328928,-0.7057292196302578,-0.1529435483080266,-0.35085033023295464,-0.6481978978805092,0,1,0.0,0,0.0,0,0,0.5,70.0,0.33333333333333326,20.0,90.33333333333333,False,True,True,2137.387499999977,STOP_HIT,705
2020-01-28 10:00:00+05:30,2020,1,28,10,0,1,SELL,12122.55,12161.822142857141,12004.733571428573,3.0,trend_bounce_sell,STRONG_DOWNTREND,12122.55,0.17997745641681878,30.104502014435894,50.40921426376571,-16.897803221711,-10.196132433230694,0.17972890257395435,0.009669253768310451,-0.3878469155077169,-0.5386357296401578,-0.12907176270179344,-0.28210260418909394,-0.45334840278062893,0,1,0.0,0,0.0,1,0,1.0,70.0,0.33333333333333326,20.0,90.33333333333333,False,True,True,2061.7874999999913,STOP_HIT,706
2020-01-28 15:15:00+05:30,2020,1,28,15,15,1,SELL,12055.8,12093.381428571429,11943.05571428571,3.0,trend_bounce_sell,STRONG_DOWNTREND,12055.8,0.1731827952402299,34.45268074425938,29.46269714513199,-29.890440287646925,-7.895585010416319,0.1296743296395182,0.010454218943983143,-0.5629307038489628,-0.41261384053032923,-0.1473570578018557,-0.3501603201824466,-0.6280193296950953,0,1,0.0,1,0.028837733041543318,1,0,1.0,57.67761828707919,0.33333333333333326,20.0,78.01095162041253,False,True,,,,707
2020-01-30 09:45:00+05:30,2020,1,30,9,45,3,SELL,12078.25,12123.121428571429,11943.635714285714,3.0,trend_bounce_sell,STRONG_DOWNTREND,12078.25,0.2063922458019285,31.68643907743079,33.76409530851059,-8.375438655562903,-2.255933997963213,-0.02145234421457022,0.008695777892655616,-0.6187543454739264,-0.5135660511012663,-0.24104612374047374,-0.3592828609156662,-0.43359320462079687,0,1,0.0,0,0.0,2,0,1.0,60.25845718510635,0.33333333333333326,20.0,80.5917905184397,False,True,True,2355.749999999989,STOP_HIT,708
2020-02-06 12:30:00+05:30,2020,2,6,12,30,3,BUY,12153.15,12106.857857142857,12292.026428571427,3.0,trend_pullback_buy,STRONG_UPTREND,12153.15,0.21161474303252212,63.02365391487387,59.8219899894414,51.312823823900544,2.9868215812445342,0.9132564996189347,0.008462246644638557,0.3285631142499801,0.7819982834184058,0.2180551951567855,0.4157835639294616,0.8745410697782452,1,0,0.0,0,0.0,3,0,1.0,75.0,0.33333333333333326,20.0,95.33333333333333,False,True,False,-3471.9107142856956,STOP_HIT,709
2020-02-06 13:15:00+05:30,2020,2,6,13,15,3,BUY,12149.8,12112.070714285714,12262.987857142856,3.0,trend_pullback_buy,STRONG_UPTREND,12149.8,0.17251900677965026,53.91748307142183,42.94623747649979,51.639522581846904,2.387366498423532,0.7825475236026297,0.008394694945140694,0.43232072742300787,0.5203981169696004,0.10015430301728578,0.29210333127960286,0.750485832854042,1,0,0.0,1,0.03258329649507704,3,0,1.0,75.76774248589987,0.33333333333333326,20.0,96.1010758192332,False,True,,,,710
2020-02-06 13:30:00+05:30,2020,2,6,13,30,3,BUY,12158.7,12122.127857142857,12268.41642857143,3.0,trend_pullback_buy,STRONG_UPTREND,12158.7,0.16710550587527392,62.16097063363423,39.94809974800035,51.81476100170585,2.306344426454224,0.8346089985675164,0.008400260809738606,0.6098469176665455,0.5907026383063396,0.13873578656802277,0.3322255332428137,0.7917068833968921,1,0,0.0,1,0.03258329649507704,3,0,1.0,68.96885984880021,0.33333333333333326,20.0,89.30219318213354,False,True,,,,711
2020-02-12 11:15:00+05:30,2020,2,12,11,15,2,BUY,12207.45,12171.173571428571,12316.279285714289,3.0,trend_pullback_buy,STRONG_UPTREND,12207.45,0.1650923938133806,68.66382085810686,42.758715841246534,33.05743926141986,9.337137534800842,0.7386937245689804,0.014734118730695314,0.8221904706844363,0.581285171666579,0.07550733604984039,0.29220514517889207,0.6023127837002207,1,0,3.258329649507704,0,0.0,0,1,0.75,65.65522950474792,0.33333333333333326,20.0,85.98856283808125,False,True,False,-2720.732142857196,STOP_HIT,712
2020-02-14 10:15:00+05:30,2020,2,14,10,15,4,BUY,12203.8,12171.00666614171,12302.180001574869,3.0,trend_pullback_buy,STRONG_UPTREND,12203.8,0.1505971208031207,69.09671226856952,29.43364109525731,9.901913146777588,2.9702525162991593,0.7817723582601506,0.009815651758198362,0.3985899213103661,0.47753132770176343,0.063352880610279,0.18106907376764791,0.26943813899564795,1,0,5.811690878805368,0,0.0,0,2,0.6,57.66018465715439,0.33333333333333326,20.0,77.99351799048773,False,True,False,-2459.500039371733,STOP_HIT,713
2020-02-17 10:00:00+05:30,2020,2,17,10,0,0,SELL,12103.3,12143.971079533758,11981.286761398724,3.0,trend_bounce_sell,STRONG_DOWNTREND,12103.3,0.22154524562958605,36.21382381180183,30.473319373102253,-13.466336489876994,-7.060426373787151,0.19820526230620902,0.007072759991291531,-0.3412997385701666,-0.49083285373674457,-0.08395070941644711,-0.1991291339643375,-0.33490757897390866,0,1,8.11989018481749,0,0.0,0,3,0.5,63.283991623861354,0.33333333333333326,20.0,83.61732495719468,False,True,True,9150.99289509567,TARGET_HIT,714
2020-03-03 10:30:00+05:30,2020,3,3,10,30,1,SELL,11203.45,11253.45,11053.45,3.0,trend_bounce_sell,STRONG_DOWNTREND,11203.45,0.6623278671174657,36.032403183389505,38.16158943738078,-51.84291566606771,-0.7199694331387434,0.27299516741002694,0.03601125741616277,-0.8469663647265424,-1.581242944801442,-0.38440410514198886,-0.6492846487630266,-1.11440932027298,0,1,0.0,0,0.0,1,0,0.5714285714285714,50.09664799381591,0.33333333333333326,20.0,70.42998132714925,False,True,False,-3750.0,STOP_HIT,715
2020-03-04 14:30:00+05:30,2020,3,4,14,30,2,SELL,11177.05,11227.05,11027.05,3.0,trend_bounce_sell,STRONG_DOWNTREND,11177.05,0.36931544037622993,39.6446067159863,52.60674374694629,-36.85798496735515,-9.742785681981953,0.33096721087087827,0.022891973487677235,-0.7318297074901614,-1.1169304539382252,0.07255829786045886,-0.24660577509495463,-0.6055591248602443,0,1,3.5029124382112697,0,0.0,0,1,0.5,70.0,0.33333333333333326,20.0,90.33333333333333,False,True,False,-3750.0,STOP_HIT,716
2020-03-04 14:45:00+05:30,2020,3,4,14,45,2,SELL,11202.7,11243.481458430133,11080.355624709604,3.0,trend_bounce_sell,STRONG_DOWNTREND,11202.7,0.3850474821758528,41.848560464523736,53.887229171076186,-35.86950310049724,-7.878873433611638,0.449418006926184,0.02155494204797427,-0.524782894386322,-0.9793609404693426,0.24162428674097125,-0.016076261311215312,-0.3627120174557241,0,1,3.5029124382112697,1,0.03630070633964258,0,1,0.5,75.0,0.33333333333333326,20.0,95.33333333333333,False,True,,,,717
2020-03-09 14:45:00+05:30,2020,3,9,14,45,0,SELL,10485.6,10535.6,10335.6,3.0,trend_bounce_sell,STRONG_DOWNTREND,10485.6,0.5480986168786584,43.83016007292656,66.45069895995871,-182.7500985640072,-18.520311121557057,0.5109095188337724,0.03222442976041152,-0.6085423420349123,-0.8186603481789345,0.39846038467350464,-0.3409753350828493,-2.18012188114326,0,1,7.0058248764225395,0,0.0,0,2,0.4444444444444444,70.0,0.33333333333333326,20.0,90.33333333333333,False,True,True,2625.0,STOP_HIT,718
2020-03-09 15:00:00+05:30,2020,3,9,15,0,0,SELL,10465.15,10515.15,10315.15,3.0,trend_bounce_sell,STRONG_DOWNTREND,10465.15,0.5917941248538512,43.085937980869936,61.87976746034691,-179.47103874457753,-13.717126171914629,0.4658464025991359,0.031078744717119494,-0.5124036866447024,-1.067304465378771,0.1620574338704106,-0.4869094259900675,-2.2800428333630385,0,1,7.0058248764225395,1,0.0376680844101939,0,2,0.4444444444444444,70.0,0.33333333333333326,20.0,90.33333333333333,False,True,,,,719
2020-03-19 11:15:00+05:30,2020,3,19,11,15,3,SELL,8216.6,8266.6,8066.6,3.0,trend_bounce_sell,STRONG_DOWNTREND,8216.6,1.8549991132932968,37.16872242942021,59.206407820124284,-292.624287648865,-38.72453848864444,0.40334045922682393,0.13402942717482222,-2.9779897978462033,-4.193557790409552,0.6163876989217831,-1.1934111210034737,-4.831473732844305,0,1,4.553786169674651,0,0.0,1,0,0.5,79.88994898923102,0.33333333333333326,20.0,100.22328232256434,False,True,False,-3750.0,STOP_HIT,720
2020-03-20 14:00:00+05:30,2020,3,20,14,0,4,BUY,8557.5,8514.16574661299,8687.502760161033,3.0,trend_pullback_buy,STRONG_UPTREND,8557.5,1.189516297316473,62.4031496439064,59.499359699710205,9.447985311253433,81.5910682534826,0.5613497775602296,0.08998427916934887,0.9014214041893398,3.5584410869551997,-1.097520178582001,0.06289217794439583,0.508966523282095,1,0,8.05669860788592,0,0.0,0,1,0.4,65.0,0.33333333333333326,20.0,85.33333333333333,False,True,True,9750.207012077453,TARGET_HIT,721
2020-03-20 14:15:00+05:30,2020,3,20,14,15,4,BUY,8673.35,8623.35,8823.35,3.0,trend_pullback_buy,STRONG_UPTREND,8673.35,1.2631056215714984,65.49489998805727,60.74937446260975,14.796283239242257,78.24542956332428,0.6917146350717793,0.08767387378068249,2.198119432530521,4.697496439004367,0.19303080948478435,1.287002247788016,1.7950047564070148,1,0,8.05669860788592,1,0.03301950069045025,0,1,0.4,70.9905971626526,0.33333333333333326,20.0,91.32393049598593,False,True,,,,722
2020-03-20 14:30:00+05:30,2020,3,20,14,30,4,BUY,8650.65,8600.65,8800.65,3.0,trend_pullback_buy,STRONG_UPTREND,8650.65,1.3164163551706694,64.0724566442436,62.558685935304496,18.60275808338156,73.84671396671723,0.6425235877247015,0.0822600576401405,0.6580095647013673,4.95750450434056,-0.05536417610887412,0.928149229471753,1.4677612220868275,1,0,8.05669860788592,1,0.03301950069045025,0,1,0.4,65.0,0.33333333333333326,20.0,85.33333333333333,False,True,,,,723
2020-03-31 15:30:00+05:30,2020,3,31,15,30,1,BUY,8597.75,8547.75,8747.75,3.0,trend_pullback_buy,STRONG_UPTREND,8597.75,0.5111802506469709,55.821879816555004,44.12585376595111,29.144247036168963,21.94406167547102,0.6305077543133918,0.02378636120058262,0.5667130642274865,1.3210537790269594,-0.04916162297005089,0.3782090266890359,0.8082978030975463,1,0,0.0,0,0.0,1,0,0.4,66.47551225957066,0.33333333333333326,20.0,86.80884559290399,False,True,False,-3750.0,STOP_HIT,724
2020-04-08 11:45:00+05:30,2020,4,8,11,45,2,BUY,8863.25,8813.25,9013.25,3.0,trend_pullback_buy,STRONG_UPTREND,8863.25,1.0334406518086352,57.32003332866516,53.45297386146233,192.28569012775188,30.248638048696392,0.5080780985821967,0.059072240502871395,0.7989309678153145,2.8565294588666745,-0.7807250788632425,0.26182619339161217,2.7315234082903928,1,0,3.4664774342492217,0,0.0,0,1,0.3,70.0,0.33333333333333326,20.0,90.33333333333333,False,True,False,-3750.0,STOP_HIT,725
2020-04-17 10:45:00+05:30,2020,4,17,10,45,4,BUY,9176.4,9126.4,9326.4,3.0,trend_pullback_buy,STRONG_UPTREND,9176.4,0.7309122158082592,66.87703794630008,36.69947676307864,34.04255972638566,29.013322249741258,0.7001207694134388,0.049186416970267446,1.9492386914714332,1.8135016836884565,0.0816245798474613,0.7441246575399685,1.2323542629879114,1,0,6.9329548684984434,0,0.0,0,2,0.3,61.76587951520435,0.33333333333333326,20.0,82.09921284853769,False,True,False,-3750.0,STOP_HIT,726
2020-04-17 11:30:00+05:30,2020,4,17,11,30,4,BUY,9152.9,9102.9,9302.9,3.0,trend_pullback_buy,STRONG_UPTREND,9152.9,0.7609610068939916,64.29602938142617,34.26316711219467,38.265550488102235,24.41228414247489,0.5938196843852427,0.047992439247507394,1.7803131394004135,1.488019337598523,-0.17842384363975228,0.315058535365087,0.8384641328212039,1,0,6.9329548684984434,1,0.03724709889898374,0,2,0.3,64.45946596431887,0.33333333333333326,20.0,84.7927992976522,False,True,,,,727
2020-04-21 14:15:00+05:30,2020,4,21,14,15,1,SELL,8979.05,9029.05,8829.05,3.0,trend_bounce_sell,STRONG_DOWNTREND,8979.05,0.3633060131242002,40.9405180932252,63.56532385550431,-62.48509825675501,-28.698011721630238,0.4705953743080914,0.016903011534478117,-0.3678347129446924,-0.09235202812843957,0.20824590481278715,-0.3366519683264957,-1.1635649713384932,0,1,10.399432302747664,0,0.0,0,3,0.3,75.0,0.33333333333333326,20.0,95.33333333333333,False,True,False,-3750.0,STOP_HIT,728
2020-04-21 14:30:00+05:30,2020,4,21,14,30,1,SELL,8952.85,9002.85,8802.85,3.0,trend_bounce_sell,STRONG_DOWNTREND,8952.85,0.39688080172394996,38.677375939117354,59.95455816395222,-63.07479116626746,-26.358934168028412,0.3183616008454342,0.01646478016235239,-0.5454373774571142,-0.8439426074725365,-0.06733298904130214,-0.570743730401968,-1.3958152940634516,0,1,10.399432302747664,1,0.03868811909721331,0,3,0.3,70.0,0.33333333333333326,20.0,90.33333333333333,False,True,,,,729
2020-04-28 15:00:00+05:30,2020,4,28,15,0,1,BUY,9384.25,9334.910714285714,9532.267857142859,3.0,trend_pullback_buy,STRONG_UPTREND,9384.25,0.2920927541968129,67.20718811425627,29.137365732912297,22.201839304181703,3.4718707835255174,0.9689030511803001,0.012445192075910952,0.7450468874968363,1.0858032304800425,0.29199660054242127,0.4959303768233836,0.753087315190748,1,0,13.865909736996887,0,0.0,0,4,0.3,57.482419439747375,0.33333333333333326,20.0,77.8157527730807,False,True,True,11101.339285714403,TARGET_HIT,730
2020-05-06 09:45:00+05:30,2020,5,6,9,45,2,SELL,9230.65,9280.65,9080.65,3.0,trend_bounce_sell,STRONG_DOWNTREND,9230.65,0.5359860898203279,36.188097439720075,35.34661387190518,-84.16059322528235,-5.834101594127972,0.3161130446522367,0.033723908582844346,-1.366664707673726,-1.3524344889496942,0.12375251722578362,-0.43678392882243733,-1.3907266001879526,0,1,3.6038985039639897,0,0.0,1,0,0.3,63.04129186151174,0.33333333333333326,20.0,83.37462519484507,False,True,False,-3750.0,STOP_HIT,731
2020-05-11 10:45:00+05:30,2020,5,11,10,45,0,BUY,9357.95,9308.478786539414,9506.363640381762,3.0,trend_pullback_buy,STRONG_UPTREND,9357.95,0.410155459872547,60.06415435029324,48.687464014253976,19.81999525862375,10.434862573583455,0.6521855552796428,0.023227239174440428,1.0299539543646263,0.4761853633396429,0.016198979022030713,0.2665873547904818,0.5314639974485003,1,0,7.0703759382132105,0,0.0,0,1,0.3,74.36224818037552,0.33333333333333326,20.0,94.69558151370885,False,True,False,-3710.3410095440267,STOP_HIT,732
2020-05-11 11:00:00+05:30,2020,5,11,11,0,0,BUY,9354.75,9310.293343930025,9488.119968209925,3.0,trend_pullback_buy,STRONG_UPTREND,9354.75,0.40880683228153875,59.96247182170138,47.07800182120417,20.16823280827157,9.704790110908146,0.628782293162854,0.023392937372761817,1.1849392116990431,0.35724055806767296,-0.014402185655437716,0.2111378389044738,0.477500057492386,1,0,7.0703759382132105,1,0.0369076808041386,0,1,0.3,79.17149715121772,0.33333333333333326,20.0,99.50483048455105,False,True,,,,733
2020-05-14 13:15:00+05:30,2020,5,14,13,15,3,SELL,9195.7,9235.267857142859,9076.996428571427,3.0,trend_bounce_sell,STRONG_DOWNTREND,9195.7,0.23904806439034673,30.380380455841888,75.47367033940361,-17.449875110156427,-20.620220693033392,0.2921908617607739,0.02699132619957895,-0.30951025828657164,-1.7621639522896304,-0.22288066290070407,-0.562581038215193,-0.824761409123842,0,1,10.500192840334243,0,0.0,0,2,0.3,70.0,0.33333333333333326,20.0,90.33333333333333,False,True,True,8902.767857143044,TARGET_HIT,734
2020-05-26 11:15:00+05:30,2020,5,26,11,15,1,BUY,9089.85,9064.089402016354,9167.131793950939,3.0,trend_pullback_buy,STRONG_UPTREND,9089.85,0.2808862946818967,66.20696547244299,50.73538093743695,15.764678503341202,9.203167531822563,0.585689944626918,0.01868087455003327,0.5597809552783772,0.5597809552783772,-0.13143068892136345,0.07229921255613725,0.2842050297729326,1,0,2.2705278058954006,0,0.0,1,0,0.3,70.0,0.33333333333333326,20.0,90.33333333333333,False,True,False,-1932.0448487734666,STOP_HIT,735
2020-05-26 11:30:00+05:30,2020,5,26,11,30,1,BUY,9088.85,9065.06040585885,9160.21878242345,3.0,trend_pullback_buy,STRONG_UPTREND,9088.85,0.287597283641884,65.78553723900623,52.997345867688686,15.581712460230847,8.118181339840987,0.5663814305603234,0.018333038326806085,0.5487180905495492,0.5487180905495492,-0.11396647085067935,0.055715056629357385,0.262431722195422,1,0,2.2705278058954006,1,0.018274637035942662,1,0,0.3,70.0,0.33333333333333326,20.0,90.33333333333333,False,True,False,-1784.2195605862344,STOP_HIT,736
2020-05-27 09:30:00+05:30,2020,5,27,9,30,2,SELL,9005.65,9055.57143537752,8855.885693867438,3.0,trend_bounce_sell,STRONG_DOWNTREND,9005.65,0.34938383919301597,30.447516967860494,44.36483264360977,-4.6498766420063475,-8.47804442925009,0.10729937764871533,0.014002086583676417,-0.46200863226656397,-1.0857268383766328,-0.29692644125547396,-0.47050029213984157,-0.5512786877533982,0,1,5.705820263161781,0,3.469446951953614e-18,0,2,0.2,66.61889958616587,0.33333333333333326,20.0,86.9522329194992,False,True,False,-3744.1076533140404,STOP_HIT,737
2020-06-05 14:45:00+05:30,2020,6,5,14,45,4,BUY,10135.8,10086.795,10282.814999999997,3.0,trend_pullback_buy,STRONG_UPTREND,10135.8,0.2686023796838925,66.58531152240606,30.35661881163267,32.692441666795276,6.307571833839344,0.7008427812392554,0.012736926105767772,0.33856022808267383,0.1135880999180161,-0.00191048500292057,0.22401469274084818,0.5745814427712714,1,0,9.166850847591899,0,6.938893903907228e-18,0,3,0.2,58.2139712869796,0.33333333333333326,20.0,78.54730462031293,False,True,True,11026.12499999982,TARGET_HIT,738
2020-06-12 11:15:00+05:30,2020,6,12,11,15,4,SELL,9778.5,9828.5,9628.5,3.0,trend_bounce_sell,STRONG_DOWNTREND,9778.5,0.6454028152141341,34.96302869332226,66.96252908208768,-96.75607048841084,-28.459086502043093,0.37923536545298503,0.05073741031448266,-1.247222783276103,-2.1401372049618006,0.265143772481502,-0.47889358664883197,-1.5831271865634267,0,1,0.0,0,6.938893903907228e-18,1,0,0.3,66.23611391638052,0.33333333333333326,20.0,86.56944724971385,False,True,False,-3750.0,STOP_HIT,739
2020-06-12 11:30:00+05:30,2020,6,12,11,30,4,SELL,9789.0,9839.0,9639.0,3.0,trend_bounce_sell,STRONG_DOWNTREND,9789.0,0.6416823548297635,37.359958673026384,66.32425727559637,-95.46375201004957,-24.45009122131364,0.4184858079924874,0.04806012776674923,-1.141183599272877,-2.253687079992417,0.2980233192793058,-0.3383229535264931,-1.4203324558282882,0,1,0.0,1,0.03431285050940937,1,0,0.3,70.70591799636438,0.33333333333333326,20.0,91.0392513296977,False,True,,,,740
2020-06-16 15:30:00+05:30,2020,6,16,15,30,1,BUY,9914.0,9891.564350304301,9981.306949087097,3.0,trend_pullback_buy,STRONG_UPTREND,9914.0,0.5822213896654072,46.24381603687523,38.62697113582475,8.180451707474276,0.8119329837024738,0.49569769202580716,0.022974956848967748,0.7156970808295915,-0.8366966237065676,0.11594528959779637,0.12787693952325263,0.22681599089033888,1,0,3.4312850509409363,0,6.938893903907228e-18,0,1,0.3,56.29551251851959,0.33333333333333326,20.0,76.62884585185293,False,True,True,1177.8716090241232,STOP_HIT,741
2020-06-17 09:30:00+05:30,2020,6,17,9,30,2,BUY,9919.45,9892.046983883363,10001.659048349913,3.0,trend_pullback_buy,STRONG_UPTREND,9919.45,0.6414166107999939,49.99381842129705,35.58381861957207,7.506857997057523,0.1663990279652925,0.5745419083820946,0.019940536065067786,1.1698411484229565,-0.6724010173632666,0.18070047857263738,0.18799252273626887,0.2770206829919353,1,0,3.4312850509409363,0,0.015943695522842676,0,1,0.3,53.863487193510956,0.33333333333333326,20.0,74.19682052684429,False,True,False,-2055.2262087478084,STOP_HIT,742
2020-06-22 11:15:00+05:30,2020,6,22,11,15,0,BUY,10299.85,10249.85,10449.85,3.0,trend_pullback_buy,STRONG_UPTREND,10299.85,0.37777942674616183,68.65357051834177,31.27690393276374,82.9191648951437,6.777981344304365,0.636814682981071,0.024162883793518306,0.5412713287259452,1.000210828753123,-0.030738868706314815,0.3289989925140846,1.2074998093418499,1,0,4.234072710249252,0,3.469446951953614e-18,0,1,0.3,53.76614235965825,0.33333333333333326,20.0,74.09947569299158,False,True,True,2625.0,STOP_HIT,743
2020-06-22 11:30:00+05:30,2020,6,22,11,30,0,BUY,10296.85,10246.85,10446.85,3.0,trend_pullback_buy,STRONG_UPTREND,10296.85,0.37223589183654787,63.83857460084408,32.01668708106922,81.6213451415897,4.9321454316753375,0.6058869633294653,0.022572754888248246,0.5119870368201163,1.2557588392343666,-0.04789097579664947,0.2724498675702236,1.1313019205399621,1,0,4.234072710249252,1,0.03582991516971576,0,1,0.3,59.21001224864153,0.33333333333333326,20.0,79.54334558197488,False,True,,,,744
2020-06-25 10:30:00+05:30,2020,6,25,10,30,3,SELL,10319.45,10369.45,10169.45,3.0,trend_bounce_sell,STRONG_DOWNTREND,10319.45,0.47161289742047213,36.91268670576777,47.48562370816772,-15.592672899671015,-30.74779957738876,0.3712930281393767,0.033847565316866716,-0.3158764121462543,-1.5220990652689448,0.1400624807822881,-0.27752382947698884,-0.5335913904161327,0,1,1.832173174590596,0,6.938893903907228e-18,1,0,0.4,68.49137422490064,0.33333333333333326,20.0,88.82470755823397,False,True,True,2625.0,STOP_HIT,745
2020-06-25 12:30:00+05:30,2020,6,25,12,30,3,SELL,10227.2,10277.2,10077.2,3.0,trend_bounce_sell,STRONG_DOWNTREND,10227.2,0.4333681610942224,37.183944675016534,35.60554021546936,-27.45622312193518,-21.934447377364634,0.038412005317777755,0.015425044676444304,-0.3429996881820885,-1.6407316932427918,-0.5249369158924932,-0.8500826521720128,-1.201611235893274,0,1,1.832173174590596,1,0.034953254665028355,1,0,0.4,61.363324129281615,0.33333333333333326,20.0,81.69665746261495,False,True,,,,746
2020-06-30 10:15:00+05:30,2020,6,30,10,15,1,BUY,10356.1,10317.385333308564,10472.244000074308,3.0,trend_pullback_buy,STRONG_UPTREND,10356.1,0.3182044536898238,61.941389792868065,28.935801693107532,2.4770346816349047,12.545200947871793,0.7641539414076087,0.017115284163669184,0.5607694436487343,1.0292080463582653,0.07395541119747939,0.31562483888700754,0.37523718888785584,1,0,0.0,0,6.938893903907228e-18,2,0,0.5,62.36148101586452,0.33333333333333326,20.0,82.69481434919786,False,True,False,-2903.600001857694,STOP_HIT,747
2020-06-30 11:00:00+05:30,2020,6,30,11,0,1,BUY,10368.7,10323.750027353122,10503.549917940636,3.0,trend_pullback_buy,STRONG_UPTREND,10368.7,0.30097449880065336,66.47067570634658,38.234036494063844,7.868582205439452,13.452884827480977,0.7426089312092874,0.01762192145298748,0.4106020549470957,0.6039907048498661,0.07962643264987079,0.31694881916588535,0.43540353580608926,1,0,0.0,1,0.02641770279727235,2,0,0.5,62.94042189643831,0.33333333333333326,20.0,83.27375522977164,False,True,,,,748
2020-06-30 11:15:00+05:30,2020,6,30,11,15,1,BUY,10359.1,10325.136300790255,10460.991097629238,3.0,trend_pullback_buy,STRONG_UPTREND,10359.1,0.29694388784464526,61.31463646678688,39.48097177841388,8.673711171486502,12.832212414175224,0.6733173541799502,0.017753705737297436,0.4528528761491124,0.536207339974859,-0.010427177517446928,0.20365762990632863,0.3289418969427693,1,0,0.0,1,0.02641770279727235,2,0,0.5,68.68858306704833,0.33333333333333326,20.0,89.02191640038166,False,True,,,,749
2020-06-30 11:30:00+05:30,2020,6,30,11,30,1,BUY,10352.5,10326.209387033772,10431.371838898684,3.0,trend_pullback_buy,STRONG_UPTREND,10352.5,0.2942353468796387,60.10559011200971,39.65023327803829,9.101422072437344,11.93393098361346,0.6201484264302529,0.017274731134847413,0.38885225553701996,0.7268092393313719,-0.05931490048765031,0.12708909795831058,0.25460081217449915,1,0,0.0,1,0.02641770279727235,2,0,0.5,68.79013996682298,0.33333333333333326,20.0,89.1234733001563,False,True,,,,750
2020-07-02 11:00:00+05:30,2020,7,2,11,0,3,BUY,10505.5,10455.5,10655.5,3.0,trend_pullback_buy,STRONG_UPTREND,10505.5,0.2875024646953639,67.98763536823827,35.43229632659012,44.4956838550188,13.938042452303865,0.7194529273869446,0.01748412584756016,0.6621057069487568,1.029480355245238,0.039475712232461824,0.3803834485165858,0.8719155859949312,1,0,2.641770279727229,0,6.938893903907228e-18,0,1,0.4,61.259377795954066,0.33333333333333326,20.0,81.59271112928741,False,True,True,11250.0,TARGET_HIT,751
2020-07-02 11:15:00+05:30,2020,7,2,11,15,3,BUY,10501.75,10451.75,10651.75,3.0,trend_pullback_buy,STRONG_UPTREND,10501.75,0.2880472302235342,66.56838740160248,33.49131091641101,44.67764011091822,12.707998837382956,0.6797339106701981,0.01743303485532187,0.6874367812234938,0.6908156514568997,0.0030128038029930693,0.3131310821970823,0.8028648417843787,1,0,2.641770279727229,1,0.035044257375911506,0,1,0.4,60.0947865498466,0.33333333333333326,20.0,80.42811988317993,False,True,,,,752
2020-07-02 13:00:00+05:30,2020,7,2,13,0,3,BUY,10560.95,10515.583571428573,10697.049285714284,3.0,trend_pullback_buy,STRONG_UPTREND,10560.95,0.23864871463808962,59.11455249252532,41.94899593825141,53.40375859172491,11.75402248294202,0.7602677759770929,0.017561939195897457,0.46422473043099544,1.3342096930502256,0.14062213153240855,0.4731471517617436,1.047625101812688,1,0,2.641770279727229,1,0.035044257375911506,0,1,0.4,75.16939756295085,0.33333333333333326,20.0,95.50273089628418,False,True,,,,753
2020-07-02 13:30:00+05:30,2020,7,2,13,30,3,BUY,10570.65,10526.337857142857,10703.586428571429,3.0,trend_pullback_buy,STRONG_UPTREND,10570.65,0.23288877356507867,63.363587248594534,38.0668755522467,54.544964239163164,10.499353830620812,0.7790343484883355,0.015090844326083697,0.6201513492932298,1.2863631137173703,0.15929099100531197,0.47232388503988254,1.0543504002790138,1,0,2.641770279727229,1,0.035044257375911506,0,1,0.4,67.84012533134802,0.33333333333333326,20.0,88.17345866468135,False,True,,,,754
2020-07-10 12:30:00+05:30,2020,7,10,12,30,4,SELL,10739.6,10774.316683579,10635.449949263002,3.0,trend_bounce_sell,STRONG_DOWNTREND,10739.6,0.22816093177186653,30.09947647929441,29.761789402360186,-3.343450414640756,-8.435555285063582,0.1661347266062181,0.011261810667765841,-0.6383805488222372,-0.5426830397658899,-0.10989940783288077,-0.2641170501927914,-0.3222170333262109,0,1,0.0,0,6.938893903907228e-18,1,0,0.5,57.85707364141611,0.33333333333333326,20.0,78.19040697474944,False,True,False,-2603.7512684249577,STOP_HIT,755
2020-07-13 11:00:00+05:30,2020,7,13,11,0,0,BUY,10835.1,10796.115650484819,10952.053048545546,3.0,trend_pullback_buy,STRONG_UPTREND,10835.1,0.2910843989837293,68.99707356459426,32.42726288395282,17.621710728797552,11.329703518280267,0.6488939276614023,0.01903526675701131,0.6801772921138483,0.889232373645199,-0.0899604414862476,0.16169475957181767,0.36109607174716896,1,0,2.201763308924683,0,6.938893903907228e-18,0,1,0.5,59.45635773037169,0.33333333333333326,20.0,79.78969106370502,False,True,False,-2923.826213638631,STOP_HIT,756
2020-07-13 11:15:00+05:30,2020,7,13,11,15,0,BUY,10842.15,10797.92091909326,10974.83724272022,3.0,trend_pullback_buy,STRONG_UPTREND,10842.15,0.29026925998467884,69.92933318232483,33.64160654300162,18.15464995489674,10.676378469941508,0.6649516828714473,0.018913301450689524,0.688146878961371,0.7344538283579949,-0.019963126798450137,0.20619954629796933,0.4096073794033206,1,0,2.201763308924683,1,0.025280849697124082,0,1,0.5,60.18496392580097,0.33333333333333326,20.0,80.5182972591343,False,True,,,,757
2020-07-13 11:30:00+05:30,2020,7,13,11,30,0,BUY,10825.4,10798.998530109211,10904.604409672365,3.0,trend_pullback_buy,STRONG_UPTREND,10825.4,0.29583202468269215,64.11999255896669,35.318561037810134,17.908559893890924,9.387259568042122,0.5680764930231417,0.01840602686119697,0.532594109425566,0.6363327894988613,-0.1395862455176311,0.04671721333449064,0.24448072492258,1,0,2.201763308924683,1,0.025280849697124082,0,1,0.5,66.19113662268609,0.33333333333333326,20.0,86.52446995601942,False,True,,,,758
2020-07-14 14:00:00+05:30,2020,7,14,14,0,1,SELL,10631.65,10681.65,10481.65,3.0,trend_bounce_sell,STRONG_DOWNTREND,10631.65,0.27193064374499054,42.97799926435212,67.45199652300876,-46.83997226529573,-16.37202323401139,0.4032209068235276,0.015832153361191877,-0.3122377507630225,-1.5834004461847573,0.08209716291867064,-0.23796707288906704,-0.7456133758292904,0,1,4.6741858313555245,0,6.938893903907228e-18,0,2,0.5,80.0,0.33333333333333326,20.0,100.33333333333333,False,True,False,-3750.0,STOP_HIT,759
2020-07-14 14:15:00+05:30,2020,7,14,14,15,1,SELL,10605.85,10655.85,10455.85,3.0,trend_bounce_sell,STRONG_DOWNTREND,10605.85,0.2802361769346973,41.682233374966586,65.83182748390159,-47.578161348208596,-15.399191085231834,0.27126195254074376,0.015080983386482666,-0.3967844028512135,-1.0085029727736838,-0.12866033770244645,-0.43660985386958506,-0.9481571079041462,0,1,4.6741858313555245,1,0.03326533337446474,0,2,0.5,80.0,0.33333333333333326,20.0,100.33333333333333,False,True,,,,760
2020-07-16 09:45:00+05:30,2020,7,16,9,45,3,SELL,10668.55,10715.739124687623,10526.982625937128,3.0,trend_bounce_sell,STRONG_DOWNTREND,10668.55,0.4819573151258353,33.7721685612123,45.78144880271334,-13.081086723339467,-11.477694841426331,0.3022420931500919,0.029458305606834764,-1.314900977735034,-1.4042789150224166,0.033290507202354824,-0.28766430096098805,-0.44037209322226323,0,1,7.845230818867756,0,6.938893903907228e-18,0,3,0.4,69.04337417030317,0.33333333333333326,20.0,89.3767075036365,False,True,False,-3539.1843515717937,STOP_HIT,761
2020-07-16 10:00:00+05:30,2020,7,16,10,0,3,SELL,10670.4,10713.961119797914,10539.716640606257,3.0,trend_bounce_sell,STRONG_DOWNTREND,10670.4,0.48435056658740944,32.21726056763835,46.203175503285266,-13.925571918402056,-11.089962032840027,0.32784776863984594,0.02877992491736154,-1.0790966737123098,-1.3926495457947996,0.04050547248348746,-0.24585451653732493,-0.4065827690695967,0,1,7.845230818867756,1,0.03247554926032339,0,3,0.4,68.1173886705327,0.33333333333333326,20.0,88.45072200386603,False,True,,,,762
2020-07-16 10:15:00+05:30,2020,7,16,10,15,3,SELL,10696.2,10713.264605296035,10636.2,3.0,trend_bounce_sell,STRONG_DOWNTREND,10696.2,0.4965715461031557,35.16759291757687,46.226842781056085,-13.607491601995207,-9.69469354478986,0.42673710986996066,0.028000855355481923,-0.3869525738632307,-0.9890725304427805,0.22578750537265435,-0.004235104955552238,-0.15928482983234016,0,1,7.845230818867756,1,0.03247554926032339,0,3,0.4,67.73610566863366,0.33333333333333326,20.0,88.06943900196698,False,True,,,,763
2020-07-16 10:45:00+05:30,2020,7,16,10,45,3,SELL,10655.5,10705.5,10505.5,3.0,trend_bounce_sell,STRONG_DOWNTREND,10655.5,0.5270584607546728,30.29946072798944,48.790791570967635,-15.264252749513616,-9.303799252846417,0.3252473276802002,0.027395290111178187,-0.38516551833743806,-1.1246485473289658,-0.13183649985445411,-0.334736250319978,-0.5054604181860323,0,1,7.845230818867756,1,0.03247554926032339,0,3,0.4,59.27447494258058,0.33333333333333326,20.0,79.60780827591392,False,True,,,,764
2020-07-17 14:30:00+05:30,2020,7,17,14,30,4,BUY,10857.5,10810.012142857144,10999.963571428569,3.0,trend_pullback_buy,STRONG_UPTREND,10857.5,0.24298542811091525,64.85459943742846,37.673042093269636,32.64721313426344,9.686620498054644,1.2206595620906184,0.00538982998392788,0.36559606949559953,0.5710527656460629,0.2943328115259547,0.4979702730357971,0.8490721586387862,1,0,10.838007564983346,0,6.938893903907228e-18,0,4,0.4,67.60382525596178,0.33333333333333326,20.0,87.93715858929511,False,True,True,10684.767857142651,TARGET_HIT,765
2020-07-20 14:00:00+05:30,2020,7,20,14,0,0,BUY,11022.4,10981.642857142857,11144.671428571428,3.0,trend_pullback_buy,STRONG_UPTREND,11022.4,0.20542583414552987,65.37721245625701,40.027942026273855,63.965471738829365,3.9163813031256822,1.0887395744198396,0.005188511764570496,0.4378391430927442,1.1071667721547884,0.291478520545696,0.5165144182427639,1.1500506949106537,1,0,1.8028396833502744,0,6.938893903907228e-18,1,0,0.4,64.01676521576431,0.33333333333333326,20.0,84.35009854909764,False,True,True,9170.35714285712,TARGET_HIT,766
2020-07-20 14:30:00+05:30,2020,7,20,14,30,0,BUY,11013.8,10970.182142857142,11144.653571428571,3.0,trend_pullback_buy,STRONG_UPTREND,11013.8,0.22001618748427182,61.18453255017145,33.099401450886326,63.49837396440307,2.776608541686379,0.889090029412073,0.005614430817073154,0.31422768300346515,0.11089296102384516,0.1448836993680036,0.3662032274672322,0.9899948197679365,1,0,1.8028396833502744,1,0.026323110188869465,1,0,0.4,64.85964087053179,0.33333333333333326,20.0,85.19297420386512,False,True,,,,767
2020-07-23 13:15:00+05:30,2020,7,23,13,15,3,BUY,11209.1,11177.972857142859,11302.481428571426,3.0,trend_pullback_buy,STRONG_UPTREND,11209.1,0.15427516163524974,67.13802474048893,28.76154849030963,29.564585937101583,0.5585695310441281,0.7843754230709119,0.009498227777220475,0.36442104509151196,1.0566269079238078,0.09655656302138826,0.2482910674334482,0.519220992706515,1,0,0.0,0,6.938893903907228e-18,2,0,0.5,47.84262440462706,0.33333333333333326,20.0,68.1759577379604,False,True,False,-2334.53571428563,STOP_HIT,768
2020-07-24 15:15:00+05:30,2020,7,24,15,15,4,BUY,11194.15,11158.44383362724,11301.26849911828,3.0,trend_pullback_buy,STRONG_UPTREND,11194.15,0.24706782432916105,63.927615465912986,39.6998757039204,5.516948836000665,0.9415297890772933,0.8629269470463835,0.012173669359776866,0.6156943639248125,0.36490951230336854,0.15826387548762977,0.2733872957332295,0.31999234754540584,1,0,1.8632178184267192,0,6.938893903907228e-18,0,1,0.4,63.235223313125175,0.33333333333333326,20.0,83.56855664645852,False,True,False,-2677.9624779569986,STOP_HIT,769
2020-07-24 15:30:00+05:30,2020,7,24,15,30,4,BUY,11194.15,11159.844075445779,11297.067773662662,3.0,trend_pullback_buy,STRONG_UPTREND,11194.15,0.24205883047331506,66.07993712607046,39.6386944622414,6.563187134659529,1.7889912789625413,0.8247554429349632,0.012517090116287361,0.7615069917323414,0.705305534939149,0.126571037144374,0.24847215145789026,0.3074050526360006,1,0,1.8632178184267192,1,0.02177889195872536,0,1,0.4,63.78321667734484,0.33333333333333326,20.0,84.11655001067817,False,True,False,-2572.944341566563,STOP_HIT,770
2020-07-29 09:45:00+05:30,2020,7,29,9,45,2,BUY,11279.45,11229.45,11429.45,3.0,trend_pullback_buy,STRONG_UPTREND,11279.45,0.2708782026479278,55.50383523033463,56.833365777802896,35.03903985750003,10.570447664547931,0.6272978583838126,0.012650446483014301,0.4211126097853235,0.7975728762667389,-0.05941695398918867,0.16868216074574782,0.5257343313007645,1,0,6.0540224778570355,0,6.938893903907228e-18,0,3,0.3,80.0,0.33333333333333326,20.0,100.33333333333333,False,True,False,-3750.0,STOP_HIT,771
2020-07-31 09:45:00+05:30,2020,7,31,9,45,4,SELL,11109.3,11159.3,10959.3,3.0,trend_bounce_sell,STRONG_DOWNTREND,11109.3,0.3679028253033797,30.54768523591507,70.2260954413671,-30.761367868028174,-18.8601451110846,0.2727208306665616,0.02415464415474433,-0.6012615756274431,-1.5421020446146128,-0.13543381503896557,-0.45532945750137443,-0.7960158635302861,0,1,9.046937418649993,0,6.938893903907228e-18,0,4,0.2,65.0,0.33333333333333326,20.0,85.33333333333333,False,True,True,2625.0,STOP_HIT,772
2020-07-31 11:45:00+05:30,2020,7,31,11,45,4,SELL,11085.65,11135.65,10935.65,3.0,trend_bounce_sell,STRONG_DOWNTREND,11085.65,0.35464123181126556,46.06357760972396,60.26364863184261,-39.7479004816887,-13.727145602841816,0.28355171384547406,0.010762680178710092,-0.30935112701830914,-0.909948200885824,-0.0694008420119796,-0.33256766502596236,-0.7465864449003434,0,1,9.046937418649993,1,0.032906148026802744,0,4,0.2,75.0,0.33333333333333326,20.0,95.33333333333333,False,True,,,,773
2020-07-31 12:00:00+05:30,2020,7,31,12,0,4,SELL,11093.45,11143.45,10943.45,3.0,trend_bounce_sell,STRONG_DOWNTREND,11093.45,0.3547460116426481,46.035537043140884,59.60524262025073,-39.806659809220946,-12.407314437336648,0.36030958895081866,0.008548195602934709,-0.33689846778577337,-0.8619379976585906,0.0007292462424146606,-0.23863914502729733,-0.6503838904164727,0,1,9.046937418649993,1,0.032906148026802744,0,4,0.2,75.0,0.33333333333333326,20.0,95.33333333333333,False,True,,,,774
2020-07-31 13:00:00+05:30,2020,7,31,13,0,4,SELL,11080.6,11130.6,10930.6,3.0,trend_bounce_sell,STRONG_DOWNTREND,11080.6,0.30345829648213996,37.383851979990865,52.10032871817183,-40.91466507809491,-8.935660731417055,0.28336000919966964,0.006381509698439896,-0.31621797899377135,-0.40044403895677094,-0.03846239682497865,-0.23747538038477733,-0.6508461755600603,0,1,9.046937418649993,1,0.032906148026802744,0,4,0.2,75.0,0.33333333333333326,20.0,95.33333333333333,False,True,,,,775
2020-07-31 13:15:00+05:30,2020,7,31,13,15,4,SELL,11071.05,11121.05,10921.05,3.0,trend_bounce_sell,STRONG_DOWNTREND,11071.05,0.288687290597679,39.79698204441242,51.320231955281166,-41.16022585748942,-8.263099359730411,0.18381993966236934,0.006671480822140162,-0.3241184652990614,-0.26799870279619054,-0.09971758556329702,-0.2941386528861556,-0.7077950705470015,0,1,9.046937418649993,1,0.032906148026802744,0,4,0.2,75.0,0.33333333333333326,20.0,95.33333333333333,False,True,,,,776
2020-07-31 13:30:00+05:30,2020,7,31,13,30,4,SELL,11034.55,11084.55,10884.55,3.0,trend_bounce_sell,STRONG_DOWNTREND,11034.55,0.28054739755715424,37.75276895811421,50.1905081022993,-42.71707696094745,-8.837955416869598,-0.12447658094486311,0.008113732831008183,-0.5538031723143488,-0.6674948463816777,-0.34355684146764043,-0.5665549878820286,-0.9949600109768197,0,1,9.046937418649993,1,0.032906148026802744,0,4,0.2,75.0,0.33333333333333326,20.0,95.33333333333333,False,True,,,,777
2020-08-03 13:45:00+05:30,2020,8,3,13,45,0,SELL,10920.1,10960.124285714286,10800.027142857143,3.0,trend_bounce_sell,STRONG_DOWNTREND,10920.1,0.203621892525841,34.402771733758854,58.02253236184538,-59.583179195626144,-6.356240907272529,0.2029128958919479,0.013252818098681436,-0.4285544948071984,-1.3848439284956382,-0.16682873703839363,-0.4498134800471232,-1.031328482256555,0,1,6.951896960094922,0,6.938893903907228e-18,1,0,0.3,70.0,0.33333333333333326,20.0,90.33333333333333,False,True,False,-3001.8214285714294,STOP_HIT,778
2020-08-06 13:45:00+05:30,2020,8,6,13,45,3,BUY,11225.35,11175.35,11375.35,3.0,trend_pullback_buy,STRONG_UPTREND,11225.35,0.27507891895193803,61.47966759234013,43.093422557011095,35.80511809449308,6.8268212953159235,0.7755011550661834,0.012834611013733867,0.4932745462276955,1.1142487828385894,0.09646094235837843,0.32916324744829417,0.6858221554632227,1,0,9.347682614271964,0,6.938893903907228e-18,0,1,0.3,70.85605353420667,0.33333333333333326,20.0,91.18938686754,False,True,False,-3750.0,STOP_HIT,779
2020-08-06 14:00:00+05:30,2020,8,6,14,0,3,BUY,11208.45,11158.45,11358.45,3.0,trend_pullback_buy,STRONG_UPTREND,11208.45,0.2858812515812359,56.74568146404734,41.34265056878569,35.54417416366414,5.90928962803828,0.6432783264353804,0.010797008440509985,0.3550068046701549,0.9620191593141758,-0.04339381121685193,0.16189704571447638,0.5131795319266663,1,0,9.347682614271964,1,0.03301531639900637,0,1,0.3,74.80559034127141,0.33333333333333326,20.0,95.13892367460474,False,True,,,,780
2020-08-11 10:00:00+05:30,2020,8,11,10,0,1,BUY,11344.5,11294.865,11493.405,3.0,trend_pullback_buy,STRONG_UPTREND,11344.5,0.24306932874961157,57.980021524609036,39.37412667719184,32.577968724348466,0.2988756918549953,0.7905423411940146,0.011626445595311055,0.7947543547119018,0.12267664554392876,0.1887074301391678,0.3425809198186025,0.6450482361619603,1,0,12.34059755506492,0,6.938893903907228e-18,0,2,0.3,61.61323292486506,0.33333333333333326,20.0,81.9465662581984,False,True,False,-3722.6250000000164,STOP_HIT,781
2020-08-11 10:15:00+05:30,2020,8,11,10,15,1,BUY,11358.5,11308.5,11508.5,3.0,trend_pullback_buy,STRONG_UPTREND,11358.5,0.24544236852199777,59.74766753476575,38.90806258547538,33.66336513969509,1.245844896481458,0.8693369907063742,0.012182946834406459,0.7347691707351611,0.23163978909748195,0.24972250219099656,0.4238307551667875,0.7388624552868928,1,0,12.34059755506492,1,0.03389330270180103,0,2,0.3,70.8032865160998,0.33333333333333326,20.0,91.13661984943313,False,True,,,,782
2020-08-11 10:45:00+05:30,2020,8,11,10,45,1,BUY,11351.3,11302.134285714284,11498.797142857144,3.0,trend_pullback_buy,STRONG_UPTREND,11351.3,0.24062693889057252,62.89014139717651,38.49226008333245,34.88899990178652,2.037056852943138,0.7646950169953597,0.013216545290649978,0.6146987001360404,0.34209642345701674,0.1101015081582224,0.2928275184785889,0.6206446574566371,1,0,12.34059755506492,1,0.03389330270180103,0,2,0.3,68.09535604999947,0.33333333333333326,20.0,88.4286893833328,False,True,,,,783
2020-08-11 11:00:00+05:30,2020,8,11,11,0,1,BUY,11325.85,11283.03103082318,11454.306907530461,3.0,trend_pullback_buy,STRONG_UPTREND,11325.85,0.2248963969276343,66.93735065889521,37.72363987435585,34.12174408705323,1.1428209343888653,0.5890669422894995,0.013262064883271247,0.5102787897074634,0.13438661792204432,-0.09149991649368694,0.061784904239048366,0.3794988160525925,1,0,12.34059755506492,1,0.03389330270180103,0,2,0.3,59.06239326850216,0.33333333333333326,20.0,79.39572660183549,False,True,,,,784
2020-08-11 11:15:00+05:30,2020,8,11,11,15,1,BUY,11327.25,11284.7651080458,11454.7046758626,3.0,trend_pullback_buy,STRONG_UPTREND,11327.25,0.21818434054413663,63.59278698681887,35.64438254832097,33.39836642812406,0.37749894791372895,0.5946599787322909,0.013308991385207832,0.5066480925276062,0.09012949487721134,-0.06333012417640838,0.06740786012402467,0.37648007333275224,1,0,12.34059755506492,1,0.03389330270180103,0,2,0.3,55.161619008129875,0.33333333333333326,20.0,75.4949523414632,False,True,,,,785
2020-08-13 09:45:00+05:30,2020,8,13,9,45,3,BUY,11350.45,11317.670714285714,11448.787857142861,3.0,trend_pullback_buy,STRONG_UPTREND,11350.45,0.16044046082502866,65.77066837564234,28.66700335663675,8.226763603504878,2.2994962316194894,0.9932290178129222,0.007039774608119216,0.498043243434676,0.5879954980902324,0.18343194636594173,0.2955480807522948,0.372678168252194,1,0,15.3116642167901,0,6.938893903907228e-18,0,3,0.3,57.20020201398205,0.33333333333333326,20.0,77.5335353473154,False,True,False,-2458.4464285715057,STOP_HIT,786
2020-08-14 09:45:00+05:30,2020,8,14,9,45,4,BUY,11346.75,11313.269920297755,11447.190239106736,3.0,trend_pullback_buy,STRONG_UPTREND,11346.75,0.1902055025196022,68.47074873629258,47.28353912535658,3.6291125020434265,0.7558828044369443,0.998853514654515,0.006826153468272343,0.30320576002544897,-0.05153004598066335,0.1978352639149028,0.26329821379909024,0.2959363644473578,1,0,17.2737764960463,0,6.938893903907228e-18,0,4,0.2,60.92895151958339,0.33333333333333326,20.0,81.26228485291674,False,True,False,-2511.005977668401,STOP_HIT,787
2020-08-14 10:00:00+05:30,2020,8,14,10,0,4,BUY,11345.85,11314.547570482157,11439.757288553532,3.0,trend_pullback_buy,STRONG_UPTREND,11345.85,0.1879227080512132,65.99149892530346,45.562058212764235,4.6726054725859285,1.619438197481502,0.9247743951329959,0.007446021032927749,0.3422613125323437,0.3245159892653282,0.15185255843508383,0.23207843883332746,0.2766564842549002,1,0,17.2737764960463,1,0.024225215781788993,0,4,0.2,67.33723492765854,0.33333333333333326,20.0,87.67056826099187,False,True,False,-2347.6822138382886,STOP_HIT,788
2020-08-18 14:00:00+05:30,2020,8,18,14,0,1,BUY,11366.35,11334.560714285715,11461.717857142856,3.0,trend_pullback_buy,STRONG_UPTREND,11366.35,0.15537718164330816,64.27422084206654,33.81331248517415,20.14073632376312,11.638054659505189,1.2905176829642446,0.00492235144885462,0.4635890364949269,1.0602733148989518,0.31405095030723196,0.4949087195416757,0.7177437548723908,1,0,21.15154729098355,0,6.938893903907228e-18,0,6,0.1,65.28798749110449,0.33333333333333326,20.0,85.62132082443782,False,True,True,1668.9375000000382,STOP_HIT,789
2020-08-19 11:00:00+05:30,2020,8,19,11,0,2,BUY,11420.05,11382.179285714285,11533.662142857143,3.0,trend_pullback_buy,STRONG_UPTREND,11420.05,0.18423111732685868,68.15351308371581,71.79438293305145,43.40284538685955,12.963879730305987,0.6733082902140788,0.01599642889660473,0.3188755902053364,0.9217241455493408,-0.02114415012273163,0.2520231865471567,0.6928511278338156,1,0,21.15154729098355,0,0.024133036198576006,0,6,0.1,70.0,0.33333333333333326,20.0,90.33333333333333,False,True,False,-2840.3035714286034,STOP_HIT,790
2020-08-21 11:30:00+05:30,2020,8,21,11,30,4,BUY,11379.75,11361.9414038527,11439.75,3.0,trend_pullback_buy,STRONG_UPTREND,11379.75,0.18758257933107905,64.91367554106395,32.15405751686191,5.2945432941451145,5.564900637713876,0.6443462229838007,0.014094487440552783,0.5971429076572221,0.42890615692141587,-0.028569734927585966,0.09810105050869211,0.15673902473447576,1,0,22.08642702866795,0,6.938893903907228e-18,0,1,0.2,64.29243451011715,0.33333333333333326,20.0,84.62576784345048,False,True,True,934.9512977332324,STOP_HIT,791
2020-08-24 13:30:00+05:30,2020,8,24,13,30,0,BUY,11469.8,11445.210714285715,11543.567857142853,3.0,trend_pullback_buy,STRONG_UPTREND,11469.8,0.11910159101042761,65.15674545034344,40.69648664765744,25.256656293751803,6.528395478957545,0.7358497908803149,0.01024498869772456,0.34206129108451666,0.8861778248842267,0.06286760948617243,0.22831662512436957,0.4778131722532164,1,0,21.34023243989473,0,6.938893903907228e-18,1,0,0.3,59.41789198859446,0.33333333333333326,20.0,79.75122532192779,False,True,True,1290.9374999999727,STOP_HIT,792
2020-08-24 13:45:00+05:30,2020,8,24,13,45,0,BUY,11474.0,11448.645714285714,11550.062857142857,3.0,trend_pullback_buy,STRONG_UPTREND,11474.0,0.12276202096665459,69.57947535421728,42.105160616481086,25.739595195742368,6.310200942853296,0.7677762914653462,0.0087193266305325,0.3849518810148833,0.9004889373527059,0.07959098500198714,0.24086754230594476,0.49432565135001383,1,0,21.34023243989473,1,0.01871188865171118,1,0,0.3,60.26309636988865,0.33333333333333326,20.0,80.59642970322199,False,True,True,1331.0999999999694,STOP_HIT,793
2020-08-31 10:15:00+05:30,2020,8,31,10,15,0,BUY,11735.45,11685.45,11885.45,3.0,trend_pullback_buy,STRONG_UPTREND,11735.45,0.27730387111578086,69.59119519743959,38.549373196431645,43.12658025542987,8.698975851820023,0.8045739927241653,0.016674837945462567,0.6881019283155654,0.5849732583653289,0.13378026342827365,0.4347976779294438,0.8440584108634797,1,0,19.247556384142932,0,3.469446951953614e-18,3,0,0.4,63.12962391785899,0.33333333333333326,20.0,83.46295725119234,False,True,False,-3750.0,STOP_HIT,794
2020-08-31 10:30:00+05:30,2020,8,31,10,30,0,BUY,11715.9,11665.9,11865.9,3.0,trend_pullback_buy,STRONG_UPTREND,11715.9,0.27380373192474494,63.009610722408645,39.71400475595764,43.10411189457045,7.808856741864538,0.68757082234427,0.01689130216502304,0.4820021098312921,0.4712309031425388,-0.026427238671866693,0.24310823475366394,0.6493785933977314,1,0,19.247556384142932,1,0.037062840538057085,3,0,0.4,68.82840285357459,0.33333333333333326,20.0,89.16173618690792,False,True,,,,795
2020-09-02 15:00:00+05:30,2020,9,2,15,0,2,BUY,11529.05,11490.62425405126,11644.327237846219,3.0,trend_pullback_buy,STRONG_UPTREND,11529.05,0.2459625281974045,59.5364502904504,32.315278060312785,-2.5661368677228893,11.37011594277095,0.9038810698518374,0.010431677826171255,0.5349808592830074,0.5029922371821982,0.17234321504684402,0.32664196846241556,0.33440955947361406,1,0,22.24047132493589,0,0.0,0,1,0.4,69.38916683618767,0.33333333333333326,20.0,89.722500169521,False,True,False,-2881.9309461554894,STOP_HIT,796
2020-09-02 15:15:00+05:30,2020,9,2,15,15,2,BUY,11535.0,11492.364479382582,11662.906561852253,3.0,trend_pullback_buy,STRONG_UPTREND,11535.0,0.24812681899808084,61.67822012791944,35.397606985090256,-0.6412152281045564,11.965533824150354,0.8978915560111601,0.011006252455459649,0.7124521976007214,0.7027805665895448,0.17915246220303604,0.34389924403588346,0.37098997942421885,1,0,22.24047132493589,1,0.029579651811335553,0,1,0.4,66.23856419105415,0.33333333333333326,20.0,86.57189752438748,False,True,,,,797
2020-09-11 09:30:00+05:30,2020,9,11,9,30,4,BUY,11448.6,11398.6,11598.6,3.0,trend_pullback_buy,STRONG_UPTREND,11448.6,0.28437662995600277,51.62236878748571,30.45203517585645,32.93403766033225,13.726408768761392,0.7496562504673767,0.010317873364980214,0.48934199958745594,0.3822884699693052,0.05180674408651331,0.30248853115375507,0.6490214249052828,1,0,24.540571108157852,0,0.0,0,2,0.4,68.27122110551387,0.33333333333333326,20.0,88.6045544388472,False,True,True,2625.0,STOP_HIT,798
2020-09-11 10:15:00+05:30,2020,9,11,10,15,4,BUY,11463.2,11413.2,11613.2,3.0,trend_pullback_buy,STRONG_UPTREND,11463.2,0.2734838439528238,69.23032278925865,28.994624506777086,34.893703529136474,11.616741836696647,0.7878759060052982,0.011164602910022931,0.33215903371917044,0.4517313447222948,0.11464009070165648,0.3359351651070819,0.6950122429838057,1,0,24.540571108157852,1,0.03966257079791546,0,2,0.4,57.396774704066246,0.33333333333333326,20.0,77.73010803739959,False,True,,,,799
2020-09-11 10:30:00+05:30,2020,9,11,10,30,4,BUY,11460.75,11410.75,11610.75,3.0,trend_pullback_buy,STRONG_UPTREND,11460.75,0.26921075347225515,66.44819269636702,31.204362227095487,35.35317084108283,10.868588233778702,0.7439631537679302,0.011385225896405438,0.33266945350287624,0.44346480984036596,0.0745803705287873,0.28581885328144985,0.6469086913504896,1,0,24.540571108157852,1,0.03966257079791546,0,2,0.4,58.722617336257294,0.33333333333333326,20.0,79.05595066959063,False,True,,,,800
2020-09-16 13:30:00+05:30,2020,9,16,13,30,2,BUY,11581.35,11546.121428571429,11687.035714285716,3.0,trend_pullback_buy,STRONG_UPTREND,11581.35,0.16899090841248068,63.506460743383286,45.30175436140228,22.314630378908987,3.7008208095976194,1.0278260046628707,0.005292467249480426,0.35527518662779034,0.5264437056776039,0.17766238323049244,0.2995284626582606,0.5109501694844143,1,0,22.445530649602784,0,0.0,1,0,0.5,72.18105261684137,0.33333333333333326,20.0,92.5143859501747,False,True,False,-2642.1428571428805,STOP_HIT,801
2020-09-16 14:00:00+05:30,2020,9,16,14,0,2,BUY,11590.0,11555.427142857143,11693.718571428572,3.0,trend_pullback_buy,STRONG_UPTREND,11590.0,0.16572168125231201,61.26250748051019,35.26689452227258,23.689549658696706,4.196806683742395,1.0655889333465538,0.005338566485345245,0.4115226337448652,0.5919214011699703,0.18353810595641562,0.3206997881131768,0.5459576613520367,1,0,22.445530649602784,1,0.027190210610556955,1,0,0.5,66.16013671336356,0.33333333333333326,20.0,86.49347004669688,False,True,,,,802
2020-09-16 14:15:00+05:30,2020,9,16,14,15,2,BUY,11596.95,11561.708571428571,11702.674285714289,3.0,trend_pullback_buy,STRONG_UPTREND,11596.95,0.16882517755592163,63.22377136108824,30.292966956593354,24.743287881832657,4.72549041619051,1.0692512733208275,0.005852872711038942,0.5187612138232378,0.5776060570581221,0.194796012436127,0.34611433138673764,0.5823375562079125,1,0,22.445530649602784,1,0.027190210610556955,1,0,0.5,63.175780173956014,0.33333333333333326,20.0,83.50911350728936,False,True,,,,803
2020-09-18 14:45:00+05:30,2020,9,18,14,45,4,SELL,11509.0,11544.219237778854,11403.342286663437,3.0,trend_bounce_sell,STRONG_DOWNTREND,11509.0,0.2373918548216912,40.009292480834645,33.325089308203,-1.288122699206724,-4.8472592140787,0.08618851648613617,0.008289480475105117,-0.4777655273796366,-0.504006985208294,-0.1798816695740113,-0.27948400225132897,-0.30508115840002237,0,1,24.55425300503007,0,0.0,0,1,0.5,69.9950535849218,0.33333333333333326,20.0,90.32838691825513,False,True,True,7924.3285002422,TARGET_HIT,804
2020-09-18 15:00:00+05:30,2020,9,18,15,0,4,SELL,11508.2,11542.806718650272,11404.379844049186,3.0,trend_bounce_sell,STRONG_DOWNTREND,11508.2,0.2485805152599242,35.26371415069309,36.762187760130686,-2.612334711408039,-5.554324103652013,0.1274649424844207,0.008726655544993023,-0.36880562385288584,-0.4980200245551458,-0.14951206185218613,-0.2604456841578284,-0.2998119910849417,0,1,24.55425300503007,1,0.027942776670685027,0,1,0.5,67.05731265607841,0.33333333333333326,20.0,87.39064598941174,False,True,,,,805
2020-09-18 15:15:00+05:30,2020,9,18,15,15,4,SELL,11504.95,11541.3221414483,11395.833575655104,3.0,trend_bounce_sell,STRONG_DOWNTREND,11504.95,0.2512583093115802,35.318021328389165,38.3685201624758,-3.911599136181394,-6.168229675582831,0.14137244770483612,0.009215103695098318,-0.4288372495564463,-0.45640568625245903,-0.14221900463743387,-0.26244419077556813,-0.31514709495609194,0,1,24.55425300503007,1,0.027942776670685027,0,1,0.5,68.02111209748549,0.33333333333333326,20.0,88.35444543081881,False,True,,,,806
2020-09-18 15:30:00+05:30,2020,9,18,15,30,4,SELL,11504.95,11539.895782960131,11400.112651119609,3.0,trend_bounce_sell,STRONG_DOWNTREND,11504.95,0.25386588257352327,36.19121163757884,39.06733402120574,-5.055356690008921,-6.580788506469322,0.17590324002551103,0.009677986380783639,-0.47707199764707164,-0.33740763520127004,-0.11380757490999649,-0.23864256466392675,-0.302825810712537,0,1,24.55425300503007,1,0.027942776670685027,0,1,0.5,68.44040041272345,0.33333333333333326,20.0,88.77373374605678,False,True,,,,807
2020-09-21 09:30:00+05:30,2020,9,21,9,30,0,SELL,11500.45,11537.552162586418,11389.143512240747,3.0,trend_bounce_sell,STRONG_DOWNTREND,11500.45,0.27890212991665386,37.533782880436,41.63013118702476,-6.623062990045582,-6.700708462810395,0.18881808048217943,0.010171739701123752,-0.5456801760704844,-0.39450892083837674,-0.12329852767288818,-0.24267277064434767,-0.321577420093766,0,1,24.55425300503007,0,0.027942776670685027,0,1,0.5,69.97807871221485,0.33333333333333326,20.0,90.31141204554818,False,True,,,,808
2020-09-21 09:45:00+05:30,2020,9,21,9,45,0,SELL,11493.4,11535.82070523009,11366.13788430973,3.0,trend_bounce_sell,STRONG_DOWNTREND,11493.4,0.2821184331877418,35.119098067524135,45.13661207173593,-7.877268663602081,-7.159422722730204,0.1684769850222776,0.010643160465453876,-0.6161016546112452,-0.4969352772102309,-0.14767441307150797,-0.2762817255634875,-0.36773027523613333,0,1,24.55425300503007,0,0.027942776670685027,0,1,0.5,72.08196724304156,0.33333333333333326,20.0,92.41530057637489,False,True,,,,809
2020-09-21 10:00:00+05:30,2020,9,21,10,0,0,SELL,11488.9,11533.980677574007,11353.657967277977,3.0,trend_bounce_sell,STRONG_DOWNTREND,11488.9,0.2899382385233949,32.565888382743594,49.16058137754106,-9.149162969828467,-7.58818532606093,0.16993870584578863,0.010867279884841851,-0.6953718229632644,-0.6640324407515386,-0.14947143292476373,-0.2867426144729124,-0.3908509892136314,0,1,24.55425300503007,0,0.027942776670685027,0,1,0.5,69.49634882652464,0.33333333333333326,20.0,89.82968215985797,False,True,,,,810
2020-09-21 12:45:00+05:30,2020,9,21,12,45,0,SELL,11469.9,11517.465,11327.204999999998,3.0,trend_bounce_sell,STRONG_DOWNTREND,11469.9,0.23038561800887586,37.666989478488894,36.446267277338855,-14.307114934392303,-5.6783902291256325,0.03527409409758801,0.0053152783163348235,-0.4923373226392802,-0.29728531567007055,-0.17694821123281912,-0.28875421089907816,-0.43545346524553885,0,1,24.55425300503007,0,0.027942776670685027,0,1,0.5,66.86776036640332,0.33333333333333326,20.0,87.20109369973665,False,True,,,,811
2020-09-21 13:00:00+05:30,2020,9,21,13,0,0,SELL,11449.05,11496.730714285713,11306.007857142857,3.0,trend_bounce_sell,STRONG_DOWNTREND,11449.05,0.23136666984846666,37.18817515730177,34.36611335658538,-16.072202662857308,-6.699130161831574,-0.15054743752128155,0.006391016284634847,-0.5412049846455935,-0.25309066831619154,-0.28693102968921913,-0.42746396616241134,-0.592411048083652,0,1,24.55425300503007,0,0.027942776670685027,0,1,0.5,65.61966801395123,0.33333333333333326,20.0,85.95300134728456,False,True,,,,812
2020-09-28 15:00:00+05:30,2020,9,28,15,0,0,BUY,11227.95,11185.328571428572,11355.814285714287,3.0,trend_pullback_buy,STRONG_UPTREND,11227.95,0.21088953396275864,64.63644294395247,38.92840360818341,57.293364034228944,13.250608539555614,0.8273542124598218,0.006186442569833073,0.30956018332397583,0.5935475778779287,0.1075062701717755,0.3610958173985823,0.9536515347206453,1,0,18.229762027929713,0,0.0,1,0,0.6,68.35704216491004,0.33333333333333326,20.0,88.69037549824337,False,True,True,2237.6249999999345,STOP_HIT,813
2020-10-06 11:15:00+05:30,2020,10,6,11,15,1,BUY,11587.3,11540.300714285713,11728.297857142858,3.0,trend_pullback_buy,STRONG_UPTREND,11587.3,0.225339071964256,66.956220055774,41.679452942727785,44.259640352265706,3.813613478113659,0.7169478890651358,0.016874443298296033,0.7297874097545343,0.8007655335899644,0.03722078429662101,0.2636528955315187,0.6729286725651651,1,0,16.443889682758602,0,0.0,2,0,0.6,65.00767176563667,0.33333333333333326,20.0,85.34100509897,False,True,True,10574.83928571437,TARGET_HIT,814
2020-10-12 11:00:00+05:30,2020,10,12,11,0,0,BUY,11950.15,11900.15,12100.15,3.0,trend_pullback_buy,STRONG_UPTREND,11950.15,0.25704997127949825,62.57856215735445,32.365334240967655,43.59085798100568,0.7786422928752188,0.6213197437033308,0.012958385621680385,0.3244763463879474,0.39527518041517773,-0.061581669493226965,0.11307054379057213,0.49263694342160935,1,0,8.003997817505569,0,0.0,3,0,0.7,57.20562347333278,0.33333333333333326,20.0,77.5389568066661,False,True,False,-3750.0,STOP_HIT,815
2020-10-15 09:30:00+05:30,2020,10,15,9,30,3,BUY,11939.6,11904.764348817474,12044.106953547578,3.0,trend_pullback_buy,STRONG_UPTREND,11939.6,0.284018847245421,69.07732185806334,38.12697810315702,3.5739624468460534,10.440847086100614,0.7355881399930011,0.01768821082700556,0.8007767154224466,0.7663223279994691,0.03872513434211022,0.24065201203571362,0.2926194098582524,1,0,10.996912758298526,0,0.0,0,1,0.6,62.87618686189421,0.33333333333333326,20.0,83.20952019522755,False,True,False,-2612.673838689443,STOP_HIT,816
2020-10-15 13:00:00+05:30,2020,10,15,13,0,3,SELL,11851.85,11901.85,11701.85,3.0,trend_bounce_sell,STRONG_DOWNTREND,11851.85,0.2528839680845499,31.205638518338645,40.58703834388425,-0.06275675943652459,-2.03947688277914,-0.05986539760619695,0.01132970565369035,-0.5625519133476975,-0.6696419217633642,-0.3749203405025381,-0.45864530507399026,-0.46394019331784664,0,1,13.082115576227196,1,0.0,0,2,0.5,64.35222300633055,0.33333333333333326,20.0,84.68555633966388,False,True,True,11250.0,TARGET_HIT,817
2020-10-16 09:30:00+05:30,2020,10,16,9,30,4,SELL,11736.4,11786.4,11586.4,3.0,trend_bounce_sell,STRONG_DOWNTREND,11736.4,0.4135789996445741,31.554426745779637,76.44962283807588,-45.97726555138797,-23.7514976826634,0.3152411828466471,0.030252127813578937,-0.7551350025791326,-1.632694112914046,0.017493212544850145,-0.42547325363622157,-0.8913049301591647,0,1,4.103370753848328,0,0.0,1,0,0.5,65.0,0.33333333333333326,20.0,85.33333333333333,False,True,True,2625.0,STOP_HIT,818
2020-10-21 14:45:00+05:30,2020,10,21,14,45,2,SELL,11885.6,11916.95265581739,11791.542032547834,3.0,trend_bounce_sell,STRONG_DOWNTREND,11885.6,0.3148167290070088,34.02361635845077,55.801150701246726,3.457315636043859,-19.64581866052421,0.2991265533686549,0.025431714420750325,-1.0382754802128136,-0.9863378873708695,0.0620884379192832,-0.24638270666350603,-0.2630928956664391,0,1,2.0083302952932582,0,0.0,2,0,0.6,75.19137740106407,0.33333333333333326,20.0,95.5247107343974,False,True,False,-2351.4491863041712,STOP_HIT,819
2020-10-27 15:30:00+05:30,2020,10,27,15,30,1,BUY,11889.4,11849.89,12007.93,3.0,trend_pullback_buy,STRONG_UPTREND,11889.4,0.18461823136575284,68.39491180583272,33.08097112733969,1.8059028547704656,15.201750337188205,0.869399263801337,0.009691455960787465,0.30497964693227964,0.7392720817817056,0.13753710272079722,0.32555098436222174,0.380853297752326,1,0,3.8850469358813147,0,0.0,0,1,0.6,59.84858267640381,0.33333333333333326,20.0,80.18191600973714,False,True,False,-2963.2500000000164,STOP_HIT,820
2020-10-28 09:45:00+05:30,2020,10,28,9,45,2,BUY,11886.4,11850.741603589768,11993.375189230695,3.0,trend_pullback_buy,STRONG_UPTREND,11886.4,0.23841773551525658,65.99226340503465,45.61531380403395,7.315210879774895,15.408602841697622,0.7180023701903729,0.009662297146742846,0.3558688815247901,0.7774678457273199,0.0038843954416556414,0.19524394765322306,0.3008959067964945,1,0,3.8850469358813147,0,0.024605967238384905,0,1,0.6,67.36918828242037,0.33333333333333326,20.0,87.7025216157537,False,True,,,,821
2020-10-28 10:00:00+05:30,2020,10,28,10,0,2,BUY,11889.85,11852.275266194089,12002.574201417736,3.0,trend_pullback_buy,STRONG_UPTREND,11889.85,0.22720459647754604,60.90533213668066,45.17320698859549,8.297883951629046,14.752148322196593,0.7246065012907132,0.009540929915366142,0.3223179894782602,0.5088907955856703,0.026326499718698493,0.20389058793000014,0.3170254905662251,1,0,3.8850469358813147,0,0.024605967238384905,0,1,0.6,72.1039241931573,0.33333333333333326,20.0,92.43725752649063,False,True,,,,822
2020-10-29 10:15:00+05:30,2020,10,29,10,15,3,SELL,11681.3,11731.3,11531.3,3.0,trend_bounce_sell,STRONG_DOWNTREND,11681.3,0.3375663912162425,36.56005382580711,56.456748716036884,-38.99365012893941,-13.86740718512052,0.20445428482382164,0.014425440608956674,-0.5351600584120653,-1.4119811623314216,-0.1758965165973847,-0.45776258462187913,-0.8378361116921806,0,1,6.25004832209592,0,0.0,0,2,0.5,75.0,0.33333333333333326,20.0,95.33333333333333,False,True,True,2625.0,STOP_HIT,823
2020-10-29 11:00:00+05:30,2020,10,29,11,0,3,SELL,11690.7,11740.7,11540.7,3.0,trend_bounce_sell,STRONG_DOWNTREND,11690.7,0.3013384265148503,38.91195755785331,51.154057730678154,-41.05649145325151,-11.71487766481896,0.3062227504048674,0.010228479489110681,-0.3439589806538912,-0.6268886348278047,-0.028262352597197005,-0.27259770634203706,-0.6675596530442363,0,1,6.25004832209592,1,0.031924442490121906,0,2,0.5,75.0,0.33333333333333326,20.0,95.33333333333333,False,True,,,,824
2020-10-29 11:15:00+05:30,2020,10,29,11,15,3,SELL,11689.8,11739.8,11539.8,3.0,trend_bounce_sell,STRONG_DOWNTREND,11689.8,0.28984364879761004,34.8983114329759,50.24975302633892,-41.19756372471238,-10.670354942651848,0.31897846008903497,0.00994966515151594,-0.3393125085254467,-0.5148804711369026,-0.028768952019031513,-0.25486052603005405,-0.6488998149379088,0,1,6.25004832209592,1,0.031924442490121906,0,2,0.5,70.0,0.33333333333333326,20.0,90.33333333333333,False,True,,,,825
2020-10-29 11:30:00+05:30,2020,10,29,11,30,3,SELL,11677.25,11727.25,11527.25,3.0,trend_bounce_sell,STRONG_DOWNTREND,11677.25,0.2815914950621326,32.09400559367654,49.823233854238445,-41.70615912348876,-10.061055307285404,0.23792509025723066,0.009837130759150726,-0.446306779429817,-0.5891141578945214,-0.10890693812285468,-0.3291496341606637,-0.7261470025450079,0,1,6.25004832209592,1,0.031924442490121906,0,2,0.5,69.89394031254307,0.33333333333333326,20.0,90.2272736458764,False,True,,,,826
2020-11-03 13:30:00+05:30,2020,11,3,13,30,1,BUY,11823.6,11774.273571428572,11971.579285714286,3.0,trend_pullback_buy,STRONG_UPTREND,11823.6,0.23177011594244903,61.33578384393536,30.482159770069217,44.10189430541686,16.41504556024084,0.6916906730229399,0.014986819206764411,0.34243523645853813,1.4322296714750937,0.10028433741142706,0.36871612776492313,0.8144072266798252,1,0,4.155007863540851,0,0.0,1,0,0.6,63.28929586204153,0.33333333333333326,20.0,83.62262919537486,False,True,True,2589.637500000026,STOP_HIT,827
2020-11-04 12:45:00+05:30,2020,11,4,12,45,2,BUY,11895.5,11845.5,12045.5,3.0,trend_pullback_buy,STRONG_UPTREND,11895.5,0.2563994787945032,58.33292459412181,32.97103356489526,49.544642068551184,4.10724017445105,0.7333535187067272,0.011758257331190675,0.3721079366150848,0.8439337230151001,0.06618625787027099,0.2737439382046958,0.728197544296183,1,0,2.088190592877438,0,0.0,2,0,0.6,69.78262013893715,0.33333333333333326,20.0,90.11595347227048,False,True,False,-3750.0,STOP_HIT,828
2020-11-05 14:15:00+05:30,2020,11,5,14,15,3,BUY,12107.1,12069.35142857143,12220.345714285711,3.0,trend_pullback_buy,STRONG_UPTREND,12107.1,0.17321595238684803,67.38793146326444,52.36390970054744,76.98260403662789,5.270543989531532,0.9537118397974284,0.004847110714135651,0.35310207633967305,0.5043021330112474,0.14942912786519713,0.41367162864451856,1.104079824257309,1,0,5.081105533670394,0,0.0,0,1,0.5,70.0,0.33333333333333326,20.0,90.33333333333333,False,True,True,8493.42857142833,TARGET_HIT,829
2020-11-17 10:30:00+05:30,2020,11,17,10,30,1,BUY,12804.55,12754.55,12954.55,3.0,trend_pullback_buy,STRONG_UPTREND,12804.55,0.2249758316937568,67.37841277823341,39.34024473073169,32.7736035090802,11.831183503741457,0.6881022233595779,0.019250981994400413,0.6650969539974572,0.6650969539974572,-0.03759786681194477,0.24403351240840365,0.537970869977733,1,0,0.0,0,0.0,1,0,0.5,63.604146838439014,0.33333333333333326,20.0,83.93748017177235,False,True,True,2625.0,STOP_HIT,830
2020-11-17 10:45:00+05:30,2020,11,17,10,45,1,BUY,12818.25,12768.25,12968.25,3.0,trend_pullback_buy,STRONG_UPTREND,12818.25,0.23744047967323395,69.11669870331286,43.634495306857225,33.647525274125655,11.434594741908217,0.7213654023558559,0.019461312575568837,0.7728017798811937,0.7728017798811937,0.05547640347483007,0.3192506182843058,0.6200674262075268,1,0,0.0,1,0.02942955612613976,1,0,0.5,66.18069718411434,0.33333333333333326,20.0,86.51403051744767,False,True,,,,831
2020-11-17 11:00:00+05:30,2020,11,17,11,0,1,BUY,12810.55,12760.55,12960.55,3.0,trend_pullback_buy,STRONG_UPTREND,12810.55,0.24427411112604197,67.10689596051938,47.9287456903798,34.021360218341215,10.627586717511399,0.672187943154818,0.01944767054502393,0.7122669507348522,0.7122669507348522,-0.0037020534597420607,0.23538843383361652,0.537560319471253,1,0,0.0,1,0.02942955612613976,1,0,0.5,68.75724741422788,0.33333333333333326,20.0,89.0905807475612,False,True,,,,832
2020-11-17 11:15:00+05:30,2020,11,17,11,15,1,BUY,12814.25,12764.25,12964.25,3.0,trend_pullback_buy,STRONG_UPTREND,12814.25,0.25342879996878453,67.56016914623126,51.97622740218265,34.40430934192409,9.909482256984845,0.6687650334122541,0.019363908766915114,0.741355115389597,0.741355115389597,0.020142443129378407,0.24025032437933191,0.5442575627299329,1,0,0.0,1,0.02942955612613976,1,0,0.5,70.0,0.33333333333333326,20.0,90.33333333333333,False,True,,,,833
2020-11-17 11:30:00+05:30,2020,11,17,11,30,1,BUY,12835.5,12785.5,12985.5,3.0,trend_pullback_buy,STRONG_UPTREND,12835.5,0.26394430624885185,69.93926517697548,56.21288512570499,35.49426893513191,9.8994976651734,0.7304729315255686,0.01942664436841354,0.908415520501249,0.908415520501249,0.14875014610142845,0.36939053871969385,0.6829187028918104,1,0,0.0,1,0.02942955612613976,1,0,0.5,70.0,0.33333333333333326,20.0,90.33333333333333,False,True,,,,834
2020-11-17 13:00:00+05:30,2020,11,17,13,0,1,BUY,12843.7,12801.952857142858,12968.941428571428,3.0,trend_pullback_buy,STRONG_UPTREND,12843.7,0.18057769289891118,48.77417074832676,62.61162469796138,38.51838532506554,7.397677989803466,0.6501207258603354,0.015853650568841776,0.30575069018436984,0.9728811827090622,0.08254552584787689,0.2652611040302899,0.5983671040770799,1,0,0.0,1,0.02942955612613976,1,0,0.5,80.0,0.33333333333333326,20.0,100.33333333333333,False,True,,,,835
2020-11-17 13:15:00+05:30,2020,11,17,13,15,1,BUY,12857.6,12817.73,12977.210000000003,3.0,trend_pullback_buy,STRONG_UPTREND,12857.6,0.17227165256346663,48.24171483704824,57.434639242151334,39.295225453688545,7.357066306583825,0.7010795585744211,0.014551785495173162,0.30698418270824757,1.0821583418173741,0.15262903929420535,0.33967771303224925,0.6793156801078393,1,0,0.0,1,0.02942955612613976,1,0,0.5,80.0,0.33333333333333326,20.0,100.33333333333333,False,True,,,,836
2020-11-17 13:30:00+05:30,2020,11,17,13,30,1,BUY,12866.9,12827.846428571427,12984.060714285717,3.0,trend_pullback_buy,STRONG_UPTREND,12866.9,0.1686220346115145,51.08559791580025,51.31462807032711,40.24473797413157,7.475920944324159,0.7388754951744049,0.012879525730424632,0.43987182439473305,1.1552718367603632,0.17997514480769805,0.374636109804416,0.7224291112472248,1,0,0.0,1,0.02942955612613976,1,0,0.5,80.0,0.33333333333333326,20.0,100.33333333333333,False,True,,,,837
2020-11-17 15:00:00+05:30,2020,11,17,15,0,1,BUY,12875.7,12839.140714285713,12985.377857142863,3.0,trend_pullback_buy,STRONG_UPTREND,12875.7,0.1577445442633397,63.93835288700405,33.10439032921405,41.71184325123431,5.071747410595378,0.8883785740692517,0.00669498258661083,0.3206189543069504,0.09756552632909088,0.11845780732580025,0.2873910253709422,0.6412605571155305,1,0,0.0,1,0.02942955612613976,1,0,0.5,64.86263419752842,0.33333333333333326,20.0,85.19596753086175,False,True,,,,838
2020-11-20 09:30:00+05:30,2020,11,20,9,30,4,SELL,12823.25,12865.446016950562,12696.661949148314,3.0,trend_bounce_sell,STRONG_DOWNTREND,12823.25,0.3594475436637131,33.635484776920265,59.76231688743614,-7.422167922572044,-21.87953194292777,0.3302177324790005,0.02193294930790493,-0.5648994657299511,-0.8761962184809069,0.05689925638161508,-0.21384732965802344,-0.3279794333983288,0,1,0.0,0,0.0,2,0,0.6,65.0,0.33333333333333326,20.0,85.33333333333333,False,True,True,2215.290889904554,STOP_HIT,839
2020-11-20 09:45:00+05:30,2020,11,20,9,45,4,SELL,12809.55,12859.55,12659.55,3.0,trend_bounce_sell,STRONG_DOWNTREND,12809.55,0.36557546071931746,34.50789875653139,62.11130870071819,-9.043322069903297,-21.15061748123312,0.3028465433709499,0.02179220381221669,-0.5411805811673887,-0.9828627084186969,-0.04000297895182525,-0.2914085773468189,-0.4174994617834882,0,1,0.0,1,0.024334885566500365,2,0,0.6,65.0,0.33333333333333326,20.0,85.33333333333333,False,True,,,,840
2020-11-20 10:45:00+05:30,2020,11,20,10,45,4,SELL,12774.45,12824.45,12624.45,3.0,trend_bounce_sell,STRONG_DOWNTREND,12774.45,0.38192866005413567,36.28976764606317,61.60549422176979,-14.567887520172007,-18.41605936744429,0.23123395494143453,0.01767964891429656,-0.3304256912801784,-1.432093240381005,-0.24759988778531028,-0.45759695681801826,-0.6235740448070071,0,1,0.0,1,0.024334885566500365,2,0,0.6,70.0,0.33333333333333326,20.0,90.33333333333333,False,True,,,,841
2020-11-20 12:30:00+05:30,2020,11,20,12,30,4,SELL,12757.9,12807.9,12607.9,3.0,trend_bounce_sell,STRONG_DOWNTREND,12757.9,0.3097800466489667,46.97339577739414,30.474670569769614,-25.11079182226058,-15.169645496032045,0.22573160030269335,0.008604753691386897,-0.549174289756682,-0.8039622744201558,-0.15270658113872848,-0.3423418130269251,-0.5884217870473885,0,1,0.0,1,0.024334885566500365,2,0,0.6,68.28480234186176,0.33333333333333326,20.0,88.61813567519509,False,True,,,,842
2020-11-20 12:45:00+05:30,2020,11,20,12,45,4,SELL,12763.9,12813.9,12613.9,3.0,trend_bounce_sell,STRONG_DOWNTREND,12763.9,0.27255999901507894,37.80836969281115,30.157114406695097,-25.986920770903453,-14.441197000207426,0.27844105700179345,0.008572056633756658,-0.49930035586357446,0.016847219229343402,-0.0846168682438031,-0.26868410969550505,-0.5205374933636819,0,1,0.0,1,0.024334885566500365,2,0,0.6,63.094268644017056,0.33333333333333326,20.0,83.42760197735039,False,True,,,,843
2020-11-23 11:15:00+05:30,2020,11,23,11,15,0,BUY,12899.9,12852.523819079277,13042.028542762167,3.0,trend_pullback_buy,STRONG_UPTREND,12899.9,0.3087786948514549,59.774307983894666,35.14345713010156,7.898235007167386,9.575564290202024,0.8027177885500907,0.008626094766697123,0.3176751004156708,1.0655050572317304,0.16240275897883016,0.2839719844949462,0.36861383482047483,1,0,0.0,0,0.0,3,0,0.7,71.08607427806093,0.33333333333333326,20.0,91.41940761139426,False,True,True,2487.249498337951,STOP_HIT,844
2020-11-24 11:00:00+05:30,2020,11,24,11,0,1,BUY,13014.95,12967.25,13158.050000000003,3.0,trend_pullback_buy,STRONG_UPTREND,13014.95,0.2036120000461018,65.5592866264089,43.10534623294746,42.403449531300794,14.038637930279727,0.7256189746840289,0.0148276150958158,0.6262587995160107,0.7996623217701782,0.03245888514566975,0.30621686098062373,0.684929632736897,1,0,0.0,0,0.0,4,0,0.7,65.86320773976848,0.33333333333333326,20.0,86.19654107310181,False,True,True,2504.2500000000928,STOP_HIT,845
2020-11-24 11:15:00+05:30,2020,11,24,11,15,1,BUY,12998.1,12950.843571428572,13139.869285714287,3.0,trend_pullback_buy,STRONG_UPTREND,12998.1,0.20198006961457066,59.94325465810523,41.64820611520561,42.12672625525738,12.385723188812683,0.6200212601509715,0.01424659459841107,0.5542898475606295,0.6750084230827236,-0.07765478183971997,0.1602960415973076,0.5327124320466448,1,0,0.0,1,0.02654907425138559,4,0,0.7,74.98892366912337,0.33333333333333326,20.0,95.3222570024567,False,True,,,,846
2020-11-24 11:30:00+05:30,2020,11,24,11,30,1,BUY,13012.2,12965.785714285716,13151.442857142856,3.0,trend_pullback_buy,STRONG_UPTREND,13012.2,0.1981656774850854,66.19148882519575,40.85477798583005,42.323124009155435,11.323908848439665,0.67703851179185,0.013424616310861774,0.6633685195858163,0.8424070988491517,0.02458918683858613,0.24443779865734871,0.6164451937842097,1,0,0.0,1,0.02654907425138559,4,0,0.7,64.51286679149803,0.33333333333333326,20.0,84.84620012483136,False,True,,,,847
2020-11-24 13:45:00+05:30,2020,11,24,13,45,1,BUY,13049.8,13015.947142857141,13151.358571428573,3.0,trend_pullback_buy,STRONG_UPTREND,13049.8,0.14411824592823597,54.3671088434911,30.34259859838763,43.556845956692996,5.258466188732548,0.7972453791764971,0.007718745696407274,0.3977504404489851,0.9542449783196405,0.1507609927163589,0.31330327750043185,0.6808323297867735,1,0,0.0,1,0.02654907425138559,4,0,0.7,63.205559159032575,0.33333333333333326,20.0,83.5388924923659,False,True,,,,848
2020-11-26 10:45:00+05:30,2020,11,26,10,45,3,SELL,12844.65,12894.65,12694.65,3.0,trend_bounce_sell,STRONG_DOWNTREND,12844.65,0.3062420095971024,32.09461912249927,41.20649746569034,-34.41984416662126,-24.372322056033717,0.29647182069778905,0.022833079853178433,-0.34331866955287227,-1.0141604855023578,-0.07941239190075722,-0.39953530606174903,-0.7393180758047957,0,1,0.0,0,0.0,5,0,0.7,64.7238984794142,0.33333333333333326,20.0,85.05723181274753,False,True,False,-3750.0,STOP_HIT,849
2020-11-26 11:45:00+05:30,2020,11,26,11,45,3,SELL,12825.1,12875.1,12675.1,3.0,trend_bounce_sell,STRONG_DOWNTREND,12825.1,0.26151285927038326,31.750317789216552,32.06785664584576,-38.91511487838034,-19.478847655419226,0.26032464340547234,0.01384523894794325,-0.4706749704130542,-1.4162890536421835,-0.14855645968239184,-0.4082074518214185,-0.774619146345612,0,1,0.0,1,0.027321466542137803,5,0,0.7,59.240713987507455,0.33333333333333326,20.0,79.57404732084079,False,True,,,,850
2020-11-27 09:45:00+05:30,2020,11,27,9,45,4,BUY,12981.85,12931.85,13131.85,3.0,trend_pullback_buy,STRONG_UPTREND,12981.85,0.32669237655429917,64.38202159191786,45.82637931829287,-0.33347142026650545,17.146893868039793,0.7794773048197516,0.019392676962666146,0.749303469845497,1.0480882993959773,0.1439589419397702,0.3816387028307666,0.4137044934092726,1,0,2.7321466542137802,0,0.0,0,1,0.7,72.49582759097572,0.33333333333333326,20.0,92.82916092430905,False,True,True,2625.0,STOP_HIT,851
2020-11-27 10:00:00+05:30,2020,11,27,10,0,4,BUY,12976.8,12930.264194632828,13116.407416101514,3.0,trend_pullback_buy,STRONG_UPTREND,12976.8,0.3193336239618835,63.06417750887833,47.21623446972866,1.6021024957517511,17.174221005652242,0.7350104367883258,0.019126060426499603,0.34099607970492496,1.0689626972907984,0.08398434396164056,0.31134828543744053,0.35989833360472456,1,0,2.7321466542137802,1,0.02808889638492408,0,1,0.7,73.3297406818372,0.33333333333333326,20.0,93.66307401517052,False,True,,,,852
2020-11-27 10:15:00+05:30,2020,11,27,10,15,4,BUY,12980.95,12932.251873274678,13127.04438017597,3.0,trend_pullback_buy,STRONG_UPTREND,12980.95,0.3124633735259308,61.81621601198013,47.863827988861956,3.483575314279733,17.150124441762202,0.7301825073472955,0.018291265268657025,0.5199863711688346,1.2151952031563162,0.0927715597783596,0.31210983365062006,0.3765633951652303,1,0,2.7321466542137802,1,0.02808889638492408,0,1,0.7,73.71829679331717,0.33333333333333326,20.0,94.0516301266505,False,True,,,,853
2020-11-27 10:45:00+05:30,2020,11,27,10,45,4,BUY,12968.1,12935.036619658784,13067.29014102365,3.0,trend_pullback_buy,STRONG_UPTREND,12968.1,0.30123368661782035,66.07731064763108,49.69883676302976,5.669026406694684,15.752318077394037,0.6461540877539139,0.013448736817228944,0.431368297140744,1.1761401537759397,-0.004964709624011299,0.1753311682315406,0.2556110300528047,1,0,2.7321466542137802,1,0.02808889638492408,0,1,0.7,69.81930205781785,0.33333333333333326,20.0,90.15263539115118,False,True,,,,854
2020-11-27 12:30:00+05:30,2020,11,27,12,30,4,BUY,13018.45,12968.45,13168.45,3.0,trend_pullback_buy,STRONG_UPTREND,13018.45,0.22671121150586773,60.465326778984824,40.936466644305305,14.103069583989054,13.778420751412423,0.9053373812552491,0.008643704646277547,0.3209574009000793,0.6630479327595973,0.22734942770843425,0.40020923914756423,0.5472882533581691,1,0,2.7321466542137802,1,0.02808889638492408,0,1,0.7,69.56187998658318,0.33333333333333326,20.0,89.89521331991651,False,True,,,,855
2020-12-01 14:00:00+05:30,2020,12,1,14,0,1,BUY,13116.05,13078.140714285713,13229.777857142857,3.0,trend_pullback_buy,STRONG_UPTREND,13116.05,0.16057207989992653,66.24029867850768,72.10978388404082,33.22411169919178,9.212208434288506,0.9513009187487803,0.00853970849514353,0.31664327534579595,1.1342475682302622,0.23097099571052215,0.4212052148328649,0.7116630611500252,1,0,2.7321466542137802,0,0.02808889638492408,0,1,0.7,70.0,0.33333333333333326,20.0,90.33333333333333,False,True,,,,856
2020-12-01 14:45:00+05:30,2020,12,1,14,45,1,BUY,13123.05,13085.108571428571,13236.874285714284,3.0,trend_pullback_buy,STRONG_UPTREND,13123.05,0.160622503370569,68.24252597945602,58.01384775207951,36.54570241528563,9.399201109071676,0.9276656582213824,0.007563196466701561,0.5000861557312719,0.7527831094049864,0.16113435940423582,0.3648637558214318,0.6822814572099212,1,0,2.7321466542137802,0,0.02808889638492408,0,1,0.7,70.0,0.33333333333333326,20.0,90.33333333333333,False,True,,,,857
2020-12-01 15:00:00+05:30,2020,12,1,15,0,1,BUY,13107.7,13068.588571428572,13225.034285714286,3.0,trend_pullback_buy,STRONG_UPTREND,13107.7,0.1657695204236544,61.13862086909898,54.147418345846795,36.78476490966932,8.674437243109828,0.755223033257638,0.0069651952378234775,0.39137294548350354,0.5677589633028335,0.03517780332547016,0.22491959638311076,0.5422558018618906,1,0,2.7321466542137802,0,0.02808889638492408,0,1,0.7,75.0,0.33333333333333326,20.0,95.33333333333333,False,True,,,,858
2020-12-04 14:45:00+05:30,2020,12,4,14,45,4,BUY,13244.35,13198.932142857142,13380.603571428575,3.0,trend_pullback_buy,STRONG_UPTREND,13244.35,0.19051250425383742,56.136056188890464,34.57596919198235,30.31135732237999,0.1112119895882806,0.8448116378501984,0.006345943180598301,0.33674497534073033,0.2448531637905038,0.19105494224260777,0.2921583360517843,0.5326258399483086,1,0,0.819643996264134,0,0.0,1,0,0.8,56.85770141107222,0.33333333333333326,20.0,77.19103474440556,False,True,True,10219.017857143126,TARGET_HIT,859
2020-12-04 15:00:00+05:30,2020,12,4,15,0,4,BUY,13256.9,13212.420714285714,13390.337857142857,3.0,trend_pullback_buy,STRONG_UPTREND,13256.9,0.18639888877274927,61.86828725032568,32.346017812782165,31.40302210413938,1.0825890942129028,0.9397526754199392,0.006892452840309363,0.5049164916643312,0.21279410375130148,0.22866390170204198,0.3518693850543819,0.6031163676537776,1,0,0.819643996264134,1,0.02502274672814156,1,0,0.8,60.233501629798326,0.33333333333333326,20.0,80.56683496313167,False,True,,,,860
2020-12-04 15:15:00+05:30,2020,12,4,15,15,4,BUY,13258.55,13212.77857142857,13395.86428571429,3.0,trend_pullback_buy,STRONG_UPTREND,13258.55,0.19178998780840906,62.99762430645666,30.89521417932324,32.34973546540459,1.8263722099303052,0.9174876100859427,0.007351373674663199,0.7584307020043646,0.17263915017715625,0.192817976805304,0.33112625421178876,0.591352356006225,1,0,0.819643996264134,1,0.02502274672814156,1,0,0.8,63.53712850759394,0.33333333333333326,20.0,83.87046184092728,False,True,,,,861
2020-12-07 12:45:00+05:30,2020,12,7,12,45,0,BUY,13336.55,13299.161428571428,13448.715714285714,3.0,trend_pullback_buy,STRONG_UPTREND,13336.55,0.15574814004692758,67.43622886085697,55.407578111604934,45.21392640213162,5.343025210935508,0.9059840256386854,0.00839782525952173,0.4031468794699844,0.8591123765876674,0.17046962248017383,0.3662904102914588,0.7359327903609492,1,0,0.819643996264134,0,0.02502274672814156,1,0,0.8,70.0,0.33333333333333326,20.0,90.33333333333333,False,True,,,,862
2020-12-07 13:15:00+05:30,2020,12,7,13,15,0,BUY,13351.65,13317.932142857142,13452.803571428572,3.0,trend_pullback_buy,STRONG_UPTREND,13351.65,0.14029833658868174,65.98507062241109,49.059933827294444,46.62997882709715,5.5652170149871765,0.9779663246283226,0.007924014809263406,0.40684186184674065,0.8101567838361134,0.20465858769807,0.40831598267299096,0.7896357192939796,1,0,0.819643996264134,0,0.02502274672814156,1,0,0.8,64.43596029637666,0.33333333333333326,20.0,84.76929362970999,False,True,,,,863
2020-12-09 14:30:00+05:30,2020,12,9,14,30,2,BUY,13528.15,13497.537142857142,13619.988571428574,3.0,trend_pullback_buy,STRONG_UPTREND,13528.15,0.12571669339224611,64.91424665447713,34.33871920461957,50.18675716324469,2.760655110799952,0.8994283968410074,0.006320113357985643,0.3307734239128557,0.37767348680182167,0.1065030436939729,0.2941501441880101,0.689425178529679,1,0,0.0,0,0.0,2,0,0.8,60.60323152277174,0.33333333333333326,20.0,80.93656485610508,False,True,False,-2295.9642857143535,STOP_HIT,864
2020-12-09 15:00:00+05:30,2020,12,9,15,0,2,BUY,13532.6,13498.554285714285,13634.737142857148,3.0,trend_pullback_buy,STRONG_UPTREND,13532.6,0.1397683055309858,63.94543323031009,33.16924135264029,49.785454028637105,1.922971954367938,0.8783316033810891,0.0066634699598052335,0.4684657930880798,0.3876012121347028,0.11140517776078163,0.2817253307002332,0.6719073821713106,1,0,0.0,1,0.015688310382961666,2,0,0.8,59.90154481158417,0.33333333333333326,20.0,80.2348781449175,False,True,False,-2553.4285714286852,STOP_HIT,865
2020-12-11 11:30:00+05:30,2020,12,11,11,30,4,BUY,13538.4,13496.980714285713,13662.657857142858,3.0,trend_pullback_buy,STRONG_UPTREND,13538.4,0.16996627582073406,67.85655788681649,63.98943606833068,29.95249174876517,8.502693128042033,0.663273562248158,0.015812272059808338,0.44590193125246813,0.7685064922981821,-0.01567004260843996,0.17976675796389507,0.42675518518799915,1,0,3.3135872707230125,0,0.0,0,2,0.7,70.0,0.33333333333333326,20.0,90.33333333333333,False,True,False,-3106.446428571462,STOP_HIT,866
2020-12-14 15:15:00+05:30,2020,12,14,15,15,0,BUY,13558.15,13522.962098742264,13663.713703773206,3.0,trend_pullback_buy,STRONG_UPTREND,13558.15,0.17777920607583697,63.993092929762014,30.232496003925483,15.148691434947978,0.3483174232276962,0.8471853650511132,0.005247787648526029,0.5048165129113658,0.05054865584852575,0.07145762239826325,0.14515133745507391,0.2602085327223502,1,0,5.436220277808684,0,0.0,0,3,0.6,51.62267183463226,0.33333333333333326,20.0,71.9560051679656,False,True,False,-2639.092594330168,STOP_HIT,867
2020-12-15 11:15:00+05:30,2020,12,15,11,15,1,SELL,13488.25,13510.816275348525,13420.551173954425,3.0,trend_bounce_sell,STRONG_DOWNTREND,13488.25,0.18820613708757075,31.027536452494076,35.183186990475924,-2.7822849420281273,-10.717341288780023,0.3055694620858623,0.011209916116656381,-0.5155570634636675,-0.013343167742141393,0.019390501436511443,-0.11978012568860663,-0.16702377479367314,0,1,7.239510686411246,0,0.0,0,4,0.5,61.109912194285556,0.33333333333333326,20.0,81.4432455276189,False,True,False,-1692.4706511393651,STOP_HIT,868
2020-12-15 11:30:00+05:30,2020,12,15,11,30,1,SELL,13500.3,13510.403872393681,13440.3,3.0,trend_bounce_sell,STRONG_DOWNTREND,13500.3,0.19272058504520007,35.69900116402869,37.75652300523531,-2.9626857907205704,-9.80796792372522,0.39695485432282246,0.011182977678931892,-0.4266806312070659,-0.27147716821611656,0.08697695531569849,-0.027773606013170582,-0.07478586494610306,0,1,7.239510686411246,1,0.012467206709812344,0,4,0.5,67.6539138031412,0.33333333333333326,20.0,87.98724713647452,False,True,False,-757.7904295261305,STOP_HIT,869
2020-12-16 11:15:00+05:30,2020,12,16,11,15,2,BUY,13637.55,13596.799285714285,13759.802142857141,3.0,trend_pullback_buy,STRONG_UPTREND,13637.55,0.16600698596364918,68.38109755151669,69.54270285035211,32.3335313240168,13.687438405060647,0.7200780572976673,0.014314457807110898,0.5137144057459242,0.8008603612926102,0.0393225838088096,0.2754014569744445,0.5549383836155553,1,0,8.91377263342629,0,8.673617379884035e-19,0,6,0.3,70.0,0.33333333333333326,20.0,90.33333333333333,False,True,True,9168.91071428563,TARGET_HIT,870
2020-12-16 14:00:00+05:30,2020,12,16,14,0,2,BUY,13686.1,13652.53,13786.81,3.0,trend_pullback_buy,STRONG_UPTREND,13686.1,0.13626964584505372,67.95815381982763,42.57647385434989,37.070742664343925,7.157801855154169,1.1941017939570477,0.00400417074829376,0.3523230960438051,0.871545602287771,0.20955021141964014,0.3716866067286162,0.6750798704610927,1,0,8.91377263342629,1,0.022927400583365492,0,6,0.3,60.545884312609935,0.33333333333333326,20.0,80.87921764594327,False,True,True,1762.4249999999847,STOP_HIT,871
2020-12-22 12:45:00+05:30,2020,12,22,12,45,1,SELL,13271.45,13321.45,13121.45,3.0,trend_bounce_sell,STRONG_DOWNTREND,13271.45,0.45556977033944546,45.64836853966093,35.64012512890568,-119.92626096431741,-25.659031647296445,0.4617984991073426,0.013415585943951648,-0.46014340573621304,-1.1419207061583947,0.048839679653389645,-0.41696437412769294,-1.4149534897454186,0,1,1.4443974060712672,0,3.469446951953614e-18,2,0,0.4,66.38407507734341,0.33333333333333326,20.0,86.71740841067674,False,True,False,-3750.0,STOP_HIT,872
2020-12-24 11:00:00+05:30,2020,12,24,11,0,3,BUY,13657.15,13607.15,13807.15,3.0,trend_pullback_buy,STRONG_UPTREND,13657.15,0.22008356690190264,69.1270369003988,57.206838610767946,52.55130285687483,25.05131928464003,0.6241889394815027,0.021326092356659974,0.38147038826923385,0.7171881798538227,-0.14109887895841222,0.20542318533036674,0.6773025454001269,1,0,4.006770187832628,0,3.469446951953614e-18,0,1,0.3,70.0,0.33333333333333326,20.0,90.33333333333333,False,True,True,11250.0,TARGET_HIT,873
2020-12-24 11:15:00+05:30,2020,12,24,11,15,3,BUY,13652.75,13602.75,13802.75,3.0,trend_pullback_buy,STRONG_UPTREND,13652.75,0.22766214028047896,67.0828276167152,58.61123769492963,52.10081307350811,22.140746551145977,0.5932948106202145,0.020788299047933754,0.37974869679657797,0.774664521176871,-0.13866483455794443,0.1573747262320513,0.6194212406403388,1,0,4.006770187832628,1,0.026693265626911686,0,1,0.3,70.0,0.33333333333333326,20.0,90.33333333333333,False,True,,,,874
2020-12-24 11:30:00+05:30,2020,12,24,11,30,3,BUY,13671.25,13621.25,13821.25,3.0,trend_pullback_buy,STRONG_UPTREND,13671.25,0.2401285283245613,67.77398253213244,59.15145656539557,52.28983408352906,20.096790805050233,0.6401576269634877,0.020087624651448706,0.5157671070722181,0.9667401507346574,-0.002679133548100232,0.266376125986878,0.7259114518247456,1,0,4.006770187832628,1,0.026693265626911686,0,1,0.3,70.0,0.33333333333333326,20.0,90.33333333333333,False,True,,,,875
2020-12-24 13:45:00+05:30,2020,12,24,13,45,3,BUY,13733.8,13683.8,13883.8,3.0,trend_pullback_buy,STRONG_UPTREND,13733.8,0.20522880983933298,51.9411360686306,31.97749302716662,56.91485956546239,11.062340133080319,0.805960468758896,0.00959254538908168,0.5936532932925509,0.9756563807339136,0.1880283207829736,0.4175822214858016,0.8905991599381213,1,0,4.006770187832628,1,0.026693265626911686,0,1,0.3,69.18649581629997,0.33333333333333326,20.0,89.5198291496333,False,True,,,,876
2020-12-28 13:00:00+05:30,2020,12,28,13,0,0,BUY,13864.95,13836.015000000001,13951.755,3.0,trend_pullback_buy,STRONG_UPTREND,13864.95,0.11593983389770572,66.6205481996308,57.64995232634054,47.56887042856215,2.4996964506046098,0.7445389053710628,0.01180279054082898,0.30493098359234416,0.8415004454788599,0.10749236757614522,0.28564127134047546,0.6507642768953437,1,0,0.0,0,3.469446951953614e-18,1,0,0.3,65.0,0.33333333333333326,20.0,85.33333333333333,False,True,True,6510.374999999885,TARGET_HIT,877
2021-01-08 10:00:00+05:30,2021,1,8,10,0,4,BUY,14253.35,14203.35,14403.35,3.0,trend_pullback_buy,STRONG_UPTREND,14253.35,0.21473648550791724,58.94848562766776,30.75115947121314,14.330305397937991,1.3461332323731394,0.9215379843061208,0.009624737150057789,0.4570602953095859,0.45953841762316205,0.2893846362835406,0.3903625220275986,0.49579871929439356,1,0,0.0,0,0.0,0,0,0.5,66.91202800645928,0.33333333333333326,20.0,87.24536133979261,False,True,True,11250.0,TARGET_HIT,878
2021-01-08 11:00:00+05:30,2021,1,8,11,0,4,BUY,14273.7,14224.039285714287,14422.682142857142,3.0,trend_pullback_buy,STRONG_UPTREND,14273.7,0.1932875548336114,68.52132204412685,31.269558343048725,22.81820181168223,7.334456609589509,0.8341413462399238,0.013136514604236055,0.9766087870030749,0.4108249562091659,0.17510999343262057,0.3631550579851428,0.543922142778297,1,0,0.0,1,0.0375,0,0,0.5,58.76173500582924,0.33333333333333326,20.0,79.09506833916257,False,True,,,,879
2021-01-08 11:15:00+05:30,2021,1,8,11,15,4,BUY,14264.4,14215.337142857143,14411.58857142857,3.0,trend_pullback_buy,STRONG_UPTREND,14264.4,0.1910850989676563,65.52703908078176,31.161248371017404,23.85890737286536,7.537645953695375,0.7606415514981273,0.013543833300837417,0.8986832751540996,0.40862008890389934,0.08785358468408333,0.2706209716181185,0.459565443419363,1,0,0.0,1,0.0375,0,0,0.5,58.69674902261044,0.33333333333333326,20.0,79.03008235594378,False,True,,,,880
2021-01-08 11:30:00+05:30,2021,1,8,11,30,4,BUY,14283.35,14233.35,14433.35,3.0,trend_pullback_buy,STRONG_UPTREND,14283.35,0.1953323275001978,69.58826907517272,31.91262537724834,25.47184534357075,8.235525531960686,0.8234417511024671,0.014207805216675768,1.0327253693231064,0.5335191500293934,0.17657682204144098,0.3669822711727555,0.5696358536564361,1,0,0.0,1,0.0375,0,0,0.5,64.31120207296453,0.33333333333333326,20.0,84.64453540629786,False,True,,,,881
2021-01-11 10:15:00+05:30,2021,1,11,10,15,0,BUY,14400.5,14350.5,14550.5,3.0,trend_pullback_buy,STRONG_UPTREND,14400.5,0.2637805234937275,66.07168239352602,39.0597573458605,56.61739926885275,16.912497285720683,0.7230223599681284,0.0187272567288337,0.7306213954204166,0.7838471498057942,-0.006575130804931106,0.3419585050222773,0.7928189017641474,1,0,0.0,0,0.0,1,0,1.0,63.4358544075163,0.33333333333333326,20.0,83.76918774084965,False,True,True,11250.0,TARGET_HIT,882
2021-01-11 11:30:00+05:30,2021,1,11,11,30,0,BUY,14411.6,14361.6,14561.6,3.0,trend_pullback_buy,STRONG_UPTREND,14411.6,0.2703427397770811,64.24452836195458,52.09179294738235,60.8084527951396,12.74661333456396,0.6346819404617247,0.01912837757211219,0.44851800867762304,0.8569439049908478,-0.047200647341727464,0.21755181237914645,0.6906555755336719,1,0,0.0,1,0.033707865168539325,1,0,1.0,75.0,0.33333333333333326,20.0,95.33333333333333,False,True,,,,883
2021-01-11 14:00:00+05:30,2021,1,11,14,0,0,BUY,14461.7,14413.82642857143,14605.320714285712,3.0,trend_pullback_buy,STRONG_UPTREND,14461.7,0.18390941985678086,60.71267907497334,33.22295221829521,60.42572518156885,4.364185166667603,0.7850632278684216,0.005398818206316596,0.3476366260512398,0.7977138476014556,0.10205291174423259,0.28478614339457753,0.7368236055926625,1,0,0.0,1,0.033707865168539325,1,0,1.0,64.93377133097712,0.33333333333333326,20.0,85.26710466431045,False,True,,,,884
2021-01-11 14:15:00+05:30,2021,1,11,14,15,0,BUY,14465.55,14417.875714285714,14608.572857142855,3.0,trend_pullback_buy,STRONG_UPTREND,14465.55,0.18309510724247413,61.056885319398916,30.460072684576875,60.37216086078297,3.879558761293552,0.814041243011133,0.005592823913134317,0.42800908087392564,0.09826071612686338,0.10293520273443324,0.28308711384426033,0.7334754166884005,1,0,0.0,1,0.033707865168539325,1,0,1.0,63.27604361074613,0.33333333333333326,20.0,83.60937694407946,False,True,,,,885
2021-01-13 10:15:00+05:30,2021,1,13,10,15,2,BUY,14624.7,14574.7,14774.7,3.0,trend_pullback_buy,STRONG_UPTREND,14624.7,0.1920918524336009,69.13752287053877,67.54301413003016,61.72250505804186,3.8846212711391956,0.8317480229028918,0.010484172842275855,0.32929263825145494,0.9212487578668327,0.12194054358818374,0.35009510528651866,0.8015688994310599,1,0,0.0,0,0.0,2,0,1.0,70.0,0.33333333333333326,20.0,90.33333333333333,False,True,False,-3750.0,STOP_HIT,886
2021-01-13 10:45:00+05:30,2021,1,13,10,45,2,BUY,14605.2,14555.468571428572,14754.394285714288,3.0,trend_pullback_buy,STRONG_UPTREND,14605.2,0.18916941519850036,60.964317438068406,61.860885011712675,60.23886835810845,1.8791011028483595,0.6670483917387765,0.009288783704986208,0.30286173434699304,0.5885087553160417,-0.004275690553712241,0.180305324878538,0.6162920049148424,1,0,0.0,1,0.030612244897959183,2,0,1.0,75.0,0.33333333333333326,20.0,95.33333333333333,False,True,,,,887
2021-01-15 11:30:00+05:30,2021,1,15,11,30,4,SELL,14500.3,14543.450461211154,14370.848616366535,3.0,trend_bounce_sell,STRONG_DOWNTREND,14500.3,0.2609059319954955,35.477261575769816,49.3179639544197,-3.652577645236306,-13.818493864374888,0.21356912320242935,0.01232531811018426,-0.6529365014113941,-0.5793703033294961,-0.06274593749950874,-0.2390158672434639,-0.296700300428987,0,1,3.061224489795918,0,0.0,0,1,0.6666666666666666,74.59077837265183,0.33333333333333326,20.0,94.92411170598515,False,True,True,9708.853772509838,TARGET_HIT,888
2021-01-15 11:45:00+05:30,2021,1,15,11,45,4,SELL,14501.7,14541.813188222482,14381.360435332555,3.0,trend_bounce_sell,STRONG_DOWNTREND,14501.7,0.2624815415729583,35.687014766766495,53.565699992357494,-5.000678242589856,-13.649935015555593,0.2473703985501895,0.012593024115678874,-0.4633061527057114,-0.5063291139240422,-0.042482129706733485,-0.20857437738489581,-0.2758472255369737,0,1,3.061224489795918,1,0.027252922870203054,0,1,0.6666666666666666,75.0,0.33333333333333326,20.0,95.33333333333333,False,True,,,,889
2021-01-15 14:00:00+05:30,2021,1,15,14,0,4,SELL,14406.2,14456.2,14256.2,3.0,trend_bounce_sell,STRONG_DOWNTREND,14406.2,0.27009700188609087,31.608200257991456,60.353521307230245,-13.190348071486369,-11.74518755159794,-0.2166561821779196,0.009842859633728886,-0.648952090646393,-1.2976513469812767,-0.5691486759343278,-0.7242074899274198,-0.8464789047653243,0,1,3.061224489795918,1,0.027252922870203054,0,1,0.6666666666666666,70.0,0.33333333333333326,20.0,90.33333333333333,False,True,,,,890
2021-01-15 14:30:00+05:30,2021,1,15,14,30,4,SELL,14442.95,14492.95,14292.95,3.0,trend_bounce_sell,STRONG_DOWNTREND,14442.95,0.29233244296648864,43.40495995121154,55.04328611622191,-18.08285378053006,-13.662755262372928,0.14195962348098487,0.01068144658542313,-0.40203430738728896,-0.46003707864393784,-0.19122673895691777,-0.38391739603884645,-0.5455961054141589,0,1,3.061224489795918,1,0.027252922870203054,0,1,0.6666666666666666,80.0,0.33333333333333326,20.0,100.33333333333333,False,True,,,,891
2021-01-15 14:45:00+05:30,2021,1,15,14,45,4,SELL,14441.8,14491.8,14291.8,3.0,trend_bounce_sell,STRONG_DOWNTREND,14441.8,0.28122731040649784,48.70830484840872,51.4340261980501,-19.916451254122876,-13.94671746236917,0.1716879415513858,0.010851933312736109,-0.5368549733983041,-0.6822089264837405,-0.15940259770698129,-0.35635347838766096,-0.531924015689067,0,1,3.061224489795918,1,0.027252922870203054,0,1,0.6666666666666666,80.0,0.33333333333333326,20.0,100.33333333333333,False,True,,,,892
2021-01-15 15:00:00+05:30,2021,1,15,15,0,4,SELL,14433.45,14483.45,14283.45,3.0,trend_bounce_sell,STRONG_DOWNTREND,14433.45,0.2678302336388235,35.45769136059256,48.92150600167537,-21.822622081779627,-14.267599461023327,0.15846452431447083,0.011087205405851192,-0.7119787850959125,-0.7051482703228862,-0.17377843367132328,-0.376474150760886,-0.5664505914427687,0,1,3.061224489795918,1,0.027252922870203054,0,1,0.6666666666666666,74.35290360100522,0.33333333333333326,20.0,94.68623693433855,False,True,,,,893
2021-01-15 15:15:00+05:30,2021,1,15,15,15,4,SELL,14433.7,14483.7,14283.7,3.0,trend_bounce_sell,STRONG_DOWNTREND,14433.7,0.26663789801446774,35.133147414051734,47.322037241387974,-23.444851928352364,-14.300846376836457,0.19411002385028292,0.011259752061283993,-0.6484075468581096,-0.650801025588077,-0.1376868627122385,-0.340796633693663,-0.5427022947877447,0,1,3.061224489795918,1,0.027252922870203054,0,1,0.6666666666666666,73.3932223448328,0.33333333333333326,20.0,93.72655567816612,False,True,,,,894
2021-01-15 15:30:00+05:30,2021,1,15,15,30,4,SELL,14433.7,14483.7,14283.7,3.0,trend_bounce_sell,STRONG_DOWNTREND,14433.7,0.25834876514189387,35.20241277819123,44.91503781469339,-24.82003956425433,-14.10843061146458,0.22406610665160673,0.011428925677092958,-0.595721822013473,-0.5816856830932249,-0.11017983080027216,-0.30991113669617265,-0.5215308463596413,0,1,3.061224489795918,1,0.027252922870203054,0,1,0.6666666666666666,71.94902268881603,0.33333333333333326,20.0,92.28235602214936,False,True,,,,895
2021-01-19 12:45:00+05:30,2021,1,19,12,45,1,BUY,14482.15,14432.38,14631.460000000001,3.0,trend_pullback_buy,STRONG_UPTREND,14482.15,0.1909246900494749,69.67968999463092,35.48785022973828,1.4821604028948059,24.177770301710108,0.7906922230589744,0.01887383318458913,0.31517007061887536,0.8998118860168658,0.1911870256364967,0.429934507120322,0.49218765610345994,1,0,0.0,0,0.0,1,0,0.75,61.29271013784297,0.33333333333333326,20.0,81.6260434711763,False,True,True,11198.250000000098,TARGET_HIT,896
2021-01-20 14:45:00+05:30,2021,1,20,14,45,2,BUY,14664.3,14625.387857142858,14781.036428571424,3.0,trend_pullback_buy,STRONG_UPTREND,14664.3,0.14741826846734402,68.11122128874237,30.85331265268504,52.59687234379453,8.174522441345516,1.044133146064239,0.0064917376119476315,0.6064805603770651,0.601994299062536,0.20651296014486675,0.40637868791981724,0.8085726416164007,1,0,0.0,0,0.0,2,0,0.8,53.511987591611025,0.33333333333333326,20.0,73.84532092494436,False,True,True,2042.8874999999607,STOP_HIT,897
2021-01-21 11:30:00+05:30,2021,1,21,11,30,3,BUY,14730.25,14687.532142857142,14858.403571428573,3.0,trend_pullback_buy,STRONG_UPTREND,14730.25,0.16111160949164555,69.26041622818111,47.0707926251536,65.41750245583171,8.381647313703212,0.7388888885461026,0.013157546836839925,0.5841703824591704,0.87657723980894,0.055955397612739155,0.30211359806839866,0.7921958002104601,1,0,0.0,0,0.020896972910446954,2,0,0.8,68.24247557509216,0.33333333333333326,20.0,88.57580890842549,False,True,False,-3203.839285714321,STOP_HIT,898
2021-01-22 14:15:00+05:30,2021,1,22,14,15,4,SELL,14457.4,14507.4,14307.4,3.0,trend_bounce_sell,STRONG_DOWNTREND,14457.4,0.3759814548753112,40.390582303259436,68.80640790673317,-49.47923386262846,-30.989061605577536,0.3747995110588009,0.019508092279328752,-0.5451737504858389,-0.57287475843667,0.1391651472597566,-0.2325254715256908,-0.6592510562570375,0,1,2.2610017523239403,0,3.469446951953614e-18,0,1,0.7142857142857143,75.0,0.33333333333333326,20.0,95.33333333333333,False,True,True,11250.0,TARGET_HIT,899
2021-01-22 14:30:00+05:30,2021,1,22,14,30,4,SELL,14433.55,14483.55,14283.55,3.0,trend_bounce_sell,STRONG_DOWNTREND,14433.55,0.3869951803758829,41.80976103724595,63.5551214323773,-50.53473898298944,-28.84011005334466,0.31082576751932894,0.01876336262465339,-0.47852333490773225,-1.0736658853202963,-0.020826565446840917,-0.3611388303343177,-0.7911066504809217,0,1,2.2610017523239403,1,0.027076564555797416,0,1,0.7142857142857143,75.0,0.33333333333333326,20.0,95.33333333333333,False,True,,,,900
2021-01-22 14:45:00+05:30,2021,1,22,14,45,4,SELL,14431.0,14481.0,14281.0,3.0,trend_bounce_sell,STRONG_DOWNTREND,14431.0,0.3748131502618398,41.1354132787592,57.3485662107203,-51.43070154301677,-26.762465352034788,0.3206748212768954,0.017677685297094976,-0.4133628691109559,-1.106394059941962,-0.030794416365620414,-0.3444296805919289,-0.7771693654181511,0,1,2.2610017523239403,1,0.027076564555797416,0,1,0.7142857142857143,75.0,0.33333333333333326,20.0,95.33333333333333,False,True,,,,901
2021-01-22 15:00:00+05:30,2021,1,22,15,0,4,SELL,14363.55,14413.55,14213.55,3.0,trend_bounce_sell,STRONG_DOWNTREND,14363.55,0.3891049616166349,35.24748218338905,54.11274996134789,-54.77089988257467,-27.092397322433417,0.08939018183500294,0.017089006370383186,-0.6402141656463467,-1.6222158297032996,-0.39883492603076665,-0.7371032891327678,-1.192849910385596,0,1,2.2610017523239403,1,0.027076564555797416,0,1,0.7142857142857143,70.0,0.33333333333333326,20.0,90.33333333333333,False,True,,,,902
2021-01-25 09:30:00+05:30,2021,1,25,9,30,0,SELL,14318.55,14368.55,14168.55,3.0,trend_bounce_sell,STRONG_DOWNTREND,14318.55,0.46049156014900144,37.737268731075645,42.26663601152635,-61.61237694417105,-23.109182993130403,0.0015561200009031333,0.015758677142510797,-0.582539776218638,-1.2401411195067102,-0.522687383400966,-0.8452589074825156,-1.3424056940256501,0,1,2.2610017523239403,0,0.027076564555797416,0,1,0.7142857142857143,65.35998160691581,0.33333333333333326,20.0,85.69331494024914,False,True,,,,903
2021-01-25 10:15:00+05:30,2021,1,25,10,15,0,SELL,14401.35,14451.35,14251.35,3.0,trend_bounce_sell,STRONG_DOWNTREND,14401.35,0.49119898977724996,46.270851970837484,29.977972692248027,-63.618093736957235,-18.203394404903598,0.45130112696309677,0.013511916006072407,-0.38769073277352684,-0.9307508951512111,0.11081185100310087,-0.15730764562518207,-0.6630906971295425,0,1,2.2610017523239403,0,0.027076564555797416,0,1,0.7142857142857143,62.98678361534881,0.33333333333333326,20.0,83.32011694868214,False,True,,,,904
2021-01-27 11:15:00+05:30,2021,1,27,11,15,2,SELL,14148.25,14198.25,13998.25,3.0,trend_bounce_sell,STRONG_DOWNTREND,14148.25,0.25545814600998196,30.433660232573956,51.49693111043483,-60.56861157809362,-1.9305945494591867,0.26366745593718965,0.014283095068068645,-0.6366362570142337,-0.6366362570142337,-0.04309937409603393,-0.26855787587010127,-0.712369964465942,0,1,0.0,0,3.469446951953614e-18,1,0,0.75,70.0,0.33333333333333326,20.0,90.33333333333333,False,True,True,11250.0,TARGET_HIT,905
2021-01-28 13:45:00+05:30,2021,1,28,13,45,3,SELL,13800.25,13850.25,13650.25,3.0,trend_bounce_sell,STRONG_DOWNTREND,13800.25,0.28340583892113713,44.19769271278844,44.008949921139745,-110.09366828181192,-4.828437796675388,0.3355018807356153,0.013912329140575384,-0.35201097552169935,-1.1974225881510647,-0.05235588604604047,-0.3632258830707946,-1.1950796714014555,0,1,0.0,0,3.469446951953614e-18,2,0,0.7777777777777778,76.40536995268386,0.33333333333333326,20.0,96.73870328601718,False,True,False,-3750.0,STOP_HIT,906
2021-01-28 14:15:00+05:30,2021,1,28,14,15,3,SELL,13769.95,13819.95,13619.95,3.0,trend_bounce_sell,STRONG_DOWNTREND,13769.95,0.29832041095698475,34.99033665986096,38.84249765161087,-108.30402512254659,-2.43207540528509,0.1693719816975033,0.01104408358951669,-0.4421195711114767,-0.4658676921297511,-0.2113944707285098,-0.5006059728501544,-1.3134402940805034,0,1,0.0,1,0.023292482172540152,2,0,0.7777777777777778,63.30549859096652,0.33333333333333326,20.0,83.63883192429986,False,True,,,,907
2021-02-01 09:30:00+05:30,2021,2,1,9,30,0,SELL,13683.2,13733.2,13533.2,3.0,trend_bounce_sell,STRONG_DOWNTREND,13683.2,0.47649672591206693,38.105843018653765,28.23583224008932,-68.25379000815155,-2.0135330874910835,0.22133355891905745,0.019678812029003297,-0.4420126673918334,-1.346080361069646,-0.16386908092220764,-0.4667088996339497,-0.9754696708801358,0,1,2.329248217254015,0,3.469446951953614e-18,0,1,0.7,56.9414993440536,0.33333333333333326,20.0,77.27483267738694,False,True,False,-3750.0,STOP_HIT,908
2021-02-10 13:30:00+05:30,2021,2,10,13,30,2,SELL,15000.0,15050.0,14850.0,3.0,trend_bounce_sell,STRONG_DOWNTREND,15000.0,0.24335714285714338,36.216905951394054,28.710516316900275,-6.564409261378387,-21.39327738137316,-0.09717294491479533,0.008642484594880918,-0.4651594879927834,-0.7733066964787705,-0.42292022037556665,-0.5954551664145824,-0.6922186316359769,0,1,4.65849643450803,0,3.469446951953614e-18,0,2,0.6,62.226309790140164,0.33333333333333326,20.0,82.5596431234735,False,True,False,-3750.0,STOP_HIT,909
2021-02-12 09:30:00+05:30,2021,2,12,9,30,4,BUY,15194.75,15144.75,15344.75,3.0,trend_pullback_buy,STRONG_UPTREND,15194.75,0.19560327462728064,65.81950950236666,31.90990816008379,17.505816904860694,6.798258155828556,0.9877027420225996,0.0061759948559549985,0.498366337288525,0.4492027395086806,0.15498736549999226,0.2742570859935123,0.40634288327099366,1,0,6.9877446517620445,0,3.469446951953614e-18,0,3,0.5,59.145944896050274,0.33333333333333326,20.0,79.47927822938361,False,True,False,-3750.0,STOP_HIT,910
2021-02-16 10:00:00+05:30,2021,2,16,10,0,1,BUY,15392.75,15342.75,15542.75,3.0,trend_pullback_buy,STRONG_UPTREND,15392.75,0.19963015983869908,66.05125907635056,31.73660416136278,47.753825266843705,7.501180924470219,0.8999267575526063,0.010644160618358926,0.6249530141235526,0.5657856482524926,0.1921468326880893,0.40896844772595475,0.7515734292727005,1,0,9.31699286901606,0,3.469446951953614e-18,0,4,0.5,59.04196249681767,0.33333333333333326,20.0,79.375295830151,False,True,False,-3750.0,STOP_HIT,911
2021-02-16 10:15:00+05:30,2021,2,16,10,15,1,BUY,15390.8,15340.8,15540.8,3.0,trend_pullback_buy,STRONG_UPTREND,15390.8,0.1999803221961904,69.26885055137363,31.6644569574569,48.75391972017496,7.651147840021331,0.8452260468068227,0.011192433638681382,0.6569502987178177,0.5300578393366173,0.14351184384659987,0.3600960447955215,0.7096313771058238,1,0,9.31699286901606,1,0.025685608483291836,0,4,0.5,58.99867417447414,0.33333333333333326,20.0,79.33200750780748,False,True,False,-3750.0,STOP_HIT,912
2021-02-17 10:15:00+05:30,2021,2,17,10,15,2,SELL,15235.15,15285.15,15085.15,3.0,trend_bounce_sell,STRONG_DOWNTREND,15235.15,0.24046835302385774,37.32340276559155,44.46190404549443,0.9466474092478165,-17.8700287590205,0.13866377008936417,0.009702900965987341,-0.350258687789029,-0.7420654698499285,-0.1727872340655301,-0.3365196312156482,-0.36790021365432635,0,1,13.975489303524089,0,6.938893903907228e-18,0,6,0.3,71.67714242729666,0.33333333333333326,20.0,92.01047576062999,False,True,False,-3750.0,STOP_HIT,913
2021-02-17 10:30:00+05:30,2021,2,17,10,30,2,SELL,15246.9,15289.661742229406,15118.614773311781,3.0,trend_bounce_sell,STRONG_DOWNTREND,15246.9,0.23267024772248768,39.638830172559324,43.36298535051785,-0.8401410441856569,-17.691135491208573,0.23838101805152903,0.009137327043087763,-0.4342601904214649,-0.6926872160617492,-0.07665165651774553,-0.2361056307885967,-0.2796774902567023,0,1,13.975489303524089,1,0.02707656455579742,0,6,0.3,71.01779121031072,0.33333333333333326,20.0,91.35112454364405,False,True,,,,914
2021-02-18 11:30:00+05:30,2021,2,18,11,30,3,SELL,15145.0,15195.0,14995.0,3.0,trend_bounce_sell,STRONG_DOWNTREND,15145.0,0.19171815309154108,34.46985198538442,31.609737122317302,-20.991551857763625,-6.372946139265009,-0.3141807172145524,0.0056889034566359326,-0.4201487287049055,-0.5558236729012123,-0.3884497620455951,-0.5012849512804785,-0.6608970101323663,0,1,16.304737520778104,0,6.938893903907228e-18,0,7,0.2,58.96584227339038,0.33333333333333326,20.0,79.29917560672371,False,True,True,2625.0,STOP_HIT,915
2021-02-18 13:00:00+05:30,2021,2,18,13,0,3,SELL,15135.9,15185.9,14985.9,3.0,trend_bounce_sell,STRONG_DOWNTREND,15135.9,0.18657156637058397,30.940353225969886,29.331736488639155,-33.28216777222224,-11.827695167226132,0.18570373805664017,0.01165687990855754,-0.6586266305685484,-0.4223656423313016,-0.10187239678992599,-0.31160521031209365,-0.5658249879084254,0,1,16.304737520778104,1,0.027830108279214397,0,7,0.2,57.5990418931835,0.33333333333333326,20.0,77.93237522651683,False,True,,,,916
2021-02-19 10:45:00+05:30,2021,2,19,10,45,4,SELL,15069.5,15119.5,14919.5,3.0,trend_bounce_sell,STRONG_DOWNTREND,15069.5,0.2623558464827261,47.567531038323644,29.86307690669845,-42.56212338232217,-4.202531601309033,0.16147017881717815,0.007395961097010546,-0.31223745923383284,-0.3428926650067665,-0.1887455493087664,-0.31302556176490137,-0.6171312785272609,0,1,14.674263768700294,0,6.938893903907228e-18,1,0,0.3,67.91784614401907,0.33333333333333326,20.0,88.2511794773524,False,True,True,11250.0,TARGET_HIT,917
2021-02-19 11:00:00+05:30,2021,2,19,11,0,4,SELL,15067.65,15117.65,14917.65,3.0,trend_bounce_sell,STRONG_DOWNTREND,15067.65,0.25172187719101224,39.90397929421339,28.723406198942996,-43.235827260989026,-4.3886119319783035,0.17702170692798228,0.007761207465185864,-0.30469044641617815,-0.23967399040641935,-0.1608637312342842,-0.2957816297829541,-0.6048015471893708,0,1,14.674263768700294,1,0.02729830787442519,1,0,0.3,62.2340437193658,0.33333333333333326,20.0,82.56737705269913,False,True,,,,918
2021-02-19 15:00:00+05:30,2021,2,19,15,0,4,SELL,15006.25,15056.25,14856.25,3.0,trend_bounce_sell,STRONG_DOWNTREND,15006.25,0.30725293032664874,41.51619519827997,38.03237956931402,-57.30615848040179,-11.012239371456012,0.35593470660356985,0.017095670749144937,-0.5358882754140981,-0.6333640137995866,0.1257477713990207,-0.1628888857134192,-0.5811970418670986,0,1,7.686519116938249,1,6.938893903907228e-18,2,0,0.3,72.81942774158841,0.33333333333333326,20.0,93.15276107492174,False,True,True,11250.0,TARGET_HIT,919
2021-02-19 15:15:00+05:30,2021,2,19,15,15,4,SELL,14981.75,15031.75,14831.75,3.0,trend_bounce_sell,STRONG_DOWNTREND,14981.75,0.30878044477924227,38.866983847979554,38.50917333280004,-57.57053324592198,-10.148952723278576,0.283515870725789,0.016898255497168863,-0.6228587158762622,-0.8658338075513194,-0.030180546757574422,-0.29634984339096393,-0.7145644128087048,0,1,7.686519116938249,2,0.025231940069561393,2,0,0.3,68.10550399968002,0.33333333333333326,20.0,88.43883733301335,False,True,True,11250.0,TARGET_HIT,920
2021-02-22 14:45:00+05:30,2021,2,22,14,45,0,SELL,14734.65,14784.65,14584.65,3.0,trend_bounce_sell,STRONG_DOWNTREND,14734.65,0.2673726798493926,31.550960742156107,68.6040626532892,-101.45321204018546,-15.530546430394736,0.2719359329293994,0.018095238771238285,-0.476857871363201,-1.2909190177761043,-0.05913244454996969,-0.4513771259892496,-1.192369421627626,0,1,0.0,0,6.938893903907228e-18,4,0,0.4,70.0,0.33333333333333326,20.0,90.33333333333333,False,True,True,2625.0,STOP_HIT,921
2021-02-25 14:00:00+05:30,2021,2,25,14,0,3,BUY,15140.25,15096.33,15272.01,3.0,trend_pullback_buy,STRONG_UPTREND,15140.25,0.16115982232790096,51.078900627958305,48.415489910762076,83.54502955694079,19.881939692289663,0.7022384722216322,0.00521703917872736,0.3167146487150774,2.1578292157120593,0.11321195428679598,0.4170069675099253,1.0547504546690734,1,0,0.0,0,6.938893903907228e-18,5,0,0.5,79.04929394645725,0.33333333333333326,20.0,99.38262727979058,False,True,False,-3294.0000000000055,STOP_HIT,922
2021-02-25 14:15:00+05:30,2021,2,25,14,15,3,BUY,15167.35,15117.35,15317.35,3.0,trend_pullback_buy,STRONG_UPTREND,15167.35,0.18423031803747567,60.46462412515247,42.565436855709756,84.72631199356329,18.956899916020944,0.9931643825628206,0.005644333504448614,0.5352431959487314,0.1260871717855272,0.23378941812515208,0.5422026408896441,1.1866003497501332,1,0,0.0,1,0.018958693256414368,5,0,0.5,70.53926211342585,0.33333333333333326,20.0,90.87259544675918,False,True,False,-3750.0,STOP_HIT,923
2021-03-02 10:45:00+05:30,2021,3,2,10,45,1,BUY,14866.1,14816.1,15016.1,3.0,trend_pullback_buy,STRONG_UPTREND,14866.1,0.30933273881996015,69.68423166550272,34.886670410806865,11.975448892773784,30.997565816228565,0.7412946072492841,0.021650026597096677,0.9534351507907823,1.516662114176448,0.0633138736272354,0.3900661362509661,0.5403842240198964,1,0,4.054190506927217,0,6.938893903907228e-18,0,2,0.5,60.93200224648412,0.33333333333333326,20.0,81.26533557981745,False,True,False,-3750.0,STOP_HIT,924
2021-03-02 11:00:00+05:30,2021,3,2,11,0,1,BUY,14809.95,14787.12918214114,14878.412453576584,3.0,trend_pullback_buy,STRONG_UPTREND,14809.95,0.3191146106888553,57.632946012141005,34.70146328407829,11.965239197761548,27.888620509094697,0.545866861535887,0.020039346057692493,0.32991785925988726,1.0242295256415623,-0.25186268388635025,0.009897954069226778,0.1543289273919557,1,0,6.2125116882130005,1,6.938893903907228e-18,0,3,0.5,70.82087797044697,0.33333333333333326,20.0,91.1542113037803,False,True,True,1198.0929375902633,STOP_HIT,925
2021-03-02 11:30:00+05:30,2021,3,2,11,30,1,BUY,14826.25,14788.750775209874,14938.74767437038,3.0,trend_pullback_buy,STRONG_UPTREND,14826.25,0.3285196381899853,58.284934375388225,32.93129229795115,11.775400328324395,22.496402159114545,0.5740648318169463,0.0184089782824746,0.4383008559399215,0.6694890223491123,-0.05132007641974745,0.11968611368089466,0.2535658715203004,1,0,6.2125116882130005,2,0.010503459564948104,0,3,0.5,69.7587753787707,0.33333333333333326,20.0,90.09210871210402,False,True,True,8437.325577778438,TARGET_HIT,926
2021-03-05 11:15:00+05:30,2021,3,5,11,15,4,SELL,15021.65,15066.823332697033,14886.1300019089,3.0,trend_bounce_sell,STRONG_DOWNTREND,15021.65,0.395785891886521,32.480641984358854,48.86667038460256,4.043743101810833,-27.56805883400686,0.28024426054177265,0.017839767119011363,-0.39189032375710475,-1.100481934056674,-0.03199120779237008,-0.26831468011594417,-0.29981988704281815,0,1,0.6668242556067292,0,6.938893903907228e-18,2,0,0.7,64.32000223076153,0.33333333333333326,20.0,84.65333556409486,False,True,True,2371.5999665942945,STOP_HIT,927
2021-03-05 11:30:00+05:30,2021,3,5,11,30,4,SELL,15021.55,15065.047907885384,14891.056276343845,3.0,trend_bounce_sell,STRONG_DOWNTREND,15021.55,0.3843050246384127,35.669348412632374,52.11266967744733,2.0315510783366335,-26.62222577173295,0.2987515935165561,0.01666784349384287,-0.392553420751629,-1.1405180044554597,-0.02612706697264766,-0.24458580737154456,-0.2887339499439423,0,1,0.6668242556067292,1,0.01963061385254867,2,0,0.7,70.0,0.33333333333333326,20.0,90.33333333333333,False,True,True,2283.6401639826363,STOP_HIT,928
2021-03-08 15:30:00+05:30,2021,3,8,15,30,0,SELL,14956.2,15006.137588415193,14806.387234754424,3.0,trend_bounce_sell,STRONG_DOWNTREND,14956.2,0.27957827331999896,38.45342971779518,30.532456104371335,-14.00867359703443,-1.892431469601462,0.12052980647911252,0.00691344815319928,-0.33983687829841625,-0.18852877482991026,-0.15550831123297693,-0.229196080078653,-0.3327810912099327,0,1,0.0,0,1.0408340855860843e-17,4,0,0.7,63.3194736626228,0.33333333333333326,20.0,83.65280699595613,False,True,False,-3745.319131139422,STOP_HIT,929
2021-03-09 10:00:00+05:30,2021,3,9,10,0,1,BUY,15054.7,15015.7759754416,15171.472073675202,3.0,trend_pullback_buy,STRONG_UPTREND,15054.7,0.33909676048011445,56.682387857785635,29.39268346913462,-1.7374305972862203,7.909931436146536,0.7932163694566498,0.011000889970278725,0.46345573146928665,0.2520501969454303,0.15027291216476169,0.258436318122679,0.25922086625467244,1,0,2.1131007332647087,0,1.0408340855860843e-17,0,1,0.6,67.63561008148078,0.33333333333333326,20.0,87.9689434148141,False,True,False,-2919.301841880042,STOP_HIT,930
2021-03-10 14:00:00+05:30,2021,3,10,14,0,2,BUY,15180.6,15131.993571428571,15326.419285714288,3.0,trend_pullback_buy,STRONG_UPTREND,15180.6,0.1778821089322647,61.88823413578148,40.91427527882019,35.38226315175234,6.738379386978654,0.8367477644153304,0.0048415576664631475,0.32879844820350446,0.5444285487203882,0.160267747573406,0.28681602202784706,0.5487159297570487,1,0,3.7601643469923394,0,1.0408340855860843e-17,0,2,0.5,69.54856516729211,0.33333333333333326,20.0,89.88189850062544,False,True,True,2551.8375000001015,STOP_HIT,931
2021-03-10 14:30:00+05:30,2021,3,10,14,30,2,BUY,15186.05,15138.395,15329.014999999996,3.0,trend_pullback_buy,STRONG_UPTREND,15186.05,0.1743376322348461,62.42469318403845,31.95080187723283,36.94364071576092,6.787054722947413,0.8721523342917725,0.00517446605151686,0.42455122885096674,0.04611619304237813,0.12718624416589996,0.2675194598665831,0.5400042309715802,1,0,3.7601643469923394,1,0.02137132625295995,0,2,0.5,64.1704811263397,0.33333333333333326,20.0,84.50381445967302,False,True,True,2501.8874999998843,STOP_HIT,932
2021-03-17 10:30:00+05:30,2021,3,17,10,30,2,SELL,14876.7,14926.7,14726.7,3.0,trend_bounce_sell,STRONG_DOWNTREND,14876.7,0.2434775761521579,35.59995237205597,38.32209522417559,-23.988104335712706,-1.6357555738991962,0.17190431097175085,0.009608050737542635,-0.37968580497407256,-0.7578233924604438,-0.11905394224647203,-0.2600318765759613,-0.42505822357059575,0,1,0.9088639292441368,0,1.0408340855860843e-17,2,0,0.6,67.99325713450536,0.33333333333333326,20.0,88.32659046783868,False,True,False,-3750.0,STOP_HIT,933
2021-03-17 10:45:00+05:30,2021,3,17,10,45,2,SELL,14869.9,14919.9,14719.9,3.0,trend_bounce_sell,STRONG_DOWNTREND,14869.9,0.23945785013444834,34.65230382461601,38.119536067790854,-25.061743902628223,-2.4384556267332407,0.15599240166137965,0.009407215813712616,-0.504506433460683,-0.7432624113475228,-0.13181028907492953,-0.2779154703367537,-0.45220260107213806,0,1,0.9088639292441368,1,0.021351472522892233,2,0,0.6,62.87172164067451,0.33333333333333326,20.0,83.20505497400785,False,True,True,11250.0,TARGET_HIT,934
2021-03-22 14:45:00+05:30,2021,3,22,14,45,0,BUY,14693.35,14669.38053722971,14765.258388310871,3.0,trend_pullback_buy,STRONG_UPTREND,14693.35,0.3032226920924878,54.028914065718396,29.164325062319413,-2.972752349003713,7.275330693268778,0.6722216383269644,0.008683118389775353,0.4004168161396704,-0.2024023391733354,0.1274706345917309,0.16175926164452292,0.16339792065149794,1,0,0.0,0,6.938893903907228e-18,1,0,0.7,67.49859503739165,0.33333333333333326,20.0,87.83192837072498,False,True,True,5393.129123315293,TARGET_HIT,935
2021-03-22 15:00:00+05:30,2021,3,22,15,0,0,BUY,14756.05,14706.05,14906.05,3.0,trend_pullback_buy,STRONG_UPTREND,14756.05,0.3226279584112473,60.456872902234515,28.647490228916528,0.6464353346436837,9.805066539224557,1.1039785743056512,0.009418084313593419,0.9509442739814133,0.15985067028676525,0.4432987591281412,0.5353252557187549,0.567517975844245,1,0,0.0,1,0.009816474158052127,1,0,0.7,62.18849413734992,0.33333333333333326,20.0,82.52182747068326,False,True,True,2625.0,STOP_HIT,936
2021-03-23 10:00:00+05:30,2021,3,23,10,0,1,BUY,14772.85,14722.85,14922.85,3.0,trend_pullback_buy,STRONG_UPTREND,14772.85,0.34404329564031455,67.23347225044296,35.10673835104584,20.410587260985267,19.030445707579744,0.7628273292584713,0.018092364507638157,0.5355872915411952,0.5910370725961123,0.07026433884502747,0.3291081469265267,0.5199087426835058,1,0,0.0,0,6.938893903907228e-18,3,0,0.7,61.0640430106275,0.33333333333333326,20.0,81.39737634396084,False,True,True,2625.0,STOP_HIT,937
2021-03-23 10:15:00+05:30,2021,3,23,10,15,1,BUY,14763.35,14713.35,14913.35,3.0,trend_pullback_buy,STRONG_UPTREND,14763.35,0.33877328461552353,65.55803768328644,35.62251075971938,21.512414970156897,18.119046075076238,0.7121616729957551,0.01845912294876382,0.4155826489142811,0.3838334387260556,0.004729540703518609,0.24047792806209944,0.4373355483735297,1,0,0.0,1,0.01961809647428803,3,0,0.7,61.37350645583163,0.33333333333333326,20.0,81.70683978916497,False,True,True,2625.0,STOP_HIT,938
2021-03-24 14:45:00+05:30,2021,3,24,14,45,2,SELL,14583.25,14633.25,14433.25,3.0,trend_bounce_sell,STRONG_DOWNTREND,14583.25,0.2607688370464183,47.50024068982952,44.09987508291407,-27.906963304534656,-14.349919020080893,-0.11336260569478862,0.005633457971211006,-0.4505350103247596,-0.9057829450516586,-0.3163613340305127,-0.4805549673171483,-0.7103515154499807,0,1,0.0,0,6.938893903907228e-18,5,0,0.7,76.45992504974845,0.33333333333333326,20.0,96.79325838308178,False,True,True,11250.0,TARGET_HIT,939
2021-03-26 13:30:00+05:30,2021,3,26,13,30,4,BUY,14529.9,14493.0871575977,14640.338527206899,3.0,trend_pullback_buy,STRONG_UPTREND,14529.9,0.2727626677206502,59.417751972232615,31.457664101056327,-8.371095807966412,29.055497526852008,0.6669995913387456,0.018305392927554114,0.3279843119924797,1.6147982376389924,0.031886489186105926,0.25048566657082105,0.2540027669881262,1,0,0.0,0,6.938893903907228e-18,6,0,0.8,68.87459846063379,0.33333333333333326,20.0,89.20793179396712,False,True,True,8282.889540517453,TARGET_HIT,940
2021-04-20 15:15:00+05:30,2021,4,20,15,15,1,SELL,14296.4,14346.4,14146.4,3.0,trend_bounce_sell,STRONG_DOWNTREND,14296.4,0.30981825594455364,34.94258686495107,64.36109364681849,-33.267604773514904,-6.094542640307125,0.19039975889348237,0.015988538375264635,-0.46126585275001464,-1.131055086635857,-0.15031673859332573,-0.37168680663167697,-0.6226520497855548,0,1,0.0,0,6.938893903907228e-18,7,0,0.9,70.0,0.33333333333333326,20.0,90.33333333333333,False,True,True,2625.0,STOP_HIT,941
2021-04-21 09:30:00+05:30,2021,4,21,9,30,2,SELL,14296.4,14346.4,14146.4,3.0,trend_bounce_sell,STRONG_DOWNTREND,14296.4,0.29225639221861904,40.592700590261614,74.77196055676981,-36.03139081415429,-6.653433437083734,0.2586749109962355,0.013984213292619788,-0.6141921131754158,-0.9488441699259109,-0.07701866687048753,-0.2795121606186335,-0.5526231364736511,0,1,0.0,0,0.01736650330397259,7,0,0.9,80.0,0.33333333333333326,20.0,100.33333333333333,False,True,True,2625.0,STOP_HIT,942
2021-04-23 10:15:00+05:30,2021,4,23,10,15,4,BUY,14417.05,14367.05,14567.05,3.0,trend_pullback_buy,STRONG_UPTREND,14417.05,0.2624620550964715,64.20787238910677,28.08571534175394,15.792425543420904,13.909449352694176,0.8575941337962257,0.009578397976685022,0.3124097647185575,0.6977645690657619,0.22639628336555973,0.3700660266721334,0.5197993793921496,1,0,0.0,0,6.938893903907228e-18,9,0,0.9,61.85142920505237,0.33333333333333326,20.0,82.18476253838571,False,True,False,-3750.0,STOP_HIT,943
2021-04-27 10:15:00+05:30,2021,4,27,10,15,1,BUY,14563.1,14513.1,14713.1,3.0,trend_pullback_buy,STRONG_UPTREND,14563.1,0.2163981962239196,66.84830599638249,34.38711862401449,37.961748906369394,3.620204206569582,0.938546181050047,0.009242913796210917,0.6771447236979977,0.3424421569032887,0.2082553308715429,0.37833341514466046,0.6619023540577418,1,0,1.6954291832789663,0,6.938893903907228e-18,0,1,0.9,60.63227117440869,0.33333333333333326,20.0,80.96560450774203,False,True,True,2625.0,STOP_HIT,944
2021-04-27 13:45:00+05:30,2021,4,27,13,45,1,BUY,14623.35,14586.109285714287,14735.072142857141,3.0,trend_pullback_buy,STRONG_UPTREND,14623.35,0.14148116344261533,69.78589359441077,65.18232741276326,48.94065981837957,4.634600699105796,0.8085930987718395,0.009406365999161729,0.303516677984228,0.9551259924059474,0.15483404815639368,0.321078606057168,0.6847931488188852,1,0,0.5086287549836899,1,6.938893903907228e-18,1,0,0.9,65.0,0.33333333333333326,20.0,85.33333333333333,False,True,True,8379.160714285581,TARGET_HIT,945
2021-04-27 15:30:00+05:30,2021,4,27,15,30,1,BUY,14653.05,14617.635,14759.294999999996,3.0,trend_pullback_buy,STRONG_UPTREND,14653.05,0.13427238697745378,60.16856023549614,60.48391536262916,53.1780694401059,4.84801864654488,0.853712481171255,0.007118040648762372,0.3664496508454018,0.5952074473014823,0.09921038406170979,0.2880542346213044,0.681485240123747,1,0,0.5086287549836899,2,0.01269235573216922,1,0,0.9,70.0,0.33333333333333326,20.0,90.33333333333333,False,True,True,7968.374999999787,TARGET_HIT,946
2021-04-29 10:00:00+05:30,2021,4,29,10,0,3,BUY,14923.05,14873.05,15073.05,3.0,trend_pullback_buy,STRONG_UPTREND,14923.05,0.2787633895215815,59.42569081550163,75.29022089767243,95.14170474777166,8.346114841199295,0.7130264092023358,0.01527678726326067,0.34123840966091556,0.9695698506402284,0.03593527243970218,0.36274260950179826,1.0562551432944822,1,0,0.0,0,5.204170427930421e-18,3,0,0.9,80.0,0.33333333333333326,20.0,100.33333333333333,False,True,False,-3750.0,STOP_HIT,947
2021-04-30 13:15:00+05:30,2021,4,30,13,15,4,SELL,14760.5,14810.5,14610.5,3.0,trend_bounce_sell,STRONG_DOWNTREND,14760.5,0.22211791122058303,33.23333393213231,60.2359221719817,1.063926727971193,-23.33379906223651,0.15840326806986113,0.010778005233006963,-0.3971159328850504,-0.9967067093251791,-0.19286140081498093,-0.3656353921073885,-0.41389216535402396,0,1,1.5862577186823723,0,3.469446951953614e-18,0,1,0.8,70.0,0.33333333333333326,20.0,90.33333333333333,False,True,True,11250.0,TARGET_HIT,948
2021-04-30 13:30:00+05:30,2021,4,30,13,30,4,SELL,14728.45,14778.45,14578.45,3.0,trend_bounce_sell,STRONG_DOWNTREND,14728.45,0.21028301397247232,33.643441866990415,60.342701136998286,-2.641876622876225,-24.335642171775532,0.009922050980447204,0.010800663953192534,-0.5580274253769058,-1.1038854215277727,-0.32792958423725205,-0.5293482803321536,-0.6055658089974547,0,1,1.5862577186823723,1,0.016118254238803597,0,1,0.8,70.0,0.33333333333333326,20.0,90.33333333333333,False,True,True,11250.0,TARGET_HIT,949
2021-05-05 09:45:00+05:30,2021,5,5,9,45,2,SELL,14564.7,14611.77916143875,14423.462515683754,3.0,trend_bounce_sell,STRONG_DOWNTREND,14564.7,0.35376629796700526,38.103525689196786,49.77567665388141,-34.21799588552858,-6.805028559018485,0.4111657335110856,0.019926524037545062,-0.35473487245620827,-0.7343695156568963,0.11320381395505397,-0.06622934227843436,-0.32220006146133073,0,1,0.0,0,0.0,2,0,0.8,69.86540599232885,0.33333333333333326,20.0,90.19873932566217,False,True,False,-3530.937107906175,STOP_HIT,950
2021-05-05 10:00:00+05:30,2021,5,5,10,0,2,SELL,14551.15,14601.15,14401.15,3.0,trend_bounce_sell,STRONG_DOWNTREND,14551.15,0.35524929055681137,46.06275241961164,48.21024667268307,-34.1324666207729,-6.047549364836524,0.3829384232882282,0.018956845464484822,-0.3499460699549761,-0.9549772146384528,0.0160516289320789,-0.14474902428180947,-0.3987264439013871,0,1,0.0,1,0.013838375172677693,2,0,0.8,73.92614800360984,0.33333333333333326,20.0,94.25948133694317,False,True,False,-3750.0,STOP_HIT,951
2021-05-12 14:45:00+05:30,2021,5,12,14,45,2,SELL,14653.3,14701.372857142856,14509.081428571428,3.0,trend_bounce_sell,STRONG_DOWNTREND,14653.3,0.18226026121858357,35.873327026113245,29.39497616268085,-32.6054708303036,-8.437472326781169,-0.31424644345697855,0.007047552860680837,-0.7961600173313821,-0.69800695296246,-0.49628713474220154,-0.6498421270969779,-0.901703158120426,0,1,2.853529706951494,0,1.734723475976807e-18,0,2,0.6,62.63698569760851,0.33333333333333326,20.0,82.97031903094185,False,True,False,-3605.464285714288,STOP_HIT,952
2021-05-13 10:00:00+05:30,2021,5,13,10,0,3,SELL,14696.5,14740.002142857142,14565.993571428575,3.0,trend_bounce_sell,STRONG_DOWNTREND,14696.5,0.16444634533975286,32.432227904869066,31.31734184290779,-36.54405202648013,-6.427255590987013,0.2649068587761142,0.008877847213055602,-0.3292630408170849,-0.21252325534023564,-0.04669039731205471,-0.18745326227970205,-0.4637263627901067,0,1,4.266575760524265,0,1.734723475976807e-18,0,3,0.5,58.790405105744675,0.33333333333333326,20.0,79.12373843907801,False,True,True,2283.862499999941,STOP_HIT,953
2021-05-24 09:45:00+05:30,2021,5,24,9,45,0,BUY,15174.6,15124.6,15324.6,3.0,trend_pullback_buy,STRONG_UPTREND,15174.6,0.18348330198395404,69.11048763631541,41.36244984353704,42.025182657254845,15.413092629369906,0.7320201226842818,0.01131321439094714,0.49204320443965166,0.4867195104992339,0.009787445103159875,0.2520707123522037,0.5747433932655976,1,0,3.371489126241215,0,1.734723475976807e-18,1,0,0.6,64.81746990612223,0.33333333333333326,20.0,85.15080323945556,False,True,True,2625.0,STOP_HIT,954
2021-05-28 13:30:00+05:30,2021,5,28,13,30,4,BUY,15451.15,15411.646428571428,15569.660714285714,3.0,trend_pullback_buy,STRONG_UPTREND,15451.15,0.14203750899724987,58.604949482097545,33.90298080518063,40.82526299217716,4.020850998789548,0.746489960296637,0.007850795850480203,0.32139413634253433,0.7771327941560102,0.11366653139108784,0.24739593643063884,0.532791275737865,1,0,2.34270459346261,0,1.734723475976807e-18,2,0,0.6,65.34178848310839,0.33333333333333326,20.0,85.67512181644172,False,True,True,8888.30357142856,TARGET_HIT,955
2021-06-01 09:45:00+05:30,2021,6,1,9,45,1,BUY,15600.75,15551.513571428572,15748.459285714285,3.0,trend_pullback_buy,STRONG_UPTREND,15600.75,0.17533497702720371,57.41747238554755,49.43633558006768,56.4904588151403,5.928060626038693,0.7540853260709754,0.008608748379015355,0.38059144489628327,0.5335756333794128,0.02436634872386989,0.23373598375149296,0.6258281222048634,1,0,0.0,0,1.734723475976807e-18,3,0,0.6,79.6618013480406,0.33333333333333326,20.0,99.99513468137393,False,True,False,-3692.7321428571304,STOP_HIT,956
2021-06-03 15:00:00+05:30,2021,6,3,15,0,3,BUY,15695.35,15661.542142857143,15796.773571428574,3.0,trend_pullback_buy,STRONG_UPTREND,15695.35,0.11966692591845933,65.9534214163235,33.11578607787251,36.0117807944207,6.14512380359043,1.1815379230745193,0.004020754937212502,0.3946615153850974,0.25582390628093865,0.1926106807809358,0.32357021664970453,0.5776359251953078,1,0,1.4309241816292766,0,1.734723475976807e-18,0,1,0.5,54.869471646723504,0.33333333333333326,20.0,75.20280498005684,False,True,False,-2535.5892857143317,STOP_HIT,957
2021-06-03 15:15:00+05:30,2021,6,3,15,15,3,BUY,15690.35,15655.089285714286,15796.132142857143,3.0,trend_pullback_buy,STRONG_UPTREND,15690.35,0.12484925903046039,63.39018194857666,28.198406372342767,36.76624015647212,6.209624849077667,1.004376804141665,0.004567370155799316,0.3036531066909154,0.23380978998641666,0.1285128999308771,0.26503025788384704,0.5240873123153245,1,0,1.4309241816292766,1,0.009967977285514372,0,1,0.5,56.91904382340566,0.33333333333333326,20.0,77.25237715673899,False,True,True,1851.18750000006,STOP_HIT,958
2021-06-11 11:15:00+05:30,2021,6,11,11,15,4,BUY,15789.05,15747.360714285713,15914.117857142859,3.0,trend_pullback_buy,STRONG_UPTREND,15789.05,0.14668845994986582,65.53127887568644,70.59231234277257,22.674832889591926,12.830102670100365,0.627637593802484,0.011063682938682531,0.3259678162380153,0.5566293988211513,-0.0634586916034463,0.1007228302633445,0.27597938178831605,1,0,1.6961281084895314,0,1.734723475976807e-18,0,1,0.5,65.0,0.33333333333333326,20.0,85.33333333333333,False,True,False,-3126.696428571495,STOP_HIT,959
2021-06-11 11:30:00+05:30,2021,6,11,11,30,4,BUY,15793.75,15752.382142857143,15917.853571428572,3.0,trend_pullback_buy,STRONG_UPTREND,15793.75,0.14551416134320766,64.75782128337241,69.88620646253977,22.910348737188542,11.759056665927282,0.6359162100959618,0.010553715369686254,0.35583231402200877,0.5529417007811954,-0.026969911294127957,0.1186407211855256,0.2938004688386009,1,0,1.6961281084895314,1,0.01232491435854264,0,1,0.5,70.0,0.33333333333333326,20.0,90.33333333333333,False,True,False,-3102.5892857142935,STOP_HIT,960
2021-06-17 09:45:00+05:30,2021,6,17,9,45,3,SELL,15726.4,15776.4,15576.4,3.0,trend_bounce_sell,STRONG_DOWNTREND,15726.4,0.18547065534933088,39.31348853387111,33.68977566742981,-16.9552938945817,-12.415523418688405,0.08390084254685395,0.007973848768991173,-0.49951440493251065,-0.4374663670032586,-0.17116441332901688,-0.3286381337750388,-0.46681384952002025,0,1,4.109960257157838,0,0.0,0,3,0.4,65.21386540045788,0.33333333333333326,20.0,85.5471987337912,False,True,True,2625.0,STOP_HIT,961
2021-06-17 10:00:00+05:30,2021,6,17,10,0,3,SELL,15735.2,15785.2,15585.2,3.0,trend_bounce_sell,STRONG_DOWNTREND,15735.2,0.1831426174618503,34.988501773835736,32.22607610190563,-18.264331008920635,-12.352104479724606,0.18678513745791284,0.008344276735469986,-0.5001802166393565,-0.2940132812895957,-0.09226394005333871,-0.24812079139838739,-0.3950596117693994,0,1,4.109960257157838,1,0.015153975662880487,0,3,0.4,59.335645661143374,0.33333333333333326,20.0,79.6689789944767,False,True,True,11250.0,TARGET_HIT,962
2021-06-23 15:15:00+05:30,2021,6,23,15,15,2,SELL,15686.95,15736.95,15536.95,3.0,trend_bounce_sell,STRONG_DOWNTREND,15686.95,0.18696159182359512,37.83759517804313,32.96488121736691,-10.536270848586355,-15.583111530902595,0.05309669151351677,0.007314594260737094,-0.33925548034192676,-0.4003174603174564,-0.1606306027046478,-0.3154540907804759,-0.41713487153270945,0,1,0.0,0,0.0,2,0,0.6,64.77892873042015,0.33333333333333326,20.0,85.11226206375348,False,True,False,-3750.0,STOP_HIT,963
2021-06-24 14:00:00+05:30,2021,6,24,14,0,3,BUY,15805.15,15767.89,15916.93,3.0,trend_pullback_buy,STRONG_UPTREND,15805.15,0.13096996864945804,67.60445726129578,40.782275096914596,5.468959445668588,6.569441526412452,1.0071893846567666,0.005334856659812819,0.39127134604330926,0.753492552726942,0.14397541080550802,0.24533384713014694,0.2914309893493616,1,0,1.4349408490808642,0,0.0,0,1,0.5,59.46936505814875,0.33333333333333326,20.0,79.8026983914821,False,True,True,1956.150000000025,STOP_HIT,964
2021-07-08 09:30:00+05:30,2021,7,8,9,30,3,BUY,15875.6,15842.62858704424,15974.51423886728,3.0,trend_pullback_buy,STRONG_UPTREND,15875.6,0.11999546473834011,66.2203911822796,32.811710917442056,10.05239419658028,1.8863504470883754,0.8520039155166492,0.005219574314358788,0.30358457247017245,0.30358457247017245,0.06406701443053553,0.14118170086854231,0.2081183231343431,1,0,0.6864183045663133,0,0.0,1,0,0.5,54.687026550465234,0.33333333333333326,20.0,75.02035988379856,False,True,False,-2472.8559716819746,STOP_HIT,965
2021-07-09 10:00:00+05:30,2021,7,9,10,0,4,SELL,15674.45,15724.45,15524.45,3.0,trend_bounce_sell,STRONG_DOWNTREND,15674.45,0.21117168385493323,32.94728348897385,67.75337781630782,-37.669762544099285,-16.522000512468665,0.18278050932161108,0.011624754654028688,-0.31829310947882883,-0.9197247778912065,-0.126406870125928,-0.3612011605652832,-0.6442473177828756,0,1,1.6326588506089839,0,0.0,0,1,0.4,70.0,0.33333333333333326,20.0,90.33333333333333,False,True,False,-3750.0,STOP_HIT,966
2021-07-09 11:00:00+05:30,2021,7,9,11,0,4,SELL,15680.7,15730.7,15530.7,3.0,trend_bounce_sell,STRONG_DOWNTREND,15680.7,0.20623623763151971,41.118987970060275,49.75680015409011,-37.631237473027795,-10.983395690337566,0.25392725219454987,0.008703418035305882,-0.3644034680281183,-0.6692490664403139,-0.10812401818474093,-0.26275185893378517,-0.5364110645446951,0,1,3.0675996996898482,1,0.0,0,2,0.4,79.85408009245407,0.33333333333333326,20.0,100.1874134257874,False,True,False,-3750.0,STOP_HIT,967
2021-07-09 11:15:00+05:30,2021,7,9,11,15,4,SELL,15665.95,15715.95,15515.95,3.0,trend_bounce_sell,STRONG_DOWNTREND,15665.95,0.20152897571758302,41.412873277424694,45.10110592693697,-38.80072576212115,-10.937595581487827,0.18153195548076942,0.008816445589087714,-0.3938860241990305,-0.5453327704364908,-0.16173496099083362,-0.3242590921288757,-0.6054159842110884,0,1,3.0675996996898482,2,0.014803521264667092,0,2,0.4,77.06066355616218,0.33333333333333326,20.0,97.39399688949551,False,True,False,-3750.0,STOP_HIT,968
2021-07-13 10:30:00+05:30,2021,7,13,10,30,1,BUY,15757.05,15733.5585830689,15827.524250793298,3.0,trend_pullback_buy,STRONG_UPTREND,15757.05,0.17742624956538797,57.8860701194315,48.206125257001595,-1.0144805097697827,5.956888936411944,0.7058601494761123,0.009990429031727581,0.6959289117243861,-0.057084685130393,0.06958995150452285,0.14308978792854088,0.14930771577879032,1,0,5.937481397851576,0,0.0,0,4,0.3,78.92367515420096,0.33333333333333326,20.0,99.25700848753429,False,True,True,1233.2993888826877,STOP_HIT,969
2021-07-13 10:45:00+05:30,2021,7,13,10,45,1,BUY,15756.15,15734.444520987769,15821.266437036693,3.0,trend_pullback_buy,STRONG_UPTREND,15756.15,0.17108965614787217,63.40035162639539,45.73989852775117,-0.06254797072870133,6.217939327907723,0.7042571627083641,0.00990249380632378,0.4552192416200418,-0.04630965937025833,0.05109287110618421,0.12486612104292139,0.13794881022510808,1,0,5.937481397851576,1,0.007167316856526254,0,4,0.3,72.44393911665071,0.33333333333333326,20.0,92.77727244998404,False,True,True,4883.732777751993,TARGET_HIT,970
2021-07-19 14:45:00+05:30,2021,7,19,14,45,0,SELL,15746.6,15786.50857142857,15626.87428571429,3.0,trend_bounce_sell,STRONG_DOWNTREND,15746.6,0.14080137027312745,31.27208694189767,79.13244225035294,-38.36112689809306,-16.10973946016539,0.23675790622951848,0.009399109140054604,-0.3770672267844333,-0.523077311837461,-0.03917482040243225,-0.255710223557426,-0.5435639659495894,0,1,3.5967935762393917,0,0.0,2,0,0.5,65.0,0.33333333333333326,20.0,85.33333333333333,False,True,True,8979.428571428298,TARGET_HIT,971
2021-07-27 14:45:00+05:30,2021,7,27,14,45,1,SELL,15726.5,15776.5,15576.5,3.0,trend_bounce_sell,STRONG_DOWNTREND,15726.5,0.19119230053004121,30.336102081348955,47.49958183987659,-23.518022935695626,-17.634077969767652,0.21790669052936543,0.014900455903887732,-0.5297196439018936,-0.904221802142402,-0.10924376805175884,-0.3269439847465083,-0.5182465853086571,0,1,0.16080721396038375,0,0.0,3,0,0.5,68.49974910392595,0.33333333333333326,20.0,88.83308243725928,False,True,True,11250.0,TARGET_HIT,972
2021-08-04 14:15:00+05:30,2021,8,4,14,15,2,BUY,16278.15,16232.43642857143,16415.29071428571,3.0,trend_pullback_buy,STRONG_UPTREND,16278.15,0.1560154475258453,48.634061287727576,33.8891004187736,90.5084487928525,1.4398868060184924,0.7894831324719049,0.004798937583150836,0.3987417892497014,0.21670940315643428,0.12343871284701269,0.3150862030610435,0.9089181185549577,1,0,0.0,0,0.0,4,0,0.5,69.73232831144908,0.33333333333333326,20.0,90.06566164478241,False,True,True,2399.9624999999924,STOP_HIT,973
2021-08-10 09:45:00+05:30,2021,8,10,9,45,1,BUY,16315.1,16265.1,16465.1,3.0,trend_pullback_buy,STRONG_UPTREND,16315.1,0.1719922911028085,67.57573940002368,47.227746801553806,3.8133626732578705,1.7125425375439982,0.9675323784313251,0.008381398772182086,0.6676168792304482,0.19190793332044542,0.22598075350306335,0.31261944723950386,0.33477403764941016,1,0,0.0,0,0.0,5,0,0.6,68.33664808093228,0.33333333333333326,20.0,88.6699814142656,False,True,False,-3750.0,STOP_HIT,974
2021-08-10 10:00:00+05:30,2021,8,10,10,0,1,BUY,16320.3,16270.690714285713,16469.12785714286,3.0,trend_pullback_buy,STRONG_UPTREND,16320.3,0.16887382147211946,69.07943481254831,45.992056912287794,5.938568809355274,3.453973806277262,0.9507920682502725,0.00910707968081961,0.5517305115290361,0.26478755559924405,0.20623368903618378,0.3131668057356318,0.352319907527221,1,0,0.0,1,0.01365799137168084,5,0,0.6,67.59523414737268,0.33333333333333326,20.0,87.92856748070601,False,True,False,-3720.6964285715003,STOP_HIT,975
2021-08-11 10:45:00+05:30,2021,8,11,10,45,2,SELL,16188.95,16238.95,16038.95,3.0,trend_bounce_sell,STRONG_DOWNTREND,16188.95,0.259237672257047,35.7922784958114,42.78530428992177,-7.989448188060123,-13.342017282701681,0.07030809614263903,0.011804669474828569,-0.515888378838425,-0.9459389177993716,-0.2715987703279077,-0.44127773748278143,-0.5174975880459787,0,1,2.7209255296500303,0,1.734723475976807e-18,0,2,0.5,70.67118257395306,0.33333333333333326,20.0,91.00451590728639,False,True,False,-3750.0,STOP_HIT,976
2021-08-11 11:00:00+05:30,2021,8,11,11,0,2,SELL,16182.65,16232.65,16032.65,3.0,trend_bounce_sell,STRONG_DOWNTREND,16182.65,0.23726910346221897,44.95460174149003,40.75395287238157,-10.978443050467831,-14.69791093059845,0.08743746348775351,0.012064530539051098,-0.6477101451054956,-0.9650956068872452,-0.2484810689149075,-0.4365736455548608,-0.5345160035203689,0,1,2.7209255296500303,1,0.014040009576616304,0,2,0.5,74.45237172342894,0.33333333333333326,20.0,94.78570505676227,False,True,False,-3750.0,STOP_HIT,977
2021-08-12 10:30:00+05:30,2021,8,12,10,30,3,BUY,16322.85,16281.205714285714,16447.78285714286,3.0,trend_pullback_buy,STRONG_UPTREND,16322.85,0.14173820310616336,68.43138812582977,51.19260274899027,7.842734679083151,11.429618704292675,0.8562604862179828,0.0088754846771997,0.47767809051877386,0.8261731658955718,0.10573885693223595,0.25728721996571835,0.32666045830518353,1,0,5.452523803986199,0,0.0,0,4,0.5,65.0,0.33333333333333326,20.0,85.33333333333333,False,True,True,2186.324999999988,STOP_HIT,978
2021-08-16 12:00:00+05:30,2021,8,16,12,0,0,BUY,16564.6,16514.6,16714.6,3.0,trend_pullback_buy,STRONG_UPTREND,16564.6,0.17160088381246788,61.69521122491992,29.288338046183913,52.824794420328544,0.44506542151845707,0.8627200003927613,0.004750337340952447,0.3352665929706067,0.54171838534538,0.07702795413002672,0.20390091206770045,0.5412908119099447,1,0,4.656235591034468,0,0.0,1,0,0.6,52.02365704289492,0.33333333333333326,20.0,72.35699037622825,False,True,False,-3750.0,STOP_HIT,979
2021-08-20 11:30:00+05:30,2021,8,20,11,30,4,SELL,16470.6,16520.6,16320.599999999999,3.0,trend_bounce_sell,STRONG_DOWNTREND,16470.6,0.2722600096101953,32.09387668515576,48.742194158793325,-31.4466925098277,-16.117377214619523,0.33801274059153724,0.01504649083951774,-0.5929802007984875,-0.5929802007984875,0.06047679034839604,-0.15665515655226558,-0.3872968674227595,0,1,6.022034728202552,0,0.0,0,1,0.5,69.245316495276,0.33333333333333326,20.0,89.57864982860933,False,True,False,-3750.0,STOP_HIT,980
2021-08-24 11:15:00+05:30,2021,8,24,11,15,1,BUY,16551.0,16509.488012823927,16675.535961528218,3.0,trend_pullback_buy,STRONG_UPTREND,16551.0,0.17236766013275048,62.79874312694335,28.7479395802961,6.159474898766348,7.8675103360872205,0.9829531228822421,0.003974018857407426,0.33067720630801656,0.3848358306722366,0.12252349312842359,0.19606219135908098,0.2514432134044897,1,0,7.387833865370637,0,0.0,0,2,0.4,62.24876374817766,0.33333333333333326,20.0,82.582097081511,False,True,True,9340.19711461633,TARGET_HIT,981
2021-08-25 11:00:00+05:30,2021,8,25,11,0,2,BUY,16680.85,16635.187857142857,16817.836428571423,3.0,trend_pullback_buy,STRONG_UPTREND,16680.85,0.15207772471341238,68.99882907468233,70.55343996490954,43.701769453353336,13.15997742531864,0.7531688457031839,0.009907387493241979,0.33805222967098203,0.6841708163573212,0.05139831429656905,0.24911743660780417,0.5522220686063672,1,0,3.986011689337893,0,0.0,1,0,0.4,70.0,0.33333333333333326,20.0,90.33333333333333,False,True,False,-3424.660714285619,STOP_HIT,982
2021-08-25 11:15:00+05:30,2021,8,25,11,15,2,BUY,16702.35,16654.990714285712,16844.42785714286,3.0,trend_pullback_buy,STRONG_UPTREND,16702.35,0.15752702036368801,69.64957720461652,68.44684009110888,44.97561724348998,12.990442693909756,0.8522694732420338,0.009660574549600308,0.4676804253936906,0.7950828575911562,0.14423187502643486,0.343817057535567,0.6549108306159512,1,0,3.986011689337893,1,0.012990881102395425,1,0,0.4,70.0,0.33333333333333326,20.0,90.33333333333333,False,True,False,-3551.9464285715003,STOP_HIT,983
2021-08-31 09:45:00+05:30,2021,8,31,9,45,1,BUY,16948.65,16904.46642857143,17081.20071428571,3.0,trend_pullback_buy,STRONG_UPTREND,16948.65,0.14482822272823304,69.21807336165476,64.63544956706038,65.94505783990098,7.171755678419551,0.8736677990300616,0.007904394899388665,0.3814205546589289,0.5419017280347438,0.11581750124809442,0.31355428578212496,0.739282900689564,1,0,6.526983426957883,0,0.0,0,2,0.2,65.0,0.33333333333333326,20.0,85.33333333333333,False,True,True,9941.303571428216,TARGET_HIT,984
2021-08-31 10:00:00+05:30,2021,8,31,10,0,1,BUY,16955.35,16910.407857142854,17090.17642857143,3.0,trend_pullback_buy,STRONG_UPTREND,16955.35,0.14725651279895344,68.75618296540127,64.90872769149728,66.33460928924978,6.805176414991514,0.8811786072901284,0.00797866807275625,0.3399830748199273,0.6174597805510551,0.12427694199450556,0.3209963914725389,0.7483244939684663,1,0,6.526983426957883,1,0.01291193671640828,0,2,0.2,65.0,0.33333333333333326,20.0,85.33333333333333,False,True,True,10111.982142857414,TARGET_HIT,985
2021-09-01 10:45:00+05:30,2021,9,1,10,45,2,BUY,17130.25,17080.25,17280.25,3.0,trend_pullback_buy,STRONG_UPTREND,17130.25,0.21799364949640168,61.79456807095219,40.503042617631095,89.99184915517253,8.807458048139608,0.5987388952056206,0.01557292090877708,0.35148870110279784,0.7016089683673288,-0.11939211963163388,0.1482580602599981,0.7174272168220863,1,0,0.0,0,0.0,2,0,0.4,69.30182557057866,0.33333333333333326,20.0,89.63515890391199,False,True,False,-3750.0,STOP_HIT,986
2021-09-08 12:45:00+05:30,2021,9,8,12,45,2,SELL,17289.8,17338.374285714286,17144.07714285714,3.0,trend_bounce_sell,STRONG_DOWNTREND,17289.8,0.15607881112398497,38.91866281490869,71.12414391911774,1.7353185071624466,-11.971424693393484,-0.12561725758363784,0.005783625196869238,-0.42990132137787906,-0.6433261022598336,-0.24153825951189756,-0.3467466858964041,-0.36044158054070463,0,1,1.3552729222103277,0,0.0,0,1,0.4,75.0,0.33333333333333326,20.0,95.33333333333333,False,True,False,-3643.071428571511,STOP_HIT,987
2021-09-08 13:15:00+05:30,2021,9,8,13,15,2,SELL,17295.9,17345.9,17145.9,3.0,trend_bounce_sell,STRONG_DOWNTREND,17295.9,0.16314766587952836,35.290251425925106,69.02515460514527,-3.8489381728795706,-14.39239877523218,0.14002608478804426,0.0076226908510780905,-0.3830115652214028,-0.4987746367056567,-0.1011012132132505,-0.2416514349155574,-0.29306347104612884,0,1,1.3552729222103277,1,0.013347173456593834,0,1,0.4,75.0,0.33333333333333326,20.0,95.33333333333333,False,True,False,-3750.0,STOP_HIT,988
2021-09-13 10:45:00+05:30,2021,9,13,10,45,0,SELL,17313.85,17346.923161715295,17214.63051485411,3.0,trend_bounce_sell,STRONG_DOWNTREND,17313.85,0.1383904462942331,30.935696421369528,45.18643422049468,-6.181899083214375,-8.412327900664652,0.22662571473778126,0.0071429795184835415,-0.31895447414252986,-0.31895447414252986,-0.03497159769412228,-0.13917719529399353,-0.19065722149671505,0,1,4.0271741273062815,0,0.0,0,3,0.3,62.11186053229681,0.33333333333333326,20.0,82.44519386563015,False,True,False,-2480.4871286472007,STOP_HIT,989
2021-09-13 11:00:00+05:30,2021,9,13,11,0,0,SELL,17316.15,17345.716371059792,17227.45088682063,3.0,trend_bounce_sell,STRONG_DOWNTREND,17316.15,0.1377945691491136,32.01189148612532,49.631883487143845,-6.937843774070643,-8.251445332368826,0.26908612762739037,0.007220588768315889,-0.3057126818947209,-0.3057126818947209,-0.017354417466075578,-0.11447812295871662,-0.1704534446851702,0,1,4.0271741273062815,1,0.009340802485920566,0,3,0.3,64.77913009228631,0.33333333333333326,20.0,85.11246342561964,False,True,False,-2217.4778294843236,STOP_HIT,990
2021-09-14 09:45:00+05:30,2021,9,14,9,45,1,BUY,17417.05,17377.12214285714,17536.833571428575,3.0,trend_pullback_buy,STRONG_UPTREND,17417.05,0.12735878267067502,68.81303754023844,43.694909770634766,7.918449001157569,7.617046494755666,1.004625516789145,0.006587627367828569,0.3118718647230567,0.5829834662539612,0.18411450067801205,0.2951548921331648,0.3550354410556844,1,0,5.7250473799059245,0,0.0,0,5,0.3,61.21694586238086,0.33333333333333326,20.0,81.5502791957142,False,True,False,-2994.5892857143917,STOP_HIT,991
2021-09-14 10:00:00+05:30,2021,9,14,10,0,1,BUY,17416.8,17377.039285714287,17536.082142857136,3.0,trend_pullback_buy,STRONG_UPTREND,17416.8,0.1268274637952176,68.42041848006554,44.1427096196774,9.775323425012175,8.526528826749244,0.9374024644032802,0.006979281913295674,0.3098542878534838,0.5136255035261161,0.1460878126545717,0.266942613929122,0.33968139863533864,1,0,5.7250473799059245,1,0.011479855915846849,0,5,0.3,61.48562577180644,0.33333333333333326,20.0,81.81895910513978,False,True,True,2087.4375000000327,STOP_HIT,992
2021-09-17 11:15:00+05:30,2021,9,17,11,15,4,BUY,17714.75,17664.75,17864.75,3.0,trend_pullback_buy,STRONG_UPTREND,17714.75,0.18271698524030677,67.22410172936918,83.92711458920266,72.06063277427529,14.698434148238022,0.634127528598934,0.016818933021298898,0.4835644799909167,0.7934430706730611,-0.10612946746937357,0.17220970858324858,0.6262206290895023,1,0,6.052897580309499,0,0.0,1,0,0.3,70.0,0.33333333333333326,20.0,90.33333333333333,False,True,False,-3750.0,STOP_HIT,993
2021-09-20 10:00:00+05:30,2021,9,20,10,0,0,SELL,17548.45,17598.45,17398.45,3.0,trend_bounce_sell,STRONG_DOWNTREND,17548.45,0.288568424643121,33.56970357116015,48.686424344261546,4.822999282645469,-24.820563602742638,0.20860544796615701,0.010520553943743509,-0.4721609374025215,-0.6246195228994056,-0.08280286039122897,-0.2737323329594754,-0.28970621776168715,0,1,7.408170502519826,0,0.0,0,1,0.3,69.21185460655693,0.33333333333333326,20.0,89.54518793989025,False,True,False,-3750.0,STOP_HIT,994
2021-09-21 09:45:00+05:30,2021,9,21,9,45,1,SELL,17419.5,17469.5,17269.5,3.0,trend_bounce_sell,STRONG_DOWNTREND,17419.5,0.26515850463150814,33.256615063950406,42.23889998707305,-40.38216196143185,-18.835835715393557,0.20212941309956464,0.012468085048273033,-0.4141905276427216,-1.086546078127959,-0.13971748406561568,-0.35138427920685666,-0.6293979166579144,0,1,8.763443424730154,0,0.0,0,2,0.2,65.34333999224383,0.33333333333333326,20.0,85.67667332557716,False,True,True,2625.0,STOP_HIT,995
2021-09-21 10:45:00+05:30,2021,9,21,10,45,1,SELL,17368.35,17418.35,17218.35,3.0,trend_bounce_sell,STRONG_DOWNTREND,17368.35,0.2877154627320902,32.51755155707963,47.48935385924612,-48.674094138634246,-18.640937185767047,0.11329424002265495,0.012452328008148656,-0.3765630377423501,-0.972692207914394,-0.24082755281517043,-0.4749541805968205,-0.801918471494989,0,1,8.763443424730154,1,0.014854494438226985,0,2,0.2,68.49361231554768,0.33333333333333326,20.0,88.82694564888101,False,True,False,-3750.0,STOP_HIT,996
2021-09-21 12:00:00+05:30,2021,9,21,12,0,1,SELL,17381.35,17431.35,17231.35,3.0,trend_bounce_sell,STRONG_DOWNTREND,17381.35,0.27488412251391176,45.380410675656165,33.404111867922516,-53.79466322243388,-14.165290327861534,0.30468229331134555,0.009925102293710809,-0.47183451435116597,-0.6916194350489291,-0.04784824504279195,-0.23887052769797634,-0.5902675958035508,0,1,7.814752379182924,2,0.014854494438226985,1,0,0.2,70.04246712075351,0.33333333333333326,20.0,90.37580045408684,False,True,False,-3750.0,STOP_HIT,997
2021-09-24 10:00:00+05:30,2021,9,24,10,0,4,BUY,17877.35,17827.35,18027.35,3.0,trend_pullback_buy,STRONG_UPTREND,17877.35,0.20772493845963674,69.86665138706675,51.304723764559235,77.35360443427999,13.20409905982379,0.8505067261512097,0.011449920004858173,0.5333895683958811,0.8703330681427035,0.13567589889869058,0.4072825799208424,0.8909123477392367,1,0,10.52529822360358,0,1.734723475976807e-18,0,2,0.2,70.0,0.33333333333333326,20.0,90.33333333333333,False,True,True,2625.0,STOP_HIT,998
2021-09-24 11:00:00+05:30,2021,9,24,11,0,4,BUY,17910.95,17860.95,18060.95,3.0,trend_pullback_buy,STRONG_UPTREND,17910.95,0.23425414540905112,68.63456814624887,59.48078410658844,84.5428650918875,13.895902616904493,0.783257488806624,0.014117762504396045,0.43598456810891584,0.8170192166972567,0.08912014398667623,0.3805335878051652,0.9066546517584317,1,0,9.57660717805635,1,1.734723475976807e-18,1,0,0.3,70.0,0.33333333333333326,20.0,90.33333333333333,False,True,False,-3750.0,STOP_HIT,999
2021-09-24 11:15:00+05:30,2021,9,24,11,15,4,BUY,17901.1,17851.1,18051.1,3.0,trend_pullback_buy,STRONG_UPTREND,17901.1,0.2368769038135702,65.58689475812477,60.30748724361404,84.34952440204142,12.332305734352573,0.7208818189144391,0.013981982368048254,0.4384796007394831,0.7173560786784883,0.027259615591512798,0.2956671231467922,0.8175099842351541,1,0,9.57660717805635,2,0.014988078636675914,1,0,0.3,70.0,0.33333333333333326,20.0,90.33333333333333,False,True,False,-3750.0,STOP_HIT,1000
2021-09-30 13:30:00+05:30,2021,9,30,13,30,3,SELL,17621.45,17671.45,17471.45,3.0,trend_bounce_sell,STRONG_DOWNTREND,17621.45,0.18204274579317584,31.63084686980619,38.28389338803591,-17.154587189957965,-1.3601641540269522,-0.07562201072595467,0.006905347151979142,-0.39004095430019703,-0.4491284366093362,-0.259469986437888,-0.35989906861620957,-0.4610874748429139,0,1,12.287153022477005,0,0.0,0,2,0.3,61.57197757309106,0.33333333333333326,20.0,81.9053109064244,False,True,False,-3750.0,STOP_HIT,1001
2021-09-30 14:00:00+05:30,2021,9,30,14,0,3,SELL,17636.0,17686.0,17486.0,3.0,trend_bounce_sell,STRONG_DOWNTREND,17636.0,0.19843744937303745,40.29098897110377,37.56555852659199,-18.53123405734732,-2.341019998300471,0.11257533216126736,0.00730260634134031,-0.5074481198468983,-0.42515230389638115,-0.14591087484813192,-0.24629717998467804,-0.3574810556670416,0,1,13.642425944687334,1,0.0,0,3,0.3,72.5393351159552,0.33333333333333326,20.0,92.87266844928853,False,True,True,11250.0,TARGET_HIT,1002
2021-09-30 14:15:00+05:30,2021,9,30,14,15,3,SELL,17598.85,17648.85,17448.85,3.0,trend_bounce_sell,STRONG_DOWNTREND,17598.85,0.2190281101971375,35.420297675690136,38.74457737968513,-21.186901897559437,-4.49701905466133,-0.05996787018272257,0.008478758558504529,-0.7016227317865997,-0.3660090016135098,-0.2852049607388052,-0.41510590633460076,-0.5452479511112607,0,1,13.642425944687334,2,0.015693735460218756,0,3,0.3,68.24674642781108,0.33333333333333326,20.0,88.5800797611444,False,True,True,2625.0,STOP_HIT,1003
2021-10-01 10:45:00+05:30,2021,10,1,10,45,4,SELL,17544.75,17594.75,17394.75,3.0,trend_bounce_sell,STRONG_DOWNTREND,17544.75,0.2644258661015796,32.27861967925401,60.30121880312917,-48.07642198434769,-16.4834623799886,0.3127655671475987,0.014873323585961792,-0.522202093911317,-0.9543406835348711,0.017740327691018187,-0.2363693723911986,-0.5478214672570592,0,1,9.57660717805635,0,0.015693735460218756,1,0,0.3,70.0,0.33333333333333326,20.0,90.33333333333333,False,True,True,2625.0,STOP_HIT,1004
2021-10-12 12:15:00+05:30,2021,10,12,12,15,1,SELL,17891.7,17936.075973738938,17758.57207878319,3.0,trend_bounce_sell,STRONG_DOWNTREND,17891.7,0.20785775367508855,33.43482864879249,31.052421990312308,5.320925927873759,-17.343613681251764,0.1287392109465281,0.007714030297227248,-0.3930454340479672,-0.555811846573695,-0.12156204460475051,-0.24735897246143113,-0.24741182967729092,0,1,7.679225086961891,0,0.0,3,0,0.5,58.63145319418739,0.33333333333333326,20.0,78.96478652752072,False,True,False,-3328.198030420299,STOP_HIT,1005
2021-10-20 12:45:00+05:30,2021,10,20,12,45,2,SELL,18318.55,18368.55,18168.55,3.0,trend_bounce_sell,STRONG_DOWNTREND,18318.55,0.2492399390625523,41.320750918086034,67.40554899203235,-29.373461334351305,-29.126064024477163,0.17310315080944952,0.01221996542183152,-0.557508312410937,-1.0898792682663583,-0.13844647112715158,-0.40748182987785375,-0.6268302399616177,0,1,8.882056199063854,0,0.0,0,1,0.4,80.0,0.33333333333333326,20.0,100.33333333333333,False,True,True,11250.0,TARGET_HIT,1006
2021-10-20 13:15:00+05:30,2021,10,20,13,15,2,SELL,18309.3,18359.3,18159.3,3.0,trend_bounce_sell,STRONG_DOWNTREND,18309.3,0.252330782716981,34.67071672425088,58.94587152918324,-33.14511374670474,-26.871907020028655,0.1521444302645948,0.010349651127250645,-0.43368200097340104,-0.960412401247368,-0.15268220095893126,-0.3949276284388237,-0.6326735426952168,0,1,8.882056199063854,1,0.014873831274893229,0,1,0.4,70.0,0.33333333333333326,20.0,90.33333333333333,False,True,True,2625.0,STOP_HIT,1007
2021-10-21 14:15:00+05:30,2021,10,21,14,15,3,SELL,18101.55,18151.55,17951.55,3.0,trend_bounce_sell,STRONG_DOWNTREND,18101.55,0.23095891156913384,42.572125614058116,30.891226046753587,-80.01153511698067,-12.030953263375935,0.25320100833788906,0.012902987292100251,-0.32597772669080705,-1.0435999551727693,-0.07505544104178252,-0.3238419080767829,-0.805758886357133,0,1,3.8675463868856523,0,0.0,2,0,0.6,68.53473562805215,0.33333333333333326,20.0,88.86806896138548,False,True,False,-3750.0,STOP_HIT,1008
2021-10-22 14:45:00+05:30,2021,10,22,14,45,4,SELL,18100.9,18150.9,17950.9,3.0,trend_bounce_sell,STRONG_DOWNTREND,18100.9,0.2927833896183539,35.05531501038858,52.51298114478975,-46.42668660398704,-3.8015601134264827,0.29151149572712015,0.01636628207387705,-0.33614231951965,-0.8699461931296892,-0.04334099567322447,-0.21595387356021511,-0.4854744273257938,0,1,5.22281930909598,0,0.0,0,1,0.5,75.0,0.33333333333333326,20.0,95.33333333333333,False,True,True,2625.0,STOP_HIT,1009
2021-10-25 09:45:00+05:30,2021,10,25,9,45,0,SELL,17984.1,18034.1,17834.1,3.0,trend_bounce_sell,STRONG_DOWNTREND,17984.1,0.3366862951162419,33.25384509157857,51.342823741062425,-50.94827987936878,-6.387004087047352,-0.1589761052947708,0.010460388634803437,-0.589527797355005,-1.204177264561923,-0.4988377357784457,-0.6976992985515018,-0.9965344479958116,0,1,5.22281930909598,0,0.014299569921057973,0,1,0.5,70.0,0.33333333333333326,20.0,90.33333333333333,False,True,False,-3750.0,STOP_HIT,1010
2021-10-26 10:15:00+05:30,2021,10,26,10,15,1,BUY,18208.8,18158.8,18358.8,3.0,trend_pullback_buy,STRONG_UPTREND,18208.8,0.2684534008673965,57.579268856550904,41.66877548997125,1.3123175015534798,19.28993941085803,0.7617767134636418,0.010514217463606881,0.6202839767801116,0.21877863729804492,0.07267654909610677,0.2394319461138661,0.28219272771026205,1,0,5.629401185759078,0,0.0,0,1,0.6,75.00126529398275,0.33333333333333326,20.0,95.33459862731608,False,True,False,-3750.0,STOP_HIT,1011
2021-10-27 10:30:00+05:30,2021,10,27,10,30,2,BUY,18295.25,18245.25,18445.25,3.0,trend_pullback_buy,STRONG_UPTREND,18295.25,0.202609186225151,68.0631724591153,41.080099759837005,34.079784159632254,16.249808370444473,0.741275243186893,0.011888936402098009,0.3405884337045251,0.7450461042018297,0.05718868201425309,0.24420302947916195,0.4712959744875844,1,0,6.984674107969406,0,0.0,0,2,0.6,64.6480598559022,0.33333333333333326,20.0,84.98139318923553,False,True,False,-3750.0,STOP_HIT,1012
2021-10-29 10:15:00+05:30,2021,10,29,10,15,4,SELL,17850.8,17900.8,17700.8,3.0,trend_bounce_sell,STRONG_DOWNTREND,17850.8,0.40376341676563343,33.45933828694042,56.56212204570642,-98.70947164172321,-26.541291804934517,0.33326412632905983,0.020353241760328263,-0.3530748211599266,-1.2472166516838468,0.036144088742862124,-0.3340764925044537,-0.9550589040616009,0,1,8.339947030179735,0,0.0,0,3,0.5,65.0,0.33333333333333326,20.0,85.33333333333333,False,True,True,11250.0,TARGET_HIT,1013
2021-10-29 13:00:00+05:30,2021,10,29,13,0,4,SELL,17742.6,17792.6,17592.6,3.0,trend_bounce_sell,STRONG_DOWNTREND,17742.6,0.339980772668203,45.670347964828615,41.88884072772881,-93.98286263096452,-7.563617040608207,0.06230641089559952,0.011270041539116734,-0.8748994368463547,-0.8884655883675707,-0.37098442329739356,-0.6101505864053336,-1.1717954429127486,0,1,8.339947030179735,1,0.014785862306413471,0,3,0.5,75.13330443663729,0.33333333333333326,20.0,95.46663776997062,False,True,True,2625.0,STOP_HIT,1014
2021-10-29 14:30:00+05:30,2021,10,29,14,30,4,SELL,17710.45,17760.45,17560.45,3.0,trend_bounce_sell,STRONG_DOWNTREND,17710.45,0.32680463471324356,30.63922809154559,45.81910682888833,-103.52151202258028,-10.564125714884966,0.18939838370287626,0.015575828876758306,-0.6194990699096681,-0.35109731978831826,-0.12392149110668216,-0.4418821456189659,-1.0646399046131516,0,1,4.274128263548751,2,0.014785862306413471,1,0,0.5,67.491464097333,0.33333333333333326,20.0,87.82479743066632,False,True,True,2625.0,STOP_HIT,1015
2021-11-03 09:45:00+05:30,2021,11,3,9,45,2,BUY,17962.2,17912.2,18112.2,3.0,trend_pullback_buy,STRONG_UPTREND,17962.2,0.2098255542989461,65.86212374769364,39.65419809843946,14.965357596094691,4.752450908097456,0.9058468448841313,0.006417981654193508,0.5139798604951951,0.05960504693200974,0.1795272743448928,0.2533993082799668,0.35504525599987513,1,0,2.376746172454292,0,0.0,3,0,0.6,63.79251885906368,0.33333333333333326,20.0,84.125852192397,False,True,False,-3750.0,STOP_HIT,1016
2021-11-03 10:00:00+05:30,2021,11,3,10,0,2,BUY,17961.15,17911.15,18111.15,3.0,trend_pullback_buy,STRONG_UPTREND,17961.15,0.2076107917047914,62.83278637793568,38.05349873958107,16.3177790085756,5.494385088520527,0.8596926996193435,0.006798948737290957,0.4030398483988895,0.20055564233594225,0.13888869469136367,0.2249847217881351,0.3354396697079043,1,0,2.376746172454292,1,0.013882685416370739,3,0,0.6,67.83209924374864,0.33333333333333326,20.0,88.16543257708197,False,True,False,-3750.0,STOP_HIT,1017
2021-11-10 11:15:00+05:30,2021,11,10,11,15,2,SELL,17960.15,17989.04261743218,17873.472147703465,3.0,trend_bounce_sell,STRONG_DOWNTREND,17960.15,0.18461506645068326,33.10909793456122,38.45571864974723,4.722895033948589,-18.386146640233918,0.2929597469051096,0.00987295647972057,-0.4660764509469728,-0.5066032927828923,-0.03416413512837835,-0.15575520401143184,-0.1606123129875736,0,1,5.087292016874947,0,0.0,0,2,0.4,63.073431189848336,0.33333333333333326,20.0,83.40676452318166,False,True,False,-2166.9463074134,STOP_HIT,1018
2021-11-10 11:30:00+05:30,2021,11,10,11,30,2,SELL,17965.05,17988.101730474056,17895.89480857783,3.0,trend_bounce_sell,STRONG_DOWNTREND,17965.05,0.1794555857862076,38.373825933629455,39.30924391203115,3.4738376325658464,-17.671683637454993,0.3398225868856853,0.00954113001808007,-0.438920985909641,-0.48634980072398415,-0.0055127424408496495,-0.11684553782868035,-0.12814987828874136,0,1,5.087292016874947,1,0.008251241143509634,0,2,0.4,68.5855463472187,0.33333333333333326,20.0,88.91887968055202,False,True,False,-1728.8797855542725,STOP_HIT,1019
2021-11-10 15:15:00+05:30,2021,11,10,15,15,2,BUY,18017.2,17994.39540737789,18085.61377786633,3.0,trend_pullback_buy,STRONG_UPTREND,18017.2,0.1514822344363014,66.84119938210021,42.59304310510273,7.793227692556684,0.18620656847913164,0.7199768764210058,0.007324991503028545,0.3480982695338808,0.3427890385477417,0.028219846178489938,0.08521243011792023,0.12673164119068048,1,0,6.495267380458826,2,0.0,0,4,0.3,52.41789154785296,0.33333333333333326,20.0,72.75122488118629,False,True,False,-1710.3444466582005,STOP_HIT,1020
2021-11-11 09:45:00+05:30,2021,11,11,9,45,3,SELL,17922.95,17972.95,17772.95,3.0,trend_bounce_sell,STRONG_DOWNTREND,17922.95,0.18045498728087367,43.50558025030735,37.236573753999316,-0.6875274607191386,-6.815413956412891,0.08689219101769147,0.008595994335264952,-0.6245980172547516,-0.2071252188873718,-0.26756615955627616,-0.3415840836480166,-0.3595966345271484,0,1,7.113396318114465,0,0.0,0,5,0.3,72.34194425239959,0.33333333333333326,20.0,92.67527758573291,False,True,True,2625.0,STOP_HIT,1021
2021-11-12 13:00:00+05:30,2021,11,12,13,0,4,BUY,18020.85,17974.172142857144,18160.883571428563,3.0,trend_pullback_buy,STRONG_UPTREND,18020.85,0.14390077525279077,68.20200652124672,41.073395274187064,7.352723175197752,16.6506795116602,0.9162710786734121,0.01029411447421728,0.5122985107925526,1.034687687468816,0.24432286177900053,0.4013395744816295,0.47168794473706477,1,0,6.164705272567236,0,0.0,1,0,0.4,59.64403716451224,0.33333333333333326,20.0,79.97737049784558,False,True,True,10502.517857142357,TARGET_HIT,1022
2021-11-17 12:45:00+05:30,2021,11,17,12,45,2,SELL,17948.6,17998.6,17798.6,3.0,trend_bounce_sell,STRONG_DOWNTREND,17948.6,0.161094936174885,45.95313943148601,48.54056838477357,-26.13793381801952,-11.930813533363162,0.137807470658105,0.005361177866600978,-0.3096473907694519,-0.24925736865361037,-0.1001057587462717,-0.23044839816994678,-0.4055215831672676,0,1,2.3690311214164375,0,0.0,2,0,0.5,79.12434103086414,0.33333333333333326,20.0,99.45767436419747,False,True,True,11250.0,TARGET_HIT,1023
2021-11-22 15:00:00+05:30,2021,11,22,15,0,0,SELL,17395.4,17445.4,17245.4,3.0,trend_bounce_sell,STRONG_DOWNTREND,17395.4,0.3174895169330468,32.51655808471713,74.3711638609221,-109.48729906753579,-24.131841084417275,0.28628787293318647,0.019643589157967684,-0.5161375184794426,-1.3527882295231608,-0.02999289598613064,-0.4488558343704985,-1.1378726446832799,0,1,0.0,0,0.0,3,0,0.5,70.0,0.33333333333333326,20.0,90.33333333333333,False,True,True,2625.0,STOP_HIT,1024
2021-11-22 15:15:00+05:30,2021,11,22,15,15,0,SELL,17416.55,17466.55,17266.55,3.0,trend_bounce_sell,STRONG_DOWNTREND,17416.55,0.31788319566323614,38.53619228900722,71.66549650697513,-108.58019585597867,-20.902264085574146,0.3667036961103309,0.018432479114521175,-0.3515848495251217,-1.0552598240002764,0.07323019448397527,-0.2981049342971609,-0.978153900326606,0,1,0.0,1,0.013326605034353822,3,0,0.5,75.0,0.33333333333333326,20.0,95.33333333333333,False,True,True,2625.0,STOP_HIT,1025
2021-11-25 15:15:00+05:30,2021,11,25,15,15,3,BUY,17536.25,17502.961999230432,17636.114002308703,3.0,trend_pullback_buy,STRONG_UPTREND,17536.25,0.2094640693257784,57.9971504796254,39.65324696741656,0.8852244374247675,10.372667834968315,0.7587299014086928,0.007700180133417398,0.388415653408436,0.7676991722525006,0.06389225410077248,0.16480025284919542,0.19018495710059202,1,0,0.0,0,0.0,5,0,0.5,73.79194818044994,0.33333333333333326,20.0,94.12528151378326,False,True,False,-2496.600057717569,STOP_HIT,1026
2021-11-29 10:15:00+05:30,2021,11,29,10,15,0,SELL,17032.7,17082.7,16882.7,3.0,trend_bounce_sell,STRONG_DOWNTREND,17032.7,0.4961255199033102,39.024732036794845,46.94968942766733,-111.1272064351142,-14.70120972307329,0.2841589748929112,0.016020124706562947,-0.7094389777549837,-0.7944504953666609,-0.07577798708072736,-0.3931795234950908,-1.0950367534762306,0,1,0.8709819518288892,0,0.0,0,1,0.5,68.1698136566004,0.33333333333333326,20.0,88.50314698993373,False,True,False,-3750.0,STOP_HIT,1027
2021-11-29 10:30:00+05:30,2021,11,29,10,30,0,SELL,17002.1,17052.1,16852.1,3.0,trend_bounce_sell,STRONG_DOWNTREND,17002.1,0.4936575061736069,39.64036412636919,48.76128710635367,-111.7030315151278,-13.749331322778204,0.20529780945182016,0.016363002563483702,-0.6486259064693134,-0.8531408178022559,-0.20434135756922656,-0.520386650951199,-1.2234237795319625,0,1,0.8709819518288892,1,0.013197468775366166,0,1,0.5,69.2567722638122,0.33333333333333326,20.0,89.59010559714552,False,True,False,-3750.0,STOP_HIT,1028
2021-12-02 14:30:00+05:30,2021,12,2,14,30,3,BUY,17359.15,17309.225714285716,17508.922857142858,3.0,trend_pullback_buy,STRONG_UPTREND,17359.15,0.1597757625558523,69.76878929020886,37.18564640608407,47.154697766436584,12.41612519683251,1.091625649101917,0.005299353999218988,0.46327644379628996,0.5578453152289553,0.20047805898388837,0.38216206730563584,0.6960996979028966,1,0,3.487486192675784,0,0.0,0,3,0.5,62.31138784365044,0.33333333333333326,20.0,82.64472117698378,False,True,True,2621.0250000000087,STOP_HIT,1029
2021-12-02 14:45:00+05:30,2021,12,2,14,45,3,BUY,17369.15,17321.17357142857,17513.07928571429,3.0,trend_pullback_buy,STRONG_UPTREND,17369.15,0.15345351631237725,64.95590212523032,33.224293288302235,48.839611008595966,12.690934595092699,1.0874215035242436,0.005808225598766757,0.4153827475964489,0.6017868261392278,0.20645343112362102,0.39982982194741723,0.7243201703492907,1,0,3.487486192675784,1,0.013534732454846342,0,3,0.5,64.93457597298135,0.33333333333333326,20.0,85.26790930631468,False,True,True,2518.762500000048,STOP_HIT,1030
2021-12-03 09:45:00+05:30,2021,12,3,9,45,4,BUY,17388.25,17338.25,17538.25,3.0,trend_pullback_buy,STRONG_UPTREND,17388.25,0.21786058319349122,63.95819211510294,35.78292335741601,61.18988511300631,14.883988229198373,0.7010847757613328,0.011796049277539024,0.4204337744615261,0.3879672421706504,-0.02560077039658326,0.22218798124864492,0.6235850390260866,1,0,2.5730964556270117,0,0.01300665829391218,1,0,0.6,66.4697540144496,0.33333333333333326,20.0,86.80308734778293,False,True,False,-3750.0,STOP_HIT,1031
2021-12-03 10:00:00+05:30,2021,12,3,10,0,4,BUY,17393.05,17343.05,17543.05,3.0,trend_pullback_buy,STRONG_UPTREND,17393.05,0.21948421927148648,63.7532160966729,37.04869496995877,61.15191873197546,13.361419663350766,0.7035114569056371,0.011846614934100542,0.4342340417545998,0.4754271189867598,0.0015976021400021523,0.22708856816406886,0.625658602148671,1,0,1.69438275390217,1,0.013428037562823753,2,0,0.7,67.22921698197526,0.33333333333333326,20.0,87.56255031530858,False,True,False,-3750.0,STOP_HIT,1032
2021-12-06 13:15:00+05:30,2021,12,6,13,15,0,SELL,17066.0,17116.0,16916.0,3.0,trend_bounce_sell,STRONG_DOWNTREND,17066.0,0.19399474309822065,31.324030256691856,61.89049666733106,-56.53677247748419,-25.2371616050886,0.24947429572484425,0.011850541544276196,-0.3451074738249571,-1.0454416309585213,-0.07164903240706177,-0.34413924354557146,-0.7375400492795725,0,1,4.310886994749065,0,0.0,0,2,0.5,70.0,0.33333333333333326,20.0,90.33333333333333,False,True,True,11250.0,TARGET_HIT,1033
2021-12-08 14:00:00+05:30,2021,12,8,14,0,2,BUY,17453.8,17412.63142857143,17577.30571428571,3.0,trend_pullback_buy,STRONG_UPTREND,17453.8,0.1310398226829021,66.81465513655786,35.516020660425156,77.05851332077509,19.799748271970635,0.8534800602905948,0.005538746644481914,0.31034839480914567,1.6132318780673671,0.08016524899772115,0.34885228630563425,0.858293610482086,1,0,0.3861306334787229,0,0.0,1,0,0.5,56.30961239625509,0.33333333333333326,20.0,76.64294572958843,False,True,False,-3087.6428571427823,STOP_HIT,1034
2021-12-13 11:15:00+05:30,2021,12,13,11,15,0,BUY,17575.2,17525.2,17725.2,3.0,trend_pullback_buy,STRONG_UPTREND,17575.2,0.1967870310762571,68.12112977057033,53.8105038865376,43.566564078348165,9.572927094727682,0.6454615907424489,0.017207898471106806,0.3649072313306245,0.8344927494657206,-0.021567896345020543,0.16585794332020232,0.43926216582614863,1,0,1.4633080508033514,0,0.0,0,1,0.4,70.0,0.33333333333333326,20.0,90.33333333333333,False,True,False,-3750.0,STOP_HIT,1035
2021-12-14 11:15:00+05:30,2021,12,14,11,15,1,SELL,17294.55,17344.55,17144.55,3.0,trend_bounce_sell,STRONG_DOWNTREND,17294.55,0.240145842806794,34.77162606898753,52.434695440907156,-48.44804768827089,-27.40342499814327,0.30235601605734014,0.013207929913137042,-0.42433751241489626,-0.5583139035111762,0.013970359207138294,-0.28372788774720936,-0.6268698581336385,0,1,2.7715601712267985,0,0.0,0,2,0.3,70.0,0.33333333333333326,20.0,90.33333333333333,False,True,False,-3750.0,STOP_HIT,1036
2021-12-22 10:00:00+05:30,2021,12,22,10,0,2,BUY,16884.0,16834.0,17034.0,3.0,trend_pullback_buy,STRONG_UPTREND,16884.0,0.29933241953497786,49.429788945616494,32.00674184885985,1.6740557669618283,20.51824775381325,0.6208227360933871,0.015360750487234466,0.5457842410383495,-0.031084861672370234,0.2043204231688911,0.31293823761537887,0.37334786932023967,1,0,4.079812291650246,0,0.0,0,3,0.3,69.20404510931591,0.33333333333333326,20.0,89.53737844264924,False,True,False,-3750.0,STOP_HIT,1037
2021-12-22 10:30:00+05:30,2021,12,22,10,30,2,BUY,16839.6,16822.048209272692,16899.6,3.0,trend_pullback_buy,STRONG_UPTREND,16839.6,0.3119560016695344,45.96900592214216,30.453373058299128,2.0707969090253755,16.986237862982627,0.4818358693634204,0.01442212611816624,0.5337249704481017,-0.5136900313412962,-0.02364487515265079,0.047979932309782924,0.10433801228575401,1,0,5.388064412073693,1,0.0,0,4,0.3,68.27202383497948,0.33333333333333326,20.0,88.6053571683128,False,True,True,4500.0,TARGET_HIT,1038
2021-12-22 10:45:00+05:30,2021,12,22,10,45,2,BUY,16866.55,16823.793377536505,16994.81986739048,3.0,trend_pullback_buy,STRONG_UPTREND,16866.55,0.31740761617351676,51.1885498432114,30.732528286658916,3.5852270376344677,16.650601192432546,0.6029662702545023,0.014088837536758145,0.4652007779157641,-0.22420131977083368,0.10905563073624336,0.18914253650188506,0.2541437683167391,1,0,5.388064412073693,2,0.004853968432954675,0,4,0.3,68.43951697199535,0.33333333333333326,20.0,88.77285030532867,False,True,True,9620.240054286114,TARGET_HIT,1039
2021-12-27 09:45:00+05:30,2021,12,27,9,45,0,SELL,16956.5,16985.778446114757,16868.66466165573,3.0,trend_bounce_sell,STRONG_DOWNTREND,16956.5,0.2961148484988888,49.62305764834026,36.958460065887536,2.7325881403812673,-9.818255532873499,0.3211589388137714,0.008903316939379584,-0.31891597960113094,0.0412991533673468,-0.09607922319366802,-0.1689316590920975,-0.17237035210154739,0,1,0.4619753475649092,0,0.0,2,0,0.4,72.17507603953253,0.33333333333333326,20.0,92.50840937286586,False,True,False,-2195.8834586067496,STOP_HIT,1040
2021-12-27 10:00:00+05:30,2021,12,27,10,0,0,SELL,16963.65,16984.91066391418,16899.86800825747,3.0,trend_bounce_sell,STRONG_DOWNTREND,16963.65,0.3052745976586055,53.114625566623104,36.98096034219224,1.6886175443432876,-9.77600351602033,0.36134054450579367,0.008765286229677522,-0.45624185806329987,0.08850262410280418,-0.04316707072714587,-0.1153189071955385,-0.12517383420419526,0,1,0.4619753475649092,1,0.00769627272513831,2,0,0.4,72.18857620531534,0.33333333333333326,20.0,92.52190953864867,False,True,False,-1594.5497935633284,STOP_HIT,1041
2021-12-27 13:45:00+05:30,2021,12,27,13,45,0,BUY,17070.75,17020.75,17220.75,3.0,trend_pullback_buy,STRONG_UPTREND,17070.75,0.17483958567390848,68.5095149289961,40.111091127360794,17.960808133804676,7.3731408144520145,0.815323897429633,0.010940348357893122,0.4002305516182636,0.3940307285157596,0.10987880655566329,0.2482130795099069,0.36874696594897394,1,0,1.7843333047582428,2,8.673617379884035e-19,0,2,0.3,64.06665467641648,0.33333333333333326,20.0,84.3999880097498,False,True,True,11250.0,TARGET_HIT,1042
2021-12-27 14:00:00+05:30,2021,12,27,14,0,0,BUY,17080.15,17030.15,17230.15,3.0,trend_pullback_buy,STRONG_UPTREND,17080.15,0.1707914074023292,65.11530904169949,42.40024419121714,19.524824819167407,8.04344174983327,0.8286493896756999,0.011492209598367093,0.4510849268824835,0.4493126516209811,0.13195986135809967,0.27575549084308815,0.40731919946757067,1,0,1.7843333047582428,3,0.013320197932198408,0,2,0.3,65.44014651473029,0.33333333333333326,20.0,85.77347984806362,False,True,True,11250.0,TARGET_HIT,1043
2021-12-31 10:45:00+05:30,2021,12,31,10,45,4,BUY,17330.25,17280.25,17480.25,3.0,trend_pullback_buy,STRONG_UPTREND,17330.25,0.20245359579760588,65.52612956856856,41.95004853566299,28.852273201475327,9.189575801312554,0.7739558710274511,0.013438323376456028,0.7335482052191145,0.47570181236302744,0.09452455376044444,0.2861025872776368,0.47341816998385244,1,0,0.0,0,0.0,2,0,0.4,65.17002912139779,0.33333333333333326,20.0,85.50336245473112,False,True,True,2625.0,STOP_HIT,1044
2021-12-31 13:15:00+05:30,2021,12,31,13,15,4,BUY,17386.1,17348.949285714283,17497.552142857145,3.0,trend_pullback_buy,STRONG_UPTREND,17386.1,0.11871141724875335,62.10245486625397,67.08881165517604,43.493048620261106,11.506572363961794,0.7189026420739727,0.013551451340698722,0.32226886513464503,1.0581810678299552,0.08594411997997486,0.28026333019024463,0.5624618609961329,1,0,0.0,1,0.012334416701171498,2,0,0.4,70.0,0.33333333333333326,20.0,90.33333333333333,False,True,False,-2403.7499999999454,YEAR_END,1045
2022-01-07 11:00:00+05:30,2022,1,7,11,0,4,BUY,17824.25,17782.906965601775,17948.279103194676,3.0,trend_pullback_buy,STRONG_UPTREND,17824.25,0.2004291905690229,64.18832437583751,53.89241687226996,24.727374742935353,10.996580775425938,0.6126884388491276,0.016290005894414674,0.47916343701115416,0.7520688251786201,-0.11791767356531535,0.07663750975626105,0.23248749193929275,1,0,0.0,0,0.0,0,0,0.5,75.0,0.33333333333333326,20.0,95.33333333333333,False,True,False,-3100.727579866907,STOP_HIT,1046
2022-01-07 11:15:00+05:30,2022,1,7,11,15,4,BUY,17842.1,17792.1,17992.1,3.0,trend_pullback_buy,STRONG_UPTREND,17842.1,0.18875901059051564,60.9820116753092,51.566782319294,25.303502445578488,10.415437630262165,0.655520636517443,0.015916011116259243,0.5420970477687748,0.7288432224919372,-0.014313548562561174,0.16075481199713249,0.3197695193832173,1,0,0.0,1,0.03100727579866907,0,0,0.5,75.0,0.33333333333333326,20.0,95.33333333333333,False,True,,,,1047
2022-01-07 11:30:00+05:30,2022,1,7,11,30,4,BUY,17834.65,17787.166368477458,17977.100894567633,3.0,trend_pullback_buy,STRONG_UPTREND,17834.65,0.18853748181208466,58.642604599947205,49.000193149413796,25.446375211326085,9.502479356408784,0.6116525329348308,0.015334141260608463,0.5001155196411533,0.6913313986969483,-0.04485522659393171,0.10810877848812517,0.26695444647493183,1,0,0.0,1,0.03100727579866907,0,0,0.5,79.40011588964828,0.33333333333333326,20.0,99.7334492229816,False,True,,,,1048
2022-01-10 14:15:00+05:30,2022,1,10,14,15,0,BUY,17976.35,17934.564285714285,18101.70714285714,3.0,trend_pullback_buy,STRONG_UPTREND,17976.35,0.12913792685548645,54.19196311416095,32.251974297147335,49.057076701494225,8.869210205329637,0.8084762065863453,0.004244729882176808,0.3741062629297076,0.48267188373392056,0.08099315211365088,0.2331750844289271,0.5359432364141936,1,0,3.100727579866914,0,0.0,0,1,0.0,64.3511845782884,0.33333333333333326,20.0,84.68451791162173,False,True,True,9401.785714285597,TARGET_HIT,1049
2022-01-19 14:15:00+05:30,2022,1,19,14,15,2,SELL,17917.8,17967.8,17767.8,3.0,trend_bounce_sell,STRONG_DOWNTREND,17917.8,0.18895814696638313,35.3011688333593,74.05008135566813,-87.45632959996146,-21.3114549917303,0.2823220108476502,0.010415252463532145,-0.36699696393420744,-0.8946572232162886,-0.046462153811321905,-0.3374419372978332,-0.8837429568709587,0,1,0.0,0,0.0,1,0,0.5,75.0,0.33333333333333326,20.0,95.33333333333333,False,True,True,11250.0,TARGET_HIT,1050
2022-01-20 10:00:00+05:30,2022,1,20,10,0,3,SELL,17843.25,17893.25,17693.25,3.0,trend_bounce_sell,STRONG_DOWNTREND,17843.25,0.21830984505945855,36.46204548676583,36.95990234210575,-84.03041482909248,-7.574590786554893,-0.0614432885746259,0.0075875924401195664,-0.46828283279040095,-0.7536675241604618,-0.29991538448108646,-0.5128812719199516,-1.0159156598896657,0,1,0.0,0,0.03527716530590025,1,0,0.5,67.17594140526344,0.33333333333333326,20.0,87.50927473859677,False,True,,,,1051
2022-01-20 14:45:00+05:30,2022,1,20,14,45,3,SELL,17716.2,17766.2,17566.2,3.0,trend_bounce_sell,STRONG_DOWNTREND,17716.2,0.20106698147135887,38.4702736024399,66.3810823013877,-101.82338730394622,-8.377759722879446,0.27001316738381165,0.013023854734767325,-0.5757963499225416,-0.8409616907667727,-0.017792773249392102,-0.3176982146311347,-0.9264260883802944,0,1,0.0,0,0.0,2,0,0.6666666666666666,75.0,0.33333333333333326,20.0,95.33333333333333,False,True,True,2625.0,STOP_HIT,1052
2022-01-20 15:00:00+05:30,2022,1,20,15,0,3,SELL,17764.8,17814.8,17614.8,3.0,trend_bounce_sell,STRONG_DOWNTREND,17764.8,0.20990546313094535,48.36370444846276,60.76198506155077,-99.0319093150647,-5.027653560598139,0.49681734132086414,0.012425374282883843,-0.31172227257040275,-0.4396620570804144,0.20508168828123896,-0.04022393333977803,-0.6291315792366747,0,1,0.0,1,0.031901031428504076,2,0,0.6666666666666666,80.0,0.33333333333333326,20.0,100.33333333333333,False,True,,,,1053
2022-01-21 10:00:00+05:30,2022,1,21,10,0,4,SELL,17631.2,17681.2,17481.2,3.0,trend_bounce_sell,STRONG_DOWNTREND,17631.2,0.3432834974363666,38.52456891048425,49.57466317695138,-102.31267763645519,-5.601784400421778,0.18223742455513198,0.01607002924932169,-0.4218932672160114,-0.8143024704727497,-0.23215177402363674,-0.5165057339317158,-1.1228459354757692,0,1,0.0,0,0.031901031428504076,2,0,0.6666666666666666,74.74479790617083,0.33333333333333326,20.0,95.07813123950416,False,True,,,,1054
2022-01-21 11:15:00+05:30,2022,1,21,11,15,4,SELL,17615.85,17665.85,17465.85,3.0,trend_bounce_sell,STRONG_DOWNTREND,17615.85,0.34246755863936085,43.362423652080984,40.49955553989933,-106.46270127926618,-5.890591214542226,0.2951996301150485,0.015204477237383763,-0.7948977867883178,-1.0620642012474146,-0.05244054413974242,-0.3432152690634349,-0.9762756745721801,0,1,0.0,0,0.031901031428504076,2,0,0.6666666666666666,74.2997333239396,0.33333333333333326,20.0,94.63306665727293,False,True,,,,1055
2022-01-21 11:30:00+05:30,2022,1,21,11,30,4,SELL,17594.1,17644.1,17444.1,3.0,trend_bounce_sell,STRONG_DOWNTREND,17594.1,0.334872810447011,43.928215902048734,37.64119033950818,-106.47436522135104,-5.312029640964369,0.23831762090997582,0.014697069481466235,-0.917384693360368,-0.9957205680024561,-0.1407248116273796,-0.4240523447196387,-1.0559135773134942,0,1,0.0,0,0.031901031428504076,2,0,0.6666666666666666,72.5847142037049,0.33333333333333326,20.0,92.91804753703823,False,True,,,,1056
2022-01-24 15:15:00+05:30,2022,1,24,15,15,0,SELL,17149.1,17199.1,16999.1,3.0,trend_bounce_sell,STRONG_DOWNTREND,17149.1,0.45050260863335695,37.827297996265145,71.32351010701767,-161.22229421568045,-22.554139925678925,0.3445841441067076,0.028471248873890322,-0.4955177115669285,-1.388397721751189,0.042890169295550784,-0.4669639336636444,-1.4687044264639182,0,1,0.0,0,0.0,3,0,0.75,70.0,0.33333333333333326,20.0,90.33333333333333,False,True,True,2625.0,STOP_HIT,1057
2022-01-31 10:00:00+05:30,2022,1,31,10,0,0,BUY,17336.25,17286.25,17486.25,3.0,trend_pullback_buy,STRONG_UPTREND,17336.25,0.40981428262414243,49.79154564554865,51.162839314178214,21.46780677445713,2.161646244113136,0.6885876920244891,0.023608145241977695,0.9917860887801444,-0.01413024044478739,0.440922471082561,0.5302310809961019,0.6715984541353137,1,0,0.0,0,0.0,4,0,0.8,75.0,0.33333333333333326,20.0,95.33333333333333,False,True,True,2625.0,STOP_HIT,1058
2022-01-31 10:30:00+05:30,2022,1,31,10,30,0,BUY,17290.3,17240.3,17440.3,3.0,trend_pullback_buy,STRONG_UPTREND,17290.3,0.4099945386389219,51.14354218973847,44.70416765530579,25.651146956242883,5.203669502075368,0.5850082666588449,0.023145201758050904,0.7296803679569752,-0.35873690034029515,0.05830058302436214,0.1902271349301321,0.36087150811532354,1,0,0.0,1,0.030537196152619715,4,0,0.8,71.82250059318348,0.33333333333333326,20.0,92.1558339265168,False,True,,,,1059
2022-01-31 10:45:00+05:30,2022,1,31,10,45,0,BUY,17312.0,17262.0,17462.0,3.0,trend_pullback_buy,STRONG_UPTREND,17312.0,0.40809842883548925,55.78383606729892,40.96203363600294,27.07796911098194,5.9674424911329815,0.6480899877127094,0.02268945957108355,0.96874471447983,-0.2675930166575968,0.14704804052412257,0.2871627617176076,0.4676477247827382,1,0,0.0,1,0.030537196152619715,4,0,0.8,69.57722018160177,0.33333333333333326,20.0,89.9105535149351,False,True,,,,1060
2022-01-31 11:00:00+05:30,2022,1,31,11,0,0,BUY,17339.45,17289.45,17489.45,3.0,trend_pullback_buy,STRONG_UPTREND,17339.45,0.3872671855220315,66.61858145824655,38.16482394247276,29.363982054481312,7.428109891169118,0.7191287096723938,0.022646589410169077,1.469719047535456,-0.02277523438311002,0.24452381820536662,0.4054524730450204,0.6022154379646372,1,0,0.0,1,0.030537196152619715,4,0,0.8,65.24748960316094,0.33333333333333326,20.0,85.58082293649427,False,True,,,,1061
2022-01-31 11:15:00+05:30,2022,1,31,11,15,0,BUY,17324.2,17274.2,17474.2,3.0,trend_pullback_buy,STRONG_UPTREND,17324.2,0.354871055682636,66.97795247252961,35.82749716310558,30.70407338302175,7.891381097738602,0.6875439202956567,0.022272970341178908,1.2995594069682204,-0.19501038423094252,0.12504811682569894,0.288231576382314,0.4934901248461854,1,0,0.0,1,0.030537196152619715,4,0,0.8,62.994295332704446,0.33333333333333326,20.0,83.32762866603778,False,True,,,,1062
2022-01-31 11:30:00+05:30,2022,1,31,11,30,0,BUY,17340.6,17290.6,17490.6,3.0,trend_pullback_buy,STRONG_UPTREND,17340.6,0.34477304294957667,66.93335833567716,33.004078595176985,32.46192073664861,8.684305606228914,0.729746707330369,0.02229449357674058,1.395454904265292,0.011246550336951877,0.17578812028558044,0.34821479285664925,0.5654088024255488,1,0,0.0,1,0.030537196152619715,4,0,0.8,66.77972167843265,0.33333333333333326,20.0,87.11305501176598,False,True,,,,1063
2022-02-02 13:00:00+05:30,2022,2,2,13,0,2,BUY,17745.75,17696.648571428574,17893.05428571428,3.0,trend_pullback_buy,STRONG_UPTREND,17745.75,0.15371889848877063,54.24562046387736,43.13724636342157,97.029814064932,7.827548089950099,0.6571241450558493,0.015923130115657602,0.3018253652002256,0.7931909963024175,0.041378619709453446,0.29645217356126796,0.8889982041290656,1,0,0.0,0,0.0,5,0,0.8333333333333334,75.88234781805293,0.33333333333333326,20.0,96.21568115138626,False,True,False,-3682.6071428569776,STOP_HIT,1064
2022-02-04 12:00:00+05:30,2022,2,4,12,0,4,SELL,17517.95,17567.95,17367.95,3.0,trend_bounce_sell,STRONG_DOWNTREND,17517.95,0.2586326759531925,33.13771879683357,31.879982965399787,-23.797682820357295,-19.945906439110146,0.0734218063206437,0.007090306244987519,-0.3472893793731169,-0.5311870084887649,-0.17015089441141384,-0.33293691569920014,-0.5167212268663346,0,1,2.9360781943018153,0,0.0,0,1,0.7142857142857143,59.12798977923987,0.33333333333333326,20.0,79.46132311257321,False,True,True,11250.0,TARGET_HIT,1065
2022-02-04 12:15:00+05:30,2022,2,4,12,15,4,SELL,17509.0,17559.0,17359.0,3.0,trend_bounce_sell,STRONG_DOWNTREND,17509.0,0.25529727568678634,33.26766944616129,30.278743715624522,-25.948130367276462,-19.886718587426383,0.06533012067263512,0.007496874176777661,-0.4109491645929664,-0.5512309688998962,-0.17700182265699693,-0.34908297062943294,-0.5454123038145853,0,1,2.9360781943018153,1,0.03080247823975288,0,1,0.7142857142857143,58.16724622937471,0.33333333333333326,20.0,78.50057956270805,False,True,,,,1066
2022-02-07 15:00:00+05:30,2022,2,7,15,0,0,SELL,17219.85,17269.85,17069.85,3.0,trend_bounce_sell,STRONG_DOWNTREND,17219.85,0.29768386069399055,40.16161280571425,84.600849456814,-99.52810789685464,-22.28313533568796,0.33253916219290663,0.019062296173198167,-0.6166783057362513,-1.120301809652069,0.041395047015391206,-0.3343547543299241,-0.974623318992851,0,1,0.0,0,0.0,1,0,0.75,80.0,0.33333333333333326,20.0,100.33333333333333,False,True,True,11250.0,TARGET_HIT,1067
2022-02-07 15:15:00+05:30,2022,2,7,15,15,0,SELL,17213.6,17263.6,17063.6,3.0,trend_bounce_sell,STRONG_DOWNTREND,17213.6,0.29660932551670083,39.76857319888801,82.34217461954576,-99.18761722603085,-19.74838019837776,0.331725186648941,0.017583070287110647,-0.3461970428520367,-1.1839941216485794,0.004067719098732603,-0.3369577942767821,-0.9713198362907849,0,1,0.0,1,0.028196877154785117,1,0,0.75,75.0,0.33333333333333326,20.0,95.33333333333333,False,True,,,,1068
2022-02-08 10:15:00+05:30,2022,2,8,10,15,1,SELL,17142.9,17192.9,16992.9,3.0,trend_bounce_sell,STRONG_DOWNTREND,17142.9,0.3353949948458465,37.542659102058266,49.43835354359345,-95.12329562469677,-8.251185211024364,0.11863490808460442,0.012144262399258823,-0.3875743770918372,-1.005942103469959,-0.337307388735375,-0.5732196361662667,-1.16306206865453,0,1,0.0,0,0.028196877154785117,1,0,0.75,74.66301212615608,0.33333333333333326,20.0,94.9963454594894,False,True,,,,1069
2022-02-09 14:00:00+05:30,2022,2,9,14,0,2,BUY,17442.4,17395.182142857146,17584.05357142857,3.0,trend_pullback_buy,STRONG_UPTREND,17442.4,0.1503929668918432,62.73671727091255,41.67642823399678,29.76719431935635,25.263788210900643,1.0460433751760272,0.003557801959384215,0.3042065614307532,1.017273082658865,0.15171253313790434,0.34121623179548255,0.5750298563548251,1,0,0.0,0,0.0,2,0,0.7777777777777778,70.00585694039808,0.33333333333333326,20.0,90.3391902737314,False,True,True,10624.017857142553,TARGET_HIT,1070
2022-02-09 15:30:00+05:30,2022,2,9,15,30,2,BUY,17463.8,17418.857857142855,17598.62642857143,3.0,trend_pullback_buy,STRONG_UPTREND,17463.8,0.14296921141365346,67.13067109925697,28.980236234080568,39.54058589621491,20.04942625716118,0.8549246087223893,0.006189002722868488,0.4680007708924627,0.412544812141169,0.082266132268205,0.26987938160543123,0.5531707231528626,1,0,0.0,1,0.02455112701041349,2,0,0.7777777777777778,52.38814174044834,0.33333333333333326,20.0,72.72147507378168,False,True,,,,1071
2022-02-15 09:30:00+05:30,2022,2,15,9,30,1,SELL,16883.75,16933.75,16733.75,3.0,trend_bounce_sell,STRONG_DOWNTREND,16883.75,0.34606394567896165,41.417138776109674,30.74070337605565,-132.47641344168005,-16.812987162281104,0.2683953128631857,0.01686646525598649,-0.7051427193573212,-0.8704203851573555,-0.08551254435446021,-0.463611694110333,-1.3071322907555971,0,1,0.0,0,0.0,3,0,0.8,68.44442202563339,0.33333333333333326,20.0,88.77775535896671,False,True,False,-3750.0,STOP_HIT,1072
2022-02-15 09:45:00+05:30,2022,2,15,9,45,1,SELL,16879.1,16929.1,16729.1,3.0,trend_bounce_sell,STRONG_DOWNTREND,16879.1,0.35582889067375895,38.30977486426949,30.73333658420675,-131.82794386156456,-14.548065823949045,0.27572988585114544,0.016880221408665217,-0.5939357889746533,-0.789960913392318,-0.09044466037164689,-0.4465859722161514,-1.282658706884543,0,1,0.0,1,0.0242142525339748,3,0,0.8,58.44000195052405,0.33333333333333326,20.0,78.77333528385739,False,True,,,,1073
2022-02-21 10:30:00+05:30,2022,2,21,10,30,0,SELL,17189.8,17239.8,17039.8,3.0,trend_bounce_sell,STRONG_DOWNTREND,17189.8,0.3095897400950395,31.36941699208009,43.220116504223476,-32.54196910900646,-23.954504328106296,0.30257815485337786,0.021077251937959316,-0.4107597026771881,-0.8867824442445604,0.03512989450504822,-0.2585999241254133,-0.49914513616895473,0,1,2.42142525339748,0,0.0,0,1,0.8,65.93206990253408,0.33333333333333326,20.0,86.26540323586741,False,True,False,-3750.0,STOP_HIT,1074
2022-02-21 10:45:00+05:30,2022,2,21,10,45,0,SELL,17208.75,17258.75,17058.75,3.0,trend_bounce_sell,STRONG_DOWNTREND,17208.75,0.3213273978146506,33.53261947390473,44.19357379649622,-32.776668990587496,-21.770283788718594,0.37066311264364893,0.020849180183040612,-0.38782686714035064,-0.7323038585116293,0.11629291205914605,-0.1351502729294296,-0.37423998757439847,0,1,2.42142525339748,1,0.024815132416983667,0,1,0.8,66.51614427789772,0.33333333333333326,20.0,86.84947761123105,False,True,,,,1075
2022-02-21 11:00:00+05:30,2022,2,21,11,0,0,SELL,17225.5,17271.515753348078,17087.452739955766,3.0,trend_bounce_sell,STRONG_DOWNTREND,17225.5,0.31253498758070647,40.02942224118446,45.8823670180497,-32.223819116123195,-19.095690522828864,0.4335822211339282,0.020083267799301124,-0.3078935336570554,-0.7801992402489577,0.17091918322043043,-0.03449902231437152,-0.26642568032373415,0,1,2.42142525339748,1,0.024815132416983667,0,1,0.8,77.52942021082981,0.33333333333333326,20.0,97.86275354416314,False,True,,,,1076
2022-02-22 11:30:00+05:30,2022,2,22,11,30,1,SELL,17013.6,17063.6,16863.6,3.0,trend_bounce_sell,STRONG_DOWNTREND,17013.6,0.4053479905151509,35.56112115324707,62.19805876234459,-78.38224508976054,-29.936614210356723,0.36585333240581613,0.03642973106691299,-1.1219499437717606,-1.9182709907271556,0.06954374316856526,-0.3367825599657537,-0.867808737148934,0,1,4.84285050679496,0,0.0,0,2,0.7,75.60974971885881,0.33333333333333326,20.0,95.94308305219214,False,True,True,2625.0,STOP_HIT,1077
2022-03-03 13:30:00+05:30,2022,3,3,13,30,3,SELL,16549.55,16599.55,16399.55,3.0,trend_bounce_sell,STRONG_DOWNTREND,16549.55,0.24389959675209216,35.889416425819036,39.465546620551784,-26.609688966203976,-2.4931947180321288,0.22327944775439565,0.01314096801790395,-0.6074819677250876,-0.3504388011621118,-0.06231624305017558,-0.21183199310166323,-0.3822027001544326,0,1,3.1478528294167236,0,0.0,1,0,0.7,68.67932797233107,0.33333333333333326,20.0,89.0126613056644,False,True,True,11250.0,TARGET_HIT,1078
2022-03-03 13:45:00+05:30,2022,3,3,13,45,3,SELL,16563.1,16611.08686111881,16419.139416643568,3.0,trend_bounce_sell,STRONG_DOWNTREND,16563.1,0.23682160948131753,40.66960455624159,39.32389768824872,-26.657797558258608,-2.287172979078086,0.2988507501218661,0.013382891465201184,-0.5884947917760952,-0.25804003986523716,0.015605849772137859,-0.11831408134939103,-0.2888845354913627,0,1,3.1478528294167236,1,0.025001255254906058,1,0,0.7,73.59433861294923,0.33333333333333326,20.0,93.92767194628256,False,True,,,,1079
2022-03-03 14:00:00+05:30,2022,3,3,14,0,3,SELL,16512.75,16562.75,16362.75,3.0,trend_bounce_sell,STRONG_DOWNTREND,16512.75,0.2496555691813892,32.605525755006894,40.10760954956976,-28.632874718266976,-3.836025125177809,0.1201660621505885,0.01433416124580142,-0.7841016628362896,-0.5612446141292748,-0.23087764663514143,-0.38373210943070113,-0.5689119178929114,0,1,3.1478528294167236,1,0.025001255254906058,1,0,0.7,64.06456572974186,0.33333333333333326,20.0,84.39789906307519,False,True,,,,1080
2022-03-03 14:15:00+05:30,2022,3,3,14,15,3,SELL,16532.9,16582.9,16382.900000000001,3.0,trend_bounce_sell,STRONG_DOWNTREND,16532.9,0.26339256011606194,37.75890339191861,41.200320185287296,-29.503220015147235,-4.23573337985226,0.230178034506533,0.013943836283963139,-0.643331260009794,-0.9359402244578652,-0.0873250287264371,-0.23839631680951934,-0.43010259066337264,0,1,3.1478528294167236,1,0.025001255254906058,1,0,0.7,69.72019211117238,0.33333333333333326,20.0,90.05352544450571,False,True,,,,1081
2022-03-03 14:30:00+05:30,2022,3,3,14,30,3,SELL,16547.85,16597.85,16397.85,3.0,trend_bounce_sell,STRONG_DOWNTREND,16547.85,0.26157908299697114,35.20768217818153,41.56360325878934,-29.59650922486253,-3.896120330610799,0.31524464340026737,0.01369631658286498,-0.5561765342179448,-0.6612438468003412,0.0024173966558960203,-0.13473281535630877,-0.3267734232354158,0,1,3.1478528294167236,1,0.025001255254906058,1,0,0.7,69.93816195527361,0.33333333333333326,20.0,90.27149528860694,False,True,,,,1082
2022-03-07 14:45:00+05:30,2022,3,7,14,45,0,SELL,15843.55,15893.55,15693.55,3.0,trend_bounce_sell,STRONG_DOWNTREND,15843.55,0.32816418758963267,41.67990795318553,33.75245116590172,-157.94497779839912,-6.666934547821029,0.46416518703180343,0.013951695604480608,-0.4364356186765561,0.36837837495407033,0.05550192020415956,-0.3264523411835363,-1.3674688693779524,0,1,0.0,0,0.0,2,0,0.7,70.25147069954103,0.33333333333333326,20.0,90.58480403287436,False,True,True,11250.0,TARGET_HIT,1083
2022-03-15 09:30:00+05:30,2022,3,15,9,30,1,BUY,16845.55,16795.55,16995.55,3.0,trend_pullback_buy,STRONG_UPTREND,16845.55,0.21726806189171682,69.44525157196117,70.23975668640762,82.82935884346807,8.633226729631588,0.6660832074187372,0.013231501380686168,0.32188905100793974,0.7382445984654984,-0.05527349865782627,0.22483204171044324,0.7535974089331265,1,0,0.0,0,0.0,3,0,0.7,70.0,0.33333333333333326,20.0,90.33333333333333,False,True,False,-3750.0,STOP_HIT,1084
2022-03-15 14:45:00+05:30,2022,3,15,14,45,1,SELL,16698.5,16741.72885463604,16568.81343609188,3.0,trend_bounce_sell,STRONG_DOWNTREND,16698.5,0.32528584688958406,34.126719797488946,45.16877626403276,10.985065983662935,-37.00076343530887,0.3036220333548805,0.023787363918970593,-0.9919482028720839,-0.7309120200696184,0.07368291963814055,-0.25614262578306235,-0.2582102183793844,0,1,2.1740079581614555,1,0.0,0,1,0.6,67.10126575841966,0.33333333333333326,20.0,87.43459909175299,False,True,False,-3242.164097702971,STOP_HIT,1085
2022-03-15 15:00:00+05:30,2022,3,15,15,0,1,SELL,16668.1,16718.1,16518.1,3.0,trend_bounce_sell,STRONG_DOWNTREND,16668.1,0.34302050023697994,32.981623117796886,48.23698924920967,7.363901660562988,-36.55973498256793,0.2534934808829562,0.02397945257425465,-0.6570967943808514,-1.1455259841352317,-0.08682164245815693,-0.3980934994040841,-0.42261854734226834,0,1,2.1740079581614555,2,0.01921368177094718,0,1,0.6,68.9421935495258,0.33333333333333326,20.0,89.27552688285913,False,True,False,-3750.0,STOP_HIT,1086
2022-03-22 11:00:00+05:30,2022,3,22,11,0,1,SELL,17061.7,17111.7,16911.7,3.0,trend_bounce_sell,STRONG_DOWNTREND,17061.7,0.2390692938821215,30.15973029207018,46.55066689154638,-41.2719196067701,-24.84780561897444,0.2929351211580475,0.011014692502754022,-0.3690532499459942,-0.5902231544601677,0.005311557052434246,-0.24783233416303396,-0.5521695572095031,0,1,6.227613396342011,0,0.0,0,3,0.5,67.93040013492782,0.33333333333333326,20.0,88.26373346826115,False,True,False,-3750.0,STOP_HIT,1087
2022-03-22 11:30:00+05:30,2022,3,22,11,30,1,SELL,17064.9,17114.9,16914.9,3.0,trend_bounce_sell,STRONG_DOWNTREND,17064.9,0.2232443704412476,38.37353281864323,46.54564202219167,-41.85829416017441,-20.635998856522875,0.34398782985118415,0.010676770103472327,-0.30787026218627167,-0.40532614309849446,0.007946555691917823,-0.19326890849662437,-0.49443374979323274,0,1,6.227613396342011,1,0.023183882130996643,0,3,0.5,72.927385213315,0.33333333333333326,20.0,93.26071854664833,False,True,False,-3750.0,STOP_HIT,1088
2022-03-23 10:15:00+05:30,2022,3,23,10,15,2,BUY,17315.25,17265.25,17465.25,3.0,trend_pullback_buy,STRONG_UPTREND,17315.25,0.27774855773296875,61.74588053603014,63.16524538346899,41.00473200378474,29.98457844051925,0.6267926241049623,0.022692597520809852,0.3270795188541564,1.7170936882267673,-0.07582483756093383,0.24579141210467892,0.5455727262914545,1,0,10.575629312664923,0,0.0,0,5,0.3,75.0,0.33333333333333326,20.0,95.33333333333333,False,True,True,2625.0,STOP_HIT,1089
2022-03-23 10:30:00+05:30,2022,3,23,10,30,2,BUY,17334.85,17284.85,17484.85,3.0,trend_pullback_buy,STRONG_UPTREND,17334.85,0.2735612282276985,60.381498546222545,61.03687821328803,42.48449725368846,28.31790932138067,0.6649977360270958,0.01897827811815757,0.3211926374545371,1.7808126682539172,0.029825254734605622,0.32649759331166983,0.6333632795463284,1,0,10.575629312664923,1,0.02431113511285078,0,5,0.3,75.0,0.33333333333333326,20.0,95.33333333333333,False,True,False,-3750.0,STOP_HIT,1090
2022-03-25 12:15:00+05:30,2022,3,25,12,15,4,SELL,17138.2,17188.2,16988.2,3.0,trend_bounce_sell,STRONG_DOWNTREND,17138.2,0.23558483387986764,30.025787686733906,41.1897797573461,-15.990696722936264,-7.09044342724229,-0.01839227162503988,0.006915164752185856,-0.5400072542618761,-0.2488220965662591,-0.19467816057948673,-0.30240318379390896,-0.4134246174784528,0,1,11.227831700113358,0,0.0,0,1,0.4,64.71386785440765,0.33333333333333326,20.0,85.04720118774098,False,True,True,2625.0,STOP_HIT,1091
2022-03-25 12:45:00+05:30,2022,3,25,12,45,4,SELL,17135.3,17185.3,16985.3,3.0,trend_bounce_sell,STRONG_DOWNTREND,17135.3,0.19671171708194454,37.45227962819418,38.08451688803631,-18.442889390582422,-7.875104285292268,0.057066555521039876,0.007354946646894913,-0.3358915375689553,-0.6073085846867832,-0.15705875560474425,-0.27511377867400766,-0.40237165070395875,0,1,11.227831700113358,1,0.02448974717861242,0,1,0.4,67.85071013282179,0.33333333333333326,20.0,88.18404346615512,False,True,,,,1092
2022-03-28 10:00:00+05:30,2022,3,28,10,0,0,SELL,17045.5,17095.5,16895.5,3.0,trend_bounce_sell,STRONG_DOWNTREND,17045.5,0.26362215415044393,32.000561502221146,37.00987008364665,-33.928468163292564,-9.431365530161468,-0.04966103569973403,0.008037288736592294,-0.34173392695839855,-0.8509870985004442,-0.2869665679656963,-0.45050788873435277,-0.6745049835130135,0,1,11.227831700113358,0,0.02448974717861242,0,1,0.4,62.20592205018799,0.33333333333333326,20.0,82.53925538352132,False,True,,,,1093
2022-04-01 14:30:00+05:30,2022,4,1,14,30,4,BUY,17590.15,17554.902142857143,17695.893571428576,3.0,trend_pullback_buy,STRONG_UPTREND,17590.15,0.11132447908143898,65.11561655622745,55.115718248541796,35.470167445942934,2.5299804653123203,0.9665832254847905,0.005123529816492827,0.3726137456240952,0.5487548694849353,0.11928997651742268,0.24737891787269817,0.4597833500381121,1,0,9.70602612940034,0,0.0,1,0,0.4,65.0,0.33333333333333326,20.0,85.33333333333333,False,True,True,7930.76785714311,TARGET_HIT,1094
2022-04-07 11:15:00+05:30,2022,4,7,11,15,3,SELL,17718.9,17768.9,17568.9,3.0,trend_bounce_sell,STRONG_DOWNTREND,17718.9,0.1975896601127293,31.222034540061273,48.43898127307667,-48.67358226373835,-20.608220097995698,0.3001911028106452,0.012727439137618795,-0.49838131364891014,-0.7489105228369985,0.004483352181394729,-0.23198088025560004,-0.5612003526859533,0,1,5.108278813197625,0,0.0,2,0,0.4,69.063388763846,0.33333333333333326,20.0,89.39672209717934,False,True,False,-3750.0,STOP_HIT,1095
2022-04-07 11:30:00+05:30,2022,4,7,11,30,3,SELL,17716.8,17766.8,17566.8,3.0,trend_bounce_sell,STRONG_DOWNTREND,17716.8,0.192795216162869,33.00743318709243,52.046910610048364,-49.08684038667707,-18.91933039884097,0.31138047904673744,0.01228097170826842,-0.5101739982535713,-0.6883562411713173,-0.005895231438268755,-0.22169017016382409,-0.5506392976913022,0,1,5.108278813197625,1,0.0229104070510191,2,0,0.4,70.0,0.33333333333333326,20.0,90.33333333333333,False,True,False,-3750.0,STOP_HIT,1096
2022-04-08 15:15:00+05:30,2022,4,8,15,15,4,BUY,17784.35,17741.715304821675,17912.25408553497,3.0,trend_pullback_buy,STRONG_UPTREND,17784.35,0.20921283520141565,67.35007869092917,53.0608541024492,-0.31548407105219667,23.200886589582453,0.7012431626645717,0.014642134981367218,0.38694272908927907,0.7991679584659295,0.024973846706055625,0.2024662218695239,0.24030762779028159,1,0,9.456294729520536,0,0.0,0,2,0.3,70.0,0.33333333333333326,20.0,90.33333333333333,False,True,False,-3197.602138374259,STOP_HIT,1097
2022-04-08 15:30:00+05:30,2022,4,8,15,30,4,BUY,17784.35,17743.387253652196,17907.238239043407,3.0,trend_pullback_buy,STRONG_UPTREND,17784.35,0.20168213706352636,63.95924572251405,53.97706885598044,1.3518836992770957,22.38142892392057,0.6812132254380818,0.014045369816174002,0.3122003497095127,0.8048814358631473,0.01997807950586683,0.18402632977616573,0.23086204320639236,1,0,9.456294729520536,1,0.020473685351085968,0,2,0.3,75.0,0.33333333333333326,20.0,95.33333333333333,False,True,False,-3072.205976085206,STOP_HIT,1098
2022-04-20 09:30:00+05:30,2022,4,20,9,30,2,SELL,17103.05,17153.05,16953.05,3.0,trend_bounce_sell,STRONG_DOWNTREND,17103.05,0.43214932006697526,39.89245905297777,29.563342788226503,-53.938786566443014,-6.455258607184646,0.3415193689402951,0.023212570180921818,-0.7327633740198403,-0.5289635919506819,0.07972770052346867,-0.19459761800678654,-0.5269760472870644,0,1,13.091124792715247,0,3.469446951953614e-18,0,4,0.3,57.7380056729359,0.33333333333333326,20.0,78.07133900626923,False,True,False,-3750.0,STOP_HIT,1099
2022-04-20 09:45:00+05:30,2022,4,20,9,45,2,SELL,17115.8,17165.8,16965.8,3.0,trend_bounce_sell,STRONG_DOWNTREND,17115.8,0.4454948059687571,42.271716717710554,31.507795874336573,-53.122017705693,-5.074640771791167,0.38482425565025397,0.023261942205201645,-0.718114109376089,-0.5138280187396149,0.12343009511774916,-0.10927974069366853,-0.43514038378624775,0,1,13.091124792715247,1,0.025014798005109026,0,4,0.3,63.904677524601944,0.33333333333333326,20.0,84.23801085793528,False,True,False,-3750.0,STOP_HIT,1100
2022-04-25 13:45:00+05:30,2022,4,25,13,45,0,SELL,16955.4,17005.4,16805.4,3.0,trend_bounce_sell,STRONG_DOWNTREND,16955.4,0.22129485928629988,39.94206134012411,43.22940561165706,-78.82706339465949,-21.095077178347232,0.310743445277235,0.011605321957910046,-0.3051630770316116,-1.2610681955165237,-0.09186936339358187,-0.3673335520061216,-0.8910441653605106,0,1,17.43914070903816,0,0.0,0,6,0.3,70.93764336699424,0.33333333333333326,20.0,91.27097670032757,False,True,True,2625.0,STOP_HIT,1101
2022-04-25 14:15:00+05:30,2022,4,25,14,15,0,SELL,16937.25,16987.25,16787.25,3.0,trend_bounce_sell,STRONG_DOWNTREND,16937.25,0.24512749792828034,38.15371035459926,35.72795867163647,-79.1816296160905,-17.445482865047474,0.10983663335156404,0.006483346043225123,-0.39665504242945016,-0.29962061790130834,-0.16049025059406974,-0.40908474728549304,-0.9288551379387,0,1,17.43914070903816,1,0.026332186666078585,0,6,0.3,66.43677520298189,0.33333333333333326,20.0,86.77010853631522,False,True,,,,1102
2022-04-26 15:00:00+05:30,2022,4,26,15,0,1,BUY,17211.45,17161.45,17361.45,3.0,trend_pullback_buy,STRONG_UPTREND,17211.45,0.21468266764276228,56.7871781531163,35.22747702558577,5.883749969463679,17.529591489167075,1.1216792703856207,0.0066566276385385,0.40221671284819127,0.3667948602068538,0.38175900833674614,0.4982864374599272,0.5696003623176571,1,0,15.917335138325143,0,0.0,1,0,0.3,71.13648621535145,0.33333333333333326,20.0,91.46981954868478,False,True,False,-3750.0,STOP_HIT,1103
2022-04-28 11:15:00+05:30,2022,4,28,11,15,3,BUY,17138.25,17088.25,17288.25,3.0,trend_pullback_buy,STRONG_UPTREND,17138.25,0.2189338384690852,67.48465390845789,28.184130588506466,-0.853986599991913,9.553470005069121,0.9135657267131904,0.009274904921347596,0.5860292046201421,0.9902652885646512,0.21345977995455012,0.31437006802834677,0.32659327301549634,1,0,18.091343096486597,0,0.0,0,1,0.3,56.91047835310388,0.33333333333333326,20.0,77.24381168643723,False,True,True,11250.0,TARGET_HIT,1104
2022-04-28 11:30:00+05:30,2022,4,28,11,30,3,BUY,17144.6,17094.6,17294.6,3.0,trend_pullback_buy,STRONG_UPTREND,17144.6,0.202500245808341,62.96484348911258,31.43282136449456,1.6580958735321474,10.858997230733863,0.9400359721583834,0.008455973432036863,0.6232979622499579,0.9753224571529495,0.20037197302511522,0.3194780570940692,0.3494507254965251,1,0,18.091343096486597,1,0.02654185821557774,0,1,0.3,63.859692818696736,0.33333333333333326,20.0,84.19302615203007,False,True,,,,1105
2022-04-29 11:00:00+05:30,2022,4,29,11,0,4,BUY,17332.45,17282.45,17482.45,3.0,trend_pullback_buy,STRONG_UPTREND,17332.45,0.22593871198656018,55.64652176564872,42.12166566166366,56.03112546281773,13.450765475468337,0.8926359911804541,0.007749038891100087,0.6246788796419267,0.7504352349978483,0.19267918851482158,0.3935005617243137,0.7638817744077375,1,0,11.56931922200223,0,0.0,1,0,0.3,75.2729993969982,0.33333333333333326,20.0,95.60633273033153,False,True,False,-3750.0,STOP_HIT,1106
2022-05-04 13:45:00+05:30,2022,5,4,13,45,2,SELL,16886.0,16936.0,16736.0,3.0,trend_bounce_sell,STRONG_DOWNTREND,16886.0,0.23366778903910318,33.18823745096937,52.125731589398264,-51.32925375241757,-14.838704417493688,0.2701808161271054,0.016357884783526996,-0.4615575060568311,-1.0726986191421872,-0.090510888408879,-0.3308889638087731,-0.6711853022515202,0,1,13.743327180163686,0,0.0,0,1,0.2,70.0,0.33333333333333326,20.0,90.33333333333333,False,True,True,11250.0,TARGET_HIT,1107
2022-05-09 11:30:00+05:30,2022,5,9,11,30,0,SELL,16307.65,16357.65,16157.65,3.0,trend_bounce_sell,STRONG_DOWNTREND,16307.65,0.35583650267556194,40.58383410969758,37.4778373584503,-130.10216666491215,-0.7363265991345713,0.45691342880850155,0.023409458081729076,-0.6312742783151859,-0.3766196477552497,0.2461941835798953,-0.05662394239078772,-0.8838726545374986,0,1,7.221303305679319,0,0.0,1,0,0.3,59.8499684064159,0.33333333333333326,20.0,80.18330173974923,False,True,False,-3750.0,STOP_HIT,1108
2022-05-11 11:45:00+05:30,2022,5,11,11,45,2,SELL,16141.6,16191.6,15991.6,3.0,trend_bounce_sell,STRONG_DOWNTREND,16141.6,0.36735161676307515,34.23983419207599,37.29495093526566,-66.09580081109561,-15.072352782965872,0.29790318964286244,0.023677110119796868,-1.0082178339261616,-1.112526955498927,-0.032434907223966025,-0.3650196121906646,-0.8072849095266177,0,1,9.395311263840775,0,0.0,0,1,0.3,62.418059730790205,0.33333333333333326,20.0,82.75139306412353,False,True,True,2625.0,STOP_HIT,1109
2022-05-11 12:00:00+05:30,2022,5,11,12,0,2,SELL,16134.0,16184.0,15984.0,3.0,trend_bounce_sell,STRONG_DOWNTREND,16134.0,0.35442012431599523,36.89753686897271,38.36538180994768,-66.82433874369963,-14.220801644012901,0.2996667611901168,0.023325176917414193,-0.5446189978640548,-1.1596919740493594,-0.06361247354077504,-0.3746230731165867,-0.8207732700658554,0,1,9.395311263840775,1,0.023994431066279194,0,1,0.3,63.019229085968604,0.33333333333333326,20.0,83.35256241930193,False,True,True,2625.0,STOP_HIT,1110
2022-05-18 11:00:00+05:30,2022,5,18,11,0,2,BUY,16333.4,16283.4,16483.4,3.0,trend_pullback_buy,STRONG_UPTREND,16333.4,0.2894813257322001,69.4858282276958,59.34665410205618,104.70926768111349,25.899449559057345,0.700404703746459,0.020363560887749595,0.5243657759013143,1.2205286788605774,0.03304983061407363,0.4368583341987753,1.1763189936312424,1,0,6.351700122414735,0,0.0,2,0,0.5,70.0,0.33333333333333326,20.0,90.33333333333333,False,True,False,-3750.0,STOP_HIT,1111
2022-05-20 14:30:00+05:30,2022,5,20,14,30,4,BUY,16223.85,16173.85,16373.85,3.0,trend_pullback_buy,STRONG_UPTREND,16223.85,0.2122976799147987,59.647616224846864,54.43914031801311,40.06961702388071,30.84426126626976,0.9646649961659848,0.005545065224085653,0.4575865559955261,0.6576559528721271,0.16505860830304808,0.4586633221938863,0.7804461631028659,1,0,8.525708080576191,0,0.0,0,1,0.5,80.0,0.33333333333333326,20.0,100.33333333333333,False,True,True,11250.0,TARGET_HIT,1112
2022-05-27 11:15:00+05:30,2022,5,27,11,15,4,BUY,16272.95,16222.95,16422.95,3.0,trend_pullback_buy,STRONG_UPTREND,16272.95,0.31643222121900233,69.93161018909076,60.15717710641725,43.94393768257942,33.986457264208724,0.7179710714578021,0.019844927593566798,0.6357393097775832,1.7310523535498001,0.1154673163799691,0.46413974125147917,0.8180287116043905,1,0,2.003684206091825,0,0.0,1,0,0.6,70.0,0.33333333333333326,20.0,90.33333333333333,False,True,True,11250.0,TARGET_HIT,1113
2022-05-27 13:45:00+05:30,2022,5,27,13,45,4,BUY,16358.8,16308.8,16508.8,3.0,trend_pullback_buy,STRONG_UPTREND,16358.8,0.24167857230184778,69.94494357746524,31.555457029711842,61.25403785762319,23.095389024558536,0.9105805100736515,0.010969870118283355,0.5275626115731846,1.166655844256237,0.26454129612372146,0.5656622672402412,1.0134815969110145,1,0,2.003684206091825,1,0.022184588681206322,1,0,0.6,58.933274217827105,0.33333333333333326,20.0,79.26660755116043,False,True,True,11250.0,TARGET_HIT,1114
2022-06-01 15:00:00+05:30,2022,6,1,15,0,2,SELL,16528.6,16556.184578304827,16445.846265085514,3.0,trend_bounce_sell,STRONG_DOWNTREND,16528.6,0.2259071289418719,37.380657859437925,39.24706272838106,-13.846295588842622,-24.85431974025463,0.42702786087318534,0.014237455187036062,-0.32323817105089914,-0.33435740967978633,0.1880896630843898,-0.025248444694392358,-0.16661192785307755,0,1,0.0,0,0.0,3,0,0.7,68.54823763702863,0.33333333333333326,20.0,88.88157097036196,False,True,True,1448.190361003526,STOP_HIT,1115
2022-06-01 15:15:00+05:30,2022,6,1,15,15,2,SELL,16522.75,16554.873418371302,16426.379744886093,3.0,trend_bounce_sell,STRONG_DOWNTREND,16522.75,0.22443081724981143,38.6877127824205,40.48102357093824,-14.061207514499984,-22.562308499320793,0.41798969261190194,0.013830822749592301,-0.3110236933083099,-0.5151038938362107,0.1220666538732651,-0.05512368000583079,-0.19404206579830552,0,1,0.0,1,0.010801314196718677,3,0,0.7,69.28861414256295,0.33333333333333326,20.0,89.62194747589628,False,True,True,1686.4794644933681,STOP_HIT,1116
2022-06-03 11:00:00+05:30,2022,6,3,11,0,4,BUY,16732.75,16682.75,16882.75,3.0,trend_pullback_buy,STRONG_UPTREND,16732.75,0.22545606669554966,67.76592474114305,58.05625349786114,45.19669317714215,21.586157271907066,0.7265975249221481,0.017604080977149637,0.6078771498919222,0.9416860463362431,0.06833093552962577,0.34902807546632886,0.6722305707093312,1,0,0.0,0,0.0,5,0,0.8,70.0,0.33333333333333326,20.0,90.33333333333333,False,True,False,-3750.0,STOP_HIT,1117
2022-06-08 15:00:00+05:30,2022,6,8,15,0,2,SELL,16362.3,16412.3,16212.3,3.0,trend_bounce_sell,STRONG_DOWNTREND,16362.3,0.20705262358330823,34.31603400663384,31.230488728445472,-33.15245302093899,-1.4925655002389746,0.29195316936405796,0.013470762261381232,-0.6285755930474091,-0.07847256361011024,-0.00882399544744894,-0.1568829175840114,-0.36743153112244187,0,1,1.926327632378603,0,0.0,0,1,0.7,58.66394823945703,0.33333333333333326,20.0,78.99728157279037,False,True,True,2625.0,STOP_HIT,1118
2022-06-10 10:45:00+05:30,2022,6,10,10,45,4,SELL,16281.15,16331.15,16131.15,3.0,trend_bounce_sell,STRONG_DOWNTREND,16281.15,0.25072816460402797,38.12597666827524,36.70579056631761,-24.172294118276113,-6.557302047826951,0.22530085916094506,0.018746244973977366,-1.038776322707502,-0.5904315890058909,-0.2026363703938272,-0.39502007155601815,-0.5561164349222825,0,1,0.5778982897135808,0,0.0,1,0,0.8,72.21735595332808,0.33333333333333326,20.0,92.55068928666141,False,True,True,11250.0,TARGET_HIT,1119
2022-06-10 13:30:00+05:30,2022,6,10,13,30,4,SELL,16222.05,16264.967142857142,16093.298571428571,3.0,trend_bounce_sell,STRONG_DOWNTREND,16222.05,0.14697807701774573,37.600162904268345,45.710039304062164,-46.35805672911738,-13.746160812277978,0.3267817644572926,0.018373141924317483,-0.32044585908985734,-1.5505945968909196,-0.05726899184002043,-0.2948367359267401,-0.6143183383615303,0,1,0.5778982897135808,1,0.01937524553636851,1,0,0.8,67.4260235824373,0.33333333333333326,20.0,87.75935691577062,False,True,True,9656.357142857087,TARGET_HIT,1120
2022-06-17 09:45:00+05:30,2022,6,17,9,45,4,SELL,15350.85,15400.85,15200.85,3.0,trend_bounce_sell,STRONG_DOWNTREND,15350.85,0.5028804826535896,35.40906302389166,91.11167173108133,-113.75545141735893,-30.074343884753645,0.2958606322787032,0.02751701130916158,-0.6754986169748123,-1.7812754930658814,-0.040599207067593124,-0.5805234543403093,-1.395761860112077,0,1,0.0,0,0.0,3,0,0.8,65.0,0.33333333333333326,20.0,85.33333333333333,False,True,True,2625.0,STOP_HIT,1121
2022-06-17 12:15:00+05:30,2022,6,17,12,15,4,SELL,15292.65,15342.65,15142.65,3.0,trend_bounce_sell,STRONG_DOWNTREND,15292.65,0.4295947960061104,43.5997719889219,59.16874116918338,-122.10826224432458,-13.934939802707135,0.3868144267874109,0.014887592314375012,-0.37913210017687105,-1.0520696850584765,0.05188643393794212,-0.31717147995761197,-1.168458349908652,0,1,0.0,1,0.0,4,0,0.9,75.0,0.33333333333333326,20.0,95.33333333333333,False,True,False,-3750.0,STOP_HIT,1122
2022-06-21 14:30:00+05:30,2022,6,21,14,30,1,BUY,15646.05,15596.05,15796.05,3.0,trend_pullback_buy,STRONG_UPTREND,15646.05,0.22171273717190962,59.281977243726004,68.62496342115519,77.80052098657325,33.045225436549295,0.6193331149878746,0.013059280928046294,0.3949436940549944,1.117419529959962,-0.09358206019605131,0.29795189375414477,0.9025519412702243,1,0,1.7274952966030426,0,0.0,0,1,0.8,80.0,0.33333333333333326,20.0,100.33333333333333,False,True,False,-3750.0,STOP_HIT,1123
2022-06-23 14:30:00+05:30,2022,6,23,14,30,3,BUY,15585.25,15535.25,15735.25,3.0,trend_pullback_buy,STRONG_UPTREND,15585.25,0.3943518024139127,47.745779050503785,31.319716162416228,7.360291119983231,0.6986155921033879,0.6824200352012264,0.01849387114908725,0.33121322535374365,0.2469953720528606,0.4265598668623527,0.4755316968667822,0.5255305486320916,1,0,3.454990593206085,0,0.0,0,2,0.7,55.77798561848361,0.33333333333333326,20.0,76.11131895181694,False,True,True,11250.0,TARGET_HIT,1124
2022-06-24 11:30:00+05:30,2022,6,24,11,30,4,BUY,15667.05,15617.05,15817.05,3.0,trend_pullback_buy,STRONG_UPTREND,15667.05,0.2808213963153776,63.78931454807692,46.58529107644422,45.98365342028228,17.756415773113886,0.6655006323302339,0.021763203203571186,0.709664355757833,1.8250060931026102,0.019116963441900836,0.2860457105924974,0.630682905059099,1,0,3.454990593206085,0,0.017893159959456985,0,2,0.7,72.95117464586653,0.33333333333333326,20.0,93.28450797919986,False,True,True,11250.0,TARGET_HIT,1125
2022-06-27 11:30:00+05:30,2022,6,27,11,30,0,BUY,15844.25,15794.25,15994.25,3.0,trend_pullback_buy,STRONG_UPTREND,15844.25,0.2534943952177355,68.58855700574026,51.80849926083094,81.28955122739899,17.777832615284545,0.6521719229396522,0.024850440726770572,0.9236110005254927,1.045901691618445,-0.03990201382036984,0.30405819087604424,0.8828561829020032,1,0,0.0,0,0.0,2,0,0.7,70.0,0.33333333333333326,20.0,90.33333333333333,False,True,True,2625.0,STOP_HIT,1126
2022-06-29 14:45:00+05:30,2022,6,29,14,45,2,BUY,15840.05,15799.21271860821,15962.561844175365,3.0,trend_pullback_buy,STRONG_UPTREND,15840.05,0.17144606776583818,64.77919302359051,37.18230029033423,15.742729751389561,3.3916962448464485,0.7688428767112081,0.008285421850383943,0.3347648728083463,0.5171795628404974,0.05415967036350722,0.15247750959073159,0.2584766856369436,1,0,0.0,0,0.0,3,0,0.7,67.30938017420054,0.33333333333333326,20.0,87.64271350753387,False,True,False,-3062.7961043841424,STOP_HIT,1127
2022-07-06 13:45:00+05:30,2022,7,6,13,45,2,BUY,15962.6,15912.6,16112.6,3.0,trend_pullback_buy,STRONG_UPTREND,15962.6,0.20548031022514998,65.0705051753842,33.88013357405835,28.938836832601737,2.7913503179598678,0.7763985604452409,0.012951207523440181,0.4407725632450399,0.9597839458346691,0.08101193782883431,0.2468901453773542,0.43977014563407746,1,0,1.3049706866110982,0,0.0,0,1,0.7,60.328080144435006,0.33333333333333326,20.0,80.66141347776835,False,True,True,11250.0,TARGET_HIT,1128
2022-07-06 14:15:00+05:30,2022,7,6,14,15,2,BUY,15947.65,15897.65,16097.65,3.0,trend_pullback_buy,STRONG_UPTREND,15947.65,0.22811242677492366,55.22806975745322,32.51475685175796,27.986903525215894,1.5012267081892752,0.6816385597746748,0.011828388175087889,0.4405549922217977,0.30378600383034193,0.021108078664822116,0.1415615267269299,0.32596627108989473,1,0,1.3049706866110982,1,0.016188949100454333,0,1,0.7,69.50885411105477,0.33333333333333326,20.0,89.8421874443881,False,True,True,11250.0,TARGET_HIT,1129
2022-07-12 12:45:00+05:30,2022,7,12,12,45,1,SELL,16078.4,16117.76857142857,15960.294285714286,3.0,trend_bounce_sell,STRONG_DOWNTREND,16078.4,0.13602988214889847,32.61452597795979,56.9608585418958,-5.355527605945099,-14.466733508997809,0.1069029253133491,0.011569090201426362,-0.4738485727284858,-0.9636676655466525,-0.22128515798631732,-0.3681706971251031,-0.4337015759074081,0,1,0.0,0,0.0,2,0,0.7,65.0,0.33333333333333326,20.0,85.33333333333333,False,True,False,-2952.642857142837,STOP_HIT,1130
2022-07-12 13:00:00+05:30,2022,7,12,13,0,1,SELL,16080.65,16119.163571428571,15965.109285714285,3.0,trend_bounce_sell,STRONG_DOWNTREND,16080.65,0.13305698819033135,35.28696761881194,62.52338328238434,-7.6096754143618455,-15.048793185673098,0.14526217462309493,0.011058379181317095,-0.39703309125257435,-0.9699380779214395,-0.16592655630092157,-0.32212945117622294,-0.4033732359029374,0,1,0.0,1,0.01161819752961866,2,0,0.7,70.0,0.33333333333333326,20.0,90.33333333333333,False,True,False,-2888.5178571428696,STOP_HIT,1131
2022-07-14 14:45:00+05:30,2022,7,14,14,45,3,SELL,15898.45,15948.45,15748.45,3.0,trend_bounce_sell,STRONG_DOWNTREND,15898.45,0.21709214240561506,31.41120224539995,31.140086707231294,-45.80991087463008,-8.5476519626854,0.209488091531036,0.013114299588576201,-0.35724470322052726,-1.0447333860316266,-0.09775202723690812,-0.3075095930315408,-0.6225029048187891,0,1,2.298407300315658,0,1.734723475976807e-18,0,2,0.5,58.684052024338776,0.33333333333333326,20.0,79.01738535767211,False,True,False,-3750.0,STOP_HIT,1132
2022-07-22 12:15:00+05:30,2022,7,22,12,15,4,BUY,16690.2,16640.410714285714,16839.56785714286,3.0,trend_pullback_buy,STRONG_UPTREND,16690.2,0.16573027456659767,65.60686441444017,43.97601995230339,53.2350640164841,0.19973786371039637,0.8782857171495068,0.009478444927505008,0.34600619865143845,0.9688415945505291,0.19038027498197163,0.3533313818372408,0.684749335514212,1,0,3.7739748797359933,0,1.734723475976807e-18,0,3,0.5,53.382990608486,0.33333333333333326,20.0,73.71632394181933,False,True,True,2613.9375000000655,STOP_HIT,1133
2022-07-22 12:30:00+05:30,2022,7,22,12,30,4,BUY,16693.15,16643.15,16843.15,3.0,trend_pullback_buy,STRONG_UPTREND,16693.15,0.16668513731680326,65.97567297003977,45.86241639407065,54.02579234469522,0.8914195727293617,0.8667232526545569,0.009170240649000194,0.3857718443682767,0.8006980444490219,0.1664019212852974,0.33722158519564616,0.674808692579365,1,0,3.7739748797359933,1,0.015269768383486215,0,3,0.5,61.431645563736005,0.33333333333333326,20.0,81.76497889706934,False,True,False,-3750.0,STOP_HIT,1134
2022-07-26 09:30:00+05:30,2022,7,26,9,30,1,SELL,16539.3,16589.3,16389.3,3.0,trend_bounce_sell,STRONG_DOWNTREND,16539.3,0.19397521574155474,39.04665751982495,29.135593401474658,2.8881229047365196,-10.76716698360006,-0.011967294109169926,0.00866458694169638,-0.39056500935008565,-0.17412927816323753,-0.3948759033582272,-0.4762234309910962,-0.48335956556091464,0,1,4.220998077921361,0,1.734723475976807e-18,0,1,0.5,62.48135604088479,0.33333333333333326,20.0,82.81468937421812,False,True,True,2625.0,STOP_HIT,1135
2022-07-29 10:30:00+05:30,2022,7,29,10,30,4,BUY,17034.95,16984.95,17184.95,3.0,trend_pullback_buy,STRONG_UPTREND,17034.95,0.2771612814495257,63.91382470734233,39.52652318517242,112.08584920193243,19.725283519926336,0.6928128416340908,0.020861086946341614,0.8991213132620413,0.8352151818561415,-0.018187600176333696,0.390543225524298,1.1292891442848285,1,0,3.1881007723271266,0,1.734723475976807e-18,1,0,0.5,68.71591391110346,0.33333333333333326,20.0,89.04924724443678,False,True,True,11250.0,TARGET_HIT,1136
2022-07-29 13:00:00+05:30,2022,7,29,13,0,4,BUY,17106.2,17056.2,17256.2,3.0,trend_pullback_buy,STRONG_UPTREND,17106.2,0.19656615729969096,46.87608611297571,41.411748866556074,113.24433147564196,6.455876336639122,0.648261103981443,0.018047618730730776,0.41825775831452194,1.3211397162259386,0.058767515219448896,0.3319295691315727,1.0494453800206527,1,0,3.1881007723271266,1,0.015241593142907336,1,0,0.5,74.84704931993365,0.33333333333333326,20.0,95.18038265326697,False,True,True,11250.0,TARGET_HIT,1137
2022-08-05 10:00:00+05:30,2022,8,5,10,0,4,BUY,17432.05,17382.05,17582.05,3.0,trend_pullback_buy,STRONG_UPTREND,17432.05,0.23833357850297976,69.62746905390571,43.38422364697167,25.86552784705782,6.154223804581907,0.8743437910701607,0.013577795056481162,0.8489872897780248,1.1544643737922966,0.18198208278203953,0.3579837464505964,0.5198671968499324,1,0,0.0,0,3.469446951953614e-18,3,0,0.6,66.030534188183,0.33333333333333326,20.0,86.36386752151633,False,True,False,-3750.0,STOP_HIT,1138
2022-08-05 10:15:00+05:30,2022,8,5,10,15,4,BUY,17446.5,17396.5,17596.5,3.0,trend_pullback_buy,STRONG_UPTREND,17446.5,0.24204609193002458,69.18913621483136,42.54515567943328,28.164025689628033,7.607449482436909,0.9000653129418589,0.013279105479749427,0.9109838625715794,1.2077757087415764,0.21190865737703568,0.4009062845442557,0.5793998031355052,1,0,0.0,1,0.013964541942609432,3,0,0.6,65.52709340765996,0.33333333333333326,20.0,85.86042674099329,False,True,False,-3750.0,STOP_HIT,1139
2022-08-19 13:15:00+05:30,2022,8,19,13,15,4,SELL,17808.75,17858.75,17658.75,3.0,trend_bounce_sell,STRONG_DOWNTREND,17808.75,0.2512208083907383,30.120198677145382,60.26078948252104,-15.490593551006896,-22.015103465393395,0.2825272743121876,0.018228903965860088,-0.6429926355724147,-0.7697708239306045,-0.025262112146140492,-0.2462505138729032,-0.37643352021359267,0,1,2.7929083885218855,0,3.469446951953614e-18,0,2,0.4,70.0,0.33333333333333326,20.0,90.33333333333333,False,True,True,2625.0,STOP_HIT,1140
2022-08-22 14:30:00+05:30,2022,8,22,14,30,0,SELL,17518.6,17560.98357142857,17391.449285714287,3.0,trend_bounce_sell,STRONG_DOWNTREND,17518.6,0.13440816373128375,35.9558185221139,52.8581083686883,-85.23228036751243,-11.281058333571622,0.04816688373251711,0.005096265035154592,-0.3143875701681731,-0.49698683978848246,-0.14782320160571238,-0.3681721288487094,-0.8963990388995091,0,1,1.8153904525392255,0,3.469446951953614e-18,1,0,0.5,70.0,0.33333333333333326,20.0,90.33333333333333,False,True,False,-3178.767857142793,STOP_HIT,1141
2022-08-22 14:45:00+05:30,2022,8,22,14,45,0,SELL,17507.65,17552.238571428574,17373.884285714284,3.0,trend_bounce_sell,STRONG_DOWNTREND,17507.65,0.14148916942838574,32.2993845923332,47.20086039916157,-85.70371069859902,-10.577239798192394,-0.056986008619524346,0.004690571273701626,-0.4206101833735154,-0.6269120960829877,-0.16825938782402128,-0.39146864006472937,-0.9211078037152931,0,1,1.8153904525392255,1,0.012056210512417592,1,0,0.5,63.32051623949694,0.33333333333333326,20.0,83.65384957283027,False,True,True,2340.899999999965,STOP_HIT,1142
2022-08-23 10:30:00+05:30,2022,8,23,10,30,1,SELL,17436.85,17486.85,17286.85,3.0,trend_bounce_sell,STRONG_DOWNTREND,17436.85,0.2815875573856538,35.33785178747645,32.95455083177345,-81.68755257517842,-1.4363846130833622,-0.12266596674634843,0.007991244561310227,-0.466646878175192,-0.7795673685618065,-0.3739525946920841,-0.5466893518065286,-1.0355356722956732,0,1,2.9991247743229343,0,0.012683433355700251,0,1,0.5,64.13657662989769,0.33333333333333326,20.0,84.46990996323102,False,True,False,-3750.0,STOP_HIT,1143
2022-08-25 11:30:00+05:30,2022,8,25,11,30,3,BUY,17674.9,17624.9,17824.9,3.0,trend_pullback_buy,STRONG_UPTREND,17674.9,0.175975940053812,67.93924239538762,56.622598706870576,23.63869650376364,16.26451069142643,0.6787087221997399,0.013878800108841375,0.3973314323528321,0.7481339402005904,0.03859278677948996,0.1898705780621901,0.36419874142512576,1,0,3.5238564023584393,0,0.0,0,1,0.5,70.0,0.33333333333333326,20.0,90.33333333333333,False,True,False,-3750.0,STOP_HIT,1144
2022-08-25 13:45:00+05:30,2022,8,25,13,45,3,BUY,17699.9,17658.692857142858,17823.521428571432,3.0,trend_pullback_buy,STRONG_UPTREND,17699.9,0.12933890667663173,53.012918246358566,42.7445537041557,32.53946042851385,11.14073065964105,0.5986017515910325,0.005936716364016621,0.3080096681599809,0.5393369478470689,0.005047944908231905,0.1293880652184054,0.3475125318851635,1,0,3.5238564023584393,1,0.014474606282822858,0,1,0.5,70.64673222249343,0.33333333333333326,20.0,90.98006555582676,False,True,False,-3090.535714285761,STOP_HIT,1145
2022-09-01 12:45:00+05:30,2022,9,1,12,45,3,SELL,17566.5,17616.5,17416.5,3.0,trend_bounce_sell,STRONG_DOWNTREND,17566.5,0.2551731989867088,51.251845639506804,43.70902828105974,0.7285151386131474,-26.80316549126432,0.15560567234637415,0.015283679530997013,-0.6793259322709577,-1.0856283749922535,-0.27932201779033994,-0.4805653893656836,-0.5232328605932146,0,1,6.071188346146742,0,0.0,0,3,0.4,76.22541696863584,0.33333333333333326,20.0,96.55875030196917,False,True,True,2625.0,STOP_HIT,1146
2022-09-01 13:30:00+05:30,2022,9,1,13,30,3,SELL,17550.25,17600.25,17400.25,3.0,trend_bounce_sell,STRONG_DOWNTREND,17550.25,0.22368423730227635,31.626058275752,43.91799404805162,-10.170829447564756,-28.336416956784312,0.1761056431080749,0.01378914184931959,-0.5502242546331249,-1.1771297292123006,-0.20638007593074548,-0.4390585790584045,-0.5498155410657346,0,1,6.071188346146742,1,0.01486715491948477,0,3,0.4,66.35079642883098,0.33333333333333326,20.0,86.6841297621643,False,True,True,2625.0,STOP_HIT,1147
2022-09-01 14:30:00+05:30,2022,9,1,14,30,3,SELL,17559.35,17609.35,17409.35,3.0,trend_bounce_sell,STRONG_DOWNTREND,17559.35,0.25926358321919607,38.91115303524642,55.31102747701931,-23.698933641990152,-28.41524768541455,0.33285320612421104,0.01306431473373938,-0.3351609680788403,-0.39904252483027314,0.04350707189082481,-0.2002975816033703,-0.39327672757861754,0,1,4.116152474181423,2,0.0,2,0,0.4,75.0,0.33333333333333326,20.0,95.33333333333333,False,True,True,2625.0,STOP_HIT,1148
2022-09-01 14:45:00+05:30,2022,9,1,14,45,3,SELL,17542.9,17592.9,17392.9,3.0,trend_bounce_sell,STRONG_DOWNTREND,17542.9,0.2654309476442638,35.27119434940714,57.026869587605596,-25.300010803657642,-27.014692362373836,0.2804104521416378,0.01333940728275547,-0.3136702257629964,-0.37933638846771034,-0.040176810839454014,-0.2671551905459979,-0.4675978235917255,0,1,4.116152474181423,3,0.01456401917835974,2,0,0.4,75.0,0.33333333333333326,20.0,95.33333333333333,False,True,False,-3750.0,STOP_HIT,1149
2022-09-06 12:30:00+05:30,2022,9,6,12,30,1,BUY,17708.45,17658.45,17858.45,3.0,trend_pullback_buy,STRONG_UPTREND,17708.45,0.2107347460836885,56.41812194019356,28.092696078905654,18.948804555249808,3.017067505147656,0.8465709092469805,0.006811843978608729,0.3814944037095147,0.2210035428480861,0.16491277922627834,0.2418302935496497,0.36075027868140985,1,0,4.535088732459705,0,0.0,0,1,0.5,66.8556176473434,0.33333333333333326,20.0,87.18895098067672,False,True,False,-3750.0,STOP_HIT,1150
2022-09-07 11:30:00+05:30,2022,9,7,11,30,2,SELL,17569.05,17619.05,17419.05,3.0,trend_bounce_sell,STRONG_DOWNTREND,17569.05,0.20230380779186716,32.76665450782055,57.9362469930276,-15.653069354244508,-17.41517068786967,0.2846887861014369,0.01347980869845805,-0.49021273703526713,-0.7061715835876559,-0.020732246438082136,-0.2031173242822093,-0.32570199337310646,0,1,5.931542926720648,0,0.0,0,2,0.4,70.0,0.33333333333333326,20.0,90.33333333333333,False,True,False,-3750.0,STOP_HIT,1151
2022-09-08 14:45:00+05:30,2022,9,8,14,45,3,BUY,17796.0,17751.231428571427,17930.305714285718,3.0,trend_pullback_buy,STRONG_UPTREND,17796.0,0.13975853321773782,65.33598607000238,36.249528838393864,33.1055408609609,7.586766206349846,1.0866646296264213,0.004473021945061551,0.30323184272524895,0.16632473003892478,0.2013799365802038,0.32317982210796625,0.533962035589064,1,0,7.327997120981592,0,0.0,0,3,0.4,56.74971730303632,0.33333333333333326,20.0,77.08305063636965,False,True,True,2350.3499999999804,STOP_HIT,1152
2022-09-08 15:15:00+05:30,2022,9,8,15,15,3,BUY,17798.75,17754.161428571428,17932.515714285717,3.0,trend_pullback_buy,STRONG_UPTREND,17798.75,0.1391751025854556,63.195300617995954,31.450520560198214,35.63633779519296,8.302297907484213,0.974896678709515,0.005491603008912505,0.515318367923201,0.19280024768499882,0.14084815584340937,0.2808592505038954,0.5075436591223781,1,0,7.327997120981592,1,0.013492156724855934,0,3,0.4,58.87031233611893,0.33333333333333326,20.0,79.20364566945227,False,True,True,2340.899999999965,STOP_HIT,1153
2022-09-13 10:15:00+05:30,2022,9,13,10,15,1,BUY,18033.85,17983.85,18183.85,3.0,trend_pullback_buy,STRONG_UPTREND,18033.85,0.1558774986246086,66.04175214041697,34.07692196674839,52.183926386307576,4.19716172676609,0.8264039532014065,0.009926597336745821,0.45705723102975604,0.4156643948505456,0.11056723135067781,0.29614488369404945,0.6062004221553563,1,0,5.581032923961173,0,0.0,2,0,0.5,60.44615318004903,0.33333333333333326,20.0,80.77948651338237,False,True,False,-3750.0,STOP_HIT,1154
2022-09-13 10:30:00+05:30,2022,9,13,10,30,1,BUY,18045.15,17995.15,18195.15,3.0,trend_pullback_buy,STRONG_UPTREND,18045.15,0.1623704984441777,67.45012245816889,36.94968738154805,53.16188723775849,4.657610320395307,0.848126871365379,0.010497054336583657,0.5552924131397852,0.42741821035321426,0.13858912998154782,0.3262484273929056,0.6428267871239957,1,0,5.581032923961173,1,0.01478997533553116,2,0,0.5,62.169812428928836,0.33333333333333326,20.0,82.50314576226216,False,True,False,-3750.0,STOP_HIT,1155
2022-09-16 14:30:00+05:30,2022,9,16,14,30,4,SELL,17598.45,17648.45,17448.45,3.0,trend_bounce_sell,STRONG_DOWNTREND,17598.45,0.2091702069541021,32.75494606488327,72.55875300648634,-97.65069520631369,-21.648634863105343,0.2984113871618193,0.012537837446913478,-0.3361120864433742,-0.8306167357438388,0.015797346701496018,-0.33881937805648743,-0.9535799069137929,0,1,8.373941312483058,0,0.0,0,2,0.5,70.0,0.33333333333333326,20.0,90.33333333333333,False,True,True,2625.0,STOP_HIT,1156
2022-09-16 14:45:00+05:30,2022,9,16,14,45,4,SELL,17595.05,17645.05,17445.05,3.0,trend_bounce_sell,STRONG_DOWNTREND,17595.05,0.210793863696241,35.95277082740685,71.25691740338975,-97.33302476152676,-19.197867976486563,0.30111831190852306,0.012723730786965185,-0.38949606116446267,-0.3799084482919768,-0.002820490777899476,-0.3256276368719835,-0.9349264857807849,0,1,8.373941312483058,1,0.015240797369921082,0,2,0.5,75.0,0.33333333333333326,20.0,95.33333333333333,False,True,True,2625.0,STOP_HIT,1157
2022-09-21 12:45:00+05:30,2022,9,21,12,45,2,SELL,17737.8,17776.451926885395,17621.844219343813,3.0,trend_bounce_sell,STRONG_DOWNTREND,17737.8,0.21143304935545207,33.9984984974908,75.23791460285068,-0.8276410996331833,-19.95777909268137,0.2987634653548081,0.01205294968198446,-0.35951420642856835,-0.7908631258669363,0.005123167270348894,-0.183533087784149,-0.21743330471328814,0,1,6.418905440517738,0,0.0,2,0,0.5,70.0,0.33333333333333326,20.0,90.33333333333333,False,True,False,-2898.8945164046527,STOP_HIT,1158
2022-09-21 13:00:00+05:30,2022,9,21,13,0,2,SELL,17712.1,17762.1,17562.1,3.0,trend_bounce_sell,STRONG_DOWNTREND,17712.1,0.20448087546285926,36.5684604154983,71.79591902481602,-3.3130397206405178,-20.198859942319835,0.20357297572812216,0.011572264390130793,-0.4731320555396379,-0.8797210858847326,-0.1118493254998576,-0.29841219362186644,-0.347859633445724,0,1,6.418905440517738,1,0.011535587539226637,2,0,0.5,75.0,0.33333333333333326,20.0,95.33333333333333,False,True,False,-3750.0,STOP_HIT,1159
2022-09-22 10:45:00+05:30,2022,9,22,10,45,3,SELL,17630.75,17680.75,17480.75,3.0,trend_bounce_sell,STRONG_DOWNTREND,17630.75,0.25560050317930344,30.05821768962366,28.48086373467084,-29.019375193944143,-18.26124427686977,0.11552713531001056,0.011156777070558543,-0.5864193180056154,-0.2937899755127926,-0.17079230089976916,-0.3853049699847788,-0.5875357501655798,0,1,8.894872543086239,0,1.734723475976807e-18,0,2,0.4,57.0885182408025,0.33333333333333326,20.0,77.42185157413584,False,True,True,2625.0,STOP_HIT,1160
2022-09-29 14:00:00+05:30,2022,9,29,14,0,3,SELL,16834.2,16884.2,16684.2,3.0,trend_bounce_sell,STRONG_DOWNTREND,16834.2,0.22687657948020806,30.991508291249048,32.78787087192115,-51.91497042853371,-4.760490498745639,0.22446580962812832,0.014990978286942937,-0.5326644745588305,-0.1447332518714317,-0.0732155202371576,-0.28349711471727934,-0.6044350861739267,0,1,7.917354607103578,0,1.734723475976807e-18,1,0,0.5,59.672722523152686,0.33333333333333326,20.0,80.00605585648603,False,True,False,-3750.0,STOP_HIT,1161
2022-09-29 14:45:00+05:30,2022,9,29,14,45,3,SELL,16848.5,16898.5,16698.5,3.0,trend_bounce_sell,STRONG_DOWNTREND,16848.5,0.23365793478859986,33.53462656235436,39.01063997101644,-50.15434092149735,-1.999589697659765,0.3354555497304522,0.01313559022272557,-0.3020790494421388,-0.7136290778804399,-0.012780217591112919,-0.15859353031865142,-0.46551104028369483,0,1,7.917354607103578,1,0.015165226718917334,1,0,0.5,63.40638398260986,0.33333333333333326,20.0,83.7397173159432,False,True,False,-3750.0,STOP_HIT,1162
2022-10-06 11:15:00+05:30,2022,10,6,11,15,3,BUY,17358.3,17308.3,17508.3,3.0,trend_pullback_buy,STRONG_UPTREND,17358.3,0.1899050351375707,66.10393962609078,49.260665555453336,57.31362203020035,4.304178802966014,0.6294413160743852,0.014038191777724286,0.4862715131727535,0.4862715131727535,-0.08719005848281114,0.10833282290301227,0.46016194831630663,1,0,10.710262995625463,0,0.0,0,2,0.4,69.556399333272,0.33333333333333326,20.0,89.88973266660533,False,True,True,2625.0,STOP_HIT,1163
2022-10-06 11:30:00+05:30,2022,10,6,11,30,3,BUY,17362.75,17312.75,17512.75,3.0,trend_pullback_buy,STRONG_UPTREND,17362.75,0.19565695855453744,66.672598146513,51.65593517180391,56.48292995423617,3.1261380543016486,0.6313018688259493,0.013847823116222275,0.5120323254777404,0.5120323254777404,-0.049267075086245615,0.12180038674467486,0.46677158927959095,1,0,10.710262995625463,1,0.01563958234295759,0,2,0.4,70.0,0.33333333333333326,20.0,90.33333333333333,False,True,False,-3750.0,STOP_HIT,1164
2022-10-07 11:30:00+05:30,2022,10,7,11,30,4,SELL,17259.5,17305.06359548066,17122.80921355802,3.0,trend_bounce_sell,STRONG_DOWNTREND,17259.5,0.19291653044079154,36.024779384048784,39.3865357824626,5.32221916348135,-21.684785444032038,0.21733993917323155,0.011470162753994446,-0.41715228654841674,-0.7909364204378821,-0.09483782079731107,-0.25391164389848564,-0.2632963191915638,0,1,11.129199253903746,0,0.0,0,1,0.4,68.63192146947756,0.33333333333333326,20.0,88.96525480281089,False,True,False,-3417.2696610495223,STOP_HIT,1165
2022-10-07 12:15:00+05:30,2022,10,7,12,15,4,SELL,17248.7,17297.938106344496,17100.985680966514,3.0,trend_bounce_sell,STRONG_DOWNTREND,17248.7,0.18920680564746556,36.028747679063365,41.25602860844134,-2.2560734165963368,-21.908594736900564,0.2421787717768694,0.009980819696255902,-0.4450010966304485,-0.7166210024635689,-0.06240657563838514,-0.22838171166765786,-0.2846472570417813,0,1,11.129199253903746,1,0.01431909546901926,0,1,0.4,69.75361716506481,0.33333333333333326,20.0,90.08695049839814,False,True,False,-3692.8579758371598,STOP_HIT,1166
2022-10-10 11:30:00+05:30,2022,10,10,11,30,0,SELL,17167.6,17217.6,17017.6,3.0,trend_bounce_sell,STRONG_DOWNTREND,17167.6,0.25850189559735576,32.896755068070604,52.22369381907005,-41.536300839736214,-21.108585126341367,0.40599874077611314,0.02252660753350191,-0.8492808113360839,-0.5650110193076929,0.14405526702956362,-0.10230647234354961,-0.39621946790977525,0,1,13.776923936640031,0,0.0,0,3,0.3,70.0,0.33333333333333326,20.0,90.33333333333333,False,True,False,-3750.0,STOP_HIT,1167
2022-10-12 09:30:00+05:30,2022,10,12,9,30,2,SELL,17064.95,17114.95,16914.95,3.0,trend_bounce_sell,STRONG_DOWNTREND,17064.95,0.25042976560560815,43.35019834200366,37.25814285144379,-48.01686208065439,-13.99459076801353,0.36223092272652774,0.01635276885433918,-0.39573331776859844,-0.4996895161407888,0.09466033781764249,-0.14424794357693616,-0.46140413092843335,0,1,15.173378130900975,0,0.0,0,4,0.2,72.35488571086628,0.33333333333333326,20.0,92.68821904419961,False,True,True,2625.0,STOP_HIT,1168
2022-10-12 09:45:00+05:30,2022,10,12,9,45,2,SELL,17055.1,17105.1,16905.1,3.0,trend_bounce_sell,STRONG_DOWNTREND,17055.1,0.24008319254316207,33.9020680722776,37.01393133160976,-48.023398249999445,-12.601014243622728,0.3456350190156443,0.016011292036203308,-0.3851983377187729,-0.713138040238448,0.029505863045575786,-0.18356581055197774,-0.4986125193419788,0,1,15.173378130900975,1,0.016462452040302795,0,4,0.2,62.20835879896586,0.33333333333333326,20.0,82.5416921322992,False,True,True,2625.0,STOP_HIT,1169
2022-10-12 10:30:00+05:30,2022,10,12,10,30,2,SELL,17008.2,17058.2,16858.2,3.0,trend_bounce_sell,STRONG_DOWNTREND,17008.2,0.25880373668499546,34.1679221174758,41.04356442136314,-51.05215636649518,-11.609924367454234,0.23469503579483816,0.0139871247859785,-0.4448554805024485,-1.12287698349256,-0.15826235463664018,-0.36115765568759395,-0.6930174397695943,0,1,14.195860194918316,2,0.016462452040302795,1,0,0.3,64.62613865281789,0.33333333333333326,20.0,84.95947198615121,False,True,False,-3750.0,STOP_HIT,1170
2022-10-25 11:30:00+05:30,2022,10,25,11,30,1,BUY,17666.75,17619.684678558977,17807.94596432307,3.0,trend_pullback_buy,STRONG_UPTREND,17666.75,0.20407585678504356,66.44212681702376,52.27638074395501,32.97191978130286,10.872177502983607,0.5700510907999528,0.01699691474043534,0.5146134283097181,0.5146134283097181,-0.09888044664014828,0.0546402352825659,0.26711784177555487,1,0,14.614796453196599,0,0.0,0,1,0.3,70.0,0.33333333333333326,20.0,90.33333333333333,False,True,True,2470.929375653577,STOP_HIT,1171
2022-10-27 10:30:00+05:30,2022,10,27,10,30,3,BUY,17723.95,17673.95,17873.95,3.0,trend_pullback_buy,STRONG_UPTREND,17723.95,0.15858283766961156,68.18130471314444,30.38200415474652,19.845390196445805,6.476205966855137,0.7308238340287055,0.00990743517175788,0.3828650881977369,0.3828650881977369,0.029211264576356477,0.16077676678774022,0.2866338357805365,1,0,14.614796453196599,0,0.01539483723184654,0,1,0.3,58.22920249284792,0.33333333333333326,20.0,78.56253582618126,False,True,False,-3750.0,STOP_HIT,1172
2022-10-28 10:30:00+05:30,2022,10,28,10,30,4,BUY,17799.95,17749.95,17949.95,3.0,trend_pullback_buy,STRONG_UPTREND,17799.95,0.20852787307187517,67.82171081084657,41.64431309529904,29.629327228114562,10.721293596977244,0.8023691083356541,0.01290746824568013,0.8053121150769504,0.5042163895734975,0.09146731767910588,0.28401327758278416,0.4757249120104001,1,0,15.09110673002981,0,0.0,0,1,0.4,64.98658785717942,0.33333333333333326,20.0,85.31992119051274,False,True,False,-3750.0,STOP_HIT,1173
2022-10-28 10:45:00+05:30,2022,10,28,10,45,4,BUY,17793.0,17743.0,17943.0,3.0,trend_pullback_buy,STRONG_UPTREND,17793.0,0.2051970678677817,66.35703425055526,41.91937741964625,30.53469770171796,10.463997663522576,0.7461080385168188,0.013054463334697583,0.7379979787857316,0.595613323420574,0.041904850073803956,0.22254803493766406,0.41930492116246665,1,0,15.09110673002981,1,0.016446500955098753,0,1,0.4,65.15162645178775,0.33333333333333326,20.0,85.48495978512108,False,True,False,-3750.0,STOP_HIT,1174
2022-11-03 12:30:00+05:30,2022,11,3,12,30,3,SELL,18023.4,18067.877073435862,17889.96877969242,3.0,trend_bounce_sell,STRONG_DOWNTREND,18023.4,0.17245438073361538,36.047639208191946,37.47471088045328,1.7521458940427692,-11.946899636664035,-0.012360242615732812,0.004773625447924032,-0.3678838249967509,-0.1542829443944238,-0.15199962149404778,-0.23069897549155005,-0.2461665709539984,0,1,17.884015118551698,0,0.0,0,3,0.3,67.48482652827197,0.33333333333333326,20.0,87.8181598616053,False,True,False,-3335.78050768956,STOP_HIT,1175
2022-11-03 12:45:00+05:30,2022,11,3,12,45,3,SELL,18007.85,18051.557857142856,17876.726428571426,3.0,trend_bounce_sell,STRONG_DOWNTREND,18007.85,0.13484198756177107,41.16827855486489,35.430350228406496,-0.7065357620340365,-12.965023163466755,-0.06033695486806099,0.00561827097800711,-0.502794376438287,-0.3177370919306477,-0.19060695253229065,-0.28806174212763214,-0.31924384547726836,0,1,17.884015118551698,1,0.015127431239515404,0,3,0.3,66.2582101370439,0.33333333333333326,20.0,86.59154347037723,False,True,False,-3278.0892857143044,STOP_HIT,1176
2022-11-07 10:00:00+05:30,2022,11,7,10,0,0,BUY,18142.7,18092.7,18292.7,3.0,trend_pullback_buy,STRONG_UPTREND,18142.7,0.16431244680071544,69.67925602914278,53.18739770645017,19.01586644215422,14.007575181257891,0.7857935525129414,0.010678917151407877,0.47683395545119467,0.6013557536354464,0.059535374504160465,0.23567245669962045,0.3672499080952685,1,0,20.34693944209693,0,1.734723475976807e-18,0,5,0.3,70.0,0.33333333333333326,20.0,90.33333333333333,False,True,False,-3750.0,STOP_HIT,1177
2022-11-07 10:15:00+05:30,2022,11,7,10,15,0,BUY,18142.0,18092.0,18292.0,3.0,trend_pullback_buy,STRONG_UPTREND,18142.0,0.16762602957619616,68.85970821507252,53.52102679689761,20.226105240868492,13.696032581974947,0.7553822627902113,0.010656677548407508,0.4242929143360108,0.5835308467434519,0.04453486211519753,0.21068747653452125,0.34907759787918824,1,0,20.34693944209693,1,0.017531707940409938,0,5,0.3,70.0,0.33333333333333326,20.0,90.33333333333333,False,True,False,-3750.0,STOP_HIT,1178
2022-11-10 11:30:00+05:30,2022,11,10,11,30,3,SELL,18052.7,18102.7,17902.7,3.0,trend_bounce_sell,STRONG_DOWNTREND,18052.7,0.1957958010238244,32.356148281197235,33.32753828152283,-32.21936053984609,-20.797618604446036,0.3187225272921754,0.015958821009205277,-0.5744341025499811,-0.722063352397706,-0.0022729468094118133,-0.21806591480111326,-0.4409997037485125,0,1,23.139847830618816,0,0.0,0,7,0.2,59.996522968913695,0.33333333333333326,20.0,80.32985630224704,False,True,True,2625.0,STOP_HIT,1179
2022-11-10 14:15:00+05:30,2022,11,10,14,15,3,SELL,17985.95,18021.840714285714,17878.27785714286,3.0,trend_bounce_sell,STRONG_DOWNTREND,17985.95,0.11086034217978787,34.649698478324794,40.62753729421949,-47.05328833954263,-13.594842456604098,0.17601789131315454,0.0050670718363222235,-0.3333130150004582,-0.4155362383035266,-0.08350130396379551,-0.2495773933432477,-0.5482890303119659,0,1,23.139847830618816,1,0.018168766972819616,0,7,0.2,59.376522376531696,0.33333333333333326,20.0,79.70985570986502,False,True,False,-2691.8035714284997,STOP_HIT,1180
2022-11-16 09:45:00+05:30,2022,11,16,9,45,2,BUY,18376.1,18330.7509695046,18512.147091486197,3.0,trend_pullback_buy,STRONG_UPTREND,18376.1,0.1445005818893655,62.24498222299129,47.4931541604103,20.843394123454345,2.734618422423459,0.7332272774010117,0.007384685629292271,0.30594894664588423,0.42627376612871526,0.034347841861182005,0.1274065458170881,0.24739319502427026,1,0,23.164724664622263,0,1.734723475976807e-18,0,1,0.2,68.49589249624619,0.33333333333333326,20.0,88.82922582957951,False,True,True,2380.8241010083293,STOP_HIT,1181
2022-11-16 10:00:00+05:30,2022,11,16,10,0,2,BUY,18397.95,18348.829285714288,18545.31214285714,3.0,trend_pullback_buy,STRONG_UPTREND,18397.95,0.14832786106215998,67.19259261523327,49.3893143703087,22.01559467984407,3.516137080931866,0.8527223777696189,0.007553533819086504,0.42329861793410917,0.49790241877336605,0.12259691707701137,0.22400661379566866,0.3521650261607334,1,0,23.164724664622263,1,0.016484054638848777,0,1,0.2,64.63358862218521,0.33333333333333326,20.0,84.96692195551854,False,True,False,-3684.053571428467,STOP_HIT,1182
2022-11-21 10:15:00+05:30,2022,11,21,10,15,0,SELL,18167.2,18217.2,18017.2,3.0,trend_bounce_sell,STRONG_DOWNTREND,18167.2,0.21376829828325,35.98072351876161,30.350845754638858,-38.991910682492744,-8.591912117380115,0.14319589351817086,0.010721493312559035,-0.49568127420211994,-0.3912043446436142,-0.21294034632974856,-0.3785855578696151,-0.6172602643696012,0,1,23.65003140063631,0,0.0,0,1,0.2,63.21050745278332,0.33333333333333326,20.0,83.54384078611665,False,True,False,-3750.0,STOP_HIT,1183
2022-11-21 10:30:00+05:30,2022,11,21,10,30,0,SELL,18153.4,18203.4,18003.4,3.0,trend_bounce_sell,STRONG_DOWNTREND,18153.4,0.2044677974531341,39.19566679394337,29.356865436075644,-41.16066631093054,-9.684600971236119,0.12222399762635584,0.011465281257906645,-0.603658085870018,-0.5036913616109251,-0.23112520383763435,-0.41313338409181277,-0.6657665636593868,0,1,23.65003140063631,1,0.01829017378630043,0,1,0.2,62.614119261645385,0.33333333333333326,20.0,82.94745259497873,False,True,False,-3750.0,STOP_HIT,1184
2022-11-23 09:30:00+05:30,2022,11,23,9,30,2,BUY,18277.4,18235.96142857143,18401.715714285714,3.0,trend_pullback_buy,STRONG_UPTREND,18277.4,0.12595570798597458,67.23948328257688,31.87706291186176,4.04087475761844,13.811798989605004,1.0126377054438958,0.005557855163599876,0.35579763460462654,0.3883185860150462,0.1525577770916664,0.2685214197993613,0.31734737439450544,1,0,26.442939789158192,0,0.0,0,3,0.2,54.12623774711706,0.33333333333333326,20.0,74.45957108045039,False,True,True,9323.678571428445,TARGET_HIT,1185
2022-11-23 10:00:00+05:30,2022,11,23,10,0,2,BUY,18270.1,18227.317857142854,18398.44642857143,3.0,trend_pullback_buy,STRONG_UPTREND,18270.1,0.13009155474166614,67.13777900218474,34.762344623349236,7.157764248098829,13.844710566316971,0.8461972290861162,0.006103710370796216,0.33609937997352013,0.29781755998210535,0.07257724030871326,0.18904189670949645,0.2560396874911719,1,0,26.442939789158192,1,0.015733925937154364,0,3,0.2,55.85740677400954,0.33333333333333326,20.0,76.19074010734288,False,True,True,9625.982142857447,TARGET_HIT,1186
2022-11-25 09:30:00+05:30,2022,11,25,9,30,4,BUY,18454.95,18404.95,18604.95,3.0,trend_pullback_buy,STRONG_UPTREND,18454.95,0.17155676003302953,69.59713596594617,62.87857161959113,49.20217440081251,10.490298493572936,0.7797358714864177,0.009345883738128839,0.41788754580847076,0.48979036210183846,0.0474749420112941,0.2431374409185061,0.5428016967835347,1,0,19.386317606681835,0,0.0,2,0,0.4,70.0,0.33333333333333326,20.0,90.33333333333333,False,True,True,11250.0,TARGET_HIT,1187
2022-11-25 09:45:00+05:30,2022,11,25,9,45,4,BUY,18463.5,18413.5,18613.5,3.0,trend_pullback_buy,STRONG_UPTREND,18463.5,0.18103284859317764,68.99404026273828,60.06958366226388,49.89060794051329,10.060858829946348,0.7968735537469529,0.009452992736402599,0.4436417246266089,0.5448322619115542,0.07504669363593841,0.2631844591779675,0.566138325874066,1,0,19.386317606681835,1,0.017322793759098776,2,0,0.4,70.0,0.33333333333333326,20.0,90.33333333333333,False,True,True,11250.0,TARGET_HIT,1188
2022-12-05 11:15:00+05:30,2022,12,5,11,15,0,SELL,18638.9,18684.18928571429,18503.03214285714,3.0,trend_bounce_sell,STRONG_DOWNTREND,18638.9,0.13499033894551216,31.373969769690547,29.851534597179967,-25.252932834660896,-10.258455446488908,0.3361680661140502,0.0073054617427024725,-0.3059461598942992,-0.17539960314165715,0.006276738099830759,-0.10006185263822243,-0.26277895586009903,0,1,11.007592441116177,0,0.0,4,0,0.6,52.91092075830798,0.33333333333333326,20.0,73.24425409164132,False,True,False,-3396.696428571522,STOP_HIT,1189
2022-12-06 11:00:00+05:30,2022,12,6,11,0,1,SELL,18607.1,18657.1,18457.1,3.0,trend_bounce_sell,STRONG_DOWNTREND,18607.1,0.19024995834922892,42.99432866171412,28.860622523127777,-17.197775653981807,-2.2251926587518884,0.15508785104844977,0.007194451122059163,-0.5823862877415653,-0.4805596634745335,-0.14143348117802157,-0.21364040921492133,-0.31429191000440504,0,1,12.272480700932137,0,0.0,0,1,0.5,67.31637351387667,0.33333333333333326,20.0,87.64970684721,False,True,False,-3750.0,STOP_HIT,1190
2022-12-07 11:30:00+05:30,2022,12,7,11,30,2,SELL,18579.1,18628.818571428572,18429.94428571428,3.0,trend_bounce_sell,STRONG_DOWNTREND,18579.1,0.14866935735008371,43.78809020629945,32.74853078059913,-15.102614662944688,-0.2191870987693818,0.1018186608043299,0.005570321342629244,-0.3414195867026182,-0.1936594655428614,-0.13990699142726326,-0.2014095152805817,-0.2856166232339863,0,1,13.66893489519308,0,0.0,0,2,0.5,51.84098945605329,0.33333333333333326,20.0,72.17432278938662,False,True,True,2610.2249999999913,STOP_HIT,1191
2022-12-07 12:15:00+05:30,2022,12,7,12,15,2,SELL,18585.6,18627.26017822151,18460.619465335465,3.0,trend_bounce_sell,STRONG_DOWNTREND,18585.6,0.1346280376820161,34.13795285520992,34.13723130005302,-16.79456572629715,-1.5080228930742496,0.2326852722876304,0.00612848375999705,-0.33755975665669125,-0.12037833190026159,-0.05934458900623829,-0.12787540019204569,-0.22365166869907638,0,1,13.66893489519308,1,0.016084524735054537,0,2,0.5,55.48233878003181,0.33333333333333326,20.0,75.81567211336514,False,True,True,9373.540099840011,TARGET_HIT,1192
2022-12-14 10:00:00+05:30,2022,12,14,10,0,2,BUY,18663.35,18620.27857142857,18792.56428571428,3.0,trend_pullback_buy,STRONG_UPTREND,18663.35,0.12821155595630843,67.03187666776836,49.83278048490955,32.22695152722736,14.73668311772678,0.886440038511825,0.007947281319785744,0.4705008357580587,0.3905167892634731,0.12304114955314915,0.302972792987255,0.5120312833626128,1,0,9.206327152070552,0,0.0,2,0,0.6,64.89966829094573,0.33333333333333326,20.0,85.23300162427905,False,True,False,-3230.357142857065,STOP_HIT,1193
2022-12-15 11:30:00+05:30,2022,12,15,11,30,3,SELL,18570.25,18610.085963142097,18450.74211057371,3.0,trend_bounce_sell,STRONG_DOWNTREND,18570.25,0.12516178911353906,30.311615030332447,56.63671105774341,2.658477542849141,-16.447064699888976,0.21136340044180352,0.008898641393105653,-0.48257530693504025,-0.5851318688083973,-0.07631198295349195,-0.20289380566675952,-0.2140557718056435,0,1,10.409272693698165,0,0.0,0,1,0.6,65.0,0.33333333333333326,20.0,85.33333333333333,False,True,True,8963.091706971863,TARGET_HIT,1194
2022-12-15 13:30:00+05:30,2022,12,15,13,30,3,SELL,18518.75,18549.195714285714,18427.41285714286,3.0,trend_bounce_sell,STRONG_DOWNTREND,18518.75,0.0913360011571281,30.71125263625693,69.86759924874205,-15.944272542270483,-18.77962095673204,0.20107166852199332,0.008906317693950703,-0.3232178612181613,-0.7947136941463762,-0.08821075569216408,-0.25146866395266976,-0.37295347546238977,0,1,10.409272693698165,1,0.012418494521651897,0,1,0.6,60.0,0.33333333333333326,20.0,80.33333333333334,False,True,True,6850.285714285565,TARGET_HIT,1195
2022-12-21 09:45:00+05:30,2022,12,21,9,45,2,BUY,18378.95,18331.333602774022,18521.799191677936,3.0,trend_pullback_buy,STRONG_UPTREND,18378.95,0.2023860371317667,69.77182217535537,45.22734507627445,-0.27195991139888065,21.543071508141985,0.7420665626946186,0.01500394436859065,0.5437770623456295,0.8604912153615141,0.027358676935684834,0.224250645019608,0.25975413604808484,1,0,4.520564100272502,0,0.0,2,0,0.7,67.13640704576467,0.33333333333333326,20.0,87.469740379098,False,True,False,-3571.2297919483717,STOP_HIT,1196
2022-12-21 13:15:00+05:30,2022,12,21,13,15,2,SELL,18270.6,18320.6,18120.6,3.0,trend_bounce_sell,STRONG_DOWNTREND,18270.6,0.1749492940258404,30.83303319919868,38.401290462435966,-4.512381099699269,-1.0090051008172698,0.04947641864638341,0.01025209282917974,-0.4283565496043584,-0.36156602261016024,-0.21809553197056353,-0.3078080353917323,-0.3297933633609973,0,1,5.85044645270875,1,0.0,0,1,0.6,58.13082528563427,0.33333333333333326,20.0,78.46415861896762,False,True,True,2625.0,STOP_HIT,1197
2022-12-21 14:15:00+05:30,2022,12,21,14,15,2,SELL,18249.35,18299.35,18099.35,3.0,trend_bounce_sell,STRONG_DOWNTREND,18249.35,0.23274801568274667,35.72945542021533,49.142730148329875,-16.32984733599733,-9.69578924003006,0.19754730709840657,0.012975720863777684,-0.6440671506698026,-1.105758288445502,-0.08936562915633495,-0.26467674074223124,-0.368544458460518,0,1,4.87292851672609,2,0.0,1,0,0.6,74.48563808899793,0.33333333333333326,20.0,94.81897142233126,False,True,True,2625.0,STOP_HIT,1198
2022-12-21 14:30:00+05:30,2022,12,21,14,30,2,SELL,18265.05,18314.824158548014,18115.727524355956,3.0,trend_bounce_sell,STRONG_DOWNTREND,18265.05,0.24296988745484185,36.330027291411284,51.106972908425384,-17.20800076620435,-9.516548403213374,0.2855960476929557,0.012600894538175113,-0.34917248848139737,-0.7307263784341989,-0.0027296581958546895,-0.16263915810758034,-0.27176978668824736,0,1,4.87292851672609,3,0.014679882103870714,1,0,0.6,75.0,0.33333333333333326,20.0,95.33333333333333,False,True,True,11199.185673303236,TARGET_HIT,1199
2022-12-22 10:00:00+05:30,2022,12,22,10,0,3,SELL,18158.95,18208.95,18008.95,3.0,trend_bounce_sell,STRONG_DOWNTREND,18158.95,0.34308151077016574,31.53894916506755,53.16426892267098,-34.23927346776691,-14.57372136859263,0.0945554995292235,0.012028071323224688,-0.3550331574629695,-1.1940647716885078,-0.2678766306608127,-0.463795257216848,-0.6803634652827184,0,1,3.8954105807434303,0,0.014613575586084398,2,0,0.6,70.0,0.33333333333333326,20.0,90.33333333333333,False,True,True,2625.0,STOP_HIT,1200
2022-12-23 13:30:00+05:30,2022,12,23,13,30,4,SELL,17854.1,17904.1,17704.1,3.0,trend_bounce_sell,STRONG_DOWNTREND,17854.1,0.19921394605640685,31.8243811459852,65.9098177685307,-90.32184732348105,-12.728797023927129,0.18884150831559746,0.01637786098173683,-0.5428500603012032,-1.59180726344742,-0.2646595544852248,-0.5420365877054634,-1.0847448533740534,0,1,0.0,0,0.0,4,0,0.8,70.0,0.33333333333333326,20.0,90.33333333333333,False,True,False,-3750.0,STOP_HIT,1201
2022-12-27 14:30:00+05:30,2022,12,27,14,30,1,BUY,18128.7,18078.7,18278.7,3.0,trend_pullback_buy,STRONG_UPTREND,18128.7,0.1701130567237871,67.88740369803267,29.543739280927806,22.17782278181039,13.79708023589347,1.051294367482458,0.007320103302091283,0.4090313683027036,0.7376659748443481,0.23166691376159676,0.3782084878200864,0.536758455448183,1,0,1.3791793208676713,0,0.0,0,1,0.7,57.72624356855668,0.33333333333333326,20.0,78.05957690189001,False,True,False,-3750.0,STOP_HIT,1202
2022-12-27 14:45:00+05:30,2022,12,27,14,45,1,BUY,18124.6,18074.6,18274.6,3.0,trend_pullback_buy,STRONG_UPTREND,18124.6,0.16632879385712238,68.30445676341472,31.046690224037036,24.184546080810833,14.223423181404518,0.9618525290993729,0.007509614867417067,0.4233109118914724,0.6799168990456517,0.16712889819707755,0.32308365508559866,0.49376377171854724,1,0,1.3791793208676713,1,0.013984666841851769,0,1,0.7,58.62801413442222,0.33333333333333326,20.0,78.96134746775556,False,True,False,-3750.0,STOP_HIT,1203
2023-01-06 14:15:00+05:30,2023,1,6,14,15,4,SELL,17839.0,17889.0,17689.0,3.0,trend_bounce_sell,STRONG_DOWNTREND,17839.0,0.1823052221056605,33.17029881137067,46.5351460627313,-58.13776443950701,-8.314726405345887,0.2540705644877396,0.013471449716205314,-0.5632648738437163,-0.839355197331848,-0.05314963037604814,-0.2678073770757683,-0.6187003064546448,0,1,0.0,0,0.0,0,0,0.5,67.92108763763878,0.33333333333333326,20.0,88.2544209709721,False,True,False,-3750.0,STOP_HIT,1204
2023-01-06 14:30:00+05:30,2023,1,6,14,30,4,SELL,17831.85,17881.85,17681.85,3.0,trend_bounce_sell,STRONG_DOWNTREND,17831.85,0.1844011858396256,34.56515786829702,50.56846113661972,-58.59182365986999,-7.891907063137978,0.23665407494842525,0.012036510140093203,-0.507454192425294,-1.0811710374859618,-0.07458114298213303,-0.2798790012097374,-0.6328716614723895,0,1,0.0,1,0.0375,0,0,0.5,70.0,0.33333333333333326,20.0,90.33333333333333,False,True,,,,1205
2023-01-10 14:15:00+05:30,2023,1,10,14,15,1,SELL,17874.9,17924.9,17724.9,3.0,trend_bounce_sell,STRONG_DOWNTREND,17874.9,0.17244851719450002,32.36689322876441,57.97003767630317,-27.40694016177804,-18.57255208264201,0.1377806260475878,0.009582994361612376,-0.36287625418058855,-0.8508844427927098,-0.15956448376236443,-0.3572341456255068,-0.5460435113008422,0,1,3.75,0,0.0,0,1,0.0,70.0,0.33333333333333326,20.0,90.33333333333333,False,True,False,-3750.0,STOP_HIT,1206
2023-01-10 14:30:00+05:30,2023,1,10,14,30,1,SELL,17858.25,17908.25,17708.25,3.0,trend_bounce_sell,STRONG_DOWNTREND,17858.25,0.1744291853905052,32.26561688988154,59.234700019965814,-29.947942815975694,-19.002199263155696,0.0774996189714577,0.00936096205899749,-0.5510324549484413,-0.8882635986746767,-0.20215269498359278,-0.409302701659664,-0.6137896291870337,0,1,3.75,1,0.03896103896103896,0,1,0.0,70.0,0.33333333333333326,20.0,90.33333333333333,False,True,,,,1207
2023-01-10 14:45:00+05:30,2023,1,10,14,45,1,SELL,17892.8,17942.8,17742.8,3.0,trend_bounce_sell,STRONG_DOWNTREND,17892.8,0.18365328112824283,41.59980173711465,58.43243434709577,-30.743227389459207,-17.817735452975292,0.3043016830523076,0.009070463512335538,-0.40799060452740843,-0.5051810950502333,-0.007260764423100419,-0.19697203256575646,-0.40504629492166266,0,1,3.75,1,0.03896103896103896,0,1,0.0,80.0,0.33333333333333326,20.0,100.33333333333333,False,True,,,,1208
2023-01-20 14:45:00+05:30,2023,1,20,14,45,4,SELL,18049.4,18087.553571428572,17934.93928571429,3.0,trend_bounce_sell,STRONG_DOWNTREND,18049.4,0.11743564091564289,32.45258526350784,29.779534684937893,-7.221318963151134,-10.992011053102281,0.15647269655859494,0.006619502179153554,-0.3269164927161561,-0.2065047617731186,-0.06805514985079864,-0.1733582678540735,-0.2363372609185621,0,1,7.5,0,0.0,0,2,0.0,52.86772081096274,0.33333333333333326,20.0,73.20105414429608,False,True,False,-2861.517857142826,STOP_HIT,1209
2023-01-20 15:00:00+05:30,2023,1,20,15,0,4,SELL,18029.35,18070.454285714284,17906.03714285714,3.0,trend_bounce_sell,STRONG_DOWNTREND,18029.35,0.1266585555536601,30.032217285586142,32.281341449923055,-9.153714113857859,-11.631965583428105,0.05862012489269124,0.007111496548595845,-0.3212171975596423,-0.4876446789603639,-0.14330218152620589,-0.25847562826466497,-0.33359009937349304,0,1,7.5,1,0.03093532818532785,0,2,0.0,54.368804869953834,0.33333333333333326,20.0,74.70213820328718,False,True,,,,1210
2023-01-20 15:15:00+05:30,2023,1,20,15,15,4,SELL,18027.65,18067.558571428573,17907.924285714285,3.0,trend_bounce_sell,STRONG_DOWNTREND,18027.65,0.1229856834996694,33.5653917393459,35.78700177091854,-10.913126002484205,-12.052239724849006,0.09571624030825236,0.007306551884824091,-0.3609140576854464,-0.558226252630456,-0.12221151916240736,-0.2435868894316795,-0.3295815464959717,0,1,7.5,1,0.03093532818532785,0,2,0.0,56.47220106255112,0.33333333333333326,20.0,76.80553439588445,False,True,,,,1211
2023-02-01 15:15:00+05:30,2023,2,1,15,15,2,SELL,17616.3,17666.3,17466.3,3.0,trend_bounce_sell,STRONG_DOWNTREND,17616.3,0.6272599808132212,40.93954236303039,31.026859245795855,4.193358115127921,-23.906363769658455,0.2636145786868446,0.03059904243792105,-1.9598240248880794,-1.073427133025795,-0.10813514222011156,-0.4285304404467394,-0.43497587033340945,0,1,10.361517857142825,0,0.0,0,3,0.0,68.41523567191791,0.33333333333333326,20.0,88.74856900525124,False,True,True,2625.0,STOP_HIT,1212
2023-02-02 09:30:00+05:30,2023,2,2,9,30,3,SELL,17623.4,17673.4,17473.4,3.0,trend_bounce_sell,STRONG_DOWNTREND,17623.4,0.6336340158133873,35.27519913215339,32.2348479113245,-6.373724843120726,-25.90671688569488,0.34066683021913136,0.032083292923236285,-0.6029226803832888,-1.0110428345147526,0.023906569427967206,-0.2615907160709807,-0.3363840644989069,0,1,10.361517857142825,0,0.0418347110566153,0,3,0.0,54.340908746794696,0.33333333333333326,20.0,74.67424208012804,False,True,,,,1213
2023-02-02 10:00:00+05:30,2023,2,2,10,0,3,SELL,17573.2,17623.2,17423.2,3.0,trend_bounce_sell,STRONG_DOWNTREND,17573.2,0.6495280150618932,31.270809366887732,35.103953014534206,-14.223149220011692,-27.644273143348865,0.2977296095112186,0.03303318448851889,-0.6512742814499983,-1.2697199874151632,-0.15327248936896076,-0.4442600027965038,-0.5695989573376803,0,1,10.361517857142825,0,0.0418347110566153,0,3,0.0,51.06237180872053,0.33333333333333326,20.0,71.39570514205386,False,True,,,,1214
2023-02-02 10:15:00+05:30,2023,2,2,10,15,3,SELL,17525.15,17575.15,17375.15,3.0,trend_bounce_sell,STRONG_DOWNTREND,17525.15,0.6399170824296981,33.43857866618697,38.164703147309304,-19.079879749118845,-29.250903305210414,0.24286221780468617,0.03349446826535065,-0.44536471336745764,-1.5734079178671423,-0.3413158885409717,-0.6517636030028418,-0.808737315393071,0,1,10.361517857142825,0,0.0418347110566153,0,3,0.0,52.898821888385584,0.33333333333333326,20.0,73.23215522171893,False,True,,,,1215
2023-02-07 13:15:00+05:30,2023,2,7,13,15,1,SELL,17696.6,17728.02353202788,17602.329403916352,3.0,trend_bounce_sell,STRONG_DOWNTREND,17696.6,0.15218823309077759,35.88209598499047,28.997191398828722,1.2543452255085867,-13.046983344276176,0.20582309800264306,0.007943470842056452,-0.3477237468571093,-0.34127002004822327,-0.04084771491730255,-0.16228929331183473,-0.1772534426700889,0,1,7.736517857142826,0,0.0,1,0,0.25,62.39831483929723,0.33333333333333326,20.0,82.73164817263057,False,True,False,-2356.764902091163,STOP_HIT,1216
2023-02-08 10:30:00+05:30,2023,2,8,10,30,2,BUY,17812.35,17762.35,17962.35,3.0,trend_pullback_buy,STRONG_UPTREND,17812.35,0.21357573336958224,64.20993689546418,30.460150240376464,20.299870609007485,10.303008534280822,0.743445815341162,0.014383683197459644,0.32950599447443274,0.49876015222338754,0.02589560465811047,0.20912941605486512,0.3434813476649312,1,0,10.093282759233988,0,0.0,0,1,0.2,63.276090144225876,0.33333333333333326,20.0,83.6094234775592,False,True,True,2625.0,STOP_HIT,1217
2023-02-08 10:45:00+05:30,2023,2,8,10,45,2,BUY,17823.75,17773.75,17973.75,3.0,trend_pullback_buy,STRONG_UPTREND,17823.75,0.21494194143047296,68.05378922890733,31.912503742235174,21.694012898347864,10.527435741259081,0.7605949034304854,0.014672282904181834,0.33691925759544716,0.6397352975220816,0.07191724100017449,0.2483599374365042,0.3916507956071458,1,0,10.093282759233988,1,0.04170989793741078,0,1,0.2,59.1475022453411,0.33333333333333326,20.0,79.48083557867443,False,True,,,,1218
2023-02-08 11:00:00+05:30,2023,2,8,11,0,2,BUY,17840.7,17790.7,17990.7,3.0,trend_pullback_buy,STRONG_UPTREND,17840.7,0.20861209001248174,67.3444276950344,32.75914616176308,23.547512560387986,11.142841862969282,0.7934995252155782,0.014843110523729308,0.681151241534983,0.8427728413484381,0.13362212045444632,0.31235145635912787,0.46792890505999996,1,0,10.093282759233988,1,0.04170989793741078,0,1,0.2,59.65548769705784,0.33333333333333326,20.0,79.98882103039118,False,True,,,,1219
2023-02-08 11:15:00+05:30,2023,2,8,11,15,2,BUY,17839.55,17789.55,17989.55,3.0,trend_pullback_buy,STRONG_UPTREND,17839.55,0.2001972343152459,69.67036935416137,34.248388021922686,25.0821119392931,11.409697117686955,0.7630123338037748,0.014576580446917559,0.6661399994356998,0.9167020223447953,0.10170818950621108,0.27800031884865906,0.44327640259465007,1,0,10.093282759233988,1,0.04170989793741078,0,1,0.2,60.549032813153616,0.33333333333333326,20.0,80.88236614648696,False,True,,,,1220
2023-02-08 11:30:00+05:30,2023,2,8,11,30,2,BUY,17874.35,17824.35,18024.35,3.0,trend_pullback_buy,STRONG_UPTREND,17874.35,0.1988683704382434,69.47915528348659,36.42324299296964,27.762775455757946,12.68132457073662,0.8677510373481255,0.01406031896705668,0.8625116384053166,1.2444313537792961,0.2374419927424043,0.4303736126793467,0.6139921979918972,1,0,10.093282759233988,1,0.04170989793741078,0,1,0.2,61.85394579578178,0.33333333333333326,20.0,82.18727912911513,False,True,,,,1221
2023-02-08 13:15:00+05:30,2023,2,8,13,15,2,BUY,17881.45,17831.45,18031.45,3.0,trend_pullback_buy,STRONG_UPTREND,17881.45,0.16395682197392647,57.38489321773175,40.73592470063795,34.35410340539238,10.275486561462646,0.7695103318340089,0.011140384478938057,0.32372536643523464,0.6617353171319396,0.16086571320617082,0.3081036847446317,0.527912209125514,1,0,7.468282759233989,1,0.0,1,0,0.3333333333333333,74.44155482038278,0.33333333333333326,20.0,94.7748881537161,False,True,False,-3750.0,STOP_HIT,1222
2023-02-14 11:15:00+05:30,2023,2,14,11,15,1,BUY,17849.55,17810.080539046758,17967.958382859724,3.0,trend_pullback_buy,STRONG_UPTREND,17849.55,0.1539854746238112,69.8707322978615,37.469363307210635,0.8515194201281702,10.601703801444772,0.84224127572261,0.007652752341866831,0.44257747215952215,0.550931598293114,0.08935824671432169,0.20065721430813088,0.22161304024823636,1,0,11.218282759233988,0,0.0,0,1,0.2857142857142857,62.48161798432638,0.33333333333333326,20.0,82.8149513176597,False,True,True,2072.146700045323,STOP_HIT,1223
2023-02-24 14:15:00+05:30,2023,2,24,14,15,4,SELL,17440.7,17490.682142857146,17290.753571428566,3.0,trend_bounce_sell,STRONG_DOWNTREND,17440.7,0.1592129739222474,31.120320932293268,43.62373210260813,-51.32539012516645,-1.1177440132975818,0.2090103121974121,0.009707358574192781,-0.3343009966169874,-0.7014387465198557,-0.09732677090442676,-0.2448361685738032,-0.5476742471948293,0,1,9.146136059188663,0,0.0,1,0,0.375,62.351679394540696,0.33333333333333326,20.0,82.68501272787404,False,True,True,2624.0625000002183,STOP_HIT,1224
2023-02-27 09:45:00+05:30,2023,2,27,9,45,0,SELL,17335.55,17385.55,17185.55,3.0,trend_bounce_sell,STRONG_DOWNTREND,17335.55,0.2299362540312493,33.18684297952572,36.64686157457921,-51.89813464320832,-2.2752843304264943,-0.29659923312569664,0.008277729980758007,-0.8161595587646397,-1.0725597055382785,-0.5086184725651366,-0.6782676078330385,-0.9858295003076778,0,1,9.146136059188663,0,0.04126033337149,1,0,0.375,61.98811694474753,0.33333333333333326,20.0,82.32145027808087,False,True,,,,1225
2023-02-27 11:00:00+05:30,2023,2,27,11,0,0,SELL,17376.65,17426.65,17226.65,3.0,trend_bounce_sell,STRONG_DOWNTREND,17376.65,0.240388271452944,38.858739897872404,29.22790754127385,-62.94815735867451,-8.661218002069056,0.34283983240446936,0.013296447069331663,-0.5579670541914772,-0.4731016509872954,0.05911171360846179,-0.18363423533370726,-0.5705124568213371,0,1,9.146136059188663,0,0.04126033337149,1,0,0.375,62.53674452476431,0.33333333333333326,20.0,82.87007785809764,False,True,,,,1226
2023-02-28 14:15:00+05:30,2023,2,28,14,15,1,SELL,17303.05,17353.05,17153.05,3.0,trend_bounce_sell,STRONG_DOWNTREND,17303.05,0.17618693979219835,36.403132336700075,34.945459997025274,-33.2344413218525,-0.010034132618216063,0.1378974145181231,0.008937576216607254,-0.4249894975513646,-0.6000287232514778,-0.11534393675546317,-0.24960673342772077,-0.44348200258708115,0,1,6.522073559188445,0,0.0,2,0,0.4444444444444444,51.067617324397325,0.33333333333333326,20.0,71.40095065773066,False,True,False,-3750.0,STOP_HIT,1227
2023-02-28 14:30:00+05:30,2023,2,28,14,30,1,SELL,17274.85,17324.85,17124.85,3.0,trend_bounce_sell,STRONG_DOWNTREND,17274.85,0.18741117867882928,31.887040340359817,37.81850438625088,-35.03796034771949,-1.6321978426366854,0.021138440739549014,0.009272002822980623,-0.6335921771642328,-0.8423451347752242,-0.22263024164371759,-0.37484680215017496,-0.5821201912913687,0,1,6.522073559188445,1,0.04011642259067897,2,0,0.4444444444444444,62.691102631750525,0.33333333333333326,20.0,83.02443596508385,False,True,,,,1228
2023-02-28 14:45:00+05:30,2023,2,28,14,45,1,SELL,17312.6,17362.6,17162.6,3.0,trend_bounce_sell,STRONG_DOWNTREND,17312.6,0.19459402813145088,41.760416231489586,41.099938041164215,-35.035567116159655,-1.4668241499691632,0.27846765849439004,0.00904631960696319,-0.4548146529666619,-0.5203081051418978,-0.0036728098798843867,-0.14287510412636095,-0.3506081746615264,0,1,6.522073559188445,1,0.04011642259067897,2,0,0.4444444444444444,74.32820432439016,0.33333333333333326,20.0,94.66153765772349,False,True,,,,1229
2023-03-02 11:00:00+05:30,2023,3,2,11,0,3,SELL,17376.1,17397.012302196108,17313.36309341167,3.0,trend_bounce_sell,STRONG_DOWNTREND,17376.1,0.15661906707653306,35.60943622054816,28.13250277752717,-0.04466842565307161,-3.802295966432999,0.2655499752770712,0.008547272517591667,-0.40694442056272706,-0.23654642223537303,-0.041144622110145246,-0.11851832937886941,-0.12020628503820463,0,1,10.272073559188444,0,0.0,0,1,0.4,61.879501666516305,0.33333333333333326,20.0,82.21283499984963,False,True,True,1097.8958652957772,STOP_HIT,1230
2023-03-02 11:15:00+05:30,2023,3,2,11,15,3,SELL,17373.0,17396.070643286457,17303.78807014063,3.0,trend_bounce_sell,STRONG_DOWNTREND,17373.0,0.15563970364522767,34.34453160170368,31.78248264751064,-1.0181504766042053,-4.298200215645719,0.2664701698877152,0.008741431277131777,-0.4463953148548305,-0.28153977287402876,-0.0471878691255756,-0.12395880219217004,-0.1326198528364797,0,1,10.272073559188444,1,0.017479760504025624,0,1,0.4,59.069489588506386,0.33333333333333326,20.0,79.40282292183971,False,True,True,1211.2087725389756,STOP_HIT,1231
2023-03-09 14:00:00+05:30,2023,3,9,14,0,3,SELL,17627.65,17666.954285714288,17509.737142857142,3.0,trend_bounce_sell,STRONG_DOWNTREND,17627.65,0.1238719527884564,35.817757495968564,33.249860184301745,-8.072734678989946,-9.936577790986476,0.09261775232396398,0.0073250472634160384,-0.494770057520888,-0.7139075384130167,-0.1302717776416218,-0.24939236652593566,-0.31578478621054895,0,1,7.962968921353691,0,3.469446951953614e-18,2,0,0.6,59.94991611058104,0.33333333333333326,20.0,80.28324944391437,False,True,True,8843.464285714435,TARGET_HIT,1232
2023-03-16 10:15:00+05:30,2023,3,16,10,15,3,SELL,16940.75,16990.75,16790.75,3.0,trend_bounce_sell,STRONG_DOWNTREND,16940.75,0.26995347229102656,34.28987834951535,63.263810221719055,-69.68015821967856,-10.96763404433176,0.2924952181908393,0.017717673813898344,-0.5310841279534073,-1.0692688852098065,0.030816732622485077,-0.28343030899476984,-0.721272586275512,0,1,0.0,0,0.0,3,0,0.7,70.0,0.33333333333333326,20.0,90.33333333333333,False,True,False,-3750.0,STOP_HIT,1233
2023-03-20 13:15:00+05:30,2023,3,20,13,15,0,SELL,16873.35,16923.35,16723.35,3.0,trend_bounce_sell,STRONG_DOWNTREND,16873.35,0.2226461084660541,43.12126964569104,44.19663137167992,-40.17107949848287,-15.273861927506982,0.3149697822300644,0.01911886610903295,-0.4718831381408384,-1.2708777657828518,-0.058257525542937394,-0.2868278307060046,-0.5577036026804705,0,1,3.7172696133734564,0,0.0,0,1,0.6,76.51797882300795,0.33333333333333326,20.0,96.85131215634128,False,True,False,-3750.0,STOP_HIT,1234
2023-03-20 13:30:00+05:30,2023,3,20,13,30,0,SELL,16858.05,16908.05,16708.05,3.0,trend_bounce_sell,STRONG_DOWNTREND,16858.05,0.22869532020946176,40.78834121754661,43.594991604574616,-41.604518028550956,-15.03657041181756,0.2784396157732474,0.01664820570685398,-0.5145984863014763,-1.4946958165462432,-0.11913966143315413,-0.3430660910354266,-0.6226248223780928,0,1,3.7172696133734564,1,0.03860785416498509,0,1,0.6,76.15699496274478,0.33333333333333326,20.0,96.4903282960781,False,True,,,,1235
2023-03-20 13:45:00+05:30,2023,3,20,13,45,0,SELL,16857.85,16907.85,16707.85,3.0,trend_bounce_sell,STRONG_DOWNTREND,16857.85,0.22910055891723063,42.99269403737694,42.05856586036707,-42.76813142841638,-14.58016543051469,0.28068143214450136,0.013618724177038527,-0.44527778187886113,-1.4163701275727303,-0.0962828702585905,-0.3130510592174285,-0.5994875699394053,0,1,3.7172696133734564,1,0.03860785416498509,0,1,0.6,75.23513951622024,0.33333333333333326,20.0,95.56847284955357,False,True,,,,1236
2023-03-21 14:15:00+05:30,2023,3,21,14,15,1,BUY,17101.15,17055.134285714288,17239.19714285714,3.0,trend_pullback_buy,STRONG_UPTREND,17101.15,0.14948869353397917,60.48786904326578,33.2894487723294,26.91282448727725,15.254934078283982,0.893115520366963,0.005141086193721438,0.41219074684619716,0.1443504230960846,0.11404116925353147,0.2702286274961274,0.4674054568300612,1,0,7.434539226746913,0,0.0,0,2,0.6,59.97366926339764,0.33333333333333326,20.0,80.30700259673097,False,True,True,2415.82499999995,STOP_HIT,1237
2023-03-21 14:30:00+05:30,2023,3,21,14,30,1,BUY,17123.5,17075.999285714286,17266.00214285714,3.0,trend_pullback_buy,STRONG_UPTREND,17123.5,0.1541115175886138,63.405220270842584,30.554663271833327,28.952984320592805,15.565584520439584,1.0401634689739139,0.005708391125130983,0.5434224162480517,0.49356197988190686,0.19581064104143842,0.36466221150239786,0.575095466877551,1,0,7.434539226746913,1,0.036958237991374626,0,2,0.6,63.33279796309999,0.33333333333333326,20.0,83.66613129643332,False,True,,,,1238
2023-03-22 10:00:00+05:30,2023,3,22,10,0,2,BUY,17140.8,17090.8,17290.8,3.0,trend_pullback_buy,STRONG_UPTREND,17140.8,0.1797715725887143,59.376679906983966,34.37627562492001,39.74683183543311,13.752144387133704,0.7542986495224576,0.009545031593118846,0.3066407621544309,0.4842245957955571,0.04164054484920854,0.22524460105093347,0.49829853965241977,1,0,7.434539226746913,0,0.036958237991374626,0,2,0.6,70.62576537495201,0.33333333333333326,20.0,90.95909870828534,False,True,,,,1239
2023-03-30 10:15:00+05:30,2023,3,30,10,15,3,BUY,17080.7,17030.7,17230.7,3.0,trend_pullback_buy,STRONG_UPTREND,17080.7,0.2307951581107824,66.03533273930567,40.27568736362359,19.13197901274907,13.91351623053107,0.7517570242836402,0.011686083818792815,0.3654846196785799,0.6220876460227176,0.06666309513565505,0.22270108530808574,0.3673519898846678,1,0,5.03979979641951,0,0.0,1,0,0.6,64.16541241817416,0.33333333333333326,20.0,84.49874575150749,False,True,True,11250.0,TARGET_HIT,1240
2023-03-30 10:45:00+05:30,2023,3,30,10,45,3,BUY,17080.7,17030.7,17230.7,3.0,trend_pullback_buy,STRONG_UPTREND,17080.7,0.2366079008136985,67.25011691517325,48.13305268490036,21.059804470583913,12.910396067355611,0.7128679309573932,0.010254212968775421,0.38376999659130995,0.7630660684842416,0.04265414444060145,0.18397937459062597,0.33900924885383876,1,0,5.03979979641951,1,0.03914555366779119,1,0,0.6,68.87983161094022,0.33333333333333326,20.0,89.21316494427354,False,True,,,,1241
2023-04-06 11:45:00+05:30,2023,4,6,11,45,3,BUY,17597.85,17547.85,17747.85,3.0,trend_pullback_buy,STRONG_UPTREND,17597.85,0.16312869388671322,65.19796420081158,29.42610014722064,52.53768802428749,3.4429001866470514,0.7526672206230092,0.00756603445797525,0.37588516964739416,0.3281015718089142,0.02891645209950333,0.18329327102351023,0.501378790903173,1,0,0.0,0,0.0,2,0,0.7,57.65566008833238,0.33333333333333326,20.0,77.98899342166573,False,True,True,2625.0,STOP_HIT,1242
2023-04-10 12:45:00+05:30,2023,4,10,12,45,0,BUY,17686.15,17644.042857142857,17812.471428571436,3.0,trend_pullback_buy,STRONG_UPTREND,17686.15,0.1322665313980567,65.15367013559708,45.849906423063416,27.184556508698734,3.8082864151136633,0.9252223265170723,0.006753211044626027,0.4364171204988443,0.49434205629248495,0.129841346946713,0.250895788439931,0.41546848543654313,1,0,0.0,0,0.0,3,0,0.7,62.50994385383805,0.33333333333333326,20.0,82.8432771871714,False,True,False,-3158.03571428587,STOP_HIT,1243
2023-04-11 11:30:00+05:30,2023,4,11,11,30,1,BUY,17684.85,17650.38042935136,17788.258711945913,3.0,trend_pullback_buy,STRONG_UPTREND,17684.85,0.14794745623675,65.10325440821236,28.707463240187025,28.757696964119532,3.6755536302838223,0.5718331001590885,0.009862429747075716,0.3449831338426801,0.09820291495683531,-0.07738875147589308,0.020751272437080637,0.1952908085273819,1,0,2.879545631249754,0,0.0,0,1,0.6,52.224477944112216,0.33333333333333326,20.0,72.55781127744555,False,True,True,7755.653395943591,TARGET_HIT,1244
2023-04-19 14:45:00+05:30,2023,4,19,14,45,2,SELL,17596.1,17632.76857142857,17486.094285714287,3.0,trend_bounce_sell,STRONG_DOWNTREND,17596.1,0.11577240735974953,32.52813398254989,33.06454491756986,-22.767671399971732,-2.2905363208436107,0.12523739224786093,0.005142202952374286,-0.3302292912815141,-0.19794679825309025,-0.08454402672666284,-0.17191764981282498,-0.30942820665124104,0,1,0.0,0,0.0,1,0,0.7,54.83872695054191,0.33333333333333326,20.0,75.17206028387525,False,True,False,-2750.1428571427823,STOP_HIT,1245
2023-04-28 11:45:00+05:30,2023,4,28,11,45,4,BUY,17952.4,17910.183571428573,18079.049285714285,3.0,trend_pullback_buy,STRONG_UPTREND,17952.4,0.1306430974609054,68.79665127651487,54.754948410336155,40.24115184567927,4.669666224302553,0.9230278120149072,0.005517906860928823,0.3106700639220472,0.4464935152132421,0.10889971798500042,0.24194961311680974,0.48509471024835715,1,0,2.4067282886931567,0,0.0,0,1,0.6,65.0,0.33333333333333326,20.0,85.33333333333333,False,True,True,9498.696428571293,TARGET_HIT,1246
2023-04-28 12:15:00+05:30,2023,4,28,12,15,4,BUY,17971.6,17930.977857142854,18093.46642857143,3.0,trend_pullback_buy,STRONG_UPTREND,17971.6,0.12557511375090252,68.58300350834763,58.146707223617724,42.266941487356235,5.518156333625427,0.9645929350318879,0.006314661606268232,0.3285369359813384,0.4645442602789318,0.1449853350065089,0.29194698412320363,0.5483816855593959,1,0,2.4067282886931567,1,0.02839191490093268,0,1,0.6,65.0,0.33333333333333326,20.0,85.33333333333333,False,True,,,,1247
2023-04-28 12:30:00+05:30,2023,4,28,12,30,4,BUY,17970.55,17929.336428571427,18094.190714285716,3.0,trend_pullback_buy,STRONG_UPTREND,17970.55,0.12741083924214072,68.11295458135534,59.724085206897406,43.04130504882778,5.663267905587276,0.9031224983392717,0.006534317719982514,0.45474364420989843,0.48170472590636226,0.11127648531112921,0.2600118084480574,0.5211214389942986,1,0,2.4067282886931567,1,0.02839191490093268,0,1,0.6,65.0,0.33333333333333326,20.0,85.33333333333333,False,True,,,,1248
2023-05-05 14:45:00+05:30,2023,5,5,14,45,4,SELL,18090.75,18140.75,17940.75,3.0,trend_bounce_sell,STRONG_DOWNTREND,18090.75,0.16782451963414724,41.25313237441229,57.31093333307104,-0.5652819883980555,-12.187177252899046,0.08025006174873706,0.007634219825474186,-0.3228765768470976,-0.5245750200014943,-0.19222329883755718,-0.29348957571216916,-0.3181028216580395,0,1,0.0,0,0.0,1,0,0.6,80.0,0.33333333333333326,20.0,100.33333333333333,False,True,False,-3750.0,STOP_HIT,1249
2023-05-05 15:00:00+05:30,2023,5,5,15,0,4,SELL,18071.95,18121.95,17921.95,3.0,trend_bounce_sell,STRONG_DOWNTREND,18071.95,0.17367087827110328,36.33094753493589,58.14642111438115,-3.5386428769488703,-13.644484327304875,0.016627632007950435,0.008046272159914157,-0.4154876607328273,-0.7027530446679364,-0.2368954566145276,-0.3611350002308944,-0.40522280005960143,0,1,0.0,1,0.03098725605596148,1,0,0.6,75.0,0.33333333333333326,20.0,95.33333333333333,False,True,,,,1250
2023-05-05 15:15:00+05:30,2023,5,5,15,15,4,SELL,18069.0,18119.0,17919.0,3.0,trend_bounce_sell,STRONG_DOWNTREND,18069.0,0.16606974850375233,42.88699300778019,57.81513296672891,-6.289212547468196,-14.75554859804178,0.050719336650416516,0.008206826171534776,-0.5032928790114855,-0.7298708647747287,-0.20264695354612616,-0.3432083784216555,-0.4050185977586662,0,1,0.0,1,0.03098725605596148,1,0,0.6,80.0,0.33333333333333326,20.0,100.33333333333333,False,True,,,,1251
2023-05-05 15:30:00+05:30,2023,5,5,15,30,4,SELL,18069.0,18117.124285714286,17924.62714285714,3.0,trend_bounce_sell,STRONG_DOWNTREND,18069.0,0.14796454859546312,30.609095371678052,55.64961429144953,-8.716245381237968,-15.464323288630396,0.07900952645340419,0.007821664854018244,-0.4665715529065695,-0.7879203843514038,-0.16218329473809412,-0.3121049958828892,-0.3891973320260478,0,1,0.0,1,0.03098725605596148,1,0,0.6,65.0,0.33333333333333326,20.0,85.33333333333333,False,True,,,,1252
2023-05-12 10:15:00+05:30,2023,5,12,10,15,4,SELL,18249.6,18288.27708429218,18133.56874712346,3.0,trend_bounce_sell,STRONG_DOWNTREND,18249.6,0.16485684226347208,30.91126406462442,29.742302150819047,-3.565695223987859,-11.44852841014183,0.21350283845661155,0.008194422785903096,-0.39923046485926816,-0.30047091987805974,-0.052384907369862344,-0.17184852556109131,-0.211485664362554,0,1,3.098725605596148,0,0.0,0,1,0.5,57.84538129049143,0.33333333333333326,20.0,78.17871462382476,False,True,False,-2900.781321913473,STOP_HIT,1253
2023-05-25 10:15:00+05:30,2023,5,25,10,15,3,SELL,18252.85,18298.839999999997,18114.880000000005,3.0,trend_bounce_sell,STRONG_DOWNTREND,18252.85,0.1399781403999912,35.48267229692459,42.28428031581588,-14.394175240297045,-14.207935482143744,0.09669657716195205,0.005767355974233557,-0.31103562026892906,-0.5733164107396771,-0.11382857396881052,-0.23431496664876317,-0.34303502475927505,0,1,5.495719034515697,0,0.0,0,2,0.5,65.37056818948952,0.33333333333333326,20.0,85.70390152282285,False,True,False,-3449.249999999847,STOP_HIT,1254
2023-05-25 11:30:00+05:30,2023,5,25,11,30,3,SELL,18221.05,18265.053571428572,18089.03928571428,3.0,trend_bounce_sell,STRONG_DOWNTREND,18221.05,0.13416586075680914,32.71336852344224,42.621439554607505,-21.971008070217067,-14.119565982580353,0.03182052627401307,0.006184331321689494,-0.35192011112692434,-0.44420525233097585,-0.14868882216593216,-0.2894416483954054,-0.4414389175093736,0,1,5.495719034515697,1,0.030159562962742283,0,2,0.5,60.5728637327645,0.33333333333333326,20.0,80.90619706609783,False,True,,,,1255
2023-06-01 15:30:00+05:30,2023,6,1,15,30,3,SELL,18487.75,18523.949285714287,18379.15214285714,3.0,trend_bounce_sell,STRONG_DOWNTREND,18487.75,0.10877859277475212,32.105128586637974,36.08599543170401,-10.660700113814528,-5.53293106892566,0.021863754859513636,0.0055904341066219795,-0.339877525497545,-0.4300501949632607,-0.12661878855690922,-0.2154133202782127,-0.28563073165913666,0,1,8.345926846542902,0,0.0,0,3,0.5,56.65159725902241,0.33333333333333326,20.0,76.98493059235574,False,True,False,-2714.946428571511,STOP_HIT,1256
2023-06-09 09:30:00+05:30,2023,6,9,9,30,4,SELL,18623.75,18673.75,18473.75,3.0,trend_bounce_sell,STRONG_DOWNTREND,18623.75,0.15030730729770989,31.671844801481555,54.02993385397345,3.642295097677561,-16.344377946142327,0.10720714412600593,0.008002489532184423,-0.4231964026969126,-0.7572265578164483,-0.14349530867141524,-0.2708944476197517,-0.2771863355208404,0,1,10.589359917485927,0,0.0,0,4,0.4,70.0,0.33333333333333326,20.0,90.33333333333333,False,True,True,2625.0,STOP_HIT,1257
2023-06-09 09:45:00+05:30,2023,6,9,9,45,4,SELL,18658.05,18674.83103805145,18598.05,3.0,trend_bounce_sell,STRONG_DOWNTREND,18658.05,0.15906577283570056,41.27197352425377,53.95340015189565,2.722380415390944,-15.537863365586048,0.35223159581852326,0.006921476697700943,-0.3200136767113948,-0.5672946254896227,0.03232846340412987,-0.0792971318719915,-0.08985911581880224,0,1,10.589359917485927,1,0.03465723545582985,0,4,0.4,80.0,0.33333333333333326,20.0,100.33333333333333,False,True,,,,1258
2023-06-09 10:15:00+05:30,2023,6,9,10,15,4,SELL,18619.65,18669.65,18469.65,3.0,trend_bounce_sell,STRONG_DOWNTREND,18619.65,0.16395888982108295,35.62417632828486,52.113436559283336,-0.969335800382396,-15.773435519990052,0.12139979246427594,0.006971152841030204,-0.32280600322805997,-0.4179636106921514,-0.12961326227060033,-0.24512597066033148,-0.27716149776165766,0,1,10.589359917485927,1,0.03465723545582985,0,4,0.4,75.0,0.33333333333333326,20.0,95.33333333333333,False,True,,,,1259
2023-06-09 10:30:00+05:30,2023,6,9,10,30,4,SELL,18627.0,18669.65875791148,18499.023726265565,3.0,trend_bounce_sell,STRONG_DOWNTREND,18627.0,0.1641817944765257,34.59176439922736,51.48269236668123,-2.623792597267311,-15.685103085187468,0.20952563787113881,0.007046604086869989,-0.3037398809125569,-0.3975648816796573,-0.07216501724676139,-0.18707890698912433,-0.2284924350500095,0,1,10.589359917485927,1,0.03465723545582985,0,4,0.4,70.0,0.33333333333333326,20.0,90.33333333333333,False,True,,,,1260
2023-06-09 14:15:00+05:30,2023,6,9,14,15,4,SELL,18565.15,18599.150714285715,18463.14785714286,3.0,trend_bounce_sell,STRONG_DOWNTREND,18565.15,0.10174593641465739,30.961499633550147,31.198034523201148,-20.13483694882234,-11.925118890526935,-0.03769450129737781,0.004895229312425097,-0.3357902478566821,-0.4512233703141577,-0.14807499160978121,-0.2681419494683035,-0.40320413421759405,0,1,10.589359917485927,1,0.03465723545582985,0,4,0.4,53.71882071392069,0.33333333333333326,20.0,74.05215404725402,False,True,,,,1261
2023-06-09 14:30:00+05:30,2023,6,9,14,30,4,SELL,18572.65,18607.672857142858,18467.581428571433,3.0,trend_bounce_sell,STRONG_DOWNTREND,18572.65,0.10476234063067447,35.10922786909359,28.331723296421888,-21.316069733013137,-11.795716507245958,0.10184951083273883,0.005254910581197409,-0.3332483666268593,-0.2743808309282447,-0.0862078060538507,-0.20718109791330042,-0.34878432624341205,0,1,10.589359917485927,1,0.03465723545582985,0,4,0.4,56.99903397785313,0.33333333333333326,20.0,77.33236731118646,False,True,,,,1262
2023-06-16 10:30:00+05:30,2023,6,16,10,30,4,BUY,18777.5,18734.47357142857,18906.579285714288,3.0,trend_pullback_buy,STRONG_UPTREND,18777.5,0.1272990090724114,59.588788578669664,30.894171092457185,7.331124496700795,0.3331699049690604,0.8761316418418343,0.007030254445464851,0.46923990625902245,0.26912869584720944,0.1387854264571109,0.20610807790615304,0.24489652623189695,1,0,8.420251993568623,0,0.0,1,0,0.4,51.868201705164914,0.33333333333333326,20.0,72.20153503849825,False,True,True,2258.887500000037,STOP_HIT,1263
2023-06-16 10:45:00+05:30,2023,6,16,10,45,4,BUY,18771.7,18733.198390681824,18887.20482795453,3.0,trend_pullback_buy,STRONG_UPTREND,18771.7,0.12712905977767802,58.80373790102332,29.69728011879136,8.407957883806375,1.2690029628671757,0.8030148284736726,0.007333712286400131,0.5043501539285344,0.22424278018333688,0.08626501384234597,0.15920772549256057,0.20552608537647288,1,0,8.420251993568623,1,0.029117157195557783,1,0,0.4,60.50839769994658,0.33333333333333326,20.0,80.84173103327991,False,True,,,,1264
2023-06-16 11:00:00+05:30,2023,6,16,11,0,4,BUY,18762.3,18734.33963026293,18846.181109211208,3.0,trend_pullback_buy,STRONG_UPTREND,18762.3,0.11672342943029733,66.0871724257325,28.864045327562646,8.966260045890522,1.6445746124561893,0.7162511474798529,0.007483664760084161,0.42633138232530676,0.2037475666452071,0.028915059152700984,0.09912891993066886,0.14924662565583002,1,0,8.420251993568623,1,0.029117157195557783,1,0,0.4,52.318427196537584,0.33333333333333326,20.0,72.65176052987093,False,True,,,,1265
2023-06-16 15:00:00+05:30,2023,6,16,15,0,4,BUY,18823.0,18789.982857142855,18922.051428571434,3.0,trend_pullback_buy,STRONG_UPTREND,18823.0,0.09744916932931706,66.97885126881403,34.62861651726576,19.857666913521825,7.448597778897579,0.9071010267983888,0.005725593753757722,0.38692404715618967,0.30881878811941377,0.10174517816774475,0.2235625859729362,0.3449590609876152,1,0,8.420251993568623,1,0.029117157195557783,1,0,0.4,50.77716991035946,0.33333333333333326,20.0,71.11050324369279,False,True,,,,1266
2023-06-16 15:15:00+05:30,2023,6,16,15,15,4,BUY,18823.6,18789.129999999997,18927.010000000002,3.0,trend_pullback_buy,STRONG_UPTREND,18823.6,0.10173399349752521,65.95886213786483,34.07169283319978,21.003692340509588,7.735160885296805,0.8692041794710386,0.006103134921134279,0.3416935419387368,0.21855392372174265,0.08393119402057003,0.20610051553175968,0.33445874101989403,1,0,8.420251993568623,1,0.029117157195557783,1,0,0.4,55.44301569991987,0.33333333333333326,20.0,75.77634903325321,False,True,,,,1267
2023-06-16 15:30:00+05:30,2023,6,16,15,30,4,BUY,18823.6,18789.959285714285,18924.52214285714,3.0,trend_pullback_buy,STRONG_UPTREND,18823.6,0.0992864580329258,69.08433517601684,33.44513851999485,21.962542029625183,7.82460951697116,0.8317856507099274,0.0064207510957612806,0.31549103621750785,0.24550659033417688,0.06713368599562397,0.18732900629725435,0.3213005700841709,1,0,8.420251993568623,1,0.029117157195557783,1,0,0.4,50.06708311199691,0.33333333333333326,20.0,70.40041644533025,False,True,,,,1268
2023-06-20 10:15:00+05:30,2023,6,20,10,15,1,SELL,18668.4,18716.530714285716,18524.007857142857,3.0,trend_bounce_sell,STRONG_DOWNTREND,18668.4,0.14323287327400896,32.07623522714145,37.72961222388111,-13.280771208868828,-13.83642101709607,0.015245196959874995,0.007842247702863793,-0.3421860403042709,-0.5471176436117053,-0.21152217484158298,-0.3533101320309484,-0.4504171414604574,0,1,6.553672650525638,0,0.0,2,0,0.4,57.63776733432867,0.33333333333333326,20.0,77.971100667662,False,True,False,-3609.8035714286198,STOP_HIT,1269
2023-06-20 10:30:00+05:30,2023,6,20,10,30,1,SELL,18672.1,18719.182857142856,18530.851428571426,3.0,trend_bounce_sell,STRONG_DOWNTREND,18672.1,0.14008677576245915,33.8971578211473,34.78029128406204,-15.491295500527485,-14.442250777879254,0.09511996453987033,0.008190057579069774,-0.5128314422951363,-0.57692973278064,-0.1534544556862305,-0.30332886091846145,-0.4138670455423821,0,1,6.553672650525638,1,0.031920757295255245,2,0,0.4,55.86817477043722,0.33333333333333326,20.0,76.20150810377055,False,True,,,,1270
2023-06-20 10:45:00+05:30,2023,6,20,10,45,1,SELL,18688.45,18735.52,18547.24,3.0,trend_bounce_sell,STRONG_DOWNTREND,18688.45,0.13992599707305517,38.33224634857009,32.43499338982799,-16.75993448484951,-14.13980078598115,0.22822340908266198,0.008032603630912322,-0.44030451065733,-0.520063983306851,-0.05282699808165647,-0.19643009429176628,-0.3138954387241655,0,1,6.553672650525638,1,0.031920757295255245,2,0,0.4,59.46099603389679,0.33333333333333326,20.0,79.79432936723012,False,True,,,,1271
2023-06-20 11:00:00+05:30,2023,6,20,11,0,1,SELL,18699.9,18745.438207535804,18563.285377392593,3.0,trend_bounce_sell,STRONG_DOWNTREND,18699.9,0.14192207292170086,41.95266478244447,29.47937516325953,-17.383169324235496,-13.286732062830422,0.3241611097878173,0.007706611516881742,-0.3230191092987833,-0.4326146162508704,0.006726626381992062,-0.12299935813867569,-0.24292954387962196,0,1,6.553672650525638,1,0.031920757295255245,2,0,0.4,62.68762509795572,0.33333333333333326,20.0,83.02095843128905,False,True,,,,1272
2023-06-21 10:30:00+05:30,2023,6,21,10,30,2,BUY,18828.85,18782.04357142857,18969.269285714283,3.0,trend_pullback_buy,STRONG_UPTREND,18828.85,0.1381049369906878,69.67346142267255,61.61620340908019,21.43101461038532,16.56763500270887,0.6744123440153511,0.011472397248219572,0.3798460357401723,0.5962414350398682,-0.03605823206012104,0.1421333894548349,0.28734904354204005,1,0,9.536550185981184,0,0.0,0,1,0.4,65.0,0.33333333333333326,20.0,85.33333333333333,False,True,False,-3510.4821428571086,STOP_HIT,1273
2023-06-23 10:15:00+05:30,2023,6,23,10,15,4,SELL,18719.6,18769.6,18569.6,3.0,trend_bounce_sell,STRONG_DOWNTREND,18719.6,0.20400695375053998,37.48036278599023,36.49763541285967,-20.61562148055964,-20.05865452332729,0.2522459151944259,0.012499295375392929,-0.34815011977642474,-0.6216587831201936,-0.03993642654348539,-0.24881885782397362,-0.3962883471742007,0,1,12.43735576039702,0,0.0,0,2,0.3,66.89858124771581,0.33333333333333326,20.0,87.23191458104914,False,True,True,2625.0,STOP_HIT,1274
2023-06-23 11:00:00+05:30,2023,6,23,11,0,4,SELL,18708.4,18758.4,18558.4,3.0,trend_bounce_sell,STRONG_DOWNTREND,18708.4,0.19966203111207662,31.940974890655582,47.01300013564248,-25.689132832372707,-18.702070520610157,0.2842485412335201,0.012999926327994925,-0.3090630062238864,-0.558641401121529,-0.044069910339716856,-0.2283850931617759,-0.4029179638230018,0,1,12.43735576039702,1,0.035388670962435954,0,2,0.3,68.20780008138549,0.33333333333333326,20.0,88.54113341471881,False,True,,,,1275
2023-06-23 11:15:00+05:30,2023,6,23,11,15,4,SELL,18693.05,18743.05,18543.05,3.0,trend_bounce_sell,STRONG_DOWNTREND,18693.05,0.18564959398584815,35.52180843794059,48.34947727095182,-27.38809295799365,-18.36092758160799,0.24748576879601947,0.013265067966699878,-0.45954732192541314,-0.5474583620407647,-0.10089140682747466,-0.2821217625530448,-0.46571925527560953,0,1,12.43735576039702,1,0.035388670962435954,0,2,0.3,74.0096863625711,0.33333333333333326,20.0,94.34301969590443,False,True,,,,1276
2023-06-23 11:30:00+05:30,2023,6,23,11,30,4,SELL,18708.4,18758.4,18558.4,3.0,trend_bounce_sell,STRONG_DOWNTREND,18708.4,0.18364554348390483,35.19528636366206,49.17781107140059,-28.208000269205513,-17.262751403537866,0.32773119417003244,0.013228150823417717,-0.37780860359915014,-0.5046986433232314,-0.015087108487432666,-0.18206709631294338,-0.36898290847772186,0,1,12.43735576039702,1,0.035388670962435954,0,2,0.3,74.50668664284035,0.33333333333333326,20.0,94.84001997617368,False,True,,,,1277
2023-07-06 15:00:00+05:30,2023,7,6,15,0,3,BUY,19505.45,19466.84642857143,19621.260714285716,3.0,trend_pullback_buy,STRONG_UPTREND,19505.45,0.10995095509936234,66.38225968925805,32.51617115474511,32.749439230141434,1.8428370574274275,1.1821148530616516,0.0034083209744526035,0.35087268003446415,0.2858633871212435,0.15709519495241686,0.252330940284029,0.4287614730675404,1,0,10.268247836479716,0,0.0,1,0,0.4,54.50970269284707,0.33333333333333326,20.0,74.84303602618041,False,True,False,-2895.2678571428805,STOP_HIT,1278
2023-07-13 11:15:00+05:30,2023,7,13,11,15,3,BUY,19555.4,19505.4,19705.4,3.0,trend_pullback_buy,STRONG_UPTREND,19555.4,0.17048633990757128,69.4411964479064,28.522872508238066,23.15518152130244,12.73451042152234,0.7928295292038332,0.013228159298419207,0.8803311881762754,0.5972437279120335,0.12378885923558514,0.301951487508334,0.44474012257362805,1,0,12.660685341543221,0,0.0,0,1,0.3,57.11372350494284,0.33333333333333326,20.0,77.44705683827618,False,True,False,-3750.0,STOP_HIT,1279
2023-07-13 11:30:00+05:30,2023,7,13,11,30,3,BUY,19554.1,19504.1,19704.1,3.0,trend_pullback_buy,STRONG_UPTREND,19554.1,0.16845206741442992,68.87337038809427,30.15938169798673,24.84432973741059,12.981292773867443,0.7612095684579506,0.013577986714639433,0.8736248855414575,0.5191974543903077,0.09368433287144651,0.268367627014765,0.42081155370841117,1,0,12.660685341543221,1,0.03547916099083002,0,1,0.3,58.09562901879204,0.33333333333333326,20.0,78.42896235212538,False,True,,,,1280
2023-07-13 11:45:00+05:30,2023,7,13,11,45,3,BUY,19549.05,19499.05,19699.05,3.0,trend_pullback_buy,STRONG_UPTREND,19549.05,0.17004845321310483,69.59257547042283,32.686572267746115,26.07358875076534,12.789496608499972,0.7202027310649681,0.013763609643484189,0.3142992025780167,0.5128719285526939,0.05426012040747885,0.2203809970280357,0.37933297270822397,1,0,12.660685341543221,1,0.03547916099083002,0,1,0.3,59.61194336064767,0.33333333333333326,20.0,79.94527669398101,False,True,,,,1281
2023-07-24 09:30:00+05:30,2023,7,24,9,30,0,SELL,19716.55,19766.55,19566.55,3.0,trend_bounce_sell,STRONG_DOWNTREND,19716.55,0.18267829383364567,44.559065656202016,30.086509584345517,-17.96040810466002,-15.901146050281508,0.09676190292974035,0.006267402755415115,-0.4415774590991739,-0.32077856420626993,-0.16489008216907797,-0.28906560002166515,-0.412191191724387,0,1,15.759410947139369,0,0.0,0,2,0.3,68.05190575060732,0.33333333333333326,20.0,88.38523908394065,False,True,False,-3750.0,STOP_HIT,1282
2023-07-24 09:45:00+05:30,2023,7,24,9,45,0,SELL,19718.8,19768.8,19568.8,3.0,trend_bounce_sell,STRONG_DOWNTREND,19718.8,0.17908942589957977,40.15529417809095,28.807642391303812,-19.748092585363338,-15.919947477886343,0.15615766340629758,0.006614562826703439,-0.46288584336589,-0.2786501398307939,-0.12283544274616087,-0.25250633847594406,-0.3851683543429463,0,1,15.759410947139369,1,0.03678423477845947,0,2,0.3,67.28458543478229,0.33333333333333326,20.0,87.61791876811562,False,True,,,,1283
2023-07-27 15:00:00+05:30,2023,7,27,15,0,3,SELL,19664.7,19714.7,19514.7,3.0,trend_bounce_sell,STRONG_DOWNTREND,19664.7,0.16467143082347319,36.232251461965866,55.483226212445565,-20.339155178618967,-19.10992223862012,0.23362552265840908,0.011019126471749302,-0.3274317892677292,-0.7166784892952638,-0.043025839094978924,-0.23714265173820914,-0.37314942420866304,0,1,18.85813655273552,0,0.0,0,3,0.3,75.0,0.33333333333333326,20.0,95.33333333333333,False,True,True,2625.0,STOP_HIT,1284
2023-07-28 09:30:00+05:30,2023,7,28,9,30,4,SELL,19636.2,19686.2,19486.2,3.0,trend_bounce_sell,STRONG_DOWNTREND,19636.2,0.20867072040415469,37.28822445790794,61.58208689076813,-25.745233638157515,-17.101438855972347,0.1733800139603224,0.00918175608034066,-0.3286643537494416,-0.730008189842557,-0.13051804000221434,-0.29648096242864685,-0.4592521858507559,0,1,18.85813655273552,0,0.038188987459106906,0,3,0.3,75.0,0.33333333333333326,20.0,95.33333333333333,False,True,,,,1285
2023-07-28 09:45:00+05:30,2023,7,28,9,45,4,SELL,19645.9,19695.9,19495.9,3.0,trend_bounce_sell,STRONG_DOWNTREND,19645.9,0.21320333650132928,39.69315898921863,58.42201786946483,-27.047813010070968,-16.563616405097218,0.25311255361411256,0.009230875407624151,-0.314088837922033,-0.45501299675207996,-0.06495771043273368,-0.22480403454231412,-0.3940622736406496,0,1,18.85813655273552,0,0.038188987459106906,0,3,0.3,75.0,0.33333333333333326,20.0,95.33333333333333,False,True,,,,1286
2023-07-28 10:00:00+05:30,2023,7,28,10,0,4,SELL,19618.5,19668.5,19468.5,3.0,trend_bounce_sell,STRONG_DOWNTREND,19618.5,0.21639560327533494,35.41195607002605,54.89504923249707,-29.221479537212872,-16.86355463901521,0.14586417658334253,0.009530006318585095,-0.39398662679412944,-0.5918329085445873,-0.16353596742284537,-0.330982063741303,-0.5121877812414799,0,1,18.85813655273552,0,0.038188987459106906,0,3,0.3,75.0,0.33333333333333326,20.0,95.33333333333333,False,True,,,,1287
2023-07-28 11:15:00+05:30,2023,7,28,11,15,4,SELL,19607.45,19657.45,19457.45,3.0,trend_bounce_sell,STRONG_DOWNTREND,19607.45,0.2091406218408973,41.757273899249384,43.78567506519515,-36.425816984312405,-15.201155064467631,0.2209503339008448,0.008615431069697308,-0.47080740297053003,-0.5800672857769307,-0.09348954730594716,-0.25481467163979143,-0.47282404752151397,0,1,18.85813655273552,0,0.038188987459106906,0,3,0.3,76.2714050391171,0.33333333333333326,20.0,96.60473837245043,False,True,,,,1288
2023-07-28 11:30:00+05:30,2023,7,28,11,30,4,SELL,19584.25,19634.25,19434.25,3.0,trend_bounce_sell,STRONG_DOWNTREND,19584.25,0.2007991115309507,43.17446930693194,40.31219465834608,-38.35989832780251,-15.421712767161964,0.1160383432295008,0.008364784394820943,-0.5885727048456357,-0.7450110864745008,-0.16943277877465857,-0.33905632135076136,-0.5675581382007633,0,1,18.85813655273552,0,0.038188987459106906,0,3,0.3,74.18731679500765,0.33333333333333326,20.0,94.52065012834098,False,True,,,,1289
2023-08-10 09:45:00+05:30,2023,8,10,9,45,3,BUY,19582.45,19549.470666669524,19681.38799999143,3.0,trend_pullback_buy,STRONG_UPTREND,19582.45,0.1324436640242409,68.92204778420114,54.80318617918048,8.644508877685439,11.174880530140914,0.6790880968017413,0.011112064664150477,0.3142753225996664,0.5189578750959267,-0.016115201191646555,0.10709380057705165,0.1686968097131425,1,0,16.689028628818214,0,0.0,1,0,0.4,65.0,0.33333333333333326,20.0,85.33333333333333,False,True,True,1731.4149998500397,STOP_HIT,1290
2023-08-11 10:15:00+05:30,2023,8,11,10,15,4,SELL,19471.05,19521.05,19321.05,3.0,trend_bounce_sell,STRONG_DOWNTREND,19471.05,0.15286430733980216,32.42893969234491,34.613266146880484,-12.020652641564084,-9.993838605014169,0.10216362660140005,0.007517510215547163,-0.35720042884520575,-0.5315426230261933,-0.1230755869234601,-0.24682534873976536,-0.3258245449483943,0,1,15.258313963765266,0,0.0,2,0,0.5,60.767959688128286,0.33333333333333326,20.0,81.10129302146163,False,True,True,11250.0,TARGET_HIT,1291
2023-08-11 10:30:00+05:30,2023,8,11,10,30,4,SELL,19470.45,19520.45,19320.45,3.0,trend_bounce_sell,STRONG_DOWNTREND,19470.45,0.15118147903985382,31.541440713330715,39.61636581784801,-13.683465794936637,-10.49098658254805,0.1437833271292924,0.007903708573005506,-0.3704679716622583,-0.41276344358260886,-0.10094810368561635,-0.22723275093623485,-0.31603888245711476,0,1,15.258313963765266,1,0.03656672117983542,2,0,0.5,63.76981949070881,0.33333333333333326,20.0,84.10315282404214,False,True,,,,1292
2023-08-11 10:45:00+05:30,2023,8,11,10,45,4,SELL,19460.65,19510.317142857144,19311.648571428574,3.0,trend_bounce_sell,STRONG_DOWNTREND,19460.65,0.1417879523184368,35.41810927104078,44.59873946829193,-15.513420889117697,-11.088847509056198,0.12851897037288054,0.008244879250383374,-0.34514454848281195,-0.5097045809507317,-0.1210205858223623,-0.2522918735215707,-0.35190175849094674,0,1,15.258313963765266,1,0.03656672117983542,2,0,0.5,66.75924368097516,0.33333333333333326,20.0,87.09257701430849,False,True,,,,1293
2023-08-14 11:30:00+05:30,2023,8,14,11,30,0,SELL,19354.15,19404.15,19204.15,3.0,trend_bounce_sell,STRONG_DOWNTREND,19354.15,0.17757358056467085,32.36657297029957,62.19819045153695,-50.73646443878897,-13.312068714957931,0.3874551886033241,0.015350762334966966,-0.3608890948170407,-0.6572666331317811,0.06651650249360763,-0.11467988714811694,-0.4096271213554048,0,1,5.962137146976821,0,0.0,3,0,0.5,70.0,0.33333333333333326,20.0,90.33333333333333,False,True,False,-3750.0,STOP_HIT,1294
2023-08-17 11:15:00+05:30,2023,8,17,11,15,3,SELL,19366.05,19408.14100635486,19239.776980935414,3.0,trend_bounce_sell,STRONG_DOWNTREND,19366.05,0.1360812939580941,32.90441122943086,28.87877571718632,-2.1195947137166513,-1.5216368589789075,-0.03177253874087412,0.0049344201382005536,-0.41625957731269425,-0.21332014252259945,-0.16323616016848952,-0.20514102387665378,-0.21687294182930472,0,1,9.06086275257297,0,0.0,0,1,0.4,52.32726543031179,0.33333333333333326,20.0,72.66059876364513,False,True,True,2209.7778336303236,STOP_HIT,1295
2023-08-17 11:30:00+05:30,2023,8,17,11,30,3,SELL,19373.35,19406.776653164474,19273.070040506573,3.0,trend_bounce_sell,STRONG_DOWNTREND,19373.35,0.13660149491072002,34.75673119667853,28.018672911283357,-3.3609347340025124,-2.4866791913382915,0.10154225651777847,0.005304873575933312,-0.37872165372552224,-0.26897496087636696,-0.10050753593146,-0.15231730566972468,-0.17224216963935834,0,1,9.06086275257297,1,0.028684784814320533,0,1,0.4,51.81120374677001,0.33333333333333326,20.0,72.14453708010335,False,True,,,,1296
2023-08-17 13:15:00+05:30,2023,8,17,13,15,3,SELL,19335.95,19374.29,19220.93,3.0,trend_bounce_sell,STRONG_DOWNTREND,19335.95,0.11015750454464514,34.69092423346949,38.3674242840965,-14.670405272383505,-8.784075372615801,0.18152277835470557,0.007990258339988305,-0.36507822000535484,-0.48788646861288587,-0.08116651594072266,-0.19556875301148802,-0.28664266596730714,0,1,9.06086275257297,1,0.028684784814320533,0,1,0.4,58.0204545704579,0.33333333333333326,20.0,78.35378790379124,False,True,,,,1297
2023-08-18 09:30:00+05:30,2023,8,18,9,30,4,SELL,19283.95,19329.419285714284,19147.54214285715,3.0,trend_bounce_sell,STRONG_DOWNTREND,19283.95,0.13099346495771805,34.168928980432085,33.72338314429478,-18.439746329328045,-6.193975406619973,-0.2591777977669535,0.004545917986152515,-0.3948782049957633,-0.6005015347582132,-0.2776829401485048,-0.3676592090434472,-0.4761370658392772,0,1,9.06086275257297,0,0.028684784814320533,0,1,0.4,55.23402988657686,0.33333333333333326,20.0,75.56736321991019,False,True,,,,1298
2023-08-18 09:45:00+05:30,2023,8,18,9,45,4,SELL,19267.65,19313.659285714286,19129.622142857148,3.0,trend_bounce_sell,STRONG_DOWNTREND,19267.65,0.1326612964513766,32.83873954324504,31.56010568866359,-21.410799944485916,-8.24852611960006,-0.1869664986023862,0.005881333480653745,-0.4854958125986131,-0.5081056797849759,-0.2897893737331181,-0.4109639962103895,-0.5384081358933424,0,1,9.06086275257297,0,0.028684784814320533,0,1,0.4,53.936063413198156,0.33333333333333326,20.0,74.2693967465315,False,True,,,,1299
2023-08-18 11:15:00+05:30,2023,8,18,11,15,4,SELL,19285.55,19331.36642857143,19148.10071428571,3.0,trend_bounce_sell,STRONG_DOWNTREND,19285.55,0.13198260577775509,31.901082807562076,33.57295262074784,-31.13228616790002,-10.664692294959117,0.2909553588568665,0.008844998638558947,-0.3134982580558554,-0.24259729108313532,-0.009911552933417056,-0.15223545045545128,-0.33696827387327266,0,1,9.06086275257297,0,0.028684784814320533,0,1,0.4,55.143771572448706,0.33333333333333326,20.0,75.47710490578204,False,True,,,,1300
2023-08-23 12:45:00+05:30,2023,8,23,12,45,2,BUY,19447.8,19410.225,19560.525,3.0,trend_pullback_buy,STRONG_UPTREND,19447.8,0.10733861927827579,69.72506314377742,29.537458222527846,11.779746172200248,1.5769572996853451,0.9606836810097283,0.004566861019967535,0.35243427333007116,0.20713534903853414,0.09819250300242555,0.16090018769496783,0.2262365096761254,1,0,7.234864044373223,0,0.0,1,0,0.5,52.72247493351671,0.33333333333333326,20.0,73.05580826685005,False,True,True,8454.375000000164,TARGET_HIT,1301
2023-08-24 10:30:00+05:30,2023,8,24,10,30,3,BUY,19524.85,19479.091428571424,19662.12571428572,3.0,trend_pullback_buy,STRONG_UPTREND,19524.85,0.1302003783456938,66.04620141334763,66.21156851438704,33.646622473581374,12.385526892358165,0.7216844002510923,0.010245329195089827,0.34020859617700516,0.5298129178583855,0.016120373266836907,0.19232514195164363,0.39236170571126383,1,0,0.24878716655657532,0,0.0,2,0,0.6,65.0,0.33333333333333326,20.0,85.33333333333333,False,True,False,-3431.892857143066,STOP_HIT,1302
2023-08-25 11:30:00+05:30,2023,8,25,11,30,4,SELL,19316.6,19366.6,19166.6,3.0,trend_bounce_sell,STRONG_DOWNTREND,19316.6,0.20321159742693662,31.12078329979127,78.83476577210743,-36.21350893304407,-22.591471692681782,0.3639515009248208,0.013589786689651613,-0.32919857175292,-0.5846568743502534,0.06657880175366948,-0.14953298411258809,-0.3820285917027655,0,1,3.084652305781034,0,0.0,0,1,0.5,70.0,0.33333333333333326,20.0,90.33333333333333,False,True,True,2625.0,STOP_HIT,1303
2023-08-31 12:00:00+05:30,2023,8,31,12,0,3,SELL,19305.25,19352.757142857143,19162.72857142857,3.0,trend_bounce_sell,STRONG_DOWNTREND,19305.25,0.13671336627527436,40.39610200859919,46.223787576900214,-10.405284330900031,-14.207465493425513,0.18598787154143578,0.007672723453332119,-0.3227013979424598,-0.6555976668133345,-0.10934090888502501,-0.23004492578005964,-0.3082175146877586,0,1,0.9155443818637303,0,0.0,1,0,0.6,72.73427254614013,0.33333333333333326,20.0,93.06760587947346,False,True,False,-3563.0357142857065,STOP_HIT,1304
2023-08-31 12:15:00+05:30,2023,8,31,12,15,3,SELL,19305.5,19353.32857142857,19162.01428571429,3.0,trend_bounce_sell,STRONG_DOWNTREND,19305.5,0.13763657284933606,40.96953311555513,40.99701891843665,-11.982211978865962,-14.205953827252298,0.197676785876512,0.00682901658508932,-0.397265574616279,-0.6622346173240978,-0.08645655504802008,-0.20800045546628398,-0.2949256855953153,0,1,0.9155443818637303,1,0.02971436823299194,1,0,0.6,69.59821135106199,0.33333333333333326,20.0,89.93154468439532,False,True,,,,1305
2023-09-04 13:00:00+05:30,2023,9,4,13,0,0,BUY,19512.85,19472.02857142857,19635.31428571428,3.0,trend_pullback_buy,STRONG_UPTREND,19512.85,0.11622377781088447,63.73776178899329,33.751613563971176,39.29720192247987,10.28361640474538,0.8686076910777717,0.00602194273228316,0.35435186780463646,0.37551730080220835,0.11187260352856221,0.2478261166489082,0.4785215452284941,1,0,3.859776382266581,0,0.0,0,1,0.6,60.2509681383827,0.33333333333333326,20.0,80.58430147171603,False,True,True,2143.1250000000546,STOP_HIT,1306
2023-09-04 13:15:00+05:30,2023,9,4,13,15,0,BUY,19512.35,19473.739999999998,19628.18,3.0,trend_pullback_buy,STRONG_UPTREND,19512.35,0.10993037742762757,59.207207157122774,31.69462498536161,40.07561466145853,9.955826229351636,0.8267607952557399,0.006142827404792442,0.36055497691882543,0.37346159287026115,0.08742674554524932,0.2229115287522454,0.45719695250254766,1,0,3.859776382266581,1,0.02631456454152959,0,1,0.6,64.01677499121696,0.33333333333333326,20.0,84.35010832455029,False,True,,,,1307
2023-09-07 10:00:00+05:30,2023,9,7,10,0,3,BUY,19592.4,19547.826263718027,19726.121208845925,3.0,trend_pullback_buy,STRONG_UPTREND,19592.4,0.15259196714761356,67.52132910807386,40.09059778058705,15.390687582214014,0.3794882443518528,0.7696860488507684,0.008308052008678915,0.44294063365120095,0.24405593332208486,0.07793279090855254,0.14852469472568242,0.22802400471866324,1,0,2.0888546986683343,0,0.0,1,0,0.7,52.84924111187077,0.33333333333333326,20.0,73.1825744452041,False,True,True,2340.121154803637,STOP_HIT,1308
2023-09-07 14:00:00+05:30,2023,9,7,14,0,3,BUY,19672.6,19636.047142857144,19782.258571428563,3.0,trend_pullback_buy,STRONG_UPTREND,19672.6,0.1032255159823437,67.84539239058877,32.12986324458909,27.94522066877107,5.873723240701995,1.0437385040551932,0.005448105466519328,0.3742490146306565,0.2737156517439665,0.1808207549720553,0.2910398371793521,0.44793037334902586,1,0,0.15514980731173236,1,0.0,2,0,0.7,54.277917946753455,0.33333333333333326,20.0,74.61125128008679,False,True,True,8224.392857142357,TARGET_HIT,1309
2023-09-07 14:15:00+05:30,2023,9,7,14,15,3,BUY,19686.1,19649.10357142857,19797.08928571428,3.0,trend_pullback_buy,STRONG_UPTREND,19686.1,0.10440651743398087,68.57168990314636,31.30691121443488,29.94060423415067,7.082196125473434,1.0672888443297393,0.005908359234807519,0.3517339464039093,0.5971102622737146,0.19955495864185657,0.32704112091852533,0.49649142491934306,1,0,0.15514980731173236,2,0.02268865628375839,2,0,0.7,53.78414672866093,0.33333333333333326,20.0,74.11748006199426,False,True,True,8324.196428571031,TARGET_HIT,1310
2023-09-08 11:30:00+05:30,2023,9,8,11,30,4,BUY,19808.95,19758.95,19958.95,3.0,trend_pullback_buy,STRONG_UPTREND,19808.95,0.14129616014117533,69.44265959198745,76.31442221940233,56.65403097217859,11.862808568340327,0.8976145183206862,0.010061887803639539,0.4345125676549211,0.9715394006121869,0.22711372961610188,0.4126035307999709,0.7336417871074863,1,0,0.0,0,0.022963984683966102,3,0,0.7,65.0,0.33333333333333326,20.0,85.33333333333333,False,True,,,,1311
2023-09-08 12:45:00+05:30,2023,9,8,12,45,4,BUY,19819.75,19772.750714285714,19960.74785714286,3.0,trend_pullback_buy,STRONG_UPTREND,19819.75,0.13174088616513183,60.799747511770796,64.65056216562398,62.99658502159218,11.4589831179726,0.8328514389517407,0.007562519421546825,0.3244641406382476,0.6789054205759371,0.09606885151902667,0.2924240922174359,0.6461019133493728,1,0,0.0,0,0.0,4,0,0.7,70.0,0.33333333333333326,20.0,90.33333333333333,False,True,True,10574.83928571437,TARGET_HIT,1312
2023-09-08 13:00:00+05:30,2023,9,8,13,0,4,BUY,19810.4,19766.03642857143,19943.490714285712,3.0,trend_pullback_buy,STRONG_UPTREND,19810.4,0.12441156448849088,59.2901336633729,59.37999626820801,63.07017016042664,10.379311431126354,0.745005275738891,0.007483829205363376,0.3457070278566343,0.42149818144952,0.0390748742673086,0.2227785172920438,0.5750115909207265,1,0,0.0,1,0.02565868009212405,4,0,0.7,75.0,0.33333333333333326,20.0,95.33333333333333,False,True,,,,1313
2023-09-08 13:15:00+05:30,2023,9,8,13,15,4,BUY,19817.7,19770.932142857146,19958.003571428566,3.0,trend_pullback_buy,STRONG_UPTREND,19817.7,0.13110574313438156,61.10626851765075,53.397994900026966,63.247060169422184,9.5005812961097,0.7669248056883059,0.00742131482499312,0.3300847993924938,0.4437371231338805,0.06074165853560132,0.2360442166556842,0.5879288354911694,1,0,0.0,1,0.02565868009212405,4,0,0.7,70.0,0.33333333333333326,20.0,90.33333333333333,False,True,,,,1314
2023-09-08 13:30:00+05:30,2023,9,8,13,30,4,BUY,19829.75,19781.310714285715,19975.067857142854,3.0,trend_pullback_buy,STRONG_UPTREND,19829.75,0.13570879252493734,63.01634566332354,47.52430221049366,63.704731458987226,8.962427327107271,0.82457478145728,0.007068034143147754,0.4200680616606167,0.5927590562524898,0.09724261201371487,0.2699198255142754,0.6234773169901953,1,0,0.0,1,0.02565868009212405,4,0,0.7,68.5145813262962,0.33333333333333326,20.0,88.84791465962952,False,True,,,,1315
2023-09-11 11:15:00+05:30,2023,9,11,11,15,0,BUY,19941.3,19891.3,20091.3,3.0,trend_pullback_buy,STRONG_UPTREND,19941.3,0.14265082302271584,69.47321883968155,39.138140221921745,72.91933213739685,7.518860305256084,0.8418273718437347,0.010532185600798856,0.6094699931888714,0.6132771604081766,0.12901388872004205,0.33707667579987444,0.7346970489131577,1,0,0.0,0,0.02565868009212405,4,0,0.7,58.48288413315305,0.33333333333333326,20.0,78.81621746648639,False,True,,,,1316
2023-09-14 09:45:00+05:30,2023,9,14,9,45,3,BUY,20141.2,20093.32642857143,20284.820714285717,3.0,trend_pullback_buy,STRONG_UPTREND,20141.2,0.13204987076950958,68.19868757426191,64.27287113166096,44.126434556128515,5.595051952904221,0.9484162432889292,0.007170899637639955,0.3347613828833307,0.5744988427630826,0.16704040011472632,0.3196642921691639,0.555429955331932,1,0,0.0,0,0.0,5,0,0.8,65.0,0.33333333333333326,20.0,85.33333333333333,False,True,False,-3590.5178571429133,STOP_HIT,1317
2023-09-25 10:30:00+05:30,2023,9,25,10,30,0,SELL,19638.2,19688.2,19488.2,3.0,trend_bounce_sell,STRONG_DOWNTREND,19638.2,0.16803984071859812,34.824277594227354,69.0056033200195,-50.500373558908905,-1.4610130242999517,0.19028314876724087,0.010101422811906418,-0.330907356090826,-0.7294325792998824,-0.09957420480796175,-0.2529045075182812,-0.5173817111230772,0,1,2.426793597279962,0,0.0,0,1,0.7,69.61013024299952,0.33333333333333326,20.0,89.94346357633285,False,True,False,-3750.0,STOP_HIT,1318
2023-09-25 11:30:00+05:30,2023,9,25,11,30,0,SELL,19617.1,19667.1,19467.1,3.0,trend_bounce_sell,STRONG_DOWNTREND,19617.1,0.15547659949737597,32.42344035512569,83.6093422916588,-54.17684281304537,-3.7324817453139403,0.1885815629595007,0.008260162134484036,-0.3429076536988318,-0.7691276559690374,-0.07813649195564931,-0.24311699348562588,-0.5311305053693371,0,1,2.426793597279962,1,0.02597624910433713,0,1,0.7,70.0,0.33333333333333326,20.0,90.33333333333333,False,True,,,,1319
2023-09-27 09:45:00+05:30,2023,9,27,9,45,2,SELL,19605.25,19639.456428571426,19502.630714285722,3.0,trend_bounce_sell,STRONG_DOWNTREND,19605.25,0.09693103341488049,36.60421743621347,29.353650499825253,-18.18833419823204,-1.1854303602649097,-0.060680632121310134,0.005071604620241759,-0.3517252070578847,-0.42308854638862803,-0.1792356464885514,-0.2612149958321597,-0.3553275887346441,0,1,4.9613795127059195,0,0.0,0,2,0.6,49.466493902544244,0.33333333333333326,20.0,69.79982723587759,False,True,True,1795.837499999834,STOP_HIT,1320
2023-10-04 13:15:00+05:30,2023,10,4,13,15,2,SELL,19350.8,19389.937142857143,19233.388571428568,3.0,trend_bounce_sell,STRONG_DOWNTREND,19350.8,0.11236154134639141,31.052501151640172,58.286946700487576,-60.470033698937186,-11.779283971419204,0.24884948055235495,0.011447025451542046,-0.35351155671248247,-0.9183237199919203,-0.10082623541857183,-0.2986874646075166,-0.6418460801969172,0,1,3.7475916636676856,0,0.0,1,0,0.7,65.0,0.33333333333333326,20.0,85.33333333333333,False,True,False,-2935.285714285783,STOP_HIT,1321
2023-10-04 13:30:00+05:30,2023,10,4,13,30,2,SELL,19352.1,19390.928571428572,19235.614285714277,3.0,trend_bounce_sell,STRONG_DOWNTREND,19352.1,0.11146815369613165,33.67920774357982,55.84956176111649,-60.95397067938757,-11.036898856682626,0.2657189162217657,0.010048350991148914,-0.3509223619675428,-0.9040563479810526,-0.075306127255792,-0.26551544531312476,-0.6104145056808452,0,1,3.7475916636676856,1,0.02061173382989247,1,0,0.7,65.0,0.33333333333333326,20.0,85.33333333333333,False,True,False,-2912.1428571430442,STOP_HIT,1322
2023-10-06 11:15:00+05:30,2023,10,6,11,15,4,BUY,19606.5,19556.73642857143,19755.790714285715,3.0,trend_pullback_buy,STRONG_UPTREND,19606.5,0.14100644465574702,62.13536992248679,39.54240949652871,32.54250933331787,13.138333310603791,0.6757073096296609,0.007756533889864538,0.3064471570503491,0.3231278158555284,-0.030323784898789174,0.11383145260379646,0.3126895785855899,1,0,7.699807689961785,0,0.0,0,2,0.6,63.72544569791722,0.33333333333333326,20.0,84.05877903125055,False,True,True,2612.5875000000633,STOP_HIT,1323
2023-10-06 11:30:00+05:30,2023,10,6,11,30,4,BUY,19621.65,19572.696428571428,19768.510714285723,3.0,trend_pullback_buy,STRONG_UPTREND,19621.65,0.138604187575607,61.99596320577467,39.9386384529293,33.15033854102148,12.371546266476663,0.7507346546233263,0.007579668182725711,0.3839542426816056,0.4726219766659101,0.037534938961414355,0.17377861712142284,0.3748421102152344,1,0,7.699807689961785,1,0.02733039749700148,0,2,0.6,63.963183071757584,0.33333333333333326,20.0,84.29651640509091,False,True,,,,1324
2023-10-09 12:45:00+05:30,2023,10,9,12,45,0,SELL,19513.35,19557.269999999997,19381.590000000004,3.0,trend_bounce_sell,STRONG_DOWNTREND,19513.35,0.1250425990411687,51.56802490408378,54.00844809033974,-1.4900130383139185,-16.822953357738072,0.18710617023411943,0.010657386075500017,-0.31570639305447123,-0.7383574535188453,-0.1562765665039989,-0.2863267096627986,-0.3196949088914991,0,1,5.933987028543639,0,0.0,1,0,0.6,75.0,0.33333333333333326,20.0,95.33333333333333,False,True,False,-3293.999999999869,STOP_HIT,1325
2023-10-17 10:30:00+05:30,2023,10,17,10,30,1,BUY,19832.9,19789.34,19963.580000000005,3.0,trend_pullback_buy,STRONG_UPTREND,19832.9,0.12201947269436111,68.52914107705675,29.743652693523696,13.129044291163154,8.630535090106694,0.9080634983720429,0.007111498497715502,0.38086513325217286,0.35876935532841436,0.14462657939839918,0.2541409047223553,0.3360000690539433,1,0,8.160367296653721,0,0.0,0,1,0.5,52.84619161611422,0.33333333333333326,20.0,73.17952494944755,False,True,False,-3267.000000000098,STOP_HIT,1326
2023-10-17 10:45:00+05:30,2023,10,17,10,45,1,BUY,19830.6,19787.457857142854,19960.026428571433,3.0,trend_pullback_buy,STRONG_UPTREND,19830.6,0.12086299528434516,66.89550858051253,32.59463553186007,14.713157145997684,9.1931831504471,0.8490631301588232,0.00751481126505792,0.4116601601069414,0.3242860395112901,0.10638203177339989,0.22041916853612342,0.31160440970507963,1,0,8.160367296653721,1,0.024043337114072597,0,1,0.5,54.55678131911604,0.33333333333333326,20.0,74.89011465244937,False,True,,,,1327
2023-10-17 11:15:00+05:30,2023,10,17,11,15,1,BUY,19830.25,19789.827142857142,19951.518571428573,3.0,trend_pullback_buy,STRONG_UPTREND,19830.25,0.11324689732677583,68.8730500299788,38.13471143650679,17.373549328691297,9.70369540511672,0.7791910851759708,0.008151444913763035,0.5032702429431879,0.30450100025039006,0.063454552997122,0.1788356876066599,0.2851199394467985,1,0,8.160367296653721,1,0.024043337114072597,0,1,0.5,57.880826861904076,0.33333333333333326,20.0,78.21416019523741,False,True,,,,1328
2023-10-18 11:30:00+05:30,2023,10,18,11,30,2,SELL,19733.05,19781.637142857144,19587.288571428566,3.0,trend_bounce_sell,STRONG_DOWNTREND,19733.05,0.13679009146005056,36.4802700692455,46.460296286323505,1.390950766752212,-10.328815458846691,0.025301628856197727,0.006751361658117731,-0.4304091914816288,-0.547082896540596,-0.1808670650440547,-0.28248948923556005,-0.29013172421554767,0,1,10.368498546172875,0,0.0,0,2,0.4,67.8761777717941,0.33333333333333326,20.0,88.20951110512743,False,True,True,10932.107142857512,TARGET_HIT,1329
2023-10-18 11:45:00+05:30,2023,10,18,11,45,2,SELL,19697.85,19747.85,19547.85,3.0,trend_bounce_sell,STRONG_DOWNTREND,19697.85,0.1454836078919434,30.987653652753124,46.05655195493562,-2.3823946129487013,-12.691944754692843,-0.0963807488996583,0.007752298163300078,-0.47167427947776286,-0.7209854391685977,-0.2873465697612376,-0.418690247631337,-0.44972491103434376,0,1,10.368498546172875,1,0.027478796173005346,0,2,0.4,62.63393117296137,0.33333333333333326,20.0,82.9672645062947,False,True,,,,1330
2023-10-23 11:45:00+05:30,2023,10,23,11,45,0,SELL,19480.25,19525.62285714286,19344.131428571425,3.0,trend_bounce_sell,STRONG_DOWNTREND,19480.25,0.1293984566786499,31.036460294985034,47.59955184727886,-41.46709521707453,-2.6274881131301626,0.23202086423483217,0.006798983610089921,-0.33868042534578313,-0.38123632049419376,-0.03612647903020738,-0.15472951384792877,-0.37879668753202367,0,1,2.979601268782434,0,0.0,1,0,0.4,63.559731108367316,0.33333333333333326,20.0,83.89306444170066,False,True,True,10208.89285714311,TARGET_HIT,1331
2023-10-25 13:45:00+05:30,2023,10,25,13,45,2,SELL,19154.85,19204.85,19004.85,3.0,trend_bounce_sell,STRONG_DOWNTREND,19154.85,0.2229759788550398,31.839867299812354,43.209928538718806,-65.04145222423904,-8.804819465652294,0.2748110397710283,0.016811778706978593,-0.52580740648418,-0.6411303813325331,-0.009908685131787554,-0.26049689259254327,-0.6218020985427453,0,1,0.0,0,0.0,2,0,0.4,65.92595712323129,0.33333333333333326,20.0,86.25929045656461,False,True,True,11250.0,TARGET_HIT,1332
2023-10-25 14:15:00+05:30,2023,10,25,14,15,2,SELL,19145.6,19195.6,18995.6,3.0,trend_bounce_sell,STRONG_DOWNTREND,19145.6,0.23707424010888156,34.12994075707755,48.51240550955599,-64.60469736199593,-6.805543961247331,0.28435614600120207,0.016906240236248978,-0.5482789339857796,-0.7035332252836368,-0.06125505708319823,-0.26757460860982185,-0.6241961723767786,0,1,0.0,1,0.02438966642569035,2,0,0.4,69.1074433057336,0.33333333333333326,20.0,89.44077663906693,False,True,,,,1333
2023-10-25 14:30:00+05:30,2023,10,25,14,30,2,SELL,19145.75,19195.75,18995.75,3.0,trend_bounce_sell,STRONG_DOWNTREND,19145.75,0.23914296533546509,34.722437219785405,52.36785845580493,-64.68538766186975,-6.197610835009044,0.3055062770032211,0.016297391631459844,-0.42983295542011746,-0.933962874328953,-0.04838350543469039,-0.2425981442624625,-0.5991163146430445,0,1,0.0,1,0.02438966642569035,2,0,0.4,70.0,0.33333333333333326,20.0,90.33333333333333,False,True,,,,1334
2023-11-01 10:30:00+05:30,2023,11,1,10,30,2,SELL,19049.7,19086.24023684127,18940.079289476194,3.0,trend_bounce_sell,STRONG_DOWNTREND,19049.7,0.15127722296339152,33.80797072627435,30.70373714505548,-1.0038903031563677,-10.00312957808792,0.13753573829926782,0.00583895239065766,-0.42444422374274815,-0.15252531605760566,-0.0831317115273622,-0.17133917873132232,-0.19144806094778533,0,1,0.0,0,0.0,3,0,0.5,58.422242287033285,0.33333333333333326,20.0,78.75557562036661,False,True,True,1918.3624341665563,STOP_HIT,1335
2023-11-01 10:45:00+05:30,2023,11,1,10,45,2,SELL,19052.45,19084.91512951416,18955.054611457523,3.0,trend_bounce_sell,STRONG_DOWNTREND,19052.45,0.15086173769177846,35.737503546812505,33.981988136019176,-2.2624126752307347,-10.135486755146058,0.19061610089652725,0.0060988088712032274,-0.33374746616098294,-0.17133740106837214,-0.05497378583995127,-0.14268216461175154,-0.17010884928669867,0,1,0.0,1,0.016608832127551522,3,0,0.5,65.3891928816115,0.33333333333333326,20.0,85.72252621494484,False,True,True,1704.4192994934747,STOP_HIT,1336
2023-11-02 10:15:00+05:30,2023,11,2,10,15,3,BUY,19123.1,19073.1,19273.1,3.0,trend_pullback_buy,STRONG_UPTREND,19123.1,0.17178177178386542,69.04892639167434,35.39497913256634,-0.5403267362562474,9.259703118055116,0.8154724554253707,0.012363590122359158,0.575639080344903,0.3932130070032791,0.15397740763156698,0.2879618029369313,0.296912142680994,1,0,0.0,0,3.469446951953614e-18,5,0,0.6,61.236987479539806,0.33333333333333326,20.0,81.57032081287315,False,True,True,11250.0,TARGET_HIT,1337
2023-11-02 10:30:00+05:30,2023,11,2,10,30,3,BUY,19121.9,19071.9,19271.9,3.0,trend_pullback_buy,STRONG_UPTREND,19121.9,0.16801976492174753,66.34598822996358,36.68241533983639,1.699732528271852,10.349786144324893,0.7846411294527096,0.012829884655983073,0.6166895557414787,0.3695247093404852,0.11811919903652601,0.2559968122461065,0.27918976000582685,1,0,0.0,1,0.02223850778274163,5,0,0.6,62.00944920390184,0.33333333333333326,20.0,82.34278253723517,False,True,True,11250.0,TARGET_HIT,1338
2023-11-06 11:00:00+05:30,2023,11,6,11,0,0,BUY,19332.05,19282.05,19482.05,3.0,trend_pullback_buy,STRONG_UPTREND,19332.05,0.1498991127613017,66.73136534760599,34.1987124331739,53.26982213672818,7.162709448638907,0.7225620378024928,0.010648435810430724,0.5419222637996546,0.41580095574484943,0.027651110827298098,0.1989670356698614,0.5011299861186203,1,0,0.0,0,0.0,7,0,0.8,55.51922745990434,0.33333333333333326,20.0,75.85256079323767,False,True,True,2625.0,STOP_HIT,1339
2023-11-06 11:15:00+05:30,2023,11,6,11,15,0,BUY,19339.7,19289.7,19489.7,3.0,trend_pullback_buy,STRONG_UPTREND,19339.7,0.14574018358978774,65.9707331452767,35.911053620809966,53.50853119186286,6.6612766533962215,0.735525206148634,0.010789162290688398,0.5869396182942133,0.4505803006811915,0.05377968444306713,0.21687782866433025,0.5195779117285859,1,0,0.0,1,0.019620521113797793,7,0,0.8,56.546632172485985,0.33333333333333326,20.0,76.87996550581931,False,True,True,2625.0,STOP_HIT,1340
2023-11-16 10:45:00+05:30,2023,11,16,10,45,3,BUY,19713.65,19669.78142857143,19845.255714285715,3.0,trend_pullback_buy,STRONG_UPTREND,19713.65,0.12362717493426444,64.58825440477943,34.329772167508175,59.858661650105205,4.833196958171733,0.8789074385288383,0.00541360008548739,0.34306801552459465,0.386244895049348,0.0838123898109,0.22889315755536543,0.5579845958562757,1,0,0.0,0,0.0,9,0,0.9,60.597863300504905,0.33333333333333326,20.0,80.93119663383824,False,True,True,9870.42857142851,TARGET_HIT,1341
2023-11-21 10:00:00+05:30,2023,11,21,10,0,1,BUY,19766.95,19725.96785714286,19889.896428571425,3.0,trend_pullback_buy,STRONG_UPTREND,19766.95,0.1151814374137455,67.16533466251214,34.063560560241676,2.346645714584156,3.8939702288999603,0.9014889758364014,0.00684631986294176,0.3760238461577581,0.42702040857800494,0.12058633137805863,0.20404273103022952,0.21736595357897404,1,0,0.0,0,0.0,10,0,1.0,55.43813633614501,0.33333333333333326,20.0,75.77146966947834,False,True,True,2151.5625,STOP_HIT,1342
2023-11-21 10:15:00+05:30,2023,11,21,10,15,1,BUY,19777.05,19736.357142857145,19899.128571428562,3.0,trend_pullback_buy,STRONG_UPTREND,19777.05,0.1143099848417336,68.38903294534214,37.443080910226165,4.310270563368249,5.271835569915647,0.9165613648715188,0.0072282235665585655,0.34451003721620577,0.4995235977894863,0.13734749053095907,0.23198469468472815,0.25801298076535417,1,0,0.0,1,0.014902824961664892,10,0,1.0,57.4658485461357,0.33333333333333326,20.0,77.79918187946905,False,True,False,-3051.9642857140752,STOP_HIT,1343
2023-11-22 15:30:00+05:30,2023,11,22,15,30,2,BUY,19810.6,19772.969148863336,19923.492553409986,3.0,trend_pullback_buy,STRONG_UPTREND,19810.6,0.11880364191753044,65.68686844486099,48.76841033445618,7.770230886253557,0.26308728671217274,0.8044634471061858,0.006415017906897187,0.3246144886435598,-0.002271459614711091,0.09782892056684478,0.15056638668693445,0.19031462019363232,1,0,1.464485376558994,0,1.734723475976807e-18,0,1,0.9,51.89191906779543,0.33333333333333326,20.0,72.22525240112876,False,True,True,1975.6196846748026,STOP_HIT,1344
2023-12-11 10:00:00+05:30,2023,12,11,10,0,0,BUY,21011.2,20961.2,21161.2,3.0,trend_pullback_buy,STRONG_UPTREND,21011.2,0.16503103106914307,69.50066246886107,34.07381392460501,23.30690574417895,0.07541661318833448,0.9150630335517386,0.0075271835170898265,0.4541934003308379,0.16781083142638487,0.16654744224944285,0.2558162350748239,0.3670865554998626,1,0,0.5164840675687775,0,1.734723475976807e-18,1,0,0.9,46.198454486646355,0.33333333333333326,20.0,66.53178781997968,False,True,False,-3750.0,STOP_HIT,1345
2023-12-18 09:30:00+05:30,2023,12,18,9,30,0,BUY,21436.15,21386.15,21586.15,3.0,trend_pullback_buy,STRONG_UPTREND,21436.15,0.16785730113449632,69.99574090753684,51.030909205544496,92.45194557023206,6.428265850606948,0.8254973195532249,0.010291738437924889,0.46233157586410556,0.5808838537280092,0.08907133452666915,0.32003264903750495,0.7855302289568655,1,0,2.3159219534584787,0,3.469446951953614e-18,0,1,0.8,70.0,0.33333333333333326,20.0,90.33333333333333,False,True,False,-3750.0,STOP_HIT,1346
2023-12-18 10:30:00+05:30,2023,12,18,10,30,0,BUY,21454.7,21404.7,21604.7,3.0,trend_pullback_buy,STRONG_UPTREND,21454.7,0.18763787355284375,69.87755146346046,50.84769449688515,93.35519658616249,4.912554143505787,0.7635444385905883,0.011095219566558076,0.45299291364573335,0.6738272543416413,0.06503484952555816,0.27535805875731345,0.7420699891176108,1,0,2.3159219534584787,1,0.018420994719654932,0,1,0.8,70.0,0.33333333333333326,20.0,90.33333333333333,False,True,False,-3750.0,STOP_HIT,1347
2023-12-20 10:00:00+05:30,2023,12,20,10,0,2,BUY,21555.95,21505.95,21705.95,3.0,trend_pullback_buy,STRONG_UPTREND,21555.95,0.15526041368094234,66.49099390709637,49.68380729638938,43.639999575385445,5.4406189381598296,0.8965817450331474,0.008722318116071194,0.3486794174400343,0.6267009621085062,0.16329810398114653,0.32735429792463133,0.5431181863964074,1,0,5.914797725237881,0,0.0,0,3,0.6,69.81028437783363,0.33333333333333326,20.0,90.14361771116695,False,True,False,-3750.0,STOP_HIT,1348
2023-12-20 10:15:00+05:30,2023,12,20,10,15,2,BUY,21552.45,21502.45,21702.45,3.0,trend_pullback_buy,STRONG_UPTREND,21552.45,0.15551761930943758,67.18605931791993,48.74734805199294,44.98308540096696,6.1053342873672065,0.8369838258503054,0.009033193111623136,0.30506960054730303,0.5036268125319099,0.11759323803617328,0.2827058091187107,0.5060300902233861,1,0,5.914797725237881,1,0.019125620633037545,0,3,0.6,69.24840883119576,0.33333333333333326,20.0,89.58174216452909,False,True,False,-3750.0,STOP_HIT,1349
2023-12-21 10:45:00+05:30,2023,12,21,10,45,3,SELL,21156.9,21206.9,21006.9,3.0,trend_bounce_sell,STRONG_DOWNTREND,21156.9,0.3273839064999386,31.936194366258192,85.25199186444276,-81.2065360086599,-47.16619038862052,0.3730676084817801,0.029978639981925015,-0.3321179230617033,-1.638132431395789,0.07586955105671755,-0.32210899078172206,-0.7920654620263035,0,1,9.513673497017285,0,0.0,0,5,0.4,70.0,0.33333333333333326,20.0,90.33333333333333,False,True,False,-3750.0,STOP_HIT,1350
2023-12-27 15:00:00+05:30,2023,12,27,15,0,2,BUY,21668.5,21618.5,21818.5,3.0,trend_pullback_buy,STRONG_UPTREND,21668.5,0.1579811378597635,65.46540720010518,34.66613514226977,51.389580323047994,2.460549239727584,1.3048251040189862,0.005638198762871717,0.5211969669908445,0.5048783259468337,0.3861860096018521,0.5054442689454097,0.7607075726687285,1,0,11.313111382906985,0,0.0,0,6,0.3,60.79968108536186,0.33333333333333326,20.0,81.1330144186952,False,True,True,2625.0,STOP_HIT,1351
2023-12-28 13:00:00+05:30,2023,12,28,13,0,3,BUY,21767.3,21717.3,21917.3,3.0,trend_pullback_buy,STRONG_UPTREND,21767.3,0.13908477394991642,57.22121791121305,53.97765427816192,77.67704935054644,8.267566889124623,0.7892433538120459,0.008582964040648728,0.3078270085942636,0.8284522510879633,0.10802620574721367,0.2946595361823512,0.6834209837527361,1,0,10.053504862784195,0,0.0,1,0,0.3,75.0,0.33333333333333326,20.0,95.33333333333333,False,True,False,-3750.0,STOP_HIT,1352
2024-01-10 09:30:00+05:30,2024,1,10,9,30,2,SELL,21558.6,21608.6,21408.6,3.0,trend_bounce_sell,STRONG_DOWNTREND,21558.6,0.21040658616846408,31.798161638277534,63.96336133299787,-16.215963075163017,-13.850902930440752,0.2515014326118912,0.014417259709212756,-0.6582509463653463,-0.6326094621782463,-0.0315616345544556,-0.20877964601998533,-0.3043956337437148,0,1,0.0,0,0.0,0,0,0.5,70.0,0.33333333333333326,20.0,90.33333333333333,False,True,True,2625.0,STOP_HIT,1353
2024-01-12 09:30:00+05:30,2024,1,12,9,30,4,BUY,21738.85,21688.85,21888.85,3.0,trend_pullback_buy,STRONG_UPTREND,21738.85,0.16464926683268813,64.47020210360213,43.157869861298614,22.620366867562552,7.747891853721857,1.145716390534113,0.0051541781230215805,0.34434610014193456,0.3879038644922561,0.24289667324217667,0.33751953248137845,0.45999499504048025,1,0,0.0,0,0.0,1,0,1.0,70.89472191677916,0.33333333333333326,20.0,91.22805525011249,False,True,True,11250.0,TARGET_HIT,1354
2024-01-12 09:45:00+05:30,2024,1,12,9,45,4,BUY,21754.85,21704.85,21904.85,3.0,trend_pullback_buy,STRONG_UPTREND,21754.85,0.16511917375403276,66.5387060669278,42.32915750550486,25.545349861880823,9.605587363236115,1.1115987304119412,0.0062688433886151805,0.41217508902382516,0.46364604042123947,0.2531807648169293,0.37383192426074796,0.5128885054165089,1,0,0.0,1,0.03654080389768575,1,0,1.0,65.39749450330291,0.33333333333333326,20.0,85.73082783663624,False,True,,,,1355
2024-01-15 10:00:00+05:30,2024,1,15,10,0,0,BUY,22010.25,21960.25,22160.25,3.0,trend_pullback_buy,STRONG_UPTREND,22010.25,0.2172039974881854,68.63620004308157,42.86221697661853,83.84290784664336,17.926681915038543,0.8776293434476039,0.013105154115206392,0.599430506739318,0.7945321533653127,0.1961691525925513,0.4701636276388754,0.9009093239269905,1,0,0.0,0,0.0,2,0,1.0,65.71733018597112,0.33333333333333326,20.0,86.05066351930445,False,True,True,2625.0,STOP_HIT,1356
2024-01-15 11:30:00+05:30,2024,1,15,11,30,0,BUY,22052.9,22002.9,22202.9,3.0,trend_pullback_buy,STRONG_UPTREND,22052.9,0.2046540040409346,66.86179827468246,31.050634405213106,94.38066871871706,16.637062952473997,0.7881207568985309,0.014031369709161102,0.6602535574498303,0.9604863778493122,0.12432150335310865,0.3914689479568745,0.8699086836103209,1,0,0.0,1,0.03293084522502744,2,0,1.0,58.630380643127864,0.33333333333333326,20.0,78.96371397646121,False,True,,,,1357
2024-01-18 11:00:00+05:30,2024,1,18,11,0,3,SELL,21484.25,21534.25,21334.25,3.0,trend_bounce_sell,STRONG_DOWNTREND,21484.25,0.31277065092534684,35.27800121079689,61.50469539591452,-132.48798693040953,-26.993618179648493,0.3853689819577551,0.02033308980489041,-0.4886578121562346,-0.7406021377205807,0.10220862076644188,-0.24578931643268742,-0.9298326282521363,0,1,0.0,0,0.0,3,0,1.0,75.0,0.33333333333333326,20.0,95.33333333333333,False,True,True,2625.0,STOP_HIT,1358
2024-01-18 11:15:00+05:30,2024,1,18,11,15,3,SELL,21479.5,21529.5,21329.5,3.0,trend_bounce_sell,STRONG_DOWNTREND,21479.5,0.3036616308573308,38.43003562432745,59.544449733390636,-130.91968022351284,-22.88278032547663,0.3901265038577081,0.019986514544788527,-0.45302343903880216,-0.7091051130454162,0.06405118492649464,-0.24355402582669772,-0.9147546919268112,0,1,0.0,1,0.032188841201716736,3,0,1.0,75.0,0.33333333333333326,20.0,95.33333333333333,False,True,,,,1359
2024-01-18 11:30:00+05:30,2024,1,18,11,30,3,SELL,21467.55,21517.55,21317.55,3.0,trend_bounce_sell,STRONG_DOWNTREND,21467.55,0.3078566753741623,39.64763950091818,56.78166436047872,-129.62927745207344,-19.43313979863349,0.3790332938900142,0.01957437574596083,-0.5084058441182315,-0.7645744107946495,0.006704774224775001,-0.271940265990267,-0.9322002550246733,0,1,0.0,1,0.032188841201716736,3,0,1.0,75.0,0.33333333333333326,20.0,95.33333333333333,False,True,,,,1360
2024-01-24 12:15:00+05:30,2024,1,24,12,15,2,SELL,21254.15,21304.15,21104.15,3.0,trend_bounce_sell,STRONG_DOWNTREND,21254.15,0.31177104572183095,51.396045397576245,34.06632454046664,-77.60145009180269,-2.9892870333702746,0.34143782374358234,0.010780179009025238,-0.5558427825826495,-0.2850118930888712,-0.18935516087383863,-0.3216813200082158,-0.7071840260886253,0,1,0.0,0,0.0,4,0,1.0,70.43979472427998,0.33333333333333326,20.0,90.7731280576133,False,True,False,-3750.0,STOP_HIT,1361
2024-01-24 12:30:00+05:30,2024,1,24,12,30,2,SELL,21225.4,21275.4,21075.4,3.0,trend_bounce_sell,STRONG_DOWNTREND,21225.4,0.32136362229081716,47.92946134605095,30.544210823142635,-79.09437112860178,-4.033987263152426,0.24194776164114334,0.011073273109345427,-0.48619022837342873,-0.40517554869965444,-0.259661831445801,-0.4151849340301772,-0.8087622159435814,0,1,0.0,1,0.03147953830010493,4,0,1.0,68.32652649388558,0.33333333333333326,20.0,88.65985982721891,False,True,,,,1362
2024-01-31 09:30:00+05:30,2024,1,31,9,30,2,SELL,21576.35,21616.26005608419,21456.619831747426,3.0,trend_bounce_sell,STRONG_DOWNTREND,21576.35,0.20554913134056674,32.13971893723762,67.50562817022873,9.711797031824972,-34.412714989596715,0.29910301061393557,0.014022742309341384,-0.510672242946264,-0.4845166825020675,0.02765502048935886,-0.1823594946627427,-0.1846297924832596,0,1,3.147953830010493,0,0.0,0,1,0.8,70.0,0.33333333333333326,20.0,90.33333333333333,False,True,False,-2993.2542063143046,STOP_HIT,1363
2024-02-06 09:30:00+05:30,2024,2,6,9,30,1,SELL,21836.45,21857.596196032693,21773.011411901924,3.0,trend_bounce_sell,STRONG_DOWNTREND,21836.45,0.24573918510432916,39.178048249586624,32.408287717081635,-1.604732089996105,-23.322957234756466,0.3862324990430061,0.013396942973753398,-0.3938821683361571,-0.37820464566694634,0.10434101324336975,-0.05434899216576472,-0.09674529551667588,0,1,5.660654108133729,0,0.0,0,2,0.6666666666666666,64.44497263024898,0.33333333333333326,20.0,84.77830596358231,False,True,True,1110.175291716405,STOP_HIT,1364
2024-02-06 10:15:00+05:30,2024,2,6,10,15,1,SELL,21812.6,21855.677589064915,21683.36723280525,3.0,trend_bounce_sell,STRONG_DOWNTREND,21812.6,0.2531302353423513,39.07186839500785,33.32046782800251,-3.0136149366044265,-18.30445167467257,0.3402029105709973,0.01289015528161314,-0.35039951026301086,-0.541235585669797,-0.05894472474756718,-0.15381191466444788,-0.19710022207899414,0,1,5.660654108133729,1,0.014112298142827377,0,2,0.6666666666666666,64.99228069680152,0.33333333333333326,20.0,85.32561403013484,False,True,False,-3230.8191798687403,STOP_HIT,1365
2024-02-07 10:15:00+05:30,2024,2,7,10,15,2,BUY,21997.35,21947.35,22147.35,3.0,trend_pullback_buy,STRONG_UPTREND,21997.35,0.18755505939189618,69.32846380033365,32.505842745310154,30.024913817745983,13.136317493396007,0.8937017374912816,0.007480623253204331,0.39134522353456713,0.4525475780027932,0.1129771941341895,0.27182297993548765,0.4312507734330673,1,0,7.4408378547463805,0,0.0,0,1,0.625,59.50350564718609,0.33333333333333326,20.0,79.83683898051942,False,True,False,-3750.0,STOP_HIT,1366
2024-02-08 12:00:00+05:30,2024,2,8,12,0,3,SELL,21804.05,21854.05,21654.05,3.0,trend_bounce_sell,STRONG_DOWNTREND,21804.05,0.2641219668560872,34.938243978735386,39.194746947029635,-16.118533752021904,-21.593480763141365,0.21715960686516236,0.015020481809236331,-0.7758975724190043,-0.5922325892053215,-0.0951131896841817,-0.30423066104006136,-0.410819502385773,0,1,10.588791684756874,0,0.0,0,2,0.5555555555555556,63.51684816821778,0.33333333333333326,20.0,83.8501815015511,False,True,True,2625.0,STOP_HIT,1367
2024-02-08 12:15:00+05:30,2024,2,8,12,15,3,SELL,21786.35,21836.35,21636.35,3.0,trend_bounce_sell,STRONG_DOWNTREND,21786.35,0.2673364613294848,31.05356792628902,39.75062862207309,-19.17810549987189,-22.187747259892213,0.19729557468278705,0.015570730187030429,-0.8149198624196718,-0.6887764986359013,-0.14102054625959592,-0.3502692577287525,-0.4724737607269769,0,1,10.588791684756874,1,0.03520759745144636,0,2,0.5555555555555556,63.85037717324386,0.33333333333333326,20.0,84.18371050657719,False,True,,,,1368
2024-02-08 12:30:00+05:30,2024,2,8,12,30,3,SELL,21801.1,21851.1,21651.1,3.0,trend_bounce_sell,STRONG_DOWNTREND,21801.1,0.2764277294002813,33.33322872333483,40.306509500807856,-21.25476726576744,-21.837968123208988,0.2652562916608802,0.01564624751384895,-0.6315050604727146,-0.7335330704574372,-0.058739087538639545,-0.25716016697128197,-0.38926662578772087,0,1,10.588791684756874,1,0.03520759745144636,0,2,0.5555555555555556,64.18390570048471,0.33333333333333326,20.0,84.51723903381804,False,True,,,,1369
2024-02-08 15:00:00+05:30,2024,2,8,15,0,3,SELL,21714.75,21764.75,21564.75,3.0,trend_bounce_sell,STRONG_DOWNTREND,21714.75,0.1798645752640155,39.49097734885181,53.55589938304936,-45.9460673403737,-23.31847251503999,0.24389717335216873,0.011863689603246387,-0.3960809316960967,-1.0250847210415914,-0.08827536143749537,-0.3182505266586033,-0.5721612693288192,0,1,10.588791684756874,1,0.03520759745144636,0,2,0.5555555555555556,75.0,0.33333333333333326,20.0,95.33333333333333,False,True,,,,1370
2024-02-09 09:45:00+05:30,2024,2,9,9,45,4,SELL,21680.15,21730.15,21530.15,3.0,trend_bounce_sell,STRONG_DOWNTREND,21680.15,0.22864891881019656,30.744402867561675,50.76932570149846,-47.247838190382026,-15.226566744745782,0.05328283418278608,0.008036183854737993,-0.4182130521055316,-0.3871000349194076,-0.24843836816732523,-0.3993412714180966,-0.6494031859320848,0,1,10.588791684756874,0,0.03520759745144636,0,2,0.5555555555555556,70.0,0.33333333333333326,20.0,90.33333333333333,False,True,,,,1371
2024-02-09 11:15:00+05:30,2024,2,9,11,15,4,SELL,21673.6,21723.6,21523.6,3.0,trend_bounce_sell,STRONG_DOWNTREND,21673.6,0.26426159013731304,44.526600236964015,50.85833528239893,-53.38788416368334,-12.705088904353516,0.19685539067648686,0.008377535644690511,-0.39568560228312455,-0.6076281407496054,-0.11849678517658058,-0.27767543560982544,-0.5541006515077274,0,1,10.588791684756874,0,0.03520759745144636,0,2,0.5555555555555556,80.0,0.33333333333333326,20.0,100.33333333333333,False,True,,,,1372
2024-02-12 13:15:00+05:30,2024,2,12,13,15,0,SELL,21618.85,21668.85,21468.85,3.0,trend_bounce_sell,STRONG_DOWNTREND,21618.85,0.20884552138526968,31.67150135599107,32.417585515917416,-38.845336400212545,-7.540985067365813,0.15063679860797433,0.010631859729217796,-0.3427341286670549,-0.6605368843796255,-0.15114944622042215,-0.30398254792773916,-0.49915061952852113,0,1,8.385224003749528,0,0.0,1,0,0.6,59.45055130955045,0.33333333333333326,20.0,79.78388464288378,False,True,False,-3750.0,STOP_HIT,1373
2024-02-12 13:30:00+05:30,2024,2,12,13,30,0,SELL,21629.65,21679.65,21479.65,3.0,trend_bounce_sell,STRONG_DOWNTREND,21629.65,0.20500959166170774,38.43490912644038,35.51649954550728,-39.895466876678256,-7.732003989448373,0.22344184066957015,0.010358740646651566,-0.4035952903906015,-0.7030776576014031,-0.08103125284443236,-0.23112431782528198,-0.4318944576936601,0,1,8.385224003749528,1,0.03436076545271834,1,0,0.6,66.30989972730437,0.33333333333333326,20.0,86.6432330606377,False,True,,,,1374
2024-02-12 13:45:00+05:30,2024,2,12,13,45,0,SELL,21635.45,21685.45,21485.45,3.0,trend_bounce_sell,STRONG_DOWNTREND,21635.45,0.1910389793470539,44.4859553870618,37.1674696430102,-40.48391485895263,-7.4884067745504765,0.2692034953847371,0.009753929221931254,-0.39018977725803206,-0.6910401175066472,-0.04339505785347919,-0.18582657116414936,-0.38936708869760084,0,1,8.385224003749528,1,0.03436076545271834,1,0,0.6,72.30048178580611,0.33333333333333326,20.0,92.63381511913944,False,True,,,,1375
2024-02-14 11:30:00+05:30,2024,2,14,11,30,2,SELL,21606.25,21656.25,21456.25,3.0,trend_bounce_sell,STRONG_DOWNTREND,21606.25,0.23723294351005952,35.743156410166876,30.799061423706437,-23.040396655225777,-7.889420625154903,0.27937305191252937,0.012586312424015705,-0.5603368924889551,-0.3679784930865626,-0.06119724455646569,-0.18166155806595974,-0.3007425985074197,0,1,11.533177833760021,0,0.0,0,1,0.5,63.47943685422386,0.33333333333333326,20.0,83.81277018755719,False,True,False,-3750.0,STOP_HIT,1376
2024-02-15 09:45:00+05:30,2024,2,15,9,45,3,BUY,21808.35,21758.35,21958.35,3.0,trend_pullback_buy,STRONG_UPTREND,21808.35,0.24194533614091068,67.25650430159432,54.21043451738559,30.510028045930085,25.864228383324974,0.7044068025940063,0.016882016090121466,0.6876921798387725,0.9519643377911002,-0.003132433312103,0.2355952787032045,0.42003369905410093,1,0,14.681131663770513,0,0.0,0,2,0.4,70.0,0.33333333333333326,20.0,90.33333333333333,False,True,True,11250.0,TARGET_HIT,1377
2024-02-15 13:30:00+05:30,2024,2,15,13,30,3,BUY,21943.95,21893.95,22093.95,3.0,trend_pullback_buy,STRONG_UPTREND,21943.95,0.1692298528100644,66.52513742136341,29.92064606443837,51.05703301923131,13.010331953291498,1.3054254553221651,0.004712361118176839,0.345016804993481,0.5945654789873522,0.3122318387347889,0.4589293413354456,0.7272453090287678,1,0,14.681131663770513,1,0.036896338305905045,0,2,0.4,57.95238763866302,0.33333333333333326,20.0,78.28572097199635,False,True,,,,1378
2024-02-16 10:45:00+05:30,2024,2,16,10,45,4,BUY,22034.1,21984.1,22184.1,3.0,trend_pullback_buy,STRONG_UPTREND,22034.1,0.16040072951859777,66.76250116494182,35.13722885592725,72.6056666071745,14.82360114754141,0.8477684912448401,0.011888002302072367,0.5631951512274691,0.8061158665745527,0.1434278731553329,0.37636008585926195,0.7476668708226608,1,0,5.237270173739035,0,0.0,1,0,0.4,61.08233731355635,0.33333333333333326,20.0,81.41567064688968,False,True,True,11250.0,TARGET_HIT,1379
2024-02-21 09:30:00+05:30,2024,2,21,9,30,2,BUY,22232.8,22182.8,22382.8,3.0,trend_pullback_buy,STRONG_UPTREND,22232.8,0.15225252779676687,66.54170834278881,32.24523286180712,36.85700231379451,1.1150706881293004,1.040178189426243,0.005964143524128556,0.3140340745018788,0.6038639145495184,0.1909095684566431,0.30368998536041136,0.4755903229987979,1,0,0.0,0,0.0,2,0,0.4,55.49784659837727,0.33333333333333326,20.0,75.83117993171061,False,True,False,-3750.0,STOP_HIT,1380
2024-02-21 10:00:00+05:30,2024,2,21,10,0,2,BUY,22213.15,22163.15,22363.15,3.0,trend_pullback_buy,STRONG_UPTREND,22213.15,0.16285398513943222,64.53226485202444,28.80067824623842,39.169653310520516,2.8152656994610368,0.7870287147886054,0.006471162376522008,0.40386371238214647,0.41997717023993797,0.045042017605512186,0.16706750220178979,0.35209661608730514,1,0,0.0,1,0.03020877844910678,2,0,0.4,62.28040694774305,0.33333333333333326,20.0,82.61374028107639,False,True,,,,1381
2024-02-22 09:30:00+05:30,2024,2,22,9,30,3,SELL,22047.15,22097.15,21897.15,3.0,trend_bounce_sell,STRONG_DOWNTREND,22047.15,0.2588284005610059,32.086819056812885,37.61235207761073,-11.862433472324483,-26.781586027483748,0.23798953691492555,0.015112389015120919,-0.7068514373471446,-0.7242885446685832,-0.06458506709561274,-0.27813863876965383,-0.3726485769199761,0,1,3.0208778449106783,0,0.0,0,1,0.4,62.56741124656644,0.33333333333333326,20.0,82.90074457989977,False,True,True,2625.0,STOP_HIT,1382
2024-02-22 11:30:00+05:30,2024,2,22,11,30,3,SELL,21957.4,22007.4,21807.4,3.0,trend_bounce_sell,STRONG_DOWNTREND,21957.4,0.28034805057585743,42.22140819337993,40.956516753545884,-48.49830506283979,-33.229523888497255,0.327896262360284,0.0170195633355136,-0.3238949100607069,-1.1833746993184069,0.023655712662784545,-0.2535672021457325,-0.5323456350534661,0,1,3.0208778449106783,1,0.031149775103961868,0,1,0.4,74.57391005212753,0.33333333333333326,20.0,94.90724338546086,False,True,,,,1383
2024-02-22 12:00:00+05:30,2024,2,22,12,0,3,SELL,21964.75,22014.75,21814.75,3.0,trend_bounce_sell,STRONG_DOWNTREND,21964.75,0.2589701355906317,34.0043024649557,33.635249463692624,-49.84609449405252,-28.05325789579916,0.3841108232165532,0.01319834189904439,-0.37374445223079533,-1.0779540715453395,0.03838296987181966,-0.18109775435011244,-0.4604281708388003,0,1,3.0208778449106783,1,0.031149775103961868,0,1,0.4,60.181149678215576,0.33333333333333326,20.0,80.51448301154892,False,True,,,,1384
2024-02-27 13:00:00+05:30,2024,2,27,13,0,1,BUY,22205.95,22155.95,22355.95,3.0,trend_pullback_buy,STRONG_UPTREND,22205.95,0.13963439013932075,67.60934969176178,31.244493210257072,1.2960539873565722,4.820505130893958,1.1105083752675722,0.0048830530458345515,0.3203064822532742,0.28564718846391113,0.18827786054025353,0.25183161776491936,0.26237630360965714,1,0,0.9062633534732035,0,0.0,1,0,0.5,53.746695926154246,0.33333333333333326,20.0,74.08002925948759,False,True,False,-3750.0,STOP_HIT,1385
2024-02-28 14:45:00+05:30,2024,2,28,14,45,2,SELL,21976.35,22026.35,21826.35,3.0,trend_bounce_sell,STRONG_DOWNTREND,21976.35,0.1985251027971963,38.48136872425974,58.143105265704015,-39.33299278447521,-17.778222510632673,0.2593800314226029,0.01398281551422174,-0.32112994196530353,-0.8994038546523697,-0.15129184170603605,-0.32175264404870063,-0.5328443618191625,0,1,3.9271411983838815,0,0.0,0,1,0.4,75.0,0.33333333333333326,20.0,95.33333333333333,False,True,True,2625.0,STOP_HIT,1386
2024-02-28 15:00:00+05:30,2024,2,28,15,0,2,SELL,21952.75,22002.75,21802.75,3.0,trend_bounce_sell,STRONG_DOWNTREND,21952.75,0.20350525560579114,39.57822028055667,57.82650074181064,-42.04612677748446,-18.442220853277732,0.19404407685943945,0.012529257426244455,-0.4489439613636126,-1.1982987533192269,-0.20692101880345204,-0.38996591352316035,-0.6147298043934546,0,1,3.9271411983838815,1,0.03144361355113398,0,1,0.4,75.0,0.33333333333333326,20.0,95.33333333333333,False,True,,,,1387
2024-02-29 09:30:00+05:30,2024,2,29,9,30,3,SELL,21946.3,21996.3,21796.3,3.0,trend_bounce_sell,STRONG_DOWNTREND,21946.3,0.22584347117411727,35.63924854978036,51.926769050734414,-50.888498145737685,-18.63353962683764,0.2154534897448927,0.008190973632183733,-0.3125127753223933,-0.5246565935622449,-0.08047268209019354,-0.2760513600414405,-0.5438883572410846,0,1,1.812526706946407,0,0.0,1,0,0.5,75.0,0.33333333333333326,20.0,95.33333333333333,False,True,False,-3750.0,STOP_HIT,1388
2024-02-29 10:00:00+05:30,2024,2,29,10,0,3,SELL,21873.5,21923.5,21723.5,3.0,trend_bounce_sell,STRONG_DOWNTREND,21873.5,0.2607689017042787,42.637516661281715,41.699294691787074,-53.122253099321824,-17.25983162572743,-0.06758128933094489,0.009178880389877346,-0.7772790470336521,-0.6786102679250505,-0.367056989747927,-0.5550540893679901,-0.8311740272995194,0,1,4.833404551857085,1,0.0,0,1,0.5,75.01957681507224,0.33333333333333326,20.0,95.35291014840557,False,True,False,-3750.0,STOP_HIT,1389
2024-02-29 10:45:00+05:30,2024,2,29,10,45,3,SELL,21882.35,21932.35,21732.35,3.0,trend_bounce_sell,STRONG_DOWNTREND,21882.35,0.25617514963951565,34.132097235678586,30.527903405431434,-59.18897546573862,-17.521860198197224,0.1100123515222702,0.009830229659974854,-0.42773253975295633,-0.7474889044615907,-0.1986609061459088,-0.40410202951750573,-0.7100101020124039,0,1,4.833404551857085,2,0.031743048395135455,0,1,0.5,58.316742043258856,0.33333333333333326,20.0,78.65007537659218,False,True,,,,1390
2024-03-04 11:00:00+05:30,2024,3,4,11,0,0,BUY,22404.55,22354.55,22554.55,3.0,trend_pullback_buy,STRONG_UPTREND,22404.55,0.15218528634330403,65.2000358476867,63.49727765110958,87.84028632093032,14.408486643943789,0.828723052723508,0.007301011227861428,0.33789987057248894,0.4427099678110613,0.08488108478881262,0.2868827975763155,0.7266023112455278,1,0,7.854282396767763,0,0.0,0,2,0.4,70.0,0.33333333333333326,20.0,90.33333333333333,False,True,False,-3750.0,STOP_HIT,1391
2024-03-04 11:30:00+05:30,2024,3,4,11,30,0,BUY,22408.55,22358.55,22558.55,3.0,trend_pullback_buy,STRONG_UPTREND,22408.55,0.15595131577647298,64.22444393834752,57.63890445244042,87.25487931311727,11.190073405692232,0.8066808884898431,0.006848323773367881,0.36952349385583894,0.5392951923314238,0.0770330481787651,0.2576142441275131,0.6896317761000859,1,0,7.854282396767763,1,0.032783703068201116,0,2,0.4,75.0,0.33333333333333326,20.0,95.33333333333333,False,True,,,,1392
2024-03-06 10:45:00+05:30,2024,3,6,10,45,2,SELL,22281.4,22331.4,22131.4,3.0,trend_bounce_sell,STRONG_DOWNTREND,22281.4,0.20792486750640027,37.02595711361601,31.08717343233843,4.419266147000599,-14.785406302492945,0.05333749988723534,0.0066777442725257504,-0.3965114147902682,-0.15034763689812936,-0.14988591101563475,-0.23464969382943623,-0.23762683434644938,0,1,10.875160241678442,0,0.0,0,3,0.4,63.652304059403065,0.33333333333333326,20.0,83.98563739273641,False,True,False,-3750.0,STOP_HIT,1393
2024-03-06 11:00:00+05:30,2024,3,6,11,0,2,SELL,22273.25,22323.25,22123.25,3.0,trend_bounce_sell,STRONG_DOWNTREND,22273.25,0.21520048873488398,37.710177901895925,32.767935346085885,1.7180944220890524,-15.737920224664041,0.05992154036715215,0.00730430349565331,-0.35967280511236543,-0.2668714472178757,-0.14918256202771651,-0.2465530083883949,-0.2633961180687372,0,1,10.875160241678442,1,0.03389490352075073,0,3,0.4,64.66076120765153,0.33333333333333326,20.0,84.99409454098486,False,True,,,,1394
2024-03-06 11:30:00+05:30,2024,3,6,11,30,2,SELL,22247.65,22297.65,22097.65,3.0,trend_bounce_sell,STRONG_DOWNTREND,22247.65,0.22899689886989433,33.46470256256751,37.08316597848046,-2.82776512775672,-16.72583931719899,0.00019438192050807968,0.007632983303125705,-0.4957846009347566,-0.6426531437082161,-0.20806267808453072,-0.318788057122521,-0.35821085703129363,0,1,10.875160241678442,1,0.03389490352075073,0,3,0.4,62.24989958708828,0.33333333333333326,20.0,82.58323292042161,False,True,,,,1395
2024-03-06 11:45:00+05:30,2024,3,6,11,45,2,SELL,22249.75,22299.75,22099.75,3.0,trend_bounce_sell,STRONG_DOWNTREND,22249.75,0.2321695428359527,34.1246596108071,38.77116772240644,-5.659184674786957,-17.601532977806304,0.06521374301426254,0.007793011281728569,-0.3488947560535971,-0.6656591744665374,-0.15897765430508137,-0.2813327158053158,-0.33517267126899064,0,1,10.875160241678442,1,0.03389490352075073,0,3,0.4,63.26270063344386,0.33333333333333326,20.0,83.5960339667772,False,True,,,,1396
2024-03-06 12:00:00+05:30,2024,3,6,12,0,2,SELL,22259.2,22309.2,22109.2,3.0,trend_bounce_sell,STRONG_DOWNTREND,22259.2,0.23189448472028074,37.306673217732445,42.021951053884344,-7.7829559397323465,-17.752773818476523,0.15668234217143082,0.007834172103868102,-0.4681652126865221,-0.5508768010722642,-0.09327997867847326,-0.21730158899080365,-0.2813909296897399,0,1,10.875160241678442,1,0.03389490352075073,0,3,0.4,70.2131706323306,0.33333333333333326,20.0,90.54650396566393,False,True,,,,1397
2024-03-11 15:00:00+05:30,2024,3,11,15,0,0,SELL,22323.7,22373.7,22173.7,3.0,trend_bounce_sell,STRONG_DOWNTREND,22323.7,0.15982373633658808,34.187598815874665,37.67095921376009,-20.106120888260193,-12.458707344016803,-0.16750208289271565,0.0052347732201699455,-0.39042978510744897,-0.4814615031406455,-0.2525753027639799,-0.35673593665166425,-0.4696817987416835,0,1,13.896038086589119,0,0.0,0,4,0.4,62.602575528256054,0.33333333333333326,20.0,82.93590886158938,False,True,False,-3750.0,STOP_HIT,1398
2024-03-11 15:15:00+05:30,2024,3,11,15,15,0,SELL,22319.85,22369.85,22169.85,3.0,trend_bounce_sell,STRONG_DOWNTREND,22319.85,0.15655507157466084,35.47331979451873,38.207183015479266,-22.942540478517913,-13.76561424084707,-0.08257501063340421,0.005799959802684969,-0.4024979863945011,-0.5750825762452227,-0.21593890154920636,-0.34004346126808027,-0.4678443214839678,0,1,13.896038086589119,1,0.03508407485300825,0,4,0.4,67.92430980928756,0.33333333333333326,20.0,88.25764314262089,False,True,,,,1399
2024-03-11 15:30:00+05:30,2024,3,11,15,30,0,SELL,22319.85,22369.85,22169.85,3.0,trend_bounce_sell,STRONG_DOWNTREND,22319.85,0.14818647974784754,39.794543092510764,37.99682156435155,-25.39843897333776,-14.599361462100225,0.0019184993571449121,0.006258592759001428,-0.3264420275131297,-0.5239020563880037,-0.17282576084928225,-0.30922601050092924,-0.44957996904755326,0,1,13.896038086589119,1,0.03508407485300825,0,4,0.4,62.798092938610935,0.33333333333333326,20.0,83.13142627194426,False,True,,,,1400
2024-03-13 09:45:00+05:30,2024,3,13,9,45,2,SELL,22297.1,22347.1,22147.1,3.0,trend_bounce_sell,STRONG_DOWNTREND,22297.1,0.1804686964416252,36.32647629393088,28.40046076104042,-24.251441172658815,-2.5377269292850073,0.009182143626795305,0.004795283540911369,-0.36663590887054953,-0.2516401344764829,-0.16309782926048344,-0.22960003146307306,-0.3470055303034236,0,1,16.916915931499798,0,0.0,0,5,0.3,62.040276456624255,0.33333333333333326,20.0,82.37360978995758,False,True,True,11250.0,TARGET_HIT,1401
2024-03-14 09:30:00+05:30,2024,3,14,9,30,3,SELL,21992.9,22042.9,21842.9,3.0,trend_bounce_sell,STRONG_DOWNTREND,21992.9,0.25979163405332806,31.643134482602548,62.91586802543361,-104.8415977950317,-23.56823571731026,0.3167075125873469,0.013334545285126276,-0.33602135310337733,-1.1066145060479315,-0.018987885813581684,-0.3125651515737071,-0.840390957831838,0,1,7.854282396767763,0,0.0,1,0,0.3,70.0,0.33333333333333326,20.0,90.33333333333333,False,True,False,-3750.0,STOP_HIT,1402
2024-03-27 09:45:00+05:30,2024,3,27,9,45,2,BUY,22133.25,22083.25,22283.25,3.0,trend_pullback_buy,STRONG_UPTREND,22133.25,0.12778124702492147,66.10578680262404,28.30827148194965,1.7870580258386326,2.3123917657027446,1.113271346855838,0.00613629545288997,0.3782338655365036,0.36594407449479505,0.28406239370897257,0.34673292078641893,0.3554902525849446,1,0,10.875160241678442,0,0.0,0,1,0.3,51.98496288916979,0.33333333333333326,20.0,72.31829622250314,False,True,True,2625.0,STOP_HIT,1403
2024-03-28 09:30:00+05:30,2024,3,28,9,30,3,BUY,22257.9,22207.9,22407.9,3.0,trend_pullback_buy,STRONG_UPTREND,22257.9,0.13879502173545968,68.36395647011557,30.500030294242528,32.48675603936135,6.170803311409081,1.2703759317256693,0.005091339809653751,0.3503124408255953,0.4544798079179735,0.3296010767074087,0.4260563196273548,0.589156955703718,1,0,8.760545750240967,0,0.0,1,0,0.3,53.30001817654552,0.33333333333333326,20.0,73.63335150987885,False,True,True,11250.0,TARGET_HIT,1404
2024-04-09 09:45:00+05:30,2024,4,9,9,45,1,BUY,22740.3,22690.3,22890.3,3.0,trend_pullback_buy,STRONG_UPTREND,22740.3,0.13561512255460773,62.58466148585862,29.969494347025574,51.73436713940464,6.333590238698399,1.1390208256931946,0.004627743246531054,0.3727514085765993,0.4953995456996152,0.19934333259479242,0.32804167084721225,0.5773253879784335,1,0,0.0,0,0.0,2,0,0.4,57.981696608215344,0.33333333333333326,20.0,78.31502994154869,False,True,False,-3750.0,STOP_HIT,1405
2024-04-12 13:00:00+05:30,2024,4,12,13,0,4,SELL,22568.05,22618.05,22418.05,3.0,trend_bounce_sell,STRONG_DOWNTREND,22568.05,0.15228545285417885,33.57477569240699,62.98927789440269,-20.225756471103523,-16.51646237483679,0.021102891995954016,0.008997613334512346,-0.4284110186784651,-0.7345486374562671,-0.2481462063390838,-0.39826422577567966,-0.5148125820962246,0,1,3.0117796265630403,0,0.0,0,1,0.3,70.0,0.33333333333333326,20.0,90.33333333333333,False,True,True,11250.0,TARGET_HIT,1406
2024-04-12 13:15:00+05:30,2024,4,12,13,15,4,SELL,22583.8,22633.8,22433.8,3.0,trend_bounce_sell,STRONG_DOWNTREND,22583.8,0.15113551686227747,35.2185183123042,59.10195377181619,-22.72400518118957,-17.113239976430553,0.13818410849946197,0.009069503716003567,-0.33363637166033966,-0.6652723438039465,-0.14287538133276323,-0.298955932338274,-0.4279916924967764,0,1,3.0117796265630403,1,0.031053045565396353,0,1,0.3,75.0,0.33333333333333326,20.0,95.33333333333333,False,True,,,,1407
2024-04-12 13:30:00+05:30,2024,4,12,13,30,4,SELL,22564.3,22614.3,22414.3,3.0,trend_bounce_sell,STRONG_DOWNTREND,22564.3,0.15044308297367331,33.65689560957027,55.17965148689972,-25.657707723541535,-18.042248266904267,0.0906627705070467,0.00920202420318108,-0.412881186873415,-0.7510429930877693,-0.18336169101150768,-0.3501615500260624,-0.4939111952686037,0,1,3.0117796265630403,1,0.031053045565396353,0,1,0.3,70.0,0.33333333333333326,20.0,90.33333333333333,False,True,,,,1408
2024-04-12 13:45:00+05:30,2024,4,12,13,45,4,SELL,22580.55,22630.55,22430.55,3.0,trend_bounce_sell,STRONG_DOWNTREND,22580.55,0.15160012868217493,36.30630111971878,51.25734975987307,-27.544196286191436,-17.93586314659875,0.1944624425877103,0.00886679424633883,-0.4011644575789064,-0.6795674520179151,-0.0892017489189545,-0.253152532268075,-0.405758823819824,0,1,3.0117796265630403,1,0.031053045565396353,0,1,0.3,75.0,0.33333333333333326,20.0,95.33333333333333,False,True,,,,1409
2024-04-15 10:45:00+05:30,2024,4,15,10,45,0,SELL,22424.55,22474.55,22274.55,3.0,trend_bounce_sell,STRONG_DOWNTREND,22424.55,0.22991383486912037,33.92405710288567,79.76665335408299,-79.58418823413012,-29.966308201776748,0.3555592775734432,0.01820983580490906,-0.5377941789601604,-0.8956035214255476,0.07812832749898302,-0.2313780649442987,-0.6426282968893471,0,1,0.0,0,0.0,1,0,0.4,70.0,0.33333333333333326,20.0,90.33333333333333,False,True,True,2625.0,STOP_HIT,1410
2024-04-15 11:00:00+05:30,2024,4,15,11,0,0,SELL,22361.9,22411.9,22211.9,3.0,trend_bounce_sell,STRONG_DOWNTREND,22361.9,0.2376012005113307,32.14834959435677,78.91163707181458,-81.96048889953454,-29.10834798046305,0.23130959967470424,0.018363030571148495,-0.6837405649797734,-0.9661183212614555,-0.16124197246096816,-0.46395419091727064,-0.8844465533764834,0,1,0.0,1,0.028406701753641034,1,0,0.4,70.0,0.33333333333333326,20.0,90.33333333333333,False,True,,,,1411
2024-04-15 11:30:00+05:30,2024,4,15,11,30,0,SELL,22372.6,22422.6,22222.6,3.0,trend_bounce_sell,STRONG_DOWNTREND,22372.6,0.2334488232416951,34.532838595452404,76.83980427538901,-84.2481324201326,-25.5280396689418,0.3004323856184334,0.017841683407563157,-0.6518823769727566,-0.8660473545565539,-0.0770420572839825,-0.3465767932003927,-0.7741764475076685,0,1,0.0,1,0.028406701753641034,1,0,0.4,70.0,0.33333333333333326,20.0,90.33333333333333,False,True,,,,1412
2024-04-15 13:15:00+05:30,2024,4,15,13,15,0,SELL,22345.7,22395.7,22195.7,3.0,trend_bounce_sell,STRONG_DOWNTREND,22345.7,0.14967724694875664,50.35474766207401,43.332493388879826,-85.2378900897238,-13.165563101169639,0.33837307508336256,0.011392697789914452,-0.35162355543365553,-0.8875267233808493,-0.09553751940821753,-0.2835261513092324,-0.7007693930789038,0,1,0.0,1,0.0,2,0,0.5,70.9994960333279,0.33333333333333326,20.0,91.33282936666123,False,True,True,11250.0,TARGET_HIT,1413
2024-04-15 14:30:00+05:30,2024,4,15,14,30,0,SELL,22312.05,22361.427857142855,22163.916428571432,3.0,trend_bounce_sell,STRONG_DOWNTREND,22312.05,0.12294765768785273,36.31594376985277,34.4071846289631,-86.49100769735014,-8.748115913702705,0.08496979222979119,0.005200048764646563,-0.3875198949946035,0.14070473548855045,-0.1123712854008252,-0.29103013463933625,-0.70805458571912,0,1,0.0,2,0.027852856306187217,2,0,0.5,60.64431077737786,0.33333333333333326,20.0,80.9776441107112,False,True,,,,1414
2024-04-18 12:00:00+05:30,2024,4,18,12,0,3,BUY,22292.15,22242.15,22442.15,3.0,trend_pullback_buy,STRONG_UPTREND,22292.15,0.19872466316618204,66.59886182805656,50.06513215425793,-1.8122929254714109,22.72334699728675,0.9052051814576866,0.008735932288397688,0.41305469033285913,0.5171920126074037,0.15674760034547486,0.29950865037733365,0.32719172855637524,1,0,0.0,0,0.0,3,0,0.6,70.0,0.33333333333333326,20.0,90.33333333333333,False,True,False,-3750.0,STOP_HIT,1415
2024-04-18 12:15:00+05:30,2024,4,18,12,15,3,BUY,22313.05,22263.05,22463.05,3.0,trend_pullback_buy,STRONG_UPTREND,22313.05,0.2055331489227806,68.50410506073403,54.724920076487805,1.9580337293591583,23.844306286905585,0.9415255782313842,0.009454083768981507,0.47642098864109084,0.6114318823850384,0.20041915850119718,0.35763971277495976,0.40466687001154966,1,0,0.0,1,0.02570498458056178,3,0,0.6,70.0,0.33333333333333326,20.0,90.33333333333333,False,True,,,,1416
2024-04-18 12:30:00+05:30,2024,4,18,12,30,3,BUY,22309.8,22259.8,22459.8,3.0,trend_pullback_buy,STRONG_UPTREND,22309.8,0.20822047453841738,67.90181235618215,59.38470787306413,5.174227127015911,24.354449716106103,0.8760015951715724,0.009917600423011633,0.5936022616854775,0.596777357180378,0.14860437071078092,0.3117411086175803,0.37468936663735963,1,0,0.0,1,0.02570498458056178,3,0,0.6,70.0,0.33333333333333326,20.0,90.33333333333333,False,True,,,,1417
2024-04-18 12:45:00+05:30,2024,4,18,12,45,3,BUY,22298.7,22248.7,22448.7,3.0,trend_pullback_buy,STRONG_UPTREND,22298.7,0.18697438479757766,55.43507604634601,55.453074959563985,7.575589272160869,24.080230675125954,0.7931795556039842,0.010082825249161131,0.5519405852193682,0.5467265172506286,0.07900560373113041,0.23797252413826353,0.31197403764593457,1,0,0.0,1,0.02570498458056178,3,0,0.6,80.0,0.33333333333333326,20.0,100.33333333333333,False,True,,,,1418
2024-04-18 13:00:00+05:30,2024,4,18,13,0,3,BUY,22291.45,22241.45,22441.45,3.0,trend_pullback_buy,STRONG_UPTREND,22291.45,0.16636743812409957,69.62856997412477,55.91691988398795,9.399376736586419,23.313616325596353,0.7360331798737628,0.010053679786860625,0.4519819838088468,0.5140356533325452,0.03716999398597487,0.18667609619558156,0.2683748233796468,1,0,0.0,1,0.02570498458056178,3,0,0.6,70.0,0.33333333333333326,20.0,90.33333333333333,False,True,,,,1419
2024-04-19 11:15:00+05:30,2024,4,19,11,15,4,SELL,21909.75,21959.75,21759.75,3.0,trend_bounce_sell,STRONG_DOWNTREND,21909.75,0.2978778202137632,30.38196087636335,76.92733594893035,-87.83753315544163,-34.783161604590084,0.34174797622710557,0.024258589034841977,-0.6168989487769783,-1.7442720876104878,0.03497438537878317,-0.33696783393249996,-0.7964679070059488,0,1,2.570498458056178,0,0.0,0,1,0.6,70.0,0.33333333333333326,20.0,90.33333333333333,False,True,False,-3750.0,STOP_HIT,1420
2024-04-19 11:30:00+05:30,2024,4,19,11,30,4,SELL,21925.95,21975.95,21775.95,3.0,trend_bounce_sell,STRONG_DOWNTREND,21925.95,0.2817112013064718,37.37628014971449,75.236057425107,-87.7299479232388,-31.20801873514852,0.3906013492441722,0.0207808800558815,-0.5434153975255929,-1.6396421049326038,0.08713295925590891,-0.23940030105799037,-0.6949566666016649,0,1,2.570498458056178,1,0.026383163388653562,0,1,0.6,75.0,0.33333333333333326,20.0,95.33333333333333,False,True,,,,1421
2024-04-22 15:15:00+05:30,2024,4,22,15,15,0,BUY,22370.5,22325.41,22505.77,3.0,trend_pullback_buy,STRONG_UPTREND,22370.5,0.1119778279430479,67.46902294223607,39.652554760509226,56.477627719599695,17.30988365624205,1.227352879975215,0.004750003589795672,0.43414235559267045,0.5940175552197946,0.2396792438684514,0.4107600705310688,0.7078526102748395,1,0,5.140996916112356,0,0.0,0,2,0.6,58.79153285630554,0.33333333333333326,20.0,79.12486618963888,False,True,True,2367.224999999871,STOP_HIT,1422
2024-04-29 11:30:00+05:30,2024,4,29,11,30,0,BUY,22539.85,22489.85,22689.85,3.0,trend_pullback_buy,STRONG_UPTREND,22539.85,0.16523116676844107,66.299080732028,30.510510149262636,12.703248754613014,0.5211038418683547,0.8608595781363566,0.007781140919893137,0.3993282910619955,0.13283014844545082,0.1002869297793696,0.17415467622488023,0.23035260656152357,1,0,3.518344059479909,0,0.0,1,0,0.6,48.51734450824113,0.33333333333333326,20.0,68.85067784157447,False,True,True,11250.0,TARGET_HIT,1423
2024-05-03 12:30:00+05:30,2024,5,3,12,30,4,SELL,22541.85,22591.85,22391.85,3.0,trend_bounce_sell,STRONG_DOWNTREND,22541.85,0.2742359528736869,38.851049114168674,29.8815026780048,-20.5567347376018,-23.49404708451975,0.2837981625725351,0.0165525429375105,-0.6152618445069646,-0.6071549038671464,-0.02006864000464459,-0.2462858219380748,-0.37182885504950525,0,1,0.0,0,0.0,2,0,0.7,62.92890160680288,0.33333333333333326,20.0,83.26223494013621,False,True,True,11250.0,TARGET_HIT,1424
2024-05-08 09:30:00+05:30,2024,5,8,9,30,2,SELL,22256.1,22306.1,22106.1,3.0,trend_bounce_sell,STRONG_DOWNTREND,22256.1,0.1976986084713854,50.42964336799561,30.381631366239496,-59.65723016744232,-1.1349926047427061,0.2577178346829675,0.004797143460245617,-0.306166557294818,-0.21475968436155402,-0.10761407935533374,-0.2080320113178824,-0.48840681167940936,0,1,0.0,0,0.0,3,0,0.7,64.57890486717076,0.33333333333333326,20.0,84.91223820050409,False,True,True,2625.0,STOP_HIT,1425
2024-05-08 10:45:00+05:30,2024,5,8,10,45,2,SELL,22221.3,22271.3,22071.3,3.0,trend_bounce_sell,STRONG_DOWNTREND,22221.3,0.2168447133413175,38.111469568745086,29.043550700242438,-62.441583740492206,-2.9179900294246437,0.17152482686968973,0.006744039932059325,-0.3176013027036406,-0.331014438150079,-0.10278929171144702,-0.24037115234188944,-0.535595591665905,0,1,0.0,1,0.0,4,0,0.7,62.42613042014546,0.33333333333333326,20.0,82.7594637534788,False,True,False,-3750.0,STOP_HIT,1426
2024-05-08 11:00:00+05:30,2024,5,8,11,0,2,SELL,22235.0,22285.0,22085.0,3.0,trend_bounce_sell,STRONG_DOWNTREND,22235.0,0.21626136400141252,38.81538935404615,32.77063952659736,-62.10487910724987,-2.3231568565640757,0.272697123115325,0.006861951790741335,-0.3303643869880357,-0.0808879701613252,-0.03296280042855981,-0.1626326166364489,-0.4557590572268455,0,1,0.0,2,0.02260693165862231,4,0,0.7,64.66238371595841,0.33333333333333326,20.0,84.99571704929174,False,True,,,,1427
2024-05-09 14:00:00+05:30,2024,5,9,14,0,3,SELL,22061.75,22111.75,21911.75,3.0,trend_bounce_sell,STRONG_DOWNTREND,22061.75,0.1794152451965175,34.20263821496869,61.24872286235706,-69.86448782372099,-16.242207095468217,0.22079807682559344,0.011702505813371395,-0.453024638854993,-1.0983222567160111,-0.0807745836625573,-0.32329460411204547,-0.6709683312289383,0,1,2.260693165862231,0,0.0,0,1,0.7,70.0,0.33333333333333326,20.0,90.33333333333333,False,True,True,2625.0,STOP_HIT,1428
2024-05-13 11:00:00+05:30,2024,5,13,11,0,0,SELL,21911.1,21961.1,21761.1,3.0,trend_bounce_sell,STRONG_DOWNTREND,21911.1,0.2316340641436127,35.590779602108725,34.97173695436862,-68.16454945471196,-9.002265136248042,0.31414237428344155,0.014684750489411869,-0.6506579126350109,-0.5160103973938512,0.020138594814800292,-0.20244093690747755,-0.5340644877410483,0,1,0.6782079497586693,0,0.0,1,0,0.7,65.98304217262117,0.33333333333333326,20.0,86.3163755059545,False,True,False,-3750.0,STOP_HIT,1429
2024-05-13 11:15:00+05:30,2024,5,13,11,15,0,SELL,21936.15,21986.15,21786.15,3.0,trend_bounce_sell,STRONG_DOWNTREND,21936.15,0.2370679058475216,40.18376819375363,36.68111505407205,-66.88433395387256,-6.94984467186778,0.401052280958299,0.014715730239574357,-0.534370182279853,-0.26620049375530863,0.1075608562127961,-0.08032169012065493,-0.4039317378184082,0,1,0.6782079497586693,1,0.02276130060881979,1,0,0.7,72.00866903244324,0.33333333333333326,20.0,92.34200236577657,False,True,False,-3750.0,STOP_HIT,1430
2024-05-14 11:00:00+05:30,2024,5,14,11,0,1,BUY,22178.9,22128.9,22328.9,3.0,trend_pullback_buy,STRONG_UPTREND,22178.9,0.18949799777523355,65.77212692460922,33.15571246162718,20.130700850448193,26.379818807403648,0.8453514085988713,0.010247610591531424,0.3640526824279622,0.7104114210725987,0.18287018667970667,0.357403440958759,0.49452709847928045,1,0,5.199594281483131,0,0.0,0,2,0.5,59.89342747697631,0.33333333333333326,20.0,80.22676081030966,False,True,True,2625.0,STOP_HIT,1431
2024-05-14 12:30:00+05:30,2024,5,14,12,30,1,BUY,22194.65,22144.65,22344.65,3.0,trend_pullback_buy,STRONG_UPTREND,22194.65,0.1683159809104575,66.98986775427895,35.60522182929545,32.56669168919325,22.63025509859441,0.8991083176880105,0.00565843941719056,0.43237054902689476,0.41442244396137085,0.10128514155207657,0.2658108819415972,0.4573713918978095,1,0,5.199594281483131,1,0.023846872265238222,0,2,0.5,61.363133097577276,0.33333333333333326,20.0,81.69646643091062,False,True,True,2625.0,STOP_HIT,1432
2024-05-23 10:00:00+05:30,2024,5,23,10,0,3,BUY,22674.5,22624.5,22824.5,3.0,trend_pullback_buy,STRONG_UPTREND,22674.5,0.16113128971185492,68.88778852588408,45.10702266734729,37.88455280501876,7.250743779171454,0.9893029670808691,0.0073911775311422115,0.4327451188831155,0.60051066699498,0.18097320333971822,0.3261026303409631,0.5093365143095774,1,0,2.034623849276008,0,0.0,2,0,0.7,67.06421360040838,0.33333333333333326,20.0,87.39754693374171,False,True,True,11250.0,TARGET_HIT,1433
2024-05-23 10:30:00+05:30,2024,5,23,10,30,3,BUY,22660.45,22610.45,22810.45,3.0,trend_pullback_buy,STRONG_UPTREND,22660.45,0.18392649496621624,62.20853113552447,41.669241000046064,41.495002993939124,8.87264852055273,0.7902253986450162,0.008468837602432729,0.3154162165990737,0.42633812335886034,0.0491617970746594,0.20409381217016964,0.40616091144025646,1,0,2.034623849276008,1,0.023076450626638295,2,0,0.7,70.00154460002764,0.33333333333333326,20.0,90.33487793336097,False,True,True,11250.0,TARGET_HIT,1434
2024-05-24 09:45:00+05:30,2024,5,24,9,45,4,BUY,22945.6,22895.6,23095.6,3.0,trend_pullback_buy,STRONG_UPTREND,22945.6,0.21871606881369285,66.65028682938822,60.14777403539457,106.56228798983284,22.02302962850213,0.711179211400458,0.014004366132682829,0.38367479077254796,1.0378733503890292,0.022119530540787302,0.3162863704139651,0.8379876711001488,1,0,0.0,0,0.0,4,0,0.7,70.0,0.33333333333333326,20.0,90.33333333333333,False,True,True,2625.0,STOP_HIT,1435
2024-05-30 15:00:00+05:30,2024,5,30,15,0,3,SELL,22478.05,22528.05,22328.05,3.0,trend_bounce_sell,STRONG_DOWNTREND,22478.05,0.17799904478241604,38.70471515372822,29.689609044617253,-89.31110968083158,-8.812089486459968,0.14380000645944083,0.007934306630218652,-0.3990145382198773,-0.35662832191857285,-0.09633515661029435,-0.31340939281728764,-0.7380796429422576,0,1,0.0,0,0.0,5,0,0.7,62.81376542677035,0.33333333333333326,20.0,83.14709876010369,False,True,False,-3750.0,STOP_HIT,1436
2024-06-04 14:00:00+05:30,2024,6,4,14,0,1,SELL,22061.05,22111.05,21911.05,3.0,trend_bounce_sell,STRONG_DOWNTREND,22061.05,1.3749507454476162,40.8181300453105,61.03220772360985,-233.53132073755842,-118.1639855942269,0.4277714043788404,0.0728245390159092,-0.3009808994628993,-5.341554409925364,0.09758750377786285,-0.7704895577001047,-2.016802342725088,0,1,1.9986321158681135,0,0.0,0,1,0.6,70.0,0.33333333333333326,20.0,90.33333333333333,False,True,True,11250.0,TARGET_HIT,1437
2024-06-10 09:30:00+05:30,2024,6,10,9,30,0,BUY,23324.75,23274.75,23474.75,3.0,trend_pullback_buy,STRONG_UPTREND,23324.75,0.28247125600795253,60.52977789265375,49.58698701975886,174.93851683313915,13.732333612088524,0.8174225423487224,0.01278907246168699,0.4245214983972678,1.07861682234891,0.14588798726429264,0.5034129009882982,1.324916903964457,1,0,0.0,0,0.0,1,0,0.7,74.75219221185532,0.33333333333333326,20.0,95.08552554518864,False,True,False,-3750.0,STOP_HIT,1438
2024-06-10 10:00:00+05:30,2024,6,10,10,0,0,BUY,23315.25,23265.25,23465.25,3.0,trend_pullback_buy,STRONG_UPTREND,23315.25,0.3004930862234587,58.83261950525462,45.89671866645899,170.71825809967413,7.596014022584171,0.7863571681402315,0.009686424936117082,0.3078253462228453,0.7915390484671603,0.10098950333965462,0.39944771267315105,1.1918996387499714,1,0,1.9218122040350778,1,0.0,0,1,0.6,77.53803119987539,0.33333333333333326,20.0,97.87136453320872,False,True,True,2625.0,STOP_HIT,1439
2024-06-10 10:30:00+05:30,2024,6,10,10,30,0,BUY,23327.85,23277.85,23477.85,3.0,trend_pullback_buy,STRONG_UPTREND,23327.85,0.2978199876971115,58.668458684210215,45.85476828086765,169.0421210704917,4.657626469374549,0.7679806546413648,0.009912414389811651,0.38578719522164295,0.5955217283498015,0.08353308259674286,0.36653073135559655,1.1458617966690676,1,0,1.9218122040350778,2,0.019594695285694744,0,1,0.6,77.51286096852058,0.33333333333333326,20.0,97.84619430185391,False,True,False,-3750.0,STOP_HIT,1440
2024-06-14 11:45:00+05:30,2024,6,14,11,45,4,BUY,23445.9,23395.9,23595.9,3.0,trend_pullback_buy,STRONG_UPTREND,23445.9,0.13915012859391193,60.511829026493295,51.90557103370053,22.10790718397766,2.0068021355073817,0.7782382002187601,0.005247504301493309,0.4046866569028085,0.14522529141163254,0.053063339918346664,0.12175784310570759,0.21973578927767523,1,0,2.498355865245601,0,0.0,0,1,0.7,70.0,0.33333333333333326,20.0,90.33333333333333,False,True,True,2625.0,STOP_HIT,1441
2024-06-14 12:00:00+05:30,2024,6,14,12,0,4,BUY,23439.1,23396.243182005626,23567.670453983115,3.0,trend_pullback_buy,STRONG_UPTREND,23439.1,0.13987616540615588,59.12155245598937,56.578615940626314,22.2967170285483,1.976050782070221,0.7059746103114288,0.005345186575556818,0.4149128725808193,0.13713846285299258,0.019235084032587224,0.08428343304325292,0.18317820370123972,1,0,2.498355865245601,1,0.01971056202271823,0,1,0.7,75.0,0.33333333333333326,20.0,95.33333333333333,False,True,True,9642.784048733756,TARGET_HIT,1442
2024-06-25 10:00:00+05:30,2024,6,25,10,0,1,BUY,23594.85,23544.85,23744.85,3.0,trend_pullback_buy,STRONG_UPTREND,23594.85,0.1276913030961052,62.554839569215076,40.228885041685395,11.86293025847408,11.899314077816241,1.0120456960134063,0.004198619953489694,0.31845305793591905,0.3954999383028568,0.12163625093719599,0.21948001750129453,0.28737614787441856,1,0,0.0,0,3.469446951953614e-18,2,0,0.7,64.13733102501124,0.33333333333333326,20.0,84.47066435834456,False,True,True,11250.0,TARGET_HIT,1443
2024-06-25 10:45:00+05:30,2024,6,25,10,45,1,BUY,23603.8,23553.8,23753.8,3.0,trend_pullback_buy,STRONG_UPTREND,23603.8,0.12054657058851255,67.78859355765624,33.54385600162956,16.79595207071543,12.676477032275752,0.9104937608006092,0.00525631590874292,0.3844616261365674,0.24930877337534518,0.09532838679200406,0.20072279288321226,0.2919493828336561,1,0,0.0,1,0.018516588134097386,2,0,0.7,55.12631360097774,0.33333333333333326,20.0,75.45964693431108,False,True,True,11250.0,TARGET_HIT,1444
2024-06-27 11:15:00+05:30,2024,6,27,11,15,3,BUY,23918.15,23868.15,24068.15,3.0,trend_pullback_buy,STRONG_UPTREND,23918.15,0.21537738376206364,56.42004137145488,35.27291428532194,72.3257461789799,2.363100818575802,0.7677249716864055,0.00675734482686365,0.32675831839013014,0.3688589083203242,0.07862194340937378,0.20641319670129388,0.5287863758550504,1,0,0.0,0,6.938893903907228e-18,4,0,0.7,71.16374857119317,0.33333333333333326,20.0,91.4970819045265,False,True,True,2625.0,STOP_HIT,1445
2024-06-27 11:30:00+05:30,2024,6,27,11,30,3,BUY,23947.5,23897.5,24097.5,3.0,trend_pullback_buy,STRONG_UPTREND,23947.5,0.22185435401846387,58.61412919219197,32.57703715494354,73.22330806745595,2.9345964363466663,0.8977248223553467,0.007009861784890309,0.44986944348317515,0.5004563910484316,0.16107797255429102,0.29934368116903975,0.6264108797152668,1,0,0.0,1,0.01666510303898618,4,0,0.7,69.54622229296612,0.33333333333333326,20.0,89.87955562629945,False,True,True,2625.0,STOP_HIT,1446
2024-06-27 13:00:00+05:30,2024,6,27,13,0,3,BUY,23961.85,23911.85,24111.85,3.0,trend_pullback_buy,STRONG_UPTREND,23961.85,0.2212743530713541,60.804207762839596,36.87429875409613,77.65963500806902,4.038986837133919,0.7062865366206692,0.00940773524254832,0.4649709969623661,0.3725982180631471,0.028907308440939694,0.18238402516799201,0.528848819407135,1,0,0.0,2,6.938893903907228e-18,6,0,0.8,67.12457925245768,0.33333333333333326,20.0,87.45791258579101,False,True,True,11250.0,TARGET_HIT,1447
2024-06-27 15:30:00+05:30,2024,6,27,15,30,3,BUY,24036.1,23986.1,24186.1,3.0,trend_pullback_buy,STRONG_UPTREND,24036.1,0.18967006175829462,56.14354205411039,57.45568462717322,76.42251753720848,2.174564959476612,0.8818206774737523,0.007068062219449257,0.3098675603094181,0.7762793515562194,0.12759953427530224,0.2820456806451821,0.6192515426254541,1,0,0.0,3,0.016285151812833222,6,0,0.8,80.0,0.33333333333333326,20.0,100.33333333333333,False,True,True,2625.0,STOP_HIT,1448
2024-07-04 10:15:00+05:30,2024,7,4,10,15,3,BUY,24344.85,24294.85,24494.85,3.0,trend_pullback_buy,STRONG_UPTREND,24344.85,0.1278944593444379,61.773777548247814,33.45528365525775,55.247530489123164,8.099288969910816,0.7396366130739508,0.007957910401808073,0.38057853710227185,0.3590605064360819,0.016868646020462563,0.169346868984821,0.4167548159439871,1,0,0.0,0,6.938893903907228e-18,8,0,0.9,60.07317019315465,0.33333333333333326,20.0,80.406503526488,False,True,False,-3750.0,STOP_HIT,1449
2024-07-04 10:30:00+05:30,2024,7,4,10,30,3,BUY,24333.7,24283.7,24483.7,3.0,trend_pullback_buy,STRONG_UPTREND,24333.7,0.13466039748520425,58.677839073692354,33.29397268810846,54.79193735180161,6.879326249330333,0.6631959680260264,0.007845253551278858,0.31723128613685425,0.3358451277716501,-0.023152796835523848,0.11223200855490223,0.3561721606167856,1,0,0.0,1,0.015359654861356545,8,0,0.9,64.97638361286508,0.33333333333333326,20.0,85.3097169461984,False,True,False,-3750.0,STOP_HIT,1450
2024-07-12 10:30:00+05:30,2024,7,12,10,30,4,BUY,24382.25,24332.25,24532.25,3.0,trend_pullback_buy,STRONG_UPTREND,24382.25,0.16543064846646474,68.26028266327562,28.660664591826155,15.476354380756675,14.045692612480208,0.7642287880231778,0.007623004048403047,0.3108196505490213,0.4865192340979707,0.05164290515886627,0.16285422564756846,0.2466452072419134,1,0,3.0719309722713075,0,6.938893903907228e-18,0,2,0.8,57.19639875509569,0.33333333333333326,20.0,77.52973208842903,False,True,True,11250.0,TARGET_HIT,1451
2024-07-12 12:15:00+05:30,2024,7,12,12,15,4,BUY,24501.3,24451.3,24651.3,3.0,trend_pullback_buy,STRONG_UPTREND,24501.3,0.21963849148529083,68.61826151517344,50.69714411683233,45.5079866334454,25.40161589755277,0.7757754222817469,0.013607088456037279,0.4907379115031141,0.7705453042389232,0.09483640178231667,0.31924744089049106,0.547312880588624,1,0,0.0,1,6.938893903907228e-18,1,0,0.8,70.0,0.33333333333333326,20.0,90.33333333333333,False,True,True,2625.0,STOP_HIT,1452
2024-07-12 12:30:00+05:30,2024,7,12,12,30,4,BUY,24488.95,24438.95,24638.95,3.0,trend_pullback_buy,STRONG_UPTREND,24488.95,0.22246185086976458,66.73319224453545,48.2941379907859,46.9463857707633,24.156013531383604,0.716153225372108,0.01328859611948339,0.5173850403687563,0.749378774663878,0.035503336776709915,0.24419583925352484,0.47706285888671207,1,0,0.0,2,0.015127304682451508,1,0,0.8,68.97648279447154,0.33333333333333326,20.0,89.30981612780487,False,True,True,2625.0,STOP_HIT,1453
2024-07-22 09:45:00+05:30,2024,7,22,9,45,0,SELL,24533.95,24583.95,24383.95,3.0,trend_bounce_sell,STRONG_DOWNTREND,24533.95,0.20723469780796547,37.385221258710764,56.3785934687665,-29.913573153979087,-24.469138394458344,0.2826561195528817,0.00895754573943314,-0.37237595758894404,-0.5097395948442163,0.0049310874270291905,-0.176942585518447,-0.33551399715264774,0,1,0.0,0,6.938893903907228e-18,3,0,0.8,75.0,0.33333333333333326,20.0,95.33333333333333,False,True,True,2625.0,STOP_HIT,1454
2024-07-22 13:00:00+05:30,2024,7,22,13,0,0,SELL,24487.8,24537.8,24337.8,3.0,trend_bounce_sell,STRONG_DOWNTREND,24487.8,0.13757579576069037,48.59344629096086,29.409248212376518,-36.82818832315752,-11.154322427558679,0.17526221072941015,0.004850178669333993,-0.31934055869333733,-0.32319515451496583,-0.09682384159775959,-0.20189821337455172,-0.3750227404618278,0,1,0.0,1,0.014813579343027992,3,0,0.8,62.64554892742591,0.33333333333333326,20.0,82.97888226075924,False,True,True,11250.0,TARGET_HIT,1455
2024-07-23 13:15:00+05:30,2024,7,23,13,15,1,SELL,24337.65,24387.65,24187.65,3.0,trend_bounce_sell,STRONG_DOWNTREND,24337.65,0.4532219480047228,41.894101870564334,30.03714103874712,-58.55342200236191,-17.48620780059033,0.24314687920894698,0.016358621162147105,-0.5888047447491496,-0.6855561880627525,-0.10442159319580258,-0.3384042121469921,-0.6090052110633848,0,1,0.0,0,6.938893903907228e-18,5,0,0.8,63.02228462324827,0.33333333333333326,20.0,83.3556179565816,False,True,False,-3750.0,STOP_HIT,1456
2024-07-23 13:30:00+05:30,2024,7,23,13,30,1,SELL,24342.15,24392.15,24192.15,3.0,trend_bounce_sell,STRONG_DOWNTREND,24342.15,0.45492812144484207,43.974477346245834,34.63388967247085,-60.002275467602885,-17.041555139248167,0.277541377960046,0.01647000166408312,-0.8165410684708663,-0.7079137042792949,-0.06877264614416623,-0.29097274234097803,-0.5675975307819825,0,1,0.0,1,0.014043833413015306,5,0,0.8,65.7803338034825,0.33333333333333326,20.0,86.11366713681583,False,True,False,-3750.0,STOP_HIT,1457
2024-07-24 12:30:00+05:30,2024,7,24,12,30,2,SELL,24322.85,24372.85,24172.85,3.0,trend_bounce_sell,STRONG_DOWNTREND,24322.85,0.24844362987302332,30.595114790444384,35.338428641473605,-35.683347365840746,-1.9734990352072543,-0.03638735429302281,0.00817996692455392,-0.4840197781201039,-0.5603048254490095,-0.2440009609160465,-0.35328154589536753,-0.5062101307133471,0,1,2.8087666826030597,0,6.938893903907228e-18,0,2,0.6,61.203057184884166,0.33333333333333326,20.0,81.5363905182175,False,True,False,-3750.0,STOP_HIT,1458
2024-07-24 13:00:00+05:30,2024,7,24,13,0,2,SELL,24362.0,24412.0,24212.0,3.0,trend_bounce_sell,STRONG_DOWNTREND,24362.0,0.2117612910035493,43.59167067118688,38.435305993360366,-37.84185688525395,-3.3903244823930336,0.2244901023451069,0.008100215058462026,-0.31486622788622354,-0.684875662454143,-0.038584634522309535,-0.15182408187500718,-0.316066943440374,0,1,2.8087666826030597,1,0.014449691534577432,0,2,0.6,73.06118359601622,0.33333333333333326,20.0,93.39451692934955,False,True,False,-3750.0,STOP_HIT,1459
2024-07-24 13:45:00+05:30,2024,7,24,13,45,2,SELL,24329.05,24379.05,24179.05,3.0,trend_bounce_sell,STRONG_DOWNTREND,24329.05,0.19308193291558473,39.66794939356668,40.71159333334712,-39.846155305978755,-4.129297224277977,0.14266122409587711,0.007872577834825248,-0.324684635964001,-0.602008465297188,-0.12629427540973293,-0.2354003533567628,-0.40917185541238243,0,1,4.21315002390459,2,0.014449691534577432,0,3,0.5,69.42695600000827,0.33333333333333326,20.0,89.7602893333416,False,True,False,-3750.0,STOP_HIT,1460
2024-08-02 10:45:00+05:30,2024,8,2,10,45,4,SELL,24821.4,24871.4,24671.4,3.0,trend_bounce_sell,STRONG_DOWNTREND,24821.4,0.2186477336952328,34.019821109431206,38.886092068484224,-21.882708972632827,-31.78039350755484,0.26729786653447934,0.016672450901602437,-0.6450502450710549,-0.6287419755829471,-0.03926008674224324,-0.28217944505635195,-0.4139201587549768,0,1,7.02191670650765,0,6.938893903907228e-18,0,5,0.5,63.33165524109053,0.33333333333333326,20.0,83.66498857442386,False,True,True,2625.0,STOP_HIT,1461
2024-08-02 11:00:00+05:30,2024,8,2,11,0,4,SELL,24805.05,24855.05,24655.05,3.0,trend_bounce_sell,STRONG_DOWNTREND,24805.05,0.22686912544018215,33.19671084893291,40.78572971616233,-24.9557593317586,-31.36809948001255,0.2535286141043968,0.01695810608987397,-0.853961236994738,-0.7134766023703887,-0.08410152320046382,-0.3163401769522012,-0.460800107480841,0,1,7.02191670650765,1,0.015104455712089572,0,5,0.5,64.4714378296974,0.33333333333333326,20.0,84.80477116303072,False,True,True,11250.0,TARGET_HIT,1462
2024-08-09 11:15:00+05:30,2024,8,9,11,15,4,BUY,24350.75,24300.75,24500.75,3.0,trend_pullback_buy,STRONG_UPTREND,24350.75,0.23909501174061557,69.77322825433666,32.46904133903221,21.254144169237406,21.257529499317737,0.7469443666006168,0.01893640743799896,1.0459070406287463,0.5265613131212987,0.12080750063150347,0.30714042685753284,0.4282595977215031,1,0,1.825698343691989,0,6.938893903907228e-18,2,0,0.5,64.71096000656306,0.33333333333333326,20.0,85.04429333989638,False,True,False,-3750.0,STOP_HIT,1463
2024-08-09 11:30:00+05:30,2024,8,9,11,30,4,BUY,24355.25,24305.25,24505.25,3.0,trend_pullback_buy,STRONG_UPTREND,24355.25,0.23632335064161747,69.35345704324965,35.21164130762562,23.94528428373451,21.553802652433355,0.732719778871559,0.019156282243730647,1.0645802470672594,0.8066936116405632,0.1114167566244273,0.29598246825028873,0.4292211534390633,1,0,1.825698343691989,1,0.014304999552918078,2,0,0.5,66.44988601991167,0.33333333333333326,20.0,86.783219353245,False,True,False,-3750.0,STOP_HIT,1464
2024-08-13 12:30:00+05:30,2024,8,13,12,30,1,SELL,24255.45,24305.45,24105.45,3.0,trend_bounce_sell,STRONG_DOWNTREND,24255.45,0.14814049154785142,30.53162567559535,64.0889548404797,-4.515555108147964,-16.117795705569698,0.020155671795576393,0.0061234599938808035,-0.3068215913621275,-0.7360253403886907,-0.1809891438666278,-0.28013347380232423,-0.3201528851059732,0,1,4.634465026295049,0,6.938893903907228e-18,0,2,0.3,65.0,0.33333333333333326,20.0,85.33333333333333,False,True,True,2625.0,STOP_HIT,1465
2024-08-16 10:15:00+05:30,2024,8,16,10,15,4,BUY,24238.95,24188.95,24388.95,3.0,trend_pullback_buy,STRONG_UPTREND,24238.95,0.17053426111986839,62.175874574643814,28.964176555028263,10.154713717714912,22.315651300236787,0.6692084018423726,0.012906531335462547,0.391186398558685,0.391186398558685,-0.03194124360331729,0.13681825540790005,0.20962436582780963,1,0,3.651396687383978,0,6.938893903907228e-18,1,0,0.3,62.37850593301696,0.33333333333333326,20.0,82.7118392663503,False,True,True,11250.0,TARGET_HIT,1466
2024-08-16 10:30:00+05:30,2024,8,16,10,30,4,BUY,24258.05,24208.05,24408.05,3.0,trend_pullback_buy,STRONG_UPTREND,24258.05,0.18407733279703659,63.95112536779565,31.822677125768013,12.133966013359895,21.86541323629359,0.709690167517422,0.013058396897502359,0.4702934415705462,0.4702934415705462,0.03746239504118787,0.19607505557253102,0.2772397745882893,1,0,3.651396687383978,1,0.01457606330571103,1,0,0.3,64.09360627546081,0.33333333333333326,20.0,84.42693960879414,False,True,True,11250.0,TARGET_HIT,1467
2024-08-19 10:30:00+05:30,2024,8,19,10,30,0,BUY,24565.4,24515.4,24715.4,3.0,trend_pullback_buy,STRONG_UPTREND,24565.4,0.16691595263489042,65.75747602895882,80.0206465980806,98.05716018591556,23.153905016108595,0.7179768000731519,0.010035548294927381,0.34455221487641463,0.5962374794224345,0.03066644794855744,0.272931302427426,0.7285838601146732,1,0,0.0,0,6.938893903907228e-18,3,0,0.5,70.0,0.33333333333333326,20.0,90.33333333333333,False,True,True,11250.0,TARGET_HIT,1468
2024-08-30 09:30:00+05:30,2024,8,30,9,30,4,BUY,25223.0,25173.0,25373.0,3.0,trend_pullback_buy,STRONG_UPTREND,25223.0,0.25031009112997815,55.82509096091778,29.300440000608578,31.957184337094077,6.337017716536447,0.9122032782103263,0.008937526259965509,0.31818001034085164,0.4978474423311896,0.22464730604572214,0.345915722081358,0.48486768948796666,1,0,0.0,0,6.938893903907228e-18,4,0,0.6,67.58026400036515,0.33333333333333326,20.0,87.91359733369848,False,True,True,2625.0,STOP_HIT,1469
2024-09-04 10:45:00+05:30,2024,9,4,10,45,2,SELL,25137.95,25187.95,24987.95,3.0,trend_bounce_sell,STRONG_DOWNTREND,25137.95,0.15356690354054503,33.39998194451229,34.04830392457994,-20.0474683032553,-21.21920473480925,0.22779515266211448,0.012112716022454739,-0.63972837729942,-0.462881387139491,-0.0718905556815641,-0.24200419151216845,-0.35195182795241253,0,1,0.0,0,6.938893903907228e-18,5,0,0.7,60.428982354747966,0.33333333333333326,20.0,80.7623156880813,False,True,False,-3750.0,STOP_HIT,1470
2024-09-04 11:00:00+05:30,2024,9,4,11,0,2,SELL,25128.7,25178.7,24978.7,3.0,trend_bounce_sell,STRONG_DOWNTREND,25128.7,0.15356658209252638,30.827756696912687,37.06218071862706,-22.425573036893184,-21.23757852160242,0.2265886903981979,0.01244067583403156,-0.5839462263068529,-0.5258980545532532,-0.0869477409085162,-0.2534388474709548,-0.37343621481630285,0,1,0.0,1,0.012770473914377958,5,0,0.7,62.23730843117624,0.33333333333333326,20.0,82.57064176450957,False,True,False,-3750.0,STOP_HIT,1471
2024-09-06 14:15:00+05:30,2024,9,6,14,15,4,SELL,24833.95,24883.95,24683.95,3.0,trend_bounce_sell,STRONG_DOWNTREND,24833.95,0.14772404021798458,34.966424694210744,65.5104739326626,-83.18537211127477,-20.55638770081466,0.12893041080774323,0.00845348239135813,-0.34890393204097814,-1.20952343066274,-0.17480364852853203,-0.39529376505079705,-0.7684825584145183,0,1,2.55409478287559,0,6.938893903907228e-18,0,2,0.6,65.0,0.33333333333333326,20.0,85.33333333333333,False,True,False,-3750.0,STOP_HIT,1472
2024-09-06 14:45:00+05:30,2024,9,6,14,45,4,SELL,24818.3,24868.3,24668.3,3.0,trend_bounce_sell,STRONG_DOWNTREND,24818.3,0.13820447008860523,30.414762514055283,56.127573871658015,-86.39643049301958,-19.409396947137594,0.029861029726136207,0.006284060978447077,-0.5222737949223566,-0.7065441350035506,-0.16351242105041575,-0.3846489118127572,-0.7702236022356979,0,1,2.55409478287559,1,0.013105192964161383,0,2,0.6,65.0,0.33333333333333326,20.0,85.33333333333333,False,True,False,-3750.0,STOP_HIT,1473
2024-09-10 12:15:00+05:30,2024,9,10,12,15,1,BUY,25038.75,24988.75,25188.75,3.0,trend_pullback_buy,STRONG_UPTREND,25038.75,0.1401969803946752,68.54305933788233,40.335146572498346,5.942387911803962,25.20841067280527,0.9382272349758204,0.0074898663093451055,0.4720899157741876,0.5937901124706046,0.16159902507624224,0.3028257064157769,0.3620585883843175,1,0,5.10818956575118,0,6.938893903907228e-18,0,4,0.5,59.201087943499004,0.33333333333333326,20.0,79.53442127683235,False,True,True,2625.0,STOP_HIT,1474
2024-09-11 11:45:00+05:30,2024,9,11,11,45,2,BUY,25084.0,25034.0,25234.0,3.0,trend_pullback_buy,STRONG_UPTREND,25084.0,0.16812082830261688,54.33426984216021,30.704468628750043,30.674956283924985,3.738731126838452,0.6103576887368461,0.00483148151943225,0.31533504098155696,-0.1423182953651958,0.05431562094522224,0.1016250459781709,0.23902292060391517,1,0,4.2142563917447236,0,6.938893903907228e-18,1,0,0.6,68.42268117725003,0.33333333333333326,20.0,88.75601451058336,False,True,False,-3750.0,STOP_HIT,1475
2024-09-18 14:45:00+05:30,2024,9,18,14,45,2,SELL,25366.25,25398.962409824857,25268.11277052543,3.0,trend_bounce_sell,STRONG_DOWNTREND,25366.25,0.1447085905766243,31.862469125746628,39.3108485028444,0.8296376390972,-16.130334410817845,0.28302417265532975,0.0085725432799584,-0.4243484132077868,-0.2575520756534666,-0.008495956782517133,-0.11105158826152373,-0.12879427630556606,0,1,5.491303783182519,0,6.938893903907228e-18,0,1,0.5,58.58650910170664,0.33333333333333326,20.0,78.91984243503998,False,True,False,-2453.430736864266,STOP_HIT,1476
2024-09-18 15:00:00+05:30,2024,9,18,15,0,2,SELL,25382.35,25398.3109427729,25322.35,3.0,trend_bounce_sell,STRONG_DOWNTREND,25382.35,0.15339680638598943,34.75416304405151,39.77679906807498,0.1655755395295273,-15.114956859346966,0.36526342830607,0.008642887013654527,-0.36877411555052975,-0.12414466099262,0.04397021637463361,-0.043321795569184474,-0.06284253629647019,0,1,5.491303783182519,1,0.008840519297533987,0,1,0.5,63.866079440844985,0.33333333333333326,20.0,84.19941277417831,False,True,True,837.9494955774135,STOP_HIT,1477
2024-09-19 10:00:00+05:30,2024,9,19,10,0,3,BUY,25513.05,25463.05,25663.05,3.0,trend_pullback_buy,STRONG_UPTREND,25513.05,0.23763748916170893,62.90591442189282,40.47794911910297,18.00685545209126,5.94257974827169,0.7743664518250203,0.013340927997585112,0.6707953462586458,0.20010132707042327,0.1691226518602651,0.2993875197087714,0.37669392316177497,1,0,6.041449411209736,0,6.071532165918825e-18,1,0,0.4,69.28676947146178,0.33333333333333326,20.0,89.62010280479511,False,True,False,-3750.0,STOP_HIT,1478
2024-09-19 10:15:00+05:30,2024,9,19,10,15,3,BUY,25512.55,25462.55,25662.55,3.0,trend_pullback_buy,STRONG_UPTREND,25512.55,0.23821609364802773,64.33109935547057,41.083314221003874,20.507694967192947,7.599077337036041,0.7593988182396998,0.013657832800832286,0.6684251957629561,0.19459608058751687,0.13368295208155967,0.27031043160621326,0.3599786929114446,1,0,6.041449411209736,1,0.0135916037809778,1,0,0.4,69.64998853260232,0.33333333333333326,20.0,89.98332186593565,False,True,False,-3750.0,STOP_HIT,1479
2024-09-30 15:00:00+05:30,2024,9,30,15,0,0,SELL,25812.25,25862.25,25662.25,3.0,trend_bounce_sell,STRONG_DOWNTREND,25812.25,0.12300361262578814,33.395213104496904,77.91971772693417,-73.85286589369935,-31.366959788012757,0.15567506285753974,0.007910616275799701,-0.3172500617894314,-0.6554399010104794,-0.11120553661437826,-0.33897132796456564,-0.6782081682259022,0,1,8.595544194085326,0,3.469446951953614e-18,0,2,0.2,65.0,0.33333333333333326,20.0,85.33333333333333,False,True,True,2625.0,STOP_HIT,1480
2024-10-07 11:30:00+05:30,2024,10,7,11,30,0,SELL,24948.5,24998.5,24798.5,3.0,trend_bounce_sell,STRONG_DOWNTREND,24948.5,0.26103773773974803,44.25758190621674,34.51545611255138,-139.09487524010183,-4.823989932345199,0.19703754667168244,0.009325684798680884,-0.4016112355334056,-0.6605771987385767,-0.11511014300114031,-0.37469313861192566,-0.9531700308777591,0,1,7.701611020078869,0,3.469446951953614e-18,1,0,0.3,70.70927366753082,0.33333333333333326,20.0,91.04260700086415,False,True,True,11250.0,TARGET_HIT,1481
2024-10-07 11:45:00+05:30,2024,10,7,11,45,0,SELL,24903.95,24953.95,24753.95,3.0,trend_bounce_sell,STRONG_DOWNTREND,24903.95,0.2776954774529489,39.74535701965715,32.649347773982655,-140.30436562708928,-5.4301322873994025,0.06522664274054402,0.00971146851274929,-0.6932426289387394,-0.7682269616583803,-0.2349158371008131,-0.5026087676717639,-1.0862020468644373,0,1,7.701611020078869,1,0.013836074557223401,1,0,0.3,64.5896086643896,0.33333333333333326,20.0,84.92294199772293,False,True,True,11250.0,TARGET_HIT,1482
2024-10-07 14:00:00+05:30,2024,10,7,14,0,0,SELL,24763.1,24813.1,24613.1,3.0,trend_bounce_sell,STRONG_DOWNTREND,24763.1,0.3128647059536179,30.390699002945553,34.1375195401009,-155.54715868242056,-12.421027196374098,0.15517645316762385,0.017751001091022095,-0.7431308495500777,-1.141757588096981,-0.2168523457375615,-0.5628257447602425,-1.2194372113549123,0,1,0.03932667145209832,2,3.469446951953614e-18,3,0,0.5,60.48251172406054,0.33333333333333326,20.0,80.81584505739387,False,True,False,-3750.0,STOP_HIT,1483
2024-10-07 14:30:00+05:30,2024,10,7,14,30,0,SELL,24816.65,24866.65,24666.65,3.0,trend_bounce_sell,STRONG_DOWNTREND,24816.65,0.298503510460001,43.77598826551338,32.80280152348906,-156.00183459592517,-10.247056882351728,0.337419422014776,0.01690570572939374,-0.4365016479140782,-1.0182694206074872,0.06043836771167932,-0.2562240270152061,-0.91508099314066,0,1,1.3163740628898934,3,3.469446951953614e-18,0,1,0.5,69.68168091409343,0.33333333333333326,20.0,90.01501424742676,False,True,False,-3750.0,STOP_HIT,1484
2024-10-07 14:45:00+05:30,2024,10,7,14,45,0,SELL,24799.7,24849.7,24649.7,3.0,trend_bounce_sell,STRONG_DOWNTREND,24799.7,0.301933375922175,33.06956145594083,33.16484926015445,-154.43332849435683,-7.810695702705061,0.3146601483159199,0.01549913429212019,-0.508495995217928,-1.108751781958106,-0.006323164905164269,-0.2949505543500708,-0.9445814537877739,0,1,1.3163740628898934,4,0.012940823559236083,0,1,0.5,59.89890955609267,0.33333333333333326,20.0,80.232242889426,False,True,False,-3750.0,STOP_HIT,1485
2024-10-11 11:30:00+05:30,2024,10,11,11,30,4,SELL,24930.7,24980.7,24780.7,3.0,trend_bounce_sell,STRONG_DOWNTREND,24930.7,0.14696452853022676,31.981871302562183,34.002727983493905,-22.021915671652096,-10.518700864802108,-0.006961221755263712,0.004780339443024506,-0.307307193227635,-0.4182078177300985,-0.12725782093211402,-0.22605371587712808,-0.33005199299277477,0,1,3.8704688457654837,0,3.469446951953614e-18,0,3,0.4,55.40163679009635,0.33333333333333326,20.0,75.73497012342969,False,True,False,-3750.0,STOP_HIT,1486
2024-10-18 09:45:00+05:30,2024,10,18,9,45,4,SELL,24646.4,24696.4,24496.4,3.0,trend_bounce_sell,STRONG_DOWNTREND,24646.4,0.19026250139110434,32.71072164667527,69.02845485532372,-81.18102388916304,-13.710395685032907,0.06458561574025218,0.009077656638221849,-0.4097333904427791,-0.5423553719008156,-0.1940095195724134,-0.40638125542249437,-0.76500059185719,0,1,5.147516237203279,0,3.469446951953614e-18,0,4,0.4,70.0,0.33333333333333326,20.0,90.33333333333333,False,True,False,-3750.0,STOP_HIT,1487
2024-10-22 10:15:00+05:30,2024,10,22,10,15,1,SELL,24638.75,24688.75,24488.75,3.0,trend_bounce_sell,STRONG_DOWNTREND,24638.75,0.2573907245410463,39.40376436032019,28.516263757679138,-13.71444081658774,-0.9524036913868983,-0.13772129045023404,0.008929989239136411,-0.7964069083668979,-0.41791032711385734,-0.5240446615986438,-0.5820550304254213,-0.6378397719995266,0,1,6.424563628641073,0,3.469446951953614e-18,0,5,0.3,56.63379516847647,0.33333333333333326,20.0,76.96712850180981,False,True,False,-3750.0,STOP_HIT,1488
2024-10-22 10:30:00+05:30,2024,10,22,10,30,1,SELL,24668.9,24718.9,24518.9,3.0,trend_bounce_sell,STRONG_DOWNTREND,24668.9,0.26909243159258317,40.756241794426735,28.48463128357836,-17.839985558137414,-4.570153589642915,0.04329126392409711,0.0095762696808958,-0.6546134035668394,-0.21055016089591705,-0.3221133477550153,-0.4187198529513325,-0.4961073232095159,0,1,6.424563628641073,1,0.013647250186146792,0,5,0.3,67.09077877014701,0.33333333333333326,20.0,87.42411210348034,False,True,False,-3750.0,STOP_HIT,1489
2024-10-22 10:45:00+05:30,2024,10,22,10,45,1,SELL,24718.8,24768.8,24568.8,3.0,trend_bounce_sell,STRONG_DOWNTREND,24718.8,0.264937155987692,38.06998891004658,28.212381106350453,-19.465996879527665,-5.576548419929848,0.26558331086573395,0.009773060396201974,-0.3418858552790671,-0.1377616360103362,-0.09641197858201167,-0.197573438791121,-0.28330258297536437,0,1,7.701611020078869,2,0.013647250186146792,0,6,0.3,61.927428663810275,0.33333333333333326,20.0,82.26076199714362,False,True,True,11250.0,TARGET_HIT,1490
2024-10-23 09:45:00+05:30,2024,10,23,9,45,2,SELL,24501.5,24551.5,24351.5,3.0,trend_bounce_sell,STRONG_DOWNTREND,24501.5,0.2524335244780947,37.4818318378442,69.47211040512049,-79.69522020174918,-24.153681457498188,0.2843867748644742,0.012731748123367956,-0.42408614211660867,-0.7895855688052955,0.003357250591329297,-0.26126597071981505,-0.6280649673798266,0,1,5.147516237203279,0,1.734723475976807e-18,1,0,0.3,75.0,0.33333333333333326,20.0,95.33333333333333,False,True,False,-3750.0,STOP_HIT,1491
2024-10-23 10:00:00+05:30,2024,10,23,10,0,2,SELL,24516.3,24566.3,24366.3,3.0,trend_bounce_sell,STRONG_DOWNTREND,24516.3,0.2602058921731962,39.42972254243828,68.67052885276745,-79.40496734973567,-21.47708574493621,0.3497234465437413,0.01253056974474527,-0.47193652301528166,-0.5187843768196587,0.05100449036816723,-0.18277823996079023,-0.5458854096779042,0,1,5.147516237203279,1,0.013463510292797225,1,0,0.3,75.0,0.33333333333333326,20.0,95.33333333333333,False,True,False,-3750.0,STOP_HIT,1492
2024-10-29 11:30:00+05:30,2024,10,29,11,30,1,SELL,24239.7,24289.7,24089.7,3.0,trend_bounce_sell,STRONG_DOWNTREND,24239.7,0.2344294690115789,30.247807781410714,61.060651164353715,-23.269922131632484,-17.321522225751917,0.33446276770578326,0.015494461659583039,-0.525285521407437,-0.7446292311503511,0.04494484045891589,-0.14138758968366139,-0.2564611998677746,0,1,7.701611020078869,0,3.469446951953614e-18,0,2,0.1,70.0,0.33333333333333326,20.0,90.33333333333333,False,True,False,-3750.0,STOP_HIT,1493
2024-10-30 09:30:00+05:30,2024,10,30,9,30,2,BUY,24401.05,24351.05,24551.05,3.0,trend_pullback_buy,STRONG_UPTREND,24401.05,0.20442621467987138,64.97966377189346,35.17061171162185,22.780525366084476,18.993422977795316,0.6526799903805215,0.013861434532399061,0.41481054721659305,0.8635032438208068,-0.02970574404984605,0.12565546201495081,0.24909934799959288,1,0,8.978658411516664,0,3.469446951953614e-18,0,3,0.1,66.10236702697311,0.33333333333333326,20.0,86.43570036030644,False,True,True,2625.0,STOP_HIT,1494
2024-10-30 09:45:00+05:30,2024,10,30,9,45,2,BUY,24403.2,24353.2,24553.2,3.0,trend_pullback_buy,STRONG_UPTREND,24403.2,0.20884263422127308,63.18492228708651,35.11426377400652,23.55662757566097,17.792572668634627,0.6410623714815497,0.01252288751264119,0.3359167814485087,0.8805218642260026,-0.016718510908508843,0.1222374469820986,0.24779233265341816,1,0,8.978658411516664,1,0.014030197414705833,0,3,0.1,66.0685582644039,0.33333333333333326,20.0,86.40189159773723,False,True,True,2625.0,STOP_HIT,1495
2024-10-31 10:45:00+05:30,2024,10,31,10,45,3,SELL,24255.8,24305.8,24105.8,3.0,trend_bounce_sell,STRONG_DOWNTREND,24255.8,0.1544991301049682,30.574112712662654,45.557458931088455,-15.672185671410261,-21.146419106592788,0.17625750294227177,0.010470103459248625,-0.4093531235244585,-0.7500276196750311,-0.11906597777882055,-0.281159612766102,-0.3732854637862659,0,1,7.190792063503751,0,3.469446951953614e-18,2,0,0.3,67.33447535865307,0.33333333333333326,20.0,87.6678086919864,False,True,True,2625.0,STOP_HIT,1496
2024-10-31 11:00:00+05:30,2024,10,31,11,0,3,SELL,24253.15,24303.15,24103.15,3.0,trend_bounce_sell,STRONG_DOWNTREND,24253.15,0.14487072518709904,35.428015612151356,49.44140697660884,-18.21613775590231,-21.32133407197635,0.18934567307143108,0.009956705432346316,-0.3330703290019832,-0.8095750293442672,-0.10400959120927533,-0.2655742541066708,-0.36916003287104093,0,1,7.190792063503751,1,0.013759921238759003,2,0,0.3,69.66484418596531,0.33333333333333326,20.0,89.99817751929864,False,True,True,2625.0,STOP_HIT,1497
2024-11-11 15:30:00+05:30,2024,11,11,15,30,0,SELL,24122.1,24172.1,23972.1,3.0,trend_bounce_sell,STRONG_DOWNTREND,24122.1,0.18988218865095366,31.117048926282166,34.75651739853994,-10.482951642869011,-6.06219614491754,0.18351290963282396,0.011451493513607278,-0.4149017859354509,-0.4841281464719738,-0.13453475458942155,-0.22576548634276605,-0.2772541730479028,0,1,5.402925715490838,0,3.469446951953614e-18,4,0,0.5,60.853910439123965,0.33333333333333326,20.0,81.1872437724573,False,True,False,-3750.0,STOP_HIT,1498
2024-11-13 14:15:00+05:30,2024,11,13,14,15,2,SELL,23598.95,23648.95,23448.95,3.0,trend_bounce_sell,STRONG_DOWNTREND,23598.95,0.185268533436567,31.11682730561772,50.12626123960428,-124.11439084551967,-13.165052022726812,-0.07519763119968408,0.007058821614760017,-0.4876742597387129,-0.8464143459773865,-0.27636598049308736,-0.5158610340386671,-1.0777537874709697,0,1,6.6799731069286326,0,3.469446951953614e-18,0,1,0.5,70.0,0.33333333333333326,20.0,90.33333333333333,False,True,True,2625.0,STOP_HIT,1499
2024-11-14 09:30:00+05:30,2024,11,14,9,30,3,SELL,23575.05,23625.05,23425.05,3.0,trend_bounce_sell,STRONG_DOWNTREND,23575.05,0.23931171786637806,35.82765134126902,42.479984373402154,-127.79105822219208,-7.522075152685858,0.2113673726452436,0.009538622801676958,-0.4688403747345471,-0.5704271983062226,-0.0921265904844204,-0.32106852062872004,-0.8935432355121065,0,1,5.7860399329221766,0,3.469446951953614e-18,1,0,0.6,70.48799062404129,0.33333333333333326,20.0,90.82132395737462,False,True,True,2625.0,STOP_HIT,1500
2024-11-14 09:45:00+05:30,2024,11,14,9,45,3,SELL,23596.65,23646.65,23446.65,3.0,trend_bounce_sell,STRONG_DOWNTREND,23596.65,0.24311865092230253,41.54808995175075,42.14267480551461,-126.0398604589027,-5.1937896504568215,0.3270050163873812,0.009265889022376355,-0.4304042635340011,-0.4724014231092921,-0.0004709700363925151,-0.20889854205873304,-0.7715025164074074,0,1,5.7860399329221766,1,0.013554757602042965,1,0,0.6,75.28560488330876,0.33333333333333326,20.0,95.61893821664209,False,True,True,11250.0,TARGET_HIT,1501
2024-11-18 11:15:00+05:30,2024,11,18,11,15,0,SELL,23426.35,23476.35,23276.35,3.0,trend_bounce_sell,STRONG_DOWNTREND,23426.35,0.2413491035278038,35.95139624258357,47.404271378846474,-57.50476502633683,-8.054890774318856,0.29220850352770245,0.013541349540694698,-0.5655868520688001,-0.5655868520688001,-0.004750668884467846,-0.19605869643070095,-0.4548352194909788,0,1,1.0609645846023343,0,3.469446951953614e-18,3,0,0.7,73.44256282730788,0.33333333333333326,20.0,93.77589616064121,False,True,False,-3750.0,STOP_HIT,1502
2024-11-18 11:30:00+05:30,2024,11,18,11,30,0,SELL,23432.8,23482.8,23282.8,3.0,trend_bounce_sell,STRONG_DOWNTREND,23432.8,0.2454739876217461,36.81079356124206,51.2299739510514,-57.348855784384796,-7.109083379130141,0.33117676241826605,0.013445778630654825,-0.538209477240692,-0.538209477240692,0.018224066888117285,-0.15327765321282438,-0.41073434109545337,0,1,1.0609645846023343,1,0.012907417037937399,3,0,0.7,75.0,0.33333333333333326,20.0,95.33333333333333,False,True,False,-3750.0,STOP_HIT,1503
2024-11-28 14:00:00+05:30,2024,11,28,14,0,3,SELL,23958.9,24008.9,23808.9,3.0,trend_bounce_sell,STRONG_DOWNTREND,23958.9,0.26393413005486266,30.61450355752089,46.76277407179145,-40.25442853304412,-39.35828720779631,0.19252276928550954,0.020173226381461653,-0.4319937164550258,-1.3117164764687939,-0.2594071164431444,-0.5379639723288476,-0.7664898262599529,0,1,3.615059367477925,0,3.469446951953614e-18,0,2,0.7,68.05766444307487,0.33333333333333326,20.0,88.3909977764082,False,True,False,-3750.0,STOP_HIT,1504
2024-11-28 14:30:00+05:30,2024,11,28,14,30,3,SELL,23923.45,23973.45,23773.45,3.0,trend_bounce_sell,STRONG_DOWNTREND,23923.45,0.28367265471445524,32.11907150875234,45.14016927338811,-49.117047360981815,-39.52458464789588,0.1717746989328741,0.01926854345683724,-0.6490931176611037,-1.4469797772989956,-0.2945394298774384,-0.5841934185532138,-0.8515241370528503,0,1,3.615059367477925,1,0.013249449375153695,0,2,0.7,67.08410156403286,0.33333333333333326,20.0,87.41743489736619,False,True,False,-3750.0,STOP_HIT,1505
2024-12-02 13:45:00+05:30,2024,12,2,13,45,0,BUY,24226.35,24176.35,24376.35,3.0,trend_pullback_buy,STRONG_UPTREND,24226.35,0.15793016399793558,60.28048094905589,31.135768066215253,17.110930598977575,10.459996855423602,1.0207728285687063,0.006425972683258558,0.32715805253993313,0.4257233047237685,0.2137592312365877,0.3014228952854081,0.38970459308602656,1,0,6.169154150353515,0,3.469446951953614e-18,0,4,0.5,63.681460839729155,0.33333333333333326,20.0,84.01479417306248,False,True,True,11250.0,TARGET_HIT,1506
2024-12-02 14:45:00+05:30,2024,12,2,14,45,0,BUY,24262.3,24212.3,24412.3,3.0,trend_pullback_buy,STRONG_UPTREND,24262.3,0.15801999692644741,68.23704416353519,44.636077535006244,30.736061250499915,17.3153844765653,0.8944004180818673,0.008815618634059474,0.3133979699418976,0.5228682347189428,0.13229319372594084,0.2996808645031379,0.4554530207591778,1,0,6.169154150353515,1,0.013610102092483768,0,4,0.5,66.78164652100375,0.33333333333333326,20.0,87.11497985433708,False,True,True,11250.0,TARGET_HIT,1507
2024-12-05 11:45:00+05:30,2024,12,5,11,45,3,SELL,24366.0,24416.0,24216.0,3.0,trend_bounce_sell,STRONG_DOWNTREND,24366.0,0.21624101499748044,40.09055490165836,31.002550881515017,6.912490721431823,-27.745646264453377,0.20968090075147092,0.010084311052135291,-0.6029256989940279,-0.4780858594006898,-0.07344550323326038,-0.2197141668387248,-0.22737869675140132,0,1,0.0,0,3.469446951953614e-18,2,0,0.5,68.60153052890901,0.33333333333333326,20.0,88.93486386224234,False,True,False,-3750.0,STOP_HIT,1508
2024-12-05 13:15:00+05:30,2024,12,5,13,15,3,BUY,24580.45,24530.45,24730.45,3.0,trend_pullback_buy,STRONG_UPTREND,24580.45,0.2735332928636965,64.7613726988611,32.26834878251912,36.739986288645014,5.375983373342422,0.7791311249282791,0.016169019280777425,1.0146484997051397,0.5824920922657739,0.151184902525614,0.33549059484156984,0.4939214733067576,1,0,1.2582599324141468,1,3.469446951953614e-18,0,1,0.5,69.43425176803717,0.33333333333333326,20.0,89.7675851013705,False,True,True,11250.0,TARGET_HIT,1509
2024-12-05 15:00:00+05:30,2024,12,5,15,0,3,BUY,24751.0,24701.0,24901.0,3.0,trend_pullback_buy,STRONG_UPTREND,24751.0,0.45389219483195675,67.54516379965806,37.066749831547206,71.20407143621924,24.219294569416718,0.7997686943760828,0.0261831484504615,0.6299792039778707,1.438108860209586,0.30909061718042974,0.6077359517681069,0.9388038305111701,1,0,0.0,2,3.469446951953614e-18,1,0,0.5,57.240049898928326,0.33333333333333326,20.0,77.57338323226166,False,True,False,-3750.0,STOP_HIT,1510
2024-12-06 09:30:00+05:30,2024,12,6,9,30,4,BUY,24725.7,24675.7,24875.7,3.0,trend_pullback_buy,STRONG_UPTREND,24725.7,0.39806759768176764,56.87243082809108,31.74393519626464,77.84628454972699,20.99814492690122,0.6836068867933366,0.022540972269681832,0.30567517296915536,1.467700534101013,0.12005303443090032,0.36515831100174534,0.7213113131736115,1,0,0.0,0,0.012273728508080532,1,0,0.5,64.04636111775878,0.33333333333333326,20.0,84.3796944510921,False,True,False,-3750.0,STOP_HIT,1511
2024-12-17 14:45:00+05:30,2024,12,17,14,45,1,SELL,24331.3,24381.3,24181.3,3.0,trend_bounce_sell,STRONG_DOWNTREND,24331.3,0.19827488520077946,37.77547389914388,55.15244321962792,-71.37648097237616,-26.817645130761484,0.20691020555175807,0.009277765876887908,-0.39504171476759664,-0.7916266572071118,-0.0934773640294706,-0.3280199755418045,-0.6678570255183369,0,1,2.4547457016161056,0,3.469446951953614e-18,0,2,0.3,75.0,0.33333333333333326,20.0,95.33333333333333,False,True,False,-3750.0,STOP_HIT,1512
2024-12-17 15:15:00+05:30,2024,12,17,15,15,1,SELL,24319.35,24369.35,24169.35,3.0,trend_bounce_sell,STRONG_DOWNTREND,24319.35,0.1905302332739746,40.606159893240154,49.55998499287115,-73.85436010974809,-23.853083046564976,0.19197905497049275,0.00840278754854897,-0.4714635628648822,-0.48429271167090837,-0.10115826886958335,-0.31683389303608367,-0.664203152664411,0,1,2.4547457016161056,1,0.012582599324141472,0,2,0.3,79.73599099572269,0.33333333333333326,20.0,100.06932432905602,False,True,True,2625.0,STOP_HIT,1513
2024-12-18 09:45:00+05:30,2024,12,18,9,45,2,SELL,24267.55,24317.55,24117.55,3.0,trend_bounce_sell,STRONG_DOWNTREND,24267.55,0.21864883058122656,31.078532721627255,46.32659778541607,-76.47384606729611,-17.719443841646182,-0.01120012717171941,0.007015335457017832,-0.4367358660868126,-0.6220451320566256,-0.24391278842941233,-0.4257336101061049,-0.7771095286109198,0,1,3.682118552424159,0,0.012582599324141472,0,3,0.3,67.79595867124964,0.33333333333333326,20.0,88.12929200458296,False,True,True,2625.0,STOP_HIT,1514
2024-12-18 10:45:00+05:30,2024,12,18,10,45,2,SELL,24226.2,24276.2,24076.2,3.0,trend_bounce_sell,STRONG_DOWNTREND,24226.2,0.229356175191676,34.33316076653563,47.13041355195279,-83.33356093741168,-16.774003429218013,0.025212709695435723,0.008705388464759737,-0.4319539029973729,-0.825289219659564,-0.2404087640848096,-0.4455367508768515,-0.8250407946880478,0,1,2.8229575568585217,1,0.01274293861494546,1,0,0.4,68.27824813117168,0.33333333333333326,20.0,88.61158146450501,False,True,True,2625.0,STOP_HIT,1515
2024-12-18 11:30:00+05:30,2024,12,18,11,30,2,SELL,24231.45,24281.45,24081.45,3.0,trend_bounce_sell,STRONG_DOWNTREND,24231.45,0.2300876399413629,38.99110836063255,43.579284875038645,-87.06091105753876,-15.141917966772425,0.15663907600236035,0.008362804374846421,-0.36144058126552636,-0.5709748631547718,-0.114162800475337,-0.31935691898983265,-0.713425308769966,0,1,1.9637965612928847,2,0.012630275834193985,2,0,0.5,71.14757092502319,0.33333333333333326,20.0,91.48090425835652,False,True,True,2625.0,STOP_HIT,1516
2024-12-18 13:00:00+05:30,2024,12,18,13,0,2,SELL,24221.4,24271.4,24071.4,3.0,trend_bounce_sell,STRONG_DOWNTREND,24221.4,0.22304656213100876,32.5728743740022,39.350475412634864,-90.80099419239923,-10.459472336491132,0.3240507852740114,0.009265718771999184,-0.3279686927752157,-0.4539317807729204,0.008624763462838914,-0.176970557502365,-0.5820918227114058,0,1,0.2454745701616106,3,0.0,4,0,0.6,63.61028524758092,0.33333333333333326,20.0,83.94361858091426,False,True,True,11250.0,TARGET_HIT,1517
2024-12-19 11:30:00+05:30,2024,12,19,11,30,3,SELL,23969.4,24019.4,23819.4,3.0,trend_bounce_sell,STRONG_DOWNTREND,23969.4,0.25946772611269864,32.47638892027116,55.39870258280639,-122.71247248122017,-18.50129494543802,0.2983137554638731,0.021219035523576346,-1.0130210161595987,-1.040402288885034,-0.0460692414098296,-0.36051460954755754,-0.9123900557607478,0,1,0.0,0,0.0,5,0,0.6,75.06510508079799,0.33333333333333326,20.0,95.39843841413132,False,True,False,-3750.0,STOP_HIT,1518
2024-12-31 10:45:00+05:30,2024,12,31,10,45,1,SELL,23571.75,23621.75,23421.75,3.0,trend_bounce_sell,STRONG_DOWNTREND,23571.75,0.2758901772551589,41.20549964915993,57.31378547490821,-65.61957637070736,-30.34616238080458,0.33581612474570194,0.016507042388973457,-0.5442865732097069,-0.9359325388903716,0.040532974950813205,-0.2359102894423648,-0.56533845747192,0,1,1.1865938448452797,0,0.0,0,1,0.6,80.0,0.33333333333333326,20.0,100.33333333333333,False,True,False,-3750.0,STOP_HIT,1519
2025-01-06 15:00:00+05:30,2025,1,6,15,0,0,SELL,23585.6,23635.6,23435.6,3.0,trend_bounce_sell,STRONG_DOWNTREND,23585.6,0.2910371461521327,40.76147655188184,50.42028953497411,-92.97703062919027,-43.54068572576239,0.2037477734763973,0.01728933940759825,-0.6524715149217597,-1.831788459857575,-0.2173348122726959,-0.5675706491904298,-1.036196103251552,0,1,0.0,0,0.0,0,0,0.5,80.0,0.33333333333333326,20.0,100.33333333333333,False,True,False,-3750.0,STOP_HIT,1520
2025-01-06 15:30:00+05:30,2025,1,6,15,30,0,SELL,23629.6,23679.6,23479.6,3.0,trend_bounce_sell,STRONG_DOWNTREND,23629.6,0.24423060181177253,40.956371889070226,49.9111349390961,-94.86549797900443,-36.86481983466794,0.331150053327888,0.011979292593896138,-0.3588491526352988,-1.0607986031876404,-0.019961122498612927,-0.3159739620203772,-0.7866091833400812,0,1,0.0,1,0.0375,0,0,0.5,79.94668096345767,0.33333333333333326,20.0,100.280014296791,False,True,,,,1521
2025-01-09 12:45:00+05:30,2025,1,9,12,45,3,SELL,23536.75,23586.75,23386.75,3.0,trend_bounce_sell,STRONG_DOWNTREND,23536.75,0.15321025326654886,31.01740007651661,39.669248039233715,-38.43276641772536,-1.57278942376675,0.18780918007852646,0.009586145016494905,-0.3954685106347,-0.5226031681628385,-0.10847563914200276,-0.21427693271345305,-0.3830067867190312,0,1,3.75,0,0.0,0,1,0.0,63.80154882354023,0.33333333333333326,20.0,84.13488215687356,False,True,True,11250.0,TARGET_HIT,1522
2025-01-09 13:00:00+05:30,2025,1,9,13,0,3,SELL,23545.5,23595.5,23395.5,3.0,trend_bounce_sell,STRONG_DOWNTREND,23545.5,0.14790511987428684,34.913869443904545,38.74759754683357,-38.90516655148167,-1.8406706017707535,0.24906445757969561,0.00919063962807731,-0.30612504128242346,-0.6307251123129687,-0.05708019235192152,-0.16109930002199402,-0.332450793615402,0,1,3.75,1,0.03896103896103896,0,1,0.0,58.24855852810014,0.33333333333333326,20.0,78.58189186143348,False,True,,,,1523
2025-01-10 15:30:00+05:30,2025,1,10,15,30,4,SELL,23437.35,23487.35,23287.35,3.0,trend_bounce_sell,STRONG_DOWNTREND,23437.35,0.17228300737315175,31.474514254810614,30.827670036515567,-41.67539737875268,-2.173449152598927,0.24892402527155208,0.008325590422013973,-0.34186943904073175,-0.003626558353464482,-0.035167258162438486,-0.14234998881451633,-0.32788006199162556,0,1,0.0,0,0.0,1,0,0.5,58.49660202190934,0.33333333333333326,20.0,78.82993535524267,False,True,True,11250.0,TARGET_HIT,1524
2025-01-16 09:45:00+05:30,2025,1,16,9,45,3,BUY,23310.85,23260.85,23460.85,3.0,trend_pullback_buy,STRONG_UPTREND,23310.85,0.19140381900641654,58.71629160998725,32.668088279332395,2.5794867017611978,15.830655334127862,0.9064813569283078,0.008719577977750852,0.5657967963347055,0.27336507895541207,0.18726134301607633,0.30722017521020994,0.3436493838070209,1,0,0.0,0,0.0,2,0,0.6666666666666666,69.60085296759944,0.33333333333333326,20.0,89.93418630093277,False,True,False,-3750.0,STOP_HIT,1525
2025-01-16 10:00:00+05:30,2025,1,16,10,0,3,BUY,23308.0,23258.0,23458.0,3.0,trend_pullback_buy,STRONG_UPTREND,23308.0,0.18925139130647944,65.53486519794971,34.200825170810006,5.388972988726891,16.7761274589842,0.8513767346504677,0.009237878882280939,0.5456937644242155,0.35024422376881414,0.13996091574741687,0.2680704352135299,0.31834458742445726,1,0,0.0,1,0.031578947368421054,2,0,0.6666666666666666,60.520495102486,0.33333333333333326,20.0,80.85382843581934,False,True,,,,1526
2025-01-16 10:45:00+05:30,2025,1,16,10,45,3,BUY,23289.75,23241.77981504083,23433.660554877508,3.0,trend_pullback_buy,STRONG_UPTREND,23289.75,0.1767791778418764,69.55714455303908,38.71220739598794,11.333103927645425,16.954702069600504,0.6939017954659883,0.010216323523091842,0.3472768283198535,0.2878624116712247,0.007004283610934081,0.12902768543912035,0.2063963489066678,1,0,0.0,1,0.031578947368421054,2,0,0.6666666666666666,63.22732443759276,0.33333333333333326,20.0,83.5606577709261,False,True,,,,1527
2025-01-16 11:00:00+05:30,2025,1,16,11,0,3,BUY,23289.55,23243.653155627468,23427.240533117594,3.0,trend_pullback_buy,STRONG_UPTREND,23289.55,0.17273228305644042,69.31153874475658,38.524107412068226,12.335254959063604,16.161167790916814,0.682364042918899,0.010364645730310781,0.3230732450122842,0.16407614165168116,0.00491632084429483,0.11650263514026982,0.19745968529658597,1,0,0.0,1,0.031578947368421054,2,0,0.6666666666666666,63.114464447240934,0.33333333333333326,20.0,83.44779778057426,False,True,,,,1528
2025-01-21 11:30:00+05:30,2025,1,21,11,30,1,SELL,23197.35,23247.35,23047.35,3.0,trend_bounce_sell,STRONG_DOWNTREND,23197.35,0.23942082054323194,34.74475823463435,31.997616569240183,-6.35316193764811,-20.044909865068043,0.23528535726774244,0.01485865564704791,-0.5986189342697568,-0.6950003638745428,-0.06153619346470629,-0.25536766174328873,-0.30696000851184735,0,1,3.1578947368421053,0,0.0,0,1,0.5,59.19856994154411,0.33333333333333326,20.0,79.53190327487744,False,True,False,-3750.0,STOP_HIT,1529
2025-01-22 12:15:00+05:30,2025,1,22,12,15,2,SELL,23013.4,23063.4,22863.4,3.0,trend_bounce_sell,STRONG_DOWNTREND,23013.4,0.1960038188930977,39.8304397916615,33.69483944245106,-56.95838337971145,-14.207085283864316,0.19779932373850903,0.00844537203266782,-0.38890632270350833,-0.8763032022001127,-0.17099821381203473,-0.3330558600216693,-0.610708816296468,0,1,6.315789473684211,0,0.0,0,2,0.4,65.21690366547064,0.33333333333333326,20.0,85.55023699880397,False,True,False,-3750.0,STOP_HIT,1530
2025-01-22 12:30:00+05:30,2025,1,22,12,30,2,SELL,23026.05,23076.05,22876.05,3.0,trend_bounce_sell,STRONG_DOWNTREND,23026.05,0.20225539582963475,43.49681649545711,30.57093597624954,-57.882343401281105,-13.617940774890577,0.2638215763949038,0.006920126036596014,-0.306535306762612,-0.7363068692516461,-0.0929209670625264,-0.25303761083915743,-0.5343861456060583,0,1,6.315789473684211,1,0.033707865168539325,0,2,0.4,68.34256158574972,0.33333333333333326,20.0,88.67589491908305,False,True,,,,1531
2025-01-22 12:45:00+05:30,2025,1,22,12,45,2,SELL,23017.95,23067.95,22867.95,3.0,trend_bounce_sell,STRONG_DOWNTREND,23017.95,0.18664005389582963,32.63472635714838,33.33627502574035,-58.86181116004809,-13.137667680291806,0.21038981044280147,0.005753026821221086,-0.37783620605705837,-0.6371530138503001,-0.10247891101369255,-0.262001487996133,-0.5471694258292747,0,1,6.315789473684211,1,0.033707865168539325,0,2,0.4,60.00176501544421,0.33333333333333326,20.0,80.33509834877754,False,True,,,,1532
2025-01-23 11:45:00+05:30,2025,1,23,11,45,3,BUY,23217.6,23167.6,23367.6,3.0,trend_pullback_buy,STRONG_UPTREND,23217.6,0.1498093810606734,61.89662037911423,37.84571703869399,7.480248781706905,25.631089993086817,0.685833298893965,0.012663553936988165,0.47799057867368155,0.922830825940113,0.03191730288794048,0.18899035078707715,0.25705301667326985,1,0,9.473684210526317,0,0.0,0,3,0.3333333333333333,62.70743022321639,0.33333333333333326,20.0,83.04076355654973,False,True,False,-3750.0,STOP_HIT,1533
2025-01-27 12:30:00+05:30,2025,1,27,12,30,0,SELL,22866.3,22916.3,22716.3,3.0,trend_bounce_sell,STRONG_DOWNTREND,22866.3,0.28443292405980175,30.822488827382998,64.33079950618885,-81.73249821288482,-31.742255775979565,0.2576928115657144,0.017147052935967202,-0.45449202679936906,-1.1924078255139414,-0.15565912022719175,-0.4383406051082783,-0.8519173925224499,0,1,12.631578947368421,0,0.0,0,4,0.2857142857142857,70.0,0.33333333333333326,20.0,90.33333333333333,False,True,True,2625.0,STOP_HIT,1534
2025-01-27 14:15:00+05:30,2025,1,27,14,15,0,SELL,22834.05,22884.05,22684.05,3.0,trend_bounce_sell,STRONG_DOWNTREND,22834.05,0.204300157002371,48.32151544006012,38.80234642980177,-89.29236955166925,-20.036955612587064,0.22858044937940897,0.008170086354864955,-0.316285770414515,-0.5771424590492291,-0.11564352015971391,-0.3372680657867777,-0.7724203431946464,0,1,12.631578947368421,1,0.03614457831325301,0,4,0.2857142857142857,73.28140785788106,0.33333333333333326,20.0,93.61474119121439,False,True,,,,1535
2025-01-27 14:30:00+05:30,2025,1,27,14,30,0,SELL,22806.85,22856.85,22656.85,3.0,trend_bounce_sell,STRONG_DOWNTREND,22806.85,0.20626635042917826,42.44711273167068,34.72806947733396,-90.8704202635854,-19.4535056920529,0.09411736670095966,0.007387388462620541,-0.3264638977691692,-0.813907975993744,-0.18778901159011152,-0.414705236112034,-0.8559932515736279,0,1,12.631578947368421,1,0.03614457831325301,0,4,0.2857142857142857,70.83684168640038,0.33333333333333326,20.0,91.1701750197337,False,True,,,,1536
2025-01-27 14:45:00+05:30,2025,1,27,14,45,0,SELL,22825.55,22875.55,22675.55,3.0,trend_bounce_sell,STRONG_DOWNTREND,22825.55,0.20794366713742038,40.69108419733254,33.513300894151996,-91.26837297541715,-17.86631256349618,0.21595535964241755,0.006589814598544282,-0.482642105836828,-0.6169654616900222,-0.08477802466865247,-0.3028665685474552,-0.7445479142944689,0,1,12.631578947368421,1,0.03614457831325301,0,4,0.2857142857142857,70.1079805364912,0.33333333333333326,20.0,90.44131386982453,False,True,,,,1537
2025-01-31 09:30:00+05:30,2025,1,31,9,30,4,BUY,23349.45,23299.45,23499.45,3.0,trend_pullback_buy,STRONG_UPTREND,23349.45,0.20032591774110375,62.55447395934045,35.157468472229205,50.106193772480765,0.8699088538292941,0.9941955903462393,0.008828382949085532,0.5380094296970839,0.26257820450612535,0.31050237584553386,0.4362363782587808,0.6649675018023826,1,0,10.421052631578947,0,0.0,1,0,0.375,59.79356962163046,0.33333333333333326,20.0,80.1269029549638,False,True,True,11250.0,TARGET_HIT,1538
2025-01-31 10:00:00+05:30,2025,1,31,10,0,4,BUY,23340.2,23290.2,23490.2,3.0,trend_pullback_buy,STRONG_UPTREND,23340.2,0.22643336389576824,60.49326890015684,37.447171939041674,55.69513968843239,5.367332542900321,0.8215131809464048,0.010863095016975412,0.7450059565945688,0.4101983880300475,0.13921872348716668,0.3098498368526936,0.5686962502703397,1,0,10.421052631578947,1,0.03525264394829612,1,0,0.375,67.468303163425,0.33333333333333326,20.0,87.80163649675833,False,True,,,,1539
2025-01-31 13:45:00+05:30,2025,1,31,13,45,4,BUY,23481.8,23431.8,23631.8,3.0,trend_pullback_buy,STRONG_UPTREND,23481.8,0.1351198435749015,68.06668523329625,54.58745443441486,88.24807165953825,15.11439477418169,0.7444646251977333,0.010541029014005958,0.3347797012833498,0.7891252234638602,0.03955925756977674,0.2796756813794765,0.6964278032279836,1,0,0.9473684210526316,1,0.0,2,0,0.4444444444444444,65.0,0.33333333333333326,20.0,85.33333333333333,False,True,True,2625.0,STOP_HIT,1540
2025-02-04 10:30:00+05:30,2025,2,4,10,30,1,BUY,23459.2,23409.2,23609.2,3.0,trend_pullback_buy,STRONG_UPTREND,23459.2,0.2217527817292502,62.775514759221025,36.55474751828262,38.53484005189239,13.623464971293682,0.6828794875428467,0.015813473308939917,0.45970661853345085,0.6839099822531169,-0.034523854834578316,0.171857326108249,0.3566907619019899,1,0,0.0,0,0.0,3,0,0.5,66.93284851096956,0.33333333333333326,20.0,87.26618184430289,False,True,True,11250.0,TARGET_HIT,1541
2025-02-04 10:45:00+05:30,2025,2,4,10,45,1,BUY,23466.55,23416.55,23616.55,3.0,trend_pullback_buy,STRONG_UPTREND,23466.55,0.21873079523223934,67.61595536647279,37.19991484295046,39.345245612632425,12.990483478830349,0.6824150563856207,0.015485175087729557,0.4774128079366058,0.7641077608787183,-0.002562960279017812,0.1847314701531877,0.3728558343432997,1,0,0.0,1,0.031185031185031187,3,0,0.5,62.319948905770275,0.33333333333333326,20.0,82.65328223910362,False,True,,,,1542
2025-02-04 11:00:00+05:30,2025,2,4,11,0,1,BUY,23506.5,23456.5,23656.5,3.0,trend_pullback_buy,STRONG_UPTREND,23506.5,0.22423888833179684,69.07636194963787,38.99102179804487,41.54695868767158,13.672976898482553,0.7671396222093078,0.015089992387506648,0.5974262739173675,1.0030915586912714,0.13409503133181566,0.3228850615169865,0.5222986879444891,1,0,0.0,1,0.031185031185031187,3,0,0.5,63.39461307882692,0.33333333333333326,20.0,83.72794641216026,False,True,,,,1543
2025-02-04 11:15:00+05:30,2025,2,4,11,15,1,BUY,23529.2,23479.2,23679.2,3.0,trend_pullback_buy,STRONG_UPTREND,23529.2,0.23334227865193352,69.67334142347482,41.11984353189799,44.29108267834454,14.775390800239958,0.8030467164753856,0.014744886110989865,0.7256086336725254,1.0658883512556505,0.18454966201735257,0.3814597988929913,0.5949384936283053,1,0,0.0,1,0.031185031185031187,3,0,0.5,64.6719061191388,0.33333333333333326,20.0,85.00523945247213,False,True,,,,1544
2025-02-04 13:00:00+05:30,2025,2,4,13,0,1,BUY,23640.05,23590.05,23790.05,3.0,trend_pullback_buy,STRONG_UPTREND,23640.05,0.21836429521692147,61.50285290258744,39.82244169716768,65.78550895337685,21.878076246884902,0.8795777807731225,0.014908519884241626,0.7709129041058471,1.2341634602826002,0.2794870390730564,0.542340665831964,0.8630266190761793,1,0,0.0,1,0.0,4,0,0.6,68.89346501830062,0.33333333333333326,20.0,89.22679835163395,False,True,True,11250.0,TARGET_HIT,1545
2025-02-05 10:00:00+05:30,2025,2,5,10,0,2,BUY,23746.4,23696.4,23896.4,3.0,trend_pullback_buy,STRONG_UPTREND,23746.4,0.21109966743831335,64.91350195231352,57.53997595339028,100.93322652691495,20.534028322815402,0.7458268497920848,0.012187564604786334,0.40081854927362937,0.8759483776688448,0.05553289400550554,0.3229051434152641,0.7994407076911347,1,0,0.0,0,0.0,5,0,0.6,75.0,0.33333333333333326,20.0,95.33333333333333,False,True,False,-3750.0,STOP_HIT,1546
2025-02-05 10:15:00+05:30,2025,2,5,10,15,2,BUY,23774.35,23724.35,23924.35,3.0,trend_pullback_buy,STRONG_UPTREND,23774.35,0.21447183924812302,66.64419863517374,59.04866028460255,102.14041001818623,19.567090632678017,0.8189096196565238,0.011580321438998287,0.5383335342040496,0.9687317513404459,0.13859221108636355,0.400736855659134,0.8817629708286701,1,0,0.0,1,0.02626970227670753,5,0,0.6,70.0,0.33333333333333326,20.0,90.33333333333333,False,True,,,,1547
2025-02-10 11:15:00+05:30,2025,2,10,11,15,0,SELL,23392.15,23442.15,23242.15,3.0,trend_bounce_sell,STRONG_DOWNTREND,23392.15,0.21980817130044608,41.53066543720223,29.323082216112102,-53.4022369573795,-19.71054633506494,0.22209688499467112,0.012300233117983155,-0.7257094234005224,-0.7012673327008168,-0.11255401920526875,-0.3220802635211184,-0.5867292604429863,0,1,2.626970227670753,0,0.0,0,1,0.5,67.59384932966726,0.33333333333333326,20.0,87.9271826630006,False,True,True,2625.0,STOP_HIT,1548
2025-02-10 11:30:00+05:30,2025,2,10,11,30,0,SELL,23388.6,23438.6,23238.6,3.0,trend_bounce_sell,STRONG_DOWNTREND,23388.6,0.21413057154828943,42.039979699778726,29.077837895358275,-55.07962555121412,-19.24914143600961,0.23746273363334164,0.012309494661856421,-0.7407753207869239,-0.6756498511532039,-0.10219647902964812,-0.3066461992431546,-0.5783521070497177,0,1,2.626970227670753,1,0.02697841726618705,0,1,0.5,67.44670273721496,0.33333333333333326,20.0,87.78003607054829,False,True,,,,1549
2025-02-12 10:45:00+05:30,2025,2,12,10,45,2,SELL,22923.05,22973.05,22773.05,3.0,trend_bounce_sell,STRONG_DOWNTREND,22923.05,0.2795533005300001,36.1183575758891,64.36849860259768,-136.02332525224483,-25.922805683688793,0.3019813235940264,0.01900102186138138,-0.5755614109278606,-1.3901196754738443,-0.0012438841169526427,-0.39235987748693635,-1.038497974314323,0,1,0.7880910683012259,0,0.0,1,0,0.6,75.0,0.33333333333333326,20.0,95.33333333333333,False,True,False,-3750.0,STOP_HIT,1550
2025-02-12 11:00:00+05:30,2025,2,12,11,0,2,SELL,22925.55,22975.55,22775.55,3.0,trend_bounce_sell,STRONG_DOWNTREND,22925.55,0.28115854519146627,35.123948563838994,60.24160882591512,-135.51945232679282,-22.877039482413082,0.3228994510357108,0.01683032011716646,-0.6407811592569868,-1.3373471680086735,0.007729477276630092,-0.34693542734284266,-0.9878011216680971,0,1,0.7880910683012259,1,0.0264783759929391,1,0,0.6,75.0,0.33333333333333326,20.0,95.33333333333333,False,True,,,,1551
2025-02-12 11:15:00+05:30,2025,2,12,11,15,2,SELL,22928.2,22978.2,22778.2,3.0,trend_bounce_sell,STRONG_DOWNTREND,22928.2,0.27707613955116844,38.609218576723514,56.20124035877883,-134.57977197046785,-19.74362321347928,0.34684285128584974,0.015072842839606719,-0.6168050107279832,-1.1071861427049523,0.015431025768464224,-0.30501698384097775,-0.938426980541629,0,1,0.7880910683012259,1,0.0264783759929391,1,0,0.6,75.0,0.33333333333333326,20.0,95.33333333333333,False,True,,,,1552
2025-02-19 09:45:00+05:30,2025,2,19,9,45,2,BUY,22989.1,22939.1,23139.1,3.0,trend_pullback_buy,STRONG_UPTREND,22989.1,0.19109988149663454,69.14866153723077,30.480131367575925,2.144428152754699,11.180842110156455,1.02171393214646,0.007099467032654315,0.3216177766916406,0.658090617720708,0.2734548134876391,0.33851258821888663,0.3665276326592304,1,0,3.4150612959719786,0,0.0,0,1,0.6,58.28807882054555,0.33333333333333326,20.0,78.62141215387888,False,True,False,-3750.0,STOP_HIT,1553
2025-02-19 10:15:00+05:30,2025,2,19,10,15,2,BUY,23034.3,22984.3,23184.3,3.0,trend_pullback_buy,STRONG_UPTREND,23034.3,0.20315975988603377,69.20834757458064,33.450676031786614,9.73635086021386,15.619333638292865,1.093394577105827,0.008398858186783013,0.3782547118422519,0.8635071878653644,0.33472241513294865,0.46002389491248685,0.5283299413376019,1,0,3.4150612959719786,1,0.027198549410698096,0,1,0.6,60.07040561907197,0.33333333333333326,20.0,80.4037389524053,False,True,,,,1554
2025-02-20 10:00:00+05:30,2025,2,20,10,0,3,SELL,22873.75,22918.96526669336,22738.104199919915,3.0,trend_bounce_sell,STRONG_DOWNTREND,22873.75,0.1949521051111334,40.84114468879438,36.95271622314002,-4.771397266278655,-9.229447084681304,0.20741580038884497,0.007376281803711088,-0.3357181449012647,-0.37478549464716737,-0.08230360048336882,-0.16593753712319526,-0.19728319392791072,0,1,6.0420315236427315,0,0.0,0,2,0.6,72.17162973388402,0.33333333333333326,20.0,92.50496306721735,False,True,True,10173.435006006366,TARGET_HIT,1555
2025-02-28 14:45:00+05:30,2025,2,28,14,45,4,SELL,22169.75,22219.75,22019.75,3.0,trend_bounce_sell,STRONG_DOWNTREND,22169.75,0.1797494333494958,33.70728750831803,48.95703789491189,-103.54575465066591,-20.788030592963125,0.3895809956685383,0.010904117186341187,-0.35283673996830967,-0.2950257135597045,0.039747814226909206,-0.21363450957370134,-0.7282523242126859,0,1,0.0,0,0.0,1,0,0.7,69.37422273694713,0.33333333333333326,20.0,89.70755607028046,False,True,True,11250.0,TARGET_HIT,1556
2025-03-06 14:30:00+05:30,2025,3,6,14,30,3,BUY,22539.0,22489.0,22689.0,3.0,trend_pullback_buy,STRONG_UPTREND,22539.0,0.1917628491566982,65.84397168369975,51.61362908926685,72.4305104252162,12.469773797014767,0.9304640967967518,0.011811419989579654,0.5646415273653727,1.0031301604515264,0.23886553096967855,0.4588237089948821,0.8188539091844804,1,0,0.0,0,0.0,2,0,0.7,70.0,0.33333333333333326,20.0,90.33333333333333,False,True,True,2625.0,STOP_HIT,1557
2025-03-07 11:30:00+05:30,2025,3,7,11,30,4,BUY,22599.1,22549.1,22749.1,3.0,trend_pullback_buy,STRONG_UPTREND,22599.1,0.2112916001079689,61.386563314934705,35.533354217775404,84.07466924143955,8.243522775444433,0.8012804547403322,0.008016462944687377,0.31026401292544303,0.5917791878002898,0.07942923529791202,0.272643475581158,0.678297963160901,1,0,0.0,0,0.0,3,0,0.7,66.32001253066524,0.33333333333333326,20.0,86.65334586399857,False,True,False,-3750.0,STOP_HIT,1558
2025-03-12 10:15:00+05:30,2025,3,12,10,15,2,SELL,22420.9,22470.9,22270.9,3.0,trend_bounce_sell,STRONG_DOWNTREND,22420.9,0.18506329872064683,41.22226010505838,34.47427631398425,-10.732968732281734,-0.39482226506563833,0.05198900900082949,0.005276299715688403,-0.35487705965355776,-0.09847168382123295,-0.187594093590282,-0.22258917018219693,-0.27616906075069725,0,1,2.3708153014806816,0,0.0,0,1,0.6,59.632788439046934,0.33333333333333326,20.0,79.96612177238026,False,True,True,2625.0,STOP_HIT,1559
2025-03-12 10:45:00+05:30,2025,3,12,10,45,2,SELL,22408.65,22458.65,22258.65,3.0,trend_bounce_sell,STRONG_DOWNTREND,22408.65,0.19863184210434093,33.930684093807216,31.547586623146493,-13.294384329339664,-2.58066604502036,0.0065678831949373745,0.005744424639198054,-0.4281270828704664,-0.20552398596290766,-0.18473472995741425,-0.2444099760043561,-0.31226695379913405,0,1,2.3708153014806816,1,0.02428387893232748,0,1,0.6,58.9285519738879,0.33333333333333326,20.0,79.26188530722123,False,True,,,,1560
2025-03-12 11:00:00+05:30,2025,3,12,11,0,2,SELL,22416.45,22466.45,22266.45,3.0,trend_bounce_sell,STRONG_DOWNTREND,22416.45,0.19770238883880897,34.588741672443305,28.87310578786936,-14.783554286314029,-3.662852401795252,0.11311860413571594,0.006157101775074978,-0.3691193137625226,-0.21122779214651777,-0.12002884274647796,-0.19066094748828588,-0.2667116858337204,0,1,2.3708153014806816,1,0.02428387893232748,0,1,0.6,57.32386347272161,0.33333333333333326,20.0,77.65719680605494,False,True,,,,1561
2025-03-13 13:30:00+05:30,2025,3,13,13,30,3,SELL,22442.75,22458.295721573955,22382.75,3.0,trend_bounce_sell,STRONG_DOWNTREND,22442.75,0.15311976346163172,30.87971891796606,36.463374790852036,-2.6636704842021572,-0.6245476035895661,0.3032505273016828,0.007065089802142234,-0.34147955230210414,-0.13793870626842564,-0.015527299015272167,-0.05737005930296357,-0.06922039751672271,0,1,0.7112445904442046,0,0.0,1,0,0.6,53.12350091040688,0.33333333333333326,20.0,73.45683424374022,False,True,True,816.1503826326225,STOP_HIT,1562
2025-03-13 15:15:00+05:30,2025,3,13,15,15,3,SELL,22383.3,22430.76214285714,22240.913571428577,3.0,trend_bounce_sell,STRONG_DOWNTREND,22383.3,0.11780147316462038,36.77235193268921,39.753072344228734,-12.547124308461207,-7.224860624693603,0.1310558967396663,0.006875374095383074,-0.33705864018879206,-0.6885995075093798,-0.11775456933854622,-0.2099889970385127,-0.2767846259320583,0,1,0.7112445904442046,1,0.007424009784001039,1,0,0.6,63.85184340653724,0.33333333333333326,20.0,84.18517673987057,False,True,False,-3559.6607142855646,STOP_HIT,1563
2025-03-17 10:30:00+05:30,2025,3,17,10,30,0,BUY,22472.45,22428.461714050463,22604.414857848613,3.0,trend_pullback_buy,STRONG_UPTREND,22472.45,0.17203604540543888,67.78338361565125,31.63556630003968,8.629523190440523,16.99588084470161,0.6834849258812357,0.011770028800674574,0.3982880093641228,0.3982880093641228,-0.01439391963761194,0.13348467573632838,0.19612707509932825,1,0,2.445739596858374,0,0.0,0,1,0.6,58.98133978002381,0.33333333333333326,20.0,79.31467311335714,False,True,True,2309.3850123506854,STOP_HIT,1564
2025-03-17 11:00:00+05:30,2025,3,17,11,0,0,BUY,22477.55,22432.965350032748,22611.303949901754,3.0,trend_pullback_buy,STRONG_UPTREND,22477.55,0.17787589331196174,66.00410118613777,37.18776650712118,11.718690529130981,16.36149950698026,0.6608291156294077,0.011955003671818511,0.42107285342196654,0.42107285342196654,-0.008463215539178393,0.12193130244078088,0.1987461277257685,1,0,2.445739596858374,1,0.021380532430690734,0,1,0.6,62.31265990427271,0.33333333333333326,20.0,82.64599323760604,False,True,True,10031.546242631612,TARGET_HIT,1565
2025-03-18 14:45:00+05:30,2025,3,18,14,45,1,BUY,22804.55,22757.512142857144,22945.663571428566,3.0,trend_pullback_buy,STRONG_UPTREND,22804.55,0.11459179355498246,62.15658783477446,39.72353382775298,85.70981233323619,12.322829906943,0.9208012875662408,0.004187664340520993,0.32444964541502586,0.534091009284321,0.10862127349804407,0.29689114329953803,0.7141305716876545,1,0,0.0,0,0.0,2,0,0.7,63.83412029665179,0.33333333333333326,20.0,84.16745362998512,False,True,True,10583.517857142488,TARGET_HIT,1566
2025-03-18 15:00:00+05:30,2025,3,18,15,0,1,BUY,22842.95,22794.112142857142,22989.463571428576,3.0,trend_pullback_buy,STRONG_UPTREND,22842.95,0.11877687801769365,66.38366707446366,35.01629620290117,87.37923864136246,12.593030593562347,1.132083355721205,0.005116338897228685,0.6124498434189718,0.42909869489808905,0.2216304334674346,0.42325579659960866,0.8487706725202715,1,0,0.0,1,0.021169679054066023,2,0,0.7,56.0097777217407,0.33333333333333326,20.0,76.34311105507403,False,True,True,10988.517857143142,TARGET_HIT,1567
2025-03-20 13:00:00+05:30,2025,3,20,13,0,3,BUY,23143.35,23093.35,23293.35,3.0,trend_pullback_buy,STRONG_UPTREND,23143.35,0.13996615504176102,66.8413594227189,33.434638901978964,93.63152921452638,5.030047063092368,0.905902835770987,0.011783307204615161,0.46622778743659055,0.9137168720403821,0.2486930980645008,0.4635330915869762,0.8964445286752554,1,0,0.0,0,0.0,4,0,0.8,55.060783341187374,0.33333333333333326,20.0,75.39411667452072,False,True,True,2625.0,STOP_HIT,1568
2025-03-25 10:15:00+05:30,2025,3,25,10,15,1,BUY,23813.0,23763.0,23963.0,3.0,trend_pullback_buy,STRONG_UPTREND,23813.0,0.20614490284418258,67.50897400605876,28.29135097356689,135.6460379704331,4.156924337342247,0.9588833797547451,0.011105137279883253,0.5283299244127404,0.8113422814530091,0.24720202361061538,0.5261224320406432,1.133331867210674,1,0,0.0,0,0.0,5,0,0.8,56.97481058414013,0.33333333333333326,20.0,77.30814391747347,False,True,False,-3750.0,STOP_HIT,1569
2025-03-26 15:15:00+05:30,2025,3,26,15,15,2,SELL,23464.3,23514.3,23314.3,3.0,trend_bounce_sell,STRONG_DOWNTREND,23464.3,0.17491617965529352,30.039833554701787,45.83520661879535,-16.673305020700354,-31.814857234167796,0.05856496618626193,0.01101734759864361,-0.6389952234154284,-0.8388694490930937,-0.2356760001454572,-0.43402389721631796,-0.5561232596248078,0,1,1.96496708245373,0,0.0,0,1,0.7,67.50112397127721,0.33333333333333326,20.0,87.83445730461054,False,True,False,-3750.0,STOP_HIT,1570
2025-04-04 13:30:00+05:30,2025,4,4,13,30,4,SELL,22903.05,22953.05,22753.05,3.0,trend_bounce_sell,STRONG_DOWNTREND,22903.05,0.18544005523905535,42.051251034934666,61.82590566145165,-90.6717551134243,-23.166339753030286,0.22464577453672618,0.01583500473554763,-0.47798966238721263,-1.5051788905111385,-0.23229263510795573,-0.4980847034902869,-0.9370095937516365,0,1,3.92993416490746,0,0.0,0,2,0.7,80.0,0.33333333333333326,20.0,100.33333333333333,False,True,True,11250.0,TARGET_HIT,1571
2025-04-08 13:45:00+05:30,2025,4,8,13,45,1,BUY,22546.4,22496.4,22696.4,3.0,trend_pullback_buy,STRONG_UPTREND,22546.4,0.48012099492601806,57.37051715837454,36.76972537300038,-12.85236939184324,93.76985009143006,0.6190757478944787,0.023465296892831,0.8198792204104688,1.3868153610936407,-0.11404138775449324,0.3453892642574008,0.42332631223154227,1,0,0.0,0,0.0,1,0,0.7,67.06183522380023,0.33333333333333326,20.0,87.39516855713356,False,True,True,2625.0,STOP_HIT,1572
2025-04-28 11:15:00+05:30,2025,4,28,11,15,0,BUY,24252.9,24202.9,24402.9,3.0,trend_pullback_buy,STRONG_UPTREND,24252.9,0.25506522636762924,63.27788730329551,40.16729190905642,6.864517384135979,31.354600782134696,0.8018235391895481,0.016036382215642738,1.088920520264347,0.9425029498739912,0.15862938447679387,0.4007169834083557,0.46532418745581783,1,0,0.0,0,0.0,2,0,0.7,74.54497774675559,0.33333333333333326,20.0,94.87831108008892,False,True,True,2625.0,STOP_HIT,1573
2025-04-28 13:30:00+05:30,2025,4,28,13,30,0,BUY,24341.95,24291.95,24491.95,3.0,trend_pullback_buy,STRONG_UPTREND,24341.95,0.1484063519972722,61.45550766824754,55.99639479463841,45.426099093565426,34.802462824560045,0.7291710584603802,0.017353031135315857,0.4413038993191787,1.2015158223835254,0.1091848080167157,0.3641809028274823,0.6050525364239334,1,0,0.0,1,0.019014502024878973,2,0,0.7,70.0,0.33333333333333326,20.0,90.33333333333333,False,True,False,-3750.0,STOP_HIT,1574
2025-05-02 10:45:00+05:30,2025,5,2,10,45,4,BUY,24432.0,24382.0,24582.0,3.0,trend_pullback_buy,STRONG_UPTREND,24432.0,0.24267061932827907,69.12365536267367,40.879194989568774,37.07849949552474,31.774413132505096,0.6665125612893568,0.022360403772956762,0.7660978501830229,0.7660978501830229,-0.08097214417647214,0.21369079580471073,0.40986655468422395,1,0,1.8764740487679459,0,0.0,0,1,0.7,64.52751699374127,0.33333333333333326,20.0,84.8608503270746,False,True,False,-3750.0,STOP_HIT,1575
2025-05-02 11:00:00+05:30,2025,5,2,11,0,4,BUY,24422.9,24372.9,24572.9,3.0,trend_pullback_buy,STRONG_UPTREND,24422.9,0.2460366529539293,67.85225873034432,43.400508557189504,37.929605118577456,29.362966880002034,0.6343238870879105,0.022226100253744618,0.7285662731350229,0.7285662731350229,-0.09457293045130877,0.16030608836807847,0.3578088218492592,1,0,1.8764740487679459,1,0.0191235896853173,0,1,0.7,66.0403051343137,0.33333333333333326,20.0,86.37363846764703,False,True,False,-3750.0,STOP_HIT,1576
2025-05-05 10:45:00+05:30,2025,5,5,10,45,0,BUY,24471.1,24421.1,24621.1,3.0,trend_pullback_buy,STRONG_UPTREND,24471.1,0.2424580131548775,59.04531034215095,32.438622355404505,34.81273640699874,13.94831152332328,0.7729981323002169,0.012764798079704891,0.39858127221890083,0.9419310928009406,0.07344450081891996,0.24629066319996618,0.41263381038458835,1,0,5.629422146303837,0,0.0,0,3,0.5,69.4631734132427,0.33333333333333326,20.0,89.79650674657603,False,True,False,-3750.0,STOP_HIT,1577
2025-05-05 11:00:00+05:30,2025,5,5,11,0,0,BUY,24486.2,24436.2,24636.2,3.0,trend_pullback_buy,STRONG_UPTREND,24486.2,0.23866212688896526,60.830525598046584,33.085318091861936,36.854565495272254,14.391126550437114,0.7922552526366691,0.012613705553626757,0.4885676002322814,0.8355536520983531,0.10812697178492758,0.2800561631495446,0.4558974944735894,1,0,5.629422146303837,1,0.019884100441528142,0,3,0.5,64.85119085511717,0.33333333333333326,20.0,85.1845241884505,False,True,False,-3750.0,STOP_HIT,1578
2025-05-07 10:00:00+05:30,2025,5,7,10,0,2,SELL,24304.1,24354.1,24154.1,3.0,trend_bounce_sell,STRONG_DOWNTREND,24304.1,0.20657890173733226,38.90664479522718,36.81776547485847,-9.754158563082456,-9.000774605127422,-0.17370404237260256,0.004503730657706021,-0.34831204987484377,-0.2341843467980942,-0.24458692022070183,-0.3047139603214011,-0.3596516963488061,0,1,9.382370243839729,0,0.0,0,5,0.3,67.09065928491508,0.33333333333333326,20.0,87.4239926182484,False,True,False,-3750.0,STOP_HIT,1579
2025-05-08 15:00:00+05:30,2025,5,8,15,0,3,SELL,24309.15,24359.15,24159.15,3.0,trend_bounce_sell,STRONG_DOWNTREND,24309.15,0.13506084275732674,31.523999503348463,53.56839809191648,-13.796468079235638,-10.136898575816044,0.13459312448912944,0.006947519743220774,-0.3606978683985629,-0.3378219096367263,-0.08697991534685201,-0.1951195968574293,-0.26616905431805504,0,1,11.258844292607675,0,0.0,0,6,0.3,65.0,0.33333333333333326,20.0,85.33333333333333,False,True,True,11250.0,TARGET_HIT,1580
2025-05-09 11:30:00+05:30,2025,5,9,11,30,4,SELL,24057.55,24107.55,23907.55,3.0,trend_bounce_sell,STRONG_DOWNTREND,24057.55,0.36317675146234185,30.051827318845554,85.21161766929723,-87.34885324204515,-37.53363045511878,0.3015637921181087,0.023143144752273904,-0.3997250984304923,-1.3466770825003804,-0.044506461730453584,-0.3865612989089273,-0.8100692164313972,0,1,5.629422146303837,0,0.0,1,0,0.4,65.0,0.33333333333333326,20.0,85.33333333333333,False,True,True,2625.0,STOP_HIT,1581
2025-05-09 13:45:00+05:30,2025,5,9,13,45,4,SELL,23980.75,24030.75,23830.75,3.0,trend_bounce_sell,STRONG_DOWNTREND,23980.75,0.1992073999830219,40.83630076192557,50.02004917971406,-100.24170802521985,-22.404427487854193,0.2000036462255654,0.007698533928678888,-0.46962094140010624,-0.7176835402685211,-0.11332015377717441,-0.36162300764553956,-0.8255156938840158,0,1,4.315890312166275,1,0.0,2,0,0.4,80.0,0.33333333333333326,20.0,100.33333333333333,False,True,False,-3750.0,STOP_HIT,1582
2025-05-09 14:15:00+05:30,2025,5,9,14,15,4,SELL,23965.45,24015.45,23815.45,3.0,trend_bounce_sell,STRONG_DOWNTREND,23965.45,0.20151032900636973,47.001328936845226,39.00507920158281,-100.76583685028163,-18.65603486133348,0.12005845846355061,0.006309881909758171,-0.3735143606606428,-0.4790123251719125,-0.1397548228057155,-0.3652173593471031,-0.8271326997475126,0,1,4.315890312166275,2,0.019611135588656056,2,0,0.4,73.40304752094968,0.33333333333333326,20.0,93.73638085428301,False,True,False,-3750.0,STOP_HIT,1583
2025-05-15 09:30:00+05:30,2025,5,15,9,30,3,SELL,24546.9,24596.9,24396.9,3.0,trend_bounce_sell,STRONG_DOWNTREND,24546.9,0.21623329800737087,38.44851052479151,48.46802537695363,3.613022265944892,-14.456355280073378,-0.08872623232360136,0.006532103786836441,-0.33132346671538304,-0.6236602235946354,-0.3240364099534765,-0.38354017343814606,-0.3911016474753781,0,1,8.068838409702165,0,0.0,0,2,0.2,74.08081522617218,0.33333333333333326,20.0,94.4141485595055,False,True,False,-3750.0,STOP_HIT,1584
2025-05-26 10:45:00+05:30,2025,5,26,10,45,0,BUY,24980.3,24930.3,25130.3,3.0,trend_pullback_buy,STRONG_UPTREND,24980.3,0.2030028233676711,63.442985268659605,28.101898631090137,67.19932828954916,23.592601163736347,0.7016140116696694,0.012910315318089624,0.5799989934068162,0.4455256438609556,0.036066398508549646,0.2473645222550891,0.5650130155057331,1,0,9.945312458470113,0,0.0,0,3,0.2,61.861139178654085,0.33333333333333326,20.0,82.19447251198741,False,True,False,-3750.0,STOP_HIT,1585
2025-05-26 11:00:00+05:30,2025,5,26,11,0,0,BUY,24972.75,24922.75,25122.75,3.0,trend_pullback_buy,STRONG_UPTREND,24972.75,0.20104771343621733,63.32068204869622,28.06270266963204,67.49208013257521,21.496817706086155,0.6616996492502497,0.012942790266218933,0.49093085721758634,0.4139558822346734,0.0046652907863764526,0.1972937428513566,0.513545335008736,1,0,9.945312458470113,1,0.02083705024130571,0,3,0.2,61.83762160177922,0.33333333333333326,20.0,82.17095493511255,False,True,False,-3750.0,STOP_HIT,1586
2025-05-28 11:15:00+05:30,2025,5,28,11,15,2,SELL,24758.7,24808.7,24608.7,3.0,trend_bounce_sell,STRONG_DOWNTREND,24758.7,0.17442642095794383,54.22239953262546,40.54576253051987,-29.418170095203095,-13.257461815489709,0.27925058707169065,0.005734239660615514,-0.3180648771826666,-0.2640563159007847,-0.06090944152004063,-0.1588757581306277,-0.3022229239981411,0,1,13.698260556006003,0,0.0,0,5,0.2,74.32745751831192,0.33333333333333326,20.0,94.66079085164525,False,True,False,-3750.0,STOP_HIT,1587
2025-05-28 11:30:00+05:30,2025,5,28,11,30,2,SELL,24756.35,24806.35,24606.35,3.0,trend_bounce_sell,STRONG_DOWNTREND,24756.35,0.16281537002483432,45.61190373179717,38.67389690203431,-30.298560718369117,-12.724067194790155,0.28535384428749533,0.005649115942632503,-0.32752630074444067,-0.29601467588407093,-0.05632414853222745,-0.15307096468658576,-0.2994994844050636,0,1,13.698260556006003,1,0.02174317760982899,0,5,0.2,73.20433814122059,0.33333333333333326,20.0,93.53767147455392,False,True,True,2625.0,STOP_HIT,1588
2025-06-02 10:30:00+05:30,2025,6,2,10,30,0,SELL,24629.4,24679.4,24479.4,3.0,trend_bounce_sell,STRONG_DOWNTREND,24629.4,0.19593308345774865,30.820970340141926,37.260931499230544,-37.26225476411855,-19.008039278002826,0.26019059782534765,0.013169460126176303,-0.5654142502154791,-0.4542919270222767,-0.031348337480108235,-0.23367612733350418,-0.41256899012545034,0,1,14.261202770636386,0,0.0,1,0,0.3,62.35655889953833,0.33333333333333326,20.0,82.68989223287167,False,True,False,-3750.0,STOP_HIT,1589
2025-06-02 11:00:00+05:30,2025,6,2,11,0,0,SELL,24623.25,24673.25,24473.25,3.0,trend_bounce_sell,STRONG_DOWNTREND,24623.25,0.18727944407941927,30.685900251118113,41.61401988992225,-40.325824422045116,-17.990001292176213,0.2872138719268937,0.013669014964397153,-0.5187532952348639,-0.46044107748872687,-0.03179288113537293,-0.2116159142053209,-0.40294180830010573,0,1,14.261202770636386,1,0.02188593856463962,1,0,0.3,64.96841193395335,0.33333333333333326,20.0,85.30174526728668,False,True,False,-3750.0,STOP_HIT,1590
2025-06-03 11:00:00+05:30,2025,6,3,11,0,1,SELL,24590.2,24640.2,24440.2,3.0,trend_bounce_sell,STRONG_DOWNTREND,24590.2,0.2833010130632759,37.32717384021677,36.21649871195389,-22.6568673738293,-0.8830113289853152,-0.10137346219309341,0.00602006116658671,-0.5411745672221246,-0.5405711489108622,-0.24106023394804277,-0.3089891802610545,-0.4046824031663121,0,1,18.014150868172276,0,0.0,0,2,0.2,60.560012517025484,0.33333333333333326,20.0,80.89334585035883,False,True,True,2625.0,STOP_HIT,1591
2025-06-03 11:30:00+05:30,2025,6,3,11,30,1,SELL,24594.25,24644.25,24444.25,3.0,trend_bounce_sell,STRONG_DOWNTREND,24594.25,0.3008542937591398,41.301119171445926,29.626296159555988,-25.844109959085472,-3.4743600540667856,0.055044097463118176,0.006971136791073488,-0.38922088994282067,-0.4398269029142421,-0.15947803185385467,-0.2499581786422178,-0.3621878808193757,0,1,18.014150868172276,1,0.02288777964293206,0,2,0.2,67.7757776957336,0.33333333333333326,20.0,88.10911102906692,False,True,True,2625.0,STOP_HIT,1592
2025-06-05 10:45:00+05:30,2025,6,5,10,45,3,BUY,24704.55,24654.55,24854.55,3.0,trend_pullback_buy,STRONG_UPTREND,24704.55,0.12113153245049813,68.6292159386368,49.54316133726805,16.802040274222236,20.691470663646047,0.7270079512076556,0.009359845246211071,0.30715947525061793,0.4488872353791251,0.018666068074191244,0.1642246651991197,0.26288929835247554,1,0,15.387087199897154,0,0.0,2,0,0.3,64.72589680236084,0.33333333333333326,20.0,85.05923013569416,False,True,True,11250.0,TARGET_HIT,1593
2025-06-12 10:45:00+05:30,2025,6,12,10,45,3,SELL,25054.5,25104.5,24904.5,3.0,trend_bounce_sell,STRONG_DOWNTREND,25054.5,0.14987327625775831,33.405943346722225,31.719799182988,2.919012593145453,-17.672508741358975,0.054522874913467245,0.0072545903567297195,-0.35951624385064385,-0.6012445424808721,-0.1606065410894808,-0.26795262239414086,-0.27972659624673213,0,1,9.757665053593318,0,0.0,3,0,0.4,54.0318795097928,0.33333333333333326,20.0,74.36521284312613,False,True,True,11250.0,TARGET_HIT,1594
2025-06-12 11:00:00+05:30,2025,6,12,11,0,3,SELL,25046.15,25096.15,24896.15,3.0,trend_bounce_sell,STRONG_DOWNTREND,25046.15,0.148753971597004,34.60215437988673,31.983236605859364,-0.36179670871206326,-18.85798623889484,0.0657963511688668,0.007507541533990917,-0.3929218391764522,-0.608741029105675,-0.1551644559425469,-0.27388468981172087,-0.30072465572345,0,1,9.757665053593318,1,0.020793722257766826,3,0,0.4,54.18994196351562,0.33333333333333326,20.0,74.52327529684896,False,True,True,11250.0,TARGET_HIT,1595
2025-06-16 12:45:00+05:30,2025,6,16,12,45,0,BUY,24921.5,24871.5,25071.5,3.0,trend_pullback_buy,STRONG_UPTREND,24921.5,0.1722408362257501,67.11132219629602,52.712110504873394,-6.69879844033494,39.862293425097526,0.7814115995593777,0.01427781226666229,0.3848795312968889,0.8447056681267773,0.10976544691021495,0.31649636913488877,0.33812246576125915,1,0,0.0,0,0.0,5,0,0.6,70.0,0.33333333333333326,20.0,90.33333333333333,False,True,False,-3750.0,STOP_HIT,1596
2025-06-18 11:45:00+05:30,2025,6,18,11,45,2,SELL,24779.45,24829.45,24629.45,3.0,trend_bounce_sell,STRONG_DOWNTREND,24779.45,0.16865934128020105,38.48698419988019,37.168803753680045,-7.34710785405332,-7.103861145154467,-0.019829222524991096,0.0060658986933800636,-0.4729447488070915,-0.2405471995877484,-0.2151559640683809,-0.2924226568305044,-0.33000838983393566,0,1,1.8487214265257315,0,0.0,0,1,0.6,67.30128225220803,0.33333333333333326,20.0,87.63461558554135,False,True,False,-3750.0,STOP_HIT,1597
2025-06-18 12:00:00+05:30,2025,6,18,12,0,2,SELL,24816.35,24859.72462648444,24686.226120546675,3.0,trend_bounce_sell,STRONG_DOWNTREND,24816.35,0.17338799391760384,43.264412548843865,37.62331253484912,-8.609388279448467,-7.529527413494653,0.243245546359535,0.006242622155179312,-0.4870116850724582,-0.13219741480612335,-0.05325720508216891,-0.13087566935205963,-0.1744775018072131,0,1,1.8487214265257315,1,0.018835428874640812,0,1,0.6,72.57398752090947,0.33333333333333326,20.0,92.9073208542428,False,True,True,2277.1678904332475,STOP_HIT,1598
2025-06-20 15:00:00+05:30,2025,6,20,15,0,4,BUY,25116.6,25066.6,25266.6,3.0,trend_pullback_buy,STRONG_UPTREND,25116.6,0.14089998532558556,66.3798687839016,48.28045758771001,61.25976375587925,18.99891109952963,1.2199440023155559,0.004785526067566403,0.46278333979976605,0.7927669794795422,0.2531863477951646,0.4285362544600657,0.7127538536206846,1,0,2.5748164341607023,0,0.0,0,1,0.6,63.968274552626006,0.33333333333333326,20.0,84.30160788595934,False,True,False,-3750.0,STOP_HIT,1599
2025-06-26 11:00:00+05:30,2025,6,26,11,0,3,BUY,25337.75,25287.75,25487.75,3.0,trend_pullback_buy,STRONG_UPTREND,25337.75,0.17915109724761333,61.838144659430505,28.5783457574449,62.25377782206124,8.33152995056706,0.7101063700244116,0.009608680804720108,0.3522939704065253,0.5248864828836686,0.04322801284462052,0.18969539946982472,0.45676675535970546,1,0,4.423537860686434,0,0.0,0,2,0.6,62.147007454466944,0.33333333333333326,20.0,82.48034078780029,False,True,True,2625.0,STOP_HIT,1600
2025-06-26 11:15:00+05:30,2025,6,26,11,15,3,BUY,25337.35,25287.35,25487.35,3.0,trend_pullback_buy,STRONG_UPTREND,25337.35,0.18436926400861067,60.53239748240579,29.037423102700043,62.28121115442991,7.523066954642168,0.6879183701914894,0.009297701710653684,0.40021635458376004,0.5123332883744114,0.033316151475260014,0.17098324396889186,0.43725259148721385,1,0,4.423537860686434,1,0.019342852676750157,0,2,0.6,62.42245386162003,0.33333333333333326,20.0,82.75578719495337,False,True,True,11250.0,TARGET_HIT,1601
2025-06-26 13:00:00+05:30,2025,6,26,13,0,3,BUY,25392.45,25342.45,25542.45,3.0,trend_pullback_buy,STRONG_UPTREND,25392.45,0.1883011907645228,56.019969658947446,39.28457089135611,67.00672284524626,6.910815191189272,0.7313219260410136,0.00935481166218332,0.33844658352695234,0.5806894994623057,0.08142073086625512,0.22396240807673884,0.5091518974457809,1,0,3.129432862118422,2,0.019342852676750157,1,0,0.7,73.57074253481366,0.33333333333333326,20.0,93.90407586814699,False,True,True,11250.0,TARGET_HIT,1602
2025-07-03 11:45:00+05:30,2025,7,3,11,45,3,BUY,25514.4,25499.933773585446,25574.4,3.0,trend_pullback_buy,STRONG_UPTREND,25514.4,0.15708216312580864,65.9829446616464,46.86644862917924,-0.34117165069983457,10.307699457814127,0.6487002361571946,0.009437305378836098,0.3103935648868017,0.42924029781130635,-0.023813574598696707,0.04803524784666724,0.056730447000385986,1,0,0.0,0,0.0,3,0,0.7,68.11986917750754,0.33333333333333326,20.0,88.45320251084087,False,True,True,759.4768867642415,STOP_HIT,1603
2025-07-15 12:45:00+05:30,2025,7,15,12,45,1,BUY,25208.2,25158.2,25358.2,3.0,trend_pullback_buy,STRONG_UPTREND,25208.2,0.12497350635337562,63.26313888135002,70.45396218235005,-3.1075702756279497,28.67840835352714,0.7382830655382703,0.009166020135177137,0.31138143927862405,0.5961977429086884,0.043733579288640634,0.1806401755681808,0.20553783513685975,1,0,0.0,0,0.0,4,0,0.7,70.0,0.33333333333333326,20.0,90.33333333333333,False,True,False,-3750.0,STOP_HIT,1604
2025-07-22 09:45:00+05:30,2025,7,22,9,45,1,BUY,25097.55,25049.033541694964,25243.099374915106,3.0,trend_pullback_buy,STRONG_UPTREND,25097.55,0.13315186997478967,65.7402394535114,35.64000620412939,6.03008887568285,16.569621511141516,0.8216869613986763,0.005212433097960284,0.3406317279263993,0.17562381379085945,0.04900165284653646,0.1463525741188354,0.19368594889810353,1,0,1.7064494144589306,0,0.0,0,1,0.6,56.38400372247764,0.33333333333333326,20.0,76.71733705581097,False,True,True,2547.1140610144175,STOP_HIT,1605
2025-07-22 10:00:00+05:30,2025,7,22,10,0,1,BUY,25111.05,25061.05,25261.05,3.0,trend_pullback_buy,STRONG_UPTREND,25111.05,0.13478699047403134,66.91165872529044,34.79193744209347,8.00631607595642,16.691263840273578,0.8776403847265987,0.0053800109781186245,0.3442571199085531,0.3675192153195006,0.08223758647314394,0.18198633705193146,0.2378481218608508,1,0,1.7064494144589306,1,0.01684563867579475,0,1,0.6,55.87516246525608,0.33333333333333326,20.0,76.20849579858941,False,True,False,-3750.0,STOP_HIT,1606
2025-07-31 11:00:00+05:30,2025,7,31,11,0,3,SELL,24747.15,24790.43525105646,24617.294246830625,3.0,trend_bounce_sell,STRONG_DOWNTREND,24747.15,0.16864856876737008,31.404404991207286,54.61665355189968,-14.224569269830681,-17.60056151121297,0.3491283663104708,0.01289256159091845,-0.44653363182698413,-0.4429291253054912,0.05829187431867222,-0.09741511852162654,-0.1746046433558024,0,1,2.2538264827903562,0,3.469446951953614e-18,1,0,0.6,70.0,0.33333333333333326,20.0,90.33333333333333,False,True,False,-3246.393829234421,STOP_HIT,1607
2025-08-01 09:30:00+05:30,2025,8,1,9,30,4,SELL,24709.0,24759.0,24559.0,3.0,trend_bounce_sell,STRONG_DOWNTREND,24709.0,0.20544856414377557,31.430260863603593,39.765010921382746,-1.4187480580148986,-9.126842172572232,0.06937368873594457,0.011605335944192757,-0.8532741612212735,-0.1541591658029362,-0.2758679970134015,-0.3925897488695318,-0.40705446006615853,0,1,3.7311083091903945,0,3.469446951953614e-18,0,1,0.5,63.85900655282965,0.33333333333333326,20.0,84.19233988616298,False,True,False,-3750.0,STOP_HIT,1608
2025-08-01 10:00:00+05:30,2025,8,1,10,0,4,SELL,24745.65,24795.65,24595.65,3.0,trend_bounce_sell,STRONG_DOWNTREND,24745.65,0.20518757842287283,31.3314551376573,40.66979640887449,-7.77528185565825,-12.717315039909142,0.2496971094324288,0.012840613719895777,-0.7183637114990371,-0.2750474532419278,-0.050447180970092376,-0.18621958026987517,-0.23205079523997973,0,1,3.7311083091903945,1,0.01772586538068391,0,1,0.5,64.40187784532469,0.33333333333333326,20.0,84.73521117865802,False,True,True,11250.0,TARGET_HIT,1609
2025-08-01 10:30:00+05:30,2025,8,1,10,30,4,SELL,24769.45,24800.42202786825,24676.53391639525,3.0,trend_bounce_sell,STRONG_DOWNTREND,24769.45,0.2027266883773578,31.232937790103207,38.53133111940067,-9.372020336173591,-11.651321319372501,0.3412843437624478,0.013145015765815966,-0.44033120302262585,-0.20105280758762056,0.03246397532856715,-0.07290797726139386,-0.12488508394513653,0,1,5.437557723649325,2,0.017725865380683912,0,2,0.5,63.118798671640405,0.33333333333333326,20.0,83.45213200497375,False,True,True,6968.706270356415,TARGET_HIT,1610
2025-08-01 12:30:00+05:30,2025,8,1,12,30,4,SELL,24635.45,24685.45,24485.45,3.0,trend_bounce_sell,STRONG_DOWNTREND,24635.45,0.20190126713449877,32.21739280133953,53.694584225788795,-33.30947499602189,-20.574351949738563,0.1591448017226814,0.01163299182380498,-0.44533079551355437,-1.1604954121814948,-0.17743397698710694,-0.36081922702768665,-0.5254277830661125,0,1,2.2664257944264032,3,0.017725865380683912,1,0,0.6,70.0,0.33333333333333326,20.0,90.33333333333333,False,True,True,2625.0,STOP_HIT,1611
2025-08-01 15:00:00+05:30,2025,8,1,15,0,4,SELL,24545.65,24595.65,24395.65,3.0,trend_bounce_sell,STRONG_DOWNTREND,24545.65,0.17562029466379223,30.54577945370636,54.11856454149581,-48.991388376744,-17.273537905871553,-0.0648045152583434,0.008554424652031023,-0.36451536302360976,-0.8082228593712437,-0.31232467434920697,-0.48336018403679626,-0.7117606975442392,0,1,0.0,4,0.017460217006589483,2,0,0.6,70.0,0.33333333333333326,20.0,90.33333333333333,False,True,False,-3750.0,STOP_HIT,1612
2025-08-05 11:00:00+05:30,2025,8,5,11,0,1,SELL,24635.0,24677.66493542687,24507.00519371939,3.0,trend_bounce_sell,STRONG_DOWNTREND,24635.0,0.13530400997419512,32.18711216217277,38.64123774990482,-17.780796076287515,-1.1340614536076856,0.26343735056401196,0.0073532783140479036,-0.34082749274351176,-0.23246019017998387,-0.023643631700653867,-0.09866453331152103,-0.1728888674779827,0,1,0.4977348354800233,0,3.469446951953614e-18,1,0,0.5,54.52535718601975,0.33333333333333326,20.0,74.85869051935308,False,True,True,2239.9091099106045,STOP_HIT,1613
2025-08-05 11:15:00+05:30,2025,8,5,11,15,1,SELL,24637.1,24676.074153645422,24520.177539063727,3.0,trend_bounce_sell,STRONG_DOWNTREND,24637.1,0.1376553478870714,32.11551958730007,42.79460548179751,-18.114498174898472,-1.3209871969967786,0.2956299665168343,0.007416130802819795,-0.36316723891794966,-0.2776687161262448,-0.012097317946602182,-0.08195988673983523,-0.15794308852676853,0,1,0.4977348354800233,1,0.014228034293388283,1,0,0.5,58.886635259046294,0.33333333333333326,20.0,79.21996859237963,False,True,True,2046.143066384866,STOP_HIT,1614
2025-08-08 15:00:00+05:30,2025,8,8,15,0,4,SELL,24349.2,24399.2,24199.2,3.0,trend_bounce_sell,STRONG_DOWNTREND,24349.2,0.1622229888456305,34.016843561993454,37.007729664464975,-33.95295925442042,-2.3842788147895995,-0.2908272898378763,0.004070512616129331,-0.3582718651211736,-0.40941867456327774,-0.2391121502384297,-0.33076647202010534,-0.47637726710939576,0,1,0.0,0,3.469446951953614e-18,3,0,0.6,62.20463779867899,0.33333333333333326,20.0,82.53797113201233,False,True,False,-3750.0,STOP_HIT,1615
2025-08-08 15:15:00+05:30,2025,8,8,15,15,4,SELL,24350.85,24400.85,24200.85,3.0,trend_bounce_sell,STRONG_DOWNTREND,24350.85,0.16103867304133415,33.914544649757715,37.27081624093578,-36.066194554790854,-4.0477627036440325,-0.12466632997082698,0.004663696585991043,-0.4456282438363268,-0.47716163416109403,-0.18596798013420512,-0.2946435917822954,-0.4512992746681488,0,1,0.0,1,0.016362326299457358,3,0,0.6,62.362489744561465,0.33333333333333326,20.0,82.6958230778948,False,True,False,-3750.0,STOP_HIT,1616
2025-08-21 11:30:00+05:30,2025,8,21,11,30,3,BUY,25128.65,25078.65,25278.65,3.0,trend_pullback_buy,STRONG_UPTREND,25128.65,0.12012469546002051,68.06603138370777,37.39364802907051,51.325060020477395,2.328361320581685,0.8199835616923445,0.005492319523417357,0.32538632139784696,0.30075878227620034,0.06015870206497187,0.16687027400235088,0.38193314529406663,1,0,3.272465259891471,0,6.938893903907228e-18,0,2,0.5,57.43618881744231,0.33333333333333326,20.0,77.76952215077564,False,True,False,-3750.0,STOP_HIT,1617
2025-08-26 11:15:00+05:30,2025,8,26,11,15,1,SELL,24824.5,24874.5,24674.5,3.0,trend_bounce_sell,STRONG_DOWNTREND,24824.5,0.16874170965894994,31.164481648699336,52.70100485686232,-39.89601145368579,-17.56915749886159,0.3107964238515016,0.01585698220683037,-0.6167291536137931,-0.6606748407337437,0.0037591622071175834,-0.185537876932107,-0.3733748384250335,0,1,4.908697889837206,0,6.938893903907228e-18,0,3,0.5,70.0,0.33333333333333326,20.0,90.33333333333333,False,True,True,11250.0,TARGET_HIT,1618
2025-08-26 11:30:00+05:30,2025,8,26,11,30,1,SELL,24806.25,24856.25,24656.25,3.0,trend_bounce_sell,STRONG_DOWNTREND,24806.25,0.16957132059172916,31.656278313266398,56.35429783539804,-41.37994907892062,-17.147785611686775,0.2871458615570147,0.015708803850254634,-0.6897918413999227,-0.7783735352997923,-0.05581553477509438,-0.23543501628594532,-0.42917722862413354,0,1,4.908697889837206,1,0.01720696418743082,0,3,0.5,70.0,0.33333333333333326,20.0,90.33333333333333,False,True,True,11250.0,TARGET_HIT,1619
2025-08-28 10:30:00+05:30,2025,8,28,10,30,3,SELL,24608.65,24658.65,24458.65,3.0,trend_bounce_sell,STRONG_DOWNTREND,24608.65,0.17235519101733107,32.54047713715008,33.53070245642155,-58.226835786685115,-6.551204628547197,0.2588129134770502,0.010426453789163253,-0.4129789929058991,-0.4129789929058991,-0.03873983109691226,-0.19885736982268032,-0.4511342638480742,0,1,0.0,0,6.938893903907228e-18,2,0,0.6,60.11842147385293,0.33333333333333326,20.0,80.45175480718626,False,True,False,-3750.0,STOP_HIT,1620
2025-08-28 13:15:00+05:30,2025,8,28,13,15,3,SELL,24555.05,24605.05,24405.05,3.0,trend_bounce_sell,STRONG_DOWNTREND,24555.05,0.13622452407956795,42.00487897891967,31.834526241071952,-55.93639230572808,-3.048492977577908,0.2159716776851177,0.008820634512614696,-0.4334612632010071,-0.6298890763920095,-0.14477478104436559,-0.2684243266221409,-0.5070306241304667,0,1,1.5596729945727805,1,6.938893903907228e-18,0,1,0.5,64.10071574464317,0.33333333333333326,20.0,84.4340490779765,False,True,True,2625.0,STOP_HIT,1621
2025-08-28 13:30:00+05:30,2025,8,28,13,30,3,SELL,24552.0,24602.0,24402.0,3.0,trend_bounce_sell,STRONG_DOWNTREND,24552.0,0.13277940697295576,44.366393709861065,28.38641655604501,-56.97004156674666,-3.6739280147368305,0.22348896509483157,0.008345459175398869,-0.4133220301859031,-0.6422319076351601,-0.1257818351813378,-0.255348873361505,-0.49912219290976223,0,1,1.5596729945727805,2,0.015843842071824824,0,1,0.5,62.031849933627,0.33333333333333326,20.0,82.36518326696034,False,True,True,2625.0,STOP_HIT,1622
2025-08-29 10:00:00+05:30,2025,8,29,10,0,4,SELL,24470.85,24520.85,24320.85,3.0,trend_bounce_sell,STRONG_DOWNTREND,24470.85,0.1736176482864877,30.41600637836187,38.578663483951026,-63.840327009922476,-5.0214808908562105,0.024231351759227398,0.006675125906765631,-0.417523790920693,-0.7521404265846909,-0.17684939208298944,-0.31835235806177975,-0.5933607869698432,0,1,0.4679018983718341,0,0.015843842071824824,1,0,0.6,63.147198090370615,0.33333333333333326,20.0,83.48053142370395,False,True,False,-3750.0,STOP_HIT,1623
2025-09-01 14:15:00+05:30,2025,9,1,14,15,0,BUY,24600.95,24563.992142857143,24711.823571428573,3.0,trend_pullback_buy,STRONG_UPTREND,24600.95,0.08346077227563427,67.38058817755096,40.04327527394039,-1.1040157197530789,19.075584493926264,0.8442449803367733,0.00476439459863427,0.3233877002567054,0.28821557057103764,0.05385758338054547,0.15471801881656866,0.17668681144240583,1,0,1.550003003269953,0,6.938893903907228e-18,0,1,0.5,54.02596516436424,0.33333333333333326,20.0,74.35929849769758,False,True,True,8315.517857142913,TARGET_HIT,1624
2025-09-04 11:00:00+05:30,2025,9,4,11,0,3,BUY,24815.5,24765.5,24965.5,3.0,trend_pullback_buy,STRONG_UPTREND,24815.5,0.21769228333673815,67.63557653863595,69.36544443548796,53.339804697341606,25.60811457224836,0.6849965609504371,0.016984394567208093,0.36460555664530325,0.7654200674056977,0.007820685719117648,0.23847082007191212,0.4964530769827835,1,0,0.0,0,6.938893903907228e-18,1,0,0.5,70.0,0.33333333333333326,20.0,90.33333333333333,False,True,False,-3750.0,STOP_HIT,1625
2025-09-04 11:15:00+05:30,2025,9,4,11,15,3,BUY,24823.85,24773.85,24973.85,3.0,trend_pullback_buy,STRONG_UPTREND,24823.85,0.22112950707830126,67.65015834597465,69.14635888124512,54.603542642187676,24.184667265384984,0.6845482745001427,0.016387368255515445,0.4461106435323048,0.9130359665436849,0.0331745619005952,0.2473927690759492,0.5093676863931362,1,0,0.0,1,0.01521294885258274,1,0,0.5,70.0,0.33333333333333326,20.0,90.33333333333333,False,True,False,-3750.0,STOP_HIT,1626
2025-09-05 11:45:00+05:30,2025,9,5,11,45,4,SELL,24668.0,24718.0,24518.0,3.0,trend_bounce_sell,STRONG_DOWNTREND,24668.0,0.19608978665245913,38.286950814367806,33.39772749646794,4.923579988011625,-19.293263899314105,0.11346128669539268,0.006639612141398724,-0.4648310145582535,-0.5921833410907573,-0.12451776089034139,-0.23422479745019986,-0.23708370452977245,0,1,3.0425897705165466,0,6.938893903907228e-18,0,2,0.5,65.03863649788076,0.33333333333333326,20.0,85.37196983121409,False,True,False,-3750.0,STOP_HIT,1627
2025-09-05 12:00:00+05:30,2025,9,5,12,0,4,SELL,24651.55,24701.55,24501.55,3.0,trend_bounce_sell,STRONG_DOWNTREND,24651.55,0.19009236451953013,39.434889667522576,31.660704673253463,1.6186401411869156,-20.338383371524934,0.06961320212129661,0.006868145117021608,-0.5137445845953326,-0.5516715547254192,-0.15295471354985768,-0.2734876730916769,-0.2917396027771968,0,1,3.0425897705165466,1,0.015690341580469197,0,2,0.5,63.99642280395208,0.33333333333333326,20.0,84.32975613728541,False,True,False,-3750.0,STOP_HIT,1628
2025-09-08 10:30:00+05:30,2025,9,8,10,30,0,BUY,24802.0,24752.0,24952.0,3.0,trend_pullback_buy,STRONG_UPTREND,24802.0,0.161349315147397,65.43483872323702,51.410446743034505,16.4410957352884,8.572801647785273,0.7739148669709396,0.009183811882060295,0.30209525504201196,0.6103064513184764,0.07339626346885009,0.17854288630003712,0.25590547960532284,1,0,6.085179541033093,0,6.938893903907228e-18,0,4,0.4,70.0,0.33333333333333326,20.0,90.33333333333333,False,True,True,2625.0,STOP_HIT,1629
2025-09-08 11:15:00+05:30,2025,9,8,11,15,0,BUY,24818.6,24768.6,24968.6,3.0,trend_pullback_buy,STRONG_UPTREND,24818.6,0.14487981939812464,62.47024526139793,49.86722386705145,20.189148061002925,9.37663160775008,0.8131132979436021,0.007126234729652092,0.30168990803811635,0.7046068261449046,0.09597446478790683,0.19807321987559412,0.2928685320975788,1,0,6.085179541033093,1,0.016198666811304347,0,4,0.4,69.92033432023086,0.33333333333333326,20.0,90.2536676535642,False,True,True,2625.0,STOP_HIT,1630
2025-09-10 11:15:00+05:30,2025,9,10,11,15,2,BUY,24989.5,24939.5,25139.5,3.0,trend_pullback_buy,STRONG_UPTREND,24989.5,0.148819647108928,68.18005931537293,46.60733189854141,51.41710328009867,15.007187610928085,0.709615413802365,0.01174088409279041,0.44495715227423904,0.5364869458866162,0.01106765953078348,0.1891769888973771,0.423022804748574,1,0,3.9553667016715104,0,6.938893903907228e-18,2,0,0.5,62.96439913912485,0.33333333333333326,20.0,83.2977324724582,False,True,False,-3750.0,STOP_HIT,1631
2025-09-22 14:45:00+05:30,2025,9,22,14,45,0,SELL,25194.5,25244.5,25044.5,3.0,trend_bounce_sell,STRONG_DOWNTREND,25194.5,0.11996665938994663,30.42870157931297,53.37519638321727,-21.95346625608363,-12.182466174409313,-0.07062671330101371,0.005923399963549788,-0.36698263555222654,-0.48386459691116546,-0.19242274638215928,-0.31135312261155734,-0.4181668967102814,0,1,5.476661586929783,0,6.938893903907228e-18,0,1,0.4,65.0,0.33333333333333326,20.0,85.33333333333333,False,True,True,2625.0,STOP_HIT,1632
2025-09-24 09:45:00+05:30,2025,9,24,9,45,2,SELL,25091.95,25141.95,24941.95,3.0,trend_bounce_sell,STRONG_DOWNTREND,25091.95,0.17336237319140305,33.554113307923046,45.73642823269962,-36.12670677620554,-1.6584853179024677,0.13510053794317567,0.0080518190899015,-0.45523610786021296,-0.03107600673313282,-0.16986571783553783,-0.2695329676170033,-0.4213473901822251,0,1,4.411755167248992,0,6.938893903907228e-18,1,0,0.4,67.44185693961977,0.33333333333333326,20.0,87.7751902729531,False,True,True,2625.0,STOP_HIT,1633
2025-09-24 10:00:00+05:30,2025,9,24,10,0,2,SELL,25094.7,25144.7,24944.7,3.0,trend_bounce_sell,STRONG_DOWNTREND,25094.7,0.17201981750272888,30.724531138050963,46.18081787206859,-37.60537318367642,-2.8234365528360144,0.15638732996467972,0.00816947487997635,-0.4451162181783541,-0.04361568013574457,-0.12718013958319396,-0.23514875224182052,-0.39440191283206527,0,1,4.411755167248992,1,0.015915083365324423,1,0,0.4,67.70849072324116,0.33333333333333326,20.0,88.04182405657448,False,True,True,2625.0,STOP_HIT,1634
2025-09-25 11:45:00+05:30,2025,9,25,11,45,3,SELL,24981.95,25031.95,24831.95,3.0,trend_bounce_sell,STRONG_DOWNTREND,24981.95,0.13003674367179005,32.75986089300406,67.92051944170309,-44.54050528141306,-4.278426396202661,0.05594482716131152,0.006144978555368573,-0.30628085255819393,-0.6010026658178513,-0.14014712929174555,-0.2500086986908845,-0.4391575645920964,0,1,2.2819423278874096,0,6.938893903907228e-18,3,0,0.5,65.0,0.33333333333333326,20.0,85.33333333333333,False,True,True,11250.0,TARGET_HIT,1635
2025-09-25 15:15:00+05:30,2025,9,25,15,15,3,SELL,24904.55,24954.55,24754.55,3.0,trend_bounce_sell,STRONG_DOWNTREND,24904.55,0.12487677954430264,31.78802586712399,41.810157996851615,-55.065869775971805,-7.315027917937151,0.037989362016001296,0.005984969474426484,-0.31720554919587585,-0.5550331322835667,-0.13323699191557514,-0.2769455169464141,-0.5140400570025738,0,1,2.2819423278874096,1,0.015568206342812222,3,0,0.5,60.08609479811097,0.33333333333333326,20.0,80.4194281314443,False,True,True,11250.0,TARGET_HIT,1636
2025-10-01 13:00:00+05:30,2025,10,1,13,0,2,BUY,24770.7,24720.7,24920.7,3.0,trend_pullback_buy,STRONG_UPTREND,24770.7,0.14177175914631904,68.82826388065114,32.36938227632696,8.785796853051579,22.8594504704565,0.7766464743114994,0.00994009015694728,0.4377046355333425,0.5292143358644141,0.07162990274915959,0.21155375551278333,0.280548375498757,1,0,0.0,0,6.938893903907228e-18,5,0,0.7,54.42162936579618,0.33333333333333326,20.0,74.75496269912952,False,True,True,2625.0,STOP_HIT,1637
2025-10-01 15:15:00+05:30,2025,10,1,15,15,2,BUY,24853.4,24803.4,25003.4,3.0,trend_pullback_buy,STRONG_UPTREND,24853.4,0.1375925570402001,63.20335797720754,46.94466329879834,31.36087760695591,22.748892197602277,0.8651871475954064,0.008442511044911427,0.4035792918173353,0.7701680016380497,0.14541733118877964,0.30735573822071593,0.4727694936899729,1,0,0.0,1,0.014238224628940303,5,0,0.7,68.16679797927901,0.33333333333333326,20.0,88.50013131261234,False,True,False,-3750.0,STOP_HIT,1638
2025-10-06 14:45:00+05:30,2025,10,6,14,45,0,BUY,25083.8,25033.8,25233.8,3.0,trend_pullback_buy,STRONG_UPTREND,25083.8,0.11085697883551353,68.70100268285681,47.12329251203492,63.074790628390474,12.509566719290476,0.8870126476861666,0.006040968379109585,0.3111253299208139,0.52176840215441,0.11433915804919259,0.2674519911563644,0.5486706567271238,1,0,1.4097716114782186,0,6.938893903907228e-18,0,1,0.8,63.27397550722095,0.33333333333333326,20.0,83.60730884055428,False,True,True,2625.0,STOP_HIT,1639
2025-10-09 12:30:00+05:30,2025,10,9,12,30,3,BUY,25138.3,25095.06422982107,25268.00731053679,3.0,trend_pullback_buy,STRONG_UPTREND,25138.3,0.16653586644397436,68.73945585846742,28.64004019062863,13.086225987968646,4.593430195346681,0.7519455156827559,0.0073301709873596,0.3853556852941864,0.2712372807664787,0.037079218334512554,0.116387780147309,0.1722879438879943,1,0,0.42293148344346554,0,6.938893903907228e-18,1,0,0.8,57.18402411437718,0.33333333333333326,20.0,77.51735744771051,False,True,True,9728.048290259176,TARGET_HIT,1640
2025-10-14 11:15:00+05:30,2025,10,14,11,15,1,SELL,25141.55,25191.55,24991.55,3.0,trend_bounce_sell,STRONG_DOWNTREND,25141.55,0.16557678992970248,31.97688345320138,37.04238019307878,-1.2053101601813978,-8.008629553880994,-0.062462375844722424,0.005215302950008212,-0.3788066402109713,-0.26241981616729193,-0.21501524988895016,-0.2715881123114716,-0.2881758404913226,0,1,0.0,0,6.938893903907228e-18,2,0,0.8,62.225428115847265,0.33333333333333326,20.0,82.5587614491806,False,True,True,2625.0,STOP_HIT,1641
2025-10-14 11:30:00+05:30,2025,10,14,11,30,1,SELL,25144.85,25194.85,24994.85,3.0,trend_bounce_sell,STRONG_DOWNTREND,25144.85,0.16696119824593242,33.30563098220372,35.95968063564884,-3.846461027605983,-9.58480237917502,0.03806014084009132,0.005787981534931682,-0.36573067878109544,-0.2584291947639872,-0.1615994914013874,-0.23505348963035466,-0.264328734265562,0,1,0.0,1,0.013656049141732423,2,0,0.8,61.57580838138931,0.33333333333333326,20.0,81.90914171472264,False,True,True,2625.0,STOP_HIT,1642
2025-10-15 11:30:00+05:30,2025,10,15,11,30,2,BUY,25304.85,25254.85,25454.85,3.0,trend_pullback_buy,STRONG_UPTREND,25304.85,0.1737668019033091,66.41068146955931,53.49606661463173,16.99722914299855,20.801784977227456,0.8222590601103542,0.012262351988545186,0.7224355032270813,0.8802406309985855,0.11833929370990148,0.29777644821282756,0.3910633814354414,1,0,0.0,0,6.938893903907228e-18,4,0,0.9,70.0,0.33333333333333326,20.0,90.33333333333333,False,True,True,11250.0,TARGET_HIT,1643
2025-10-20 11:15:00+05:30,2025,10,20,11,15,0,BUY,25854.9,25804.9,26004.9,3.0,trend_pullback_buy,STRONG_UPTREND,25854.9,0.2129604612112759,68.74311553673527,41.49006915998027,98.27853216364383,4.9568288092855965,0.7610118177656096,0.013302797138338505,0.5843289359533488,0.5980265512894434,0.06549773991775254,0.2691275883466959,0.6743353116438477,1,0,0.0,0,6.938893903907228e-18,5,0,0.9,64.89404149598816,0.33333333333333326,20.0,85.22737482932149,False,True,True,11250.0,TARGET_HIT,1644
2025-10-20 11:30:00+05:30,2025,10,20,11,30,0,BUY,25842.5,25792.5,25992.5,3.0,trend_pullback_buy,STRONG_UPTREND,25842.5,0.20439751793142527,62.992563122024116,42.80249251823322,97.51950491590105,3.778021405388529,0.7031008485439579,0.013061745707542129,0.5360887308546669,0.6768931093255492,0.014004602507955433,0.20090376928485476,0.6013532444959502,1,0,0.0,1,0.012882012594763024,5,0,0.9,70.68149551093992,0.33333333333333326,20.0,91.01482884427325,False,True,True,2625.0,STOP_HIT,1645
2025-10-24 14:00:00+05:30,2025,10,24,14,0,4,SELL,25755.4,25805.4,25605.4,3.0,trend_bounce_sell,STRONG_DOWNTREND,25755.4,0.14833227761390458,39.25573921242983,39.03103207586761,-38.170850867674744,-24.94257380339795,0.14494752578288922,0.007498423501533465,-0.3162119587724499,-0.44413864547375725,-0.10633105862108971,-0.2811089577594461,-0.46798600460443707,0,1,0.0,0,6.938893903907228e-18,7,0,0.9,63.41861924552056,0.33333333333333326,20.0,83.75195257885389,False,True,False,-3750.0,STOP_HIT,1646
2025-10-24 14:30:00+05:30,2025,10,24,14,30,4,SELL,25752.5,25802.5,25602.5,3.0,trend_bounce_sell,STRONG_DOWNTREND,25752.5,0.1500131748651316,38.852296890564375,38.899012561179404,-41.14026737000677,-22.773039324865096,0.17442378562250055,0.00696885111221416,-0.3789102317367843,-0.5829328083077567,-0.08961068549341311,-0.24910041830905616,-0.44585904476662774,0,1,0.0,1,0.012295945455156975,7,0,0.9,68.33940753670764,0.33333333333333326,20.0,88.67274087004097,False,True,False,-3750.0,STOP_HIT,1647
2025-10-28 11:45:00+05:30,2025,10,28,11,45,1,SELL,25848.65,25898.65,25698.65,3.0,trend_bounce_sell,STRONG_DOWNTREND,25848.65,0.16983478827714366,30.977449666853673,35.63204148926861,0.6814633010180842,-11.622643327352055,0.08555436504229469,0.007804052859020597,-0.5394621154841239,-0.35043013467850326,-0.1541182327921775,-0.2558066973218476,-0.2649601594761464,0,1,2.459189091031394,0,6.938893903907228e-18,0,2,0.7,61.379224893561165,0.33333333333333326,20.0,81.7125582268945,False,True,False,-3750.0,STOP_HIT,1648
2025-10-28 12:15:00+05:30,2025,10,28,12,15,1,SELL,25863.25,25912.424412915418,25715.726761253747,3.0,trend_bounce_sell,STRONG_DOWNTREND,25863.25,0.17726476205205435,31.339363521115658,39.20036055085376,-4.138466947155393,-13.485063416936304,0.23198808798394746,0.008589235217209062,-0.4122016303238718,-0.35061695098105305,-0.05045288845690887,-0.15866429852331443,-0.1897715633698449,0,1,2.459189091031394,1,0.012605949592353036,0,2,0.7,63.520216330512255,0.33333333333333326,20.0,83.8535496638456,False,True,False,-3688.0809686563225,STOP_HIT,1649
2025-10-29 12:15:00+05:30,2025,10,29,12,15,2,BUY,26065.3,26015.3,26215.3,3.0,trend_pullback_buy,STRONG_UPTREND,26065.3,0.1384846081626855,69.70375706011865,50.50931683455337,32.6384063445912,16.700209256142088,0.772579018327625,0.011924865186969183,0.31404303467172934,0.7068523530514126,0.11265281445367314,0.2602948952842299,0.411230590023437,1,0,4.898075434541781,0,5.204170427930421e-18,0,4,0.6,65.0,0.33333333333333326,20.0,85.33333333333333,False,True,False,-3750.0,STOP_HIT,1650
2025-10-30 11:30:00+05:30,2025,10,30,11,30,3,SELL,25931.8,25979.941431421747,25787.375705734758,3.0,trend_bounce_sell,STRONG_DOWNTREND,25931.8,0.1543333998080688,32.79176479669398,35.673478136046434,3.1820210502046393,-17.04193786261311,0.24132210084440195,0.009950126771713497,-0.523624478773066,-0.5692046663663186,-0.07462062529517421,-0.17916905703793118,-0.1853023092789674,0,1,6.127669980057477,0,5.204170427930421e-18,0,5,0.5,61.40408688162786,0.33333333333333326,20.0,81.73742021496119,False,True,True,2527.42514964184,STOP_HIT,1651
2025-10-31 10:30:00+05:30,2025,10,31,10,30,4,SELL,25818.75,25868.75,25668.75,3.0,trend_bounce_sell,STRONG_DOWNTREND,25818.75,0.1656050074350724,36.983210503483775,45.85065977699946,-26.02736669553269,-10.298835162872242,-0.13909487467747508,0.004442633646965728,-0.3314083213020069,-0.36083319665408675,-0.21406890894453134,-0.3003033731851512,-0.4191620912439742,0,1,5.2989477992044725,0,5.204170427930421e-18,1,0,0.5,72.51039586619967,0.33333333333333326,20.0,92.843729199533,False,True,True,11250.0,TARGET_HIT,1652
2025-10-31 11:30:00+05:30,2025,10,31,11,30,4,SELL,25806.25,25856.25,25656.25,3.0,trend_bounce_sell,STRONG_DOWNTREND,25806.25,0.16521468359685787,32.75452969896027,55.5877968740992,-37.37067990716605,-15.312456829606123,0.17829358477721374,0.007286211800994431,-0.3281037572611556,-0.4505642661646658,-0.0735655413319325,-0.21947917002675954,-0.38967590844104505,0,1,5.2989477992044725,1,0.012983958646083218,1,0,0.5,70.0,0.33333333333333326,20.0,90.33333333333333,False,True,True,2625.0,STOP_HIT,1653
2025-11-07 11:00:00+05:30,2025,11,7,11,0,4,SELL,25410.55,25460.55,25260.55,3.0,trend_bounce_sell,STRONG_DOWNTREND,25410.55,0.18768919658510608,32.159746871346556,42.14040189433701,-60.386068852225435,-17.832842621515496,0.3365566063452514,0.015387918111647005,-0.3531289459855813,-0.5858694929245734,0.04933106732374348,-0.16066436469429624,-0.4267588218330953,0,1,0.7494479807963942,0,3.469446951953614e-18,3,0,0.5,65.2842411366022,0.33333333333333326,20.0,85.61757446993553,False,True,False,-3750.0,STOP_HIT,1654
2025-11-07 11:15:00+05:30,2025,11,7,11,15,4,SELL,25439.7,25489.7,25289.7,3.0,trend_bounce_sell,STRONG_DOWNTREND,25439.7,0.18788125870756295,37.778716982001434,43.70100795897036,-59.13178813012928,-14.92070570947741,0.4274974430288303,0.014812420937926184,-0.31445986375364665,-0.5916119275841902,0.13123995781221254,-0.041940432519749216,-0.3003128914883302,0,1,0.7494479807963942,1,0.012388793014247293,3,0,0.5,71.22060477538221,0.33333333333333326,20.0,91.55393810871554,False,True,False,-3750.0,STOP_HIT,1655
2025-11-10 10:15:00+05:30,2025,11,10,10,15,0,BUY,25615.6,25565.6,25765.6,3.0,trend_pullback_buy,STRONG_UPTREND,25615.6,0.15767456438375743,63.80985717270881,36.405017350977246,-3.2182469775470963,21.13808676060236,1.1046004517894379,0.006504531423051676,0.32271708990647685,0.6991577478353994,0.24620271058819476,0.3719911926923114,0.3852144956007608,1,0,3.2086370718277877,0,3.469446951953614e-18,0,2,0.3,66.84301041058634,0.33333333333333326,20.0,87.17634374391967,False,True,False,-3750.0,STOP_HIT,1656
2025-11-10 10:30:00+05:30,2025,11,10,10,30,0,BUY,25601.45,25551.45,25751.45,3.0,trend_pullback_buy,STRONG_UPTREND,25601.45,0.15914277176822894,60.29125610200686,32.52611932253392,0.30786928585075657,22.197782721600188,0.9566642713766719,0.006766253701735465,0.34766930260359263,0.5759216809370304,0.1526033047598352,0.28768623992878606,0.31678912123007663,1,0,3.2086370718277877,1,0.012703556477742394,0,2,0.3,64.51567159352035,0.33333333333333326,20.0,84.84900492685368,False,True,False,-3750.0,STOP_HIT,1657
2025-11-14 11:30:00+05:30,2025,11,14,11,30,4,SELL,25789.95,25839.95,25639.95,3.0,trend_bounce_sell,STRONG_DOWNTREND,25789.95,0.19139515309534802,32.72340682100102,40.658218760581114,6.249290132720489,-27.409473503896912,0.21002568854222106,0.010049295522578184,-0.36373681140158265,-0.7236906684322642,-0.12474889639458864,-0.24584738235642334,-0.25571540684267147,0,1,5.667826162859181,0,3.469446951953614e-18,0,4,0.3,64.39493125634867,0.33333333333333326,20.0,84.728264589682,False,True,False,-3750.0,STOP_HIT,1658
2025-11-17 10:00:00+05:30,2025,11,17,10,0,0,BUY,25949.3,25899.3,26099.3,3.0,trend_pullback_buy,STRONG_UPTREND,25949.3,0.16773092145067758,69.7282614139004,28.98165589768063,14.779911466386693,11.269880472993144,0.831088233094979,0.01200027175986131,0.678580296728537,0.6178763433042578,0.1286488346617931,0.2848800652168526,0.3521848378430503,1,0,6.897420708374878,0,3.469446951953614e-18,0,5,0.3,57.388993538608375,0.33333333333333326,20.0,77.7223268719417,False,True,True,2625.0,STOP_HIT,1659
2025-11-17 10:15:00+05:30,2025,11,17,10,15,0,BUY,25939.35,25889.35,26089.35,3.0,trend_pullback_buy,STRONG_UPTREND,25939.35,0.1706590841438111,66.32917075181629,31.5185271314454,16.953621165917866,12.099231155271886,0.7699149944897155,0.012215880668647427,0.602505429723843,0.5812454317559945,0.07219137184535374,0.2239742145203394,0.30136653181356277,1,0,6.897420708374878,1,0.013206879496477099,0,5,0.3,58.91111627886724,0.33333333333333326,20.0,79.24444961220058,False,True,True,2625.0,STOP_HIT,1660
2025-11-27 09:45:00+05:30,2025,11,27,9,45,3,BUY,26283.9,26233.9,26433.9,3.0,trend_pullback_buy,STRONG_UPTREND,26283.9,0.14843415822722567,66.08345035312372,59.20308117297707,53.34248622905943,21.106363469277696,1.0678119577931235,0.0063524283382553875,0.3776971548596686,0.5833966350891284,0.21095051947663812,0.38778526205878183,0.6294363231337918,1,0,5.175988344652903,0,3.469446951953614e-18,2,0,0.5,65.0,0.33333333333333326,20.0,85.33333333333333,False,True,False,-3750.0,STOP_HIT,1661
2025-11-27 10:00:00+05:30,2025,11,27,10,0,3,BUY,26282.7,26232.7,26432.7,3.0,trend_pullback_buy,STRONG_UPTREND,26282.7,0.1515662937434675,64.60281266606145,57.444064808308056,55.88540778099923,21.284356519095745,0.9920929056526748,0.006607583088725914,0.3248389165419807,0.618849548544187,0.16503216761514228,0.34824416110590395,0.6001913750068644,1,0,5.175988344652903,1,0.012967122188258112,2,0,0.5,75.0,0.33333333333333326,20.0,95.33333333333333,False,True,False,-3750.0,STOP_HIT,1662
2025-12-02 09:30:00+05:30,2025,12,2,9,30,1,SELL,26079.3,26129.3,25929.3,3.0,trend_bounce_sell,STRONG_DOWNTREND,26079.3,0.14201191859334525,35.77462187520128,58.868245525051876,-13.74430634786404,-13.259022529372766,-0.21898402665841774,0.0053405748475682125,-0.4261021958008371,-0.6215132762247388,-0.27733952699833253,-0.37687222917244245,-0.44840711094641383,0,1,7.635177435684295,0,3.469446951953614e-18,0,2,0.3,70.0,0.33333333333333326,20.0,90.33333333333333,False,True,True,2625.0,STOP_HIT,1663
2025-12-02 09:45:00+05:30,2025,12,2,9,45,1,SELL,26075.1,26125.1,25925.1,3.0,trend_bounce_sell,STRONG_DOWNTREND,26075.1,0.13911739552293145,30.74480966613997,56.317620660743806,-17.546090975316474,-15.354726441142681,-0.12458847245041835,0.005879335490732151,-0.41209945384410585,-0.6568244594723383,-0.23485748534948225,-0.3573242365184415,-0.44630759182041624,0,1,7.635177435684295,1,0.013312368403669079,0,2,0.3,65.0,0.33333333333333326,20.0,85.33333333333333,False,True,True,2625.0,STOP_HIT,1664
2025-12-03 11:30:00+05:30,2025,12,3,11,30,2,SELL,25930.55,25980.55,25780.55,3.0,trend_bounce_sell,STRONG_DOWNTREND,25930.55,0.14848729174110034,35.28412892098345,47.44573283803464,-62.76861910343723,-12.297044523013732,0.27142191883215716,0.009034975500448721,-0.4852822658019007,-0.4042510696809831,-0.022924792709400066,-0.18178386477398778,-0.4493135723965369,0,1,5.913745071962321,0,3.469446951953614e-18,2,0,0.4,68.46743970282078,0.33333333333333326,20.0,88.80077303615411,False,True,False,-3750.0,STOP_HIT,1665
2025-12-05 11:15:00+05:30,2025,12,5,11,15,4,BUY,26139.3,26089.3,26289.3,3.0,trend_pullback_buy,STRONG_UPTREND,26139.3,0.18222424799877002,68.86450945403959,29.572070809568594,15.509450158617256,15.901290483873618,0.9954419675882886,0.007607411567138307,0.469691087784585,0.5264898624742331,0.1854160840718544,0.3124265055955977,0.39545025486500407,1,0,7.143339617478017,0,3.469446951953614e-18,0,1,0.4,57.743242485741156,0.33333333333333326,20.0,78.07657581907449,False,True,True,2625.0,STOP_HIT,1666
2025-12-05 11:45:00+05:30,2025,12,5,11,45,4,BUY,26133.05,26083.05,26283.05,3.0,trend_pullback_buy,STRONG_UPTREND,26133.05,0.17156709333856782,65.76904454094313,32.98524547879186,20.798271360366925,17.36922498940711,0.85279748422736,0.008593786165266072,0.3671634511059896,0.4510737746822091,0.09802996802030783,0.23554535963454803,0.3415445424786556,1,0,7.143339617478017,1,0.013241856216348897,0,1,0.4,59.791147287275116,0.33333333333333326,20.0,80.12448062060845,False,True,True,2625.0,STOP_HIT,1667
2025-12-08 15:30:00+05:30,2025,12,8,15,30,0,SELL,25932.8,25982.8,25782.8,3.0,trend_bounce_sell,STRONG_DOWNTREND,25932.8,0.14551345896206339,30.601654646796277,72.08236229308054,-35.96433170079399,-23.385241589371333,0.2597702108060679,0.00926570103297473,-0.37418075927192485,-0.6284295392538497,-0.06093570080495381,-0.2184808213007705,-0.39105384255463393,0,1,5.421907253756042,0,3.469446951953614e-18,2,0,0.6,65.0,0.33333333333333326,20.0,85.33333333333333,False,True,True,11250.0,TARGET_HIT,1668
2025-12-09 10:15:00+05:30,2025,12,9,10,15,1,SELL,25822.35,25872.35,25672.35,3.0,trend_bounce_sell,STRONG_DOWNTREND,25822.35,0.19267638858806754,34.6192136863568,64.46053555278814,-64.27102038053272,-33.73485731492096,0.23925495793741394,0.014263818651109643,-0.3926840417140087,-0.9096525629907148,-0.06069348414023956,-0.34104727988377714,-0.6395596375122103,0,1,1.7331236172089517,0,3.469446951953614e-18,3,0,0.7,70.0,0.33333333333333326,20.0,90.33333333333333,False,True,False,-3750.0,STOP_HIT,1669
2025-12-09 10:30:00+05:30,2025,12,9,10,30,1,SELL,25812.75,25862.75,25662.75,3.0,trend_bounce_sell,STRONG_DOWNTREND,25812.75,0.19036827038686402,36.6902632580667,61.040636369576035,-66.49580067118222,-32.363673845013416,0.2394848264283135,0.014056217485039327,-0.4471878651841399,-0.8548009817440194,-0.0782937350933599,-0.34384326481829985,-0.6501420718435957,0,1,1.7331236172089517,1,0.012512807883766512,3,0,0.7,75.0,0.33333333333333326,20.0,95.33333333333333,False,True,False,-3750.0,STOP_HIT,1670
2025-12-09 11:00:00+05:30,2025,12,9,11,0,1,SELL,25865.0,25915.0,25715.0,3.0,trend_bounce_sell,STRONG_DOWNTREND,25865.0,0.19934550274778243,44.4492983617578,51.582666410964535,-67.00991641921064,-26.575758026144563,0.4248290197887346,0.012945819877373983,-0.40872275582714,-0.5794566752832409,0.10142739900411701,-0.10610197813513134,-0.40949606401485816,0,1,2.962718162724648,2,0.012512807883766512,0,1,0.6,80.0,0.33333333333333326,20.0,100.33333333333333,False,True,False,-3750.0,STOP_HIT,1671
2025-12-11 09:30:00+05:30,2025,12,11,9,30,3,SELL,25712.25,25762.25,25562.25,3.0,trend_bounce_sell,STRONG_DOWNTREND,25712.25,0.15572066121901398,41.33277443471436,29.415375983943242,-47.2776422570023,-4.916027629442013,0.038719026379151186,0.006363337214172025,-0.4367852143558282,-0.6276413400761016,-0.18099217917162402,-0.29098806491104634,-0.48620767098402906,0,1,5.421907253756042,0,3.469446951953614e-18,0,3,0.5,67.64922559036594,0.33333333333333326,20.0,87.98255892369927,False,True,False,-3750.0,STOP_HIT,1672
2025-12-12 10:00:00+05:30,2025,12,12,10,0,4,BUY,25989.15,25939.15,26139.15,3.0,trend_pullback_buy,STRONG_UPTREND,25989.15,0.14185864925500444,69.81633320654743,38.60436577440799,24.47553633086136,24.76397793834379,0.87501604710803,0.008398985733803354,0.4753307405030549,0.6017333947518244,0.12488963973227296,0.3025024156668499,0.43321282188397703,1,0,6.651501799271739,0,3.469446951953614e-18,0,4,0.5,58.16261946464479,0.33333333333333326,20.0,78.49595279797813,False,True,True,2625.0,STOP_HIT,1673
2025-12-12 10:30:00+05:30,2025,12,12,10,30,4,BUY,25960.85,25910.85,26110.85,3.0,trend_pullback_buy,STRONG_UPTREND,25960.85,0.15515120432717447,62.47645845767003,37.211089594888776,27.164859231394075,22.34860018963536,0.7012777651811484,0.008323411797391697,0.3102716132385108,0.3255837320204291,0.01049017442940059,0.1598587949170449,0.2989534485079659,1,0,6.651501799271739,1,0.013172087063165033,0,4,0.5,67.32665375693327,0.33333333333333326,20.0,87.6599870902666,False,True,True,2625.0,STOP_HIT,1674
2025-12-19 10:00:00+05:30,2025,12,19,10,0,4,BUY,25935.6,25885.6,26085.6,3.0,trend_pullback_buy,STRONG_UPTREND,25935.6,0.14917443866455873,59.138281056031744,28.209652685535264,6.127231059981568,14.970796116143951,0.8235434443578518,0.008661720622754887,0.5051297701049062,0.3251255727412916,0.15519041491227625,0.2694234052063038,0.3126777679971049,1,0,4.930069435549763,0,3.469446951953614e-18,2,0,0.5,61.92579161132116,0.33333333333333326,20.0,82.2591249446545,False,True,True,11250.0,TARGET_HIT,1675
2025-12-19 11:30:00+05:30,2025,12,19,11,30,4,BUY,25913.4,25874.703362052343,26029.489913842976,3.0,trend_pullback_buy,STRONG_UPTREND,25913.4,0.13826271901244755,69.32023325874857,29.409020551437248,19.899896273851482,16.618003424881284,0.6036367251608938,0.010993356741547462,0.37864628626433916,0.1298309878747128,-0.06394363378796619,0.04792242815623293,0.14955393847881915,1,0,4.930069435549763,1,0.012933579926011672,2,0,0.5,52.64541233086235,0.33333333333333326,20.0,72.97874566419569,False,True,True,2031.5734922519368,STOP_HIT,1676
